"F:/epic/UE_5.7/project/live/live.uproject" 1
"../../../Engine/Plugins/AudioGameplayVolume/AudioGameplayVolume.uplugin" 2
"../../../Engine/Plugins/AudioInsights/AudioInsights.uplugin" 3
"../../../Engine/Plugins/BlueprintFileUtils/BlueprintFileUtils.uplugin" 4
"../../../Engine/Plugins/ChaosClothAssetEditor/ChaosClothAssetEditor.uplugin" 5
"../../../Engine/Plugins/DiscoveryBeaconReceiver/DiscoveryBeaconReceiver.uplugin" 6
"../../../Engine/Plugins/IoStoreInsights/IoStoreInsights.uplugin" 7
"../../../Engine/Plugins/JsonBlueprintUtilities/JsonBlueprintUtilities.uplugin" 8
"../../../Engine/Plugins/CmdLinkServer/CmdLinkServer.uplugin" 9
"../../../Engine/Plugins/ChaosClothAsset/ChaosClothAsset.uplugin" 10
"../../../Engine/Plugins/MassInsights/MassInsights.uplugin" 11
"../../../Engine/Plugins/ChaosCloth/ChaosCloth.uplugin" 12
"../../../Engine/Plugins/Chooser/Chooser.uplugin" 13
"../../../Engine/Plugins/AudioGameplay/AudioGameplay.uplugin" 14
"../../../Engine/Plugins/EnhancedInput/EnhancedInput.uplugin" 15
"../../../Engine/Plugins/Fab/Fab.uplugin" 16
"../../../Engine/Plugins/BaseMaterial/BaseMaterial.uplugin" 17
"../../../Engine/Plugins/FastBuildController/FastBuildController.uplugin" 18
"../../../Engine/Plugins/NetcodeUnitTest/NUTUnrealEngine/NUTUnrealEngine.uplugin" 19
"../../../Engine/Plugins/Bridge/Bridge.uplugin" 20
"../../../Engine/Plugins/Importers/AlembicHairImporter/AlembicHairImporter.uplugin" 21
"../../../Engine/Plugins/MeshPainting/MeshPainting.uplugin" 22
"../../../Engine/Plugins/ChaosVD/ChaosVD.uplugin" 23
"../../../Engine/Plugins/Importers/USDImporter/USDImporter.uplugin" 24
"../../../Engine/Plugins/Importers/USDImporterMDL/USDImporterMDL.uplugin" 25
"../../../Engine/Plugins/Mutable/Mutable.uplugin" 26
"../../../Engine/Plugins/Importers/AlembicImporter/AlembicImporter.uplugin" 27
"../../../Engine/Plugins/Importers/USDMultiUser/USDMultiUser.uplugin" 28
"../../../Engine/Plugins/PCG/PCG.uplugin" 29
"../../../Engine/Plugins/Developer/N10XSourceCodeAccess/N10XSourceCodeAccess.uplugin" 30
"../../../Engine/Plugins/MemoryUsageQueries/MemoryUsageQueries.uplugin" 31
"../../../Engine/Plugins/Developer/KDevelopSourceCodeAccess/KDevelopSourceCodeAccess.uplugin" 32
"../../../Engine/Plugins/ChaosInsights/ChaosInsights.uplugin" 33
"../../../Engine/Plugins/Developer/ProjectLauncher/ProjectLauncher.uplugin" 34
"../../../Engine/Plugins/LightWeightInstancesEditor/LightWeightInstancesEditor.uplugin" 35
"../../../Engine/Plugins/Developer/RiderSourceCodeAccess/RiderSourceCodeAccess.uplugin" 36
"../../../Engine/Plugins/Developer/CodeLiteSourceCodeAccess/CodeLiteSourceCodeAccess.uplugin" 37
"../../../Engine/Plugins/RenderGraphInsights/RenderGraphInsights.uplugin" 38
"../../../Engine/Plugins/Developer/RenderDocPlugin/RenderDocPlugin.uplugin" 39
"../../../Engine/Plugins/TraceUtilities/TraceUtilities.uplugin" 40
"../../../Engine/Plugins/ScriptPlugin/ScriptPlugin.uplugin" 41
"../../../Engine/Plugins/Developer/CLionSourceCodeAccess/CLionSourceCodeAccess.uplugin" 42
"../../../Engine/Plugins/UbaController/UbaController.uplugin" 43
"../../../Engine/Plugins/Developer/FieldNotificationTrace/FieldNotificationTrace.uplugin" 44
"../../../Engine/Plugins/XGEController/XGEController.uplugin" 45
"../../../Engine/Plugins/Developer/UObjectPlugin/UObjectPlugin.uplugin" 46
"../../../Engine/Plugins/TextureGraph/TextureGraph.uplugin" 47
"../../../Engine/Plugins/Developer/OneSkyLocalizationService/OneSkyLocalizationService.uplugin" 48
"../../../Engine/Plugins/Developer/PerforceSourceControl/PerforceSourceControl.uplugin" 49
"../../../Engine/Plugins/WorldMetrics/WorldMetrics.uplugin" 50
"../../../Engine/Plugins/Developer/AnimationSharing/AnimationSharing.uplugin" 51
"../../../Engine/Plugins/Developer/PluginUtils/PluginUtils.uplugin" 52
"../../../Engine/Plugins/Enterprise/DatasmithC4DImporter/DatasmithC4DImporter.uplugin" 53
"../../../Engine/Plugins/Enterprise/DataprepEditor/DataprepEditor.uplugin" 54
"../../../Engine/Plugins/Developer/DirectoryPlaceholder/DirectoryPlaceholder.uplugin" 55
"../../../Engine/Plugins/Developer/DumpGPUServices/DumpGPUServices.uplugin" 56
"../../../Engine/Plugins/Enterprise/LidarPointCloud/LidarPointCloud.uplugin" 57
"../../../Engine/Plugins/Developer/NullSourceCodeAccess/NullSourceCodeAccess.uplugin" 58
"../../../Engine/Plugins/Developer/TextureFormatOodle/TextureFormatOodle.uplugin" 59
"../../../Engine/Plugins/Developer/PropertyAccessNode/PropertyAccessNode.uplugin" 60
"../../../Engine/Plugins/NetcodeUnitTest/NetcodeUnitTest/NetcodeUnitTest.uplugin" 61
"../../../Engine/Plugins/FX/CascadeToNiagaraConverter/CascadeToNiagaraConverter.uplugin" 62
"../../../Engine/Plugins/Developer/PlasticSourceControl/PlasticSourceControl.uplugin" 63
"../../../Engine/Plugins/Enterprise/AxFImporter/AxFImporter.uplugin" 64
"../../../Engine/Plugins/Developer/XcodeGPUDebuggerPlugin/XcodeGPUDebuggerPlugin.uplugin" 65
"../../../Engine/Plugins/Developer/NamingTokens/NamingTokens.uplugin" 66
"../../../Engine/Plugins/Developer/BlankPlugin/BlankPlugin.uplugin" 67
"../../../Engine/Plugins/Developer/SubversionSourceControl/SubversionSourceControl.uplugin" 68
"../../../Engine/Plugins/Developer/VisualStudioSourceCodeAccess/VisualStudioSourceCodeAccess.uplugin" 69
"../../../Engine/Plugins/FX/Cascade/Cascade.uplugin" 70
"../../../Engine/Plugins/Enterprise/VariantManager/VariantManager.uplugin" 71
"../../../Engine/Plugins/Developer/TraceSourceFiltering/TraceSourceFilters.uplugin" 72
"../../../Engine/Plugins/FX/NiagaraMRQ/NiagaraMRQ.uplugin" 73
"../../../Engine/Plugins/FX/NiagaraNanite/NiagaraNanite.uplugin" 74
"../../../Engine/Plugins/Developer/GitSourceControl/GitSourceControl.uplugin" 75
"../../../Engine/Plugins/MovieScene/MovieSceneTextTrack/MovieSceneTextTrack.uplugin" 76
"../../../Engine/Plugins/Enterprise/VariantManagerContent/VariantManagerContent.uplugin" 77
"../../../Engine/Plugins/FX/ExampleCustomDataInterface/ExampleCustomDataInterface.uplugin" 78
"../../../Engine/Plugins/Interchange/Assets/InterchangeAssets.uplugin" 79
"../../../Engine/Plugins/Developer/GPUReshape/GPUReshape.uplugin" 80
"../../../Engine/Plugins/MovieScene/CustomizableSequencerTracks/CustomizableSequencerTracks.uplugin" 81
"../../../Engine/Plugins/MovieScene/LevelSequenceEditor/LevelSequenceEditor.uplugin" 82
"../../../Engine/Plugins/MovieScene/ReplayTracks/ReplayTracks.uplugin" 83
"../../../Engine/Plugins/PCGInterops/PCGExternalDataInterop/PCGExternalDataInterop.uplugin" 84
"../../../Engine/Plugins/Developer/PixWinPlugin/PixWinPlugin.uplugin" 85
"../../../Engine/Plugins/Enterprise/DatasmithImporter/DatasmithImporter.uplugin" 86
"../../../Engine/Plugins/MovieScene/MovieRenderPipeline/MovieRenderPipeline.uplugin" 87
"../../../Engine/Plugins/MetaHuman/MetaHumanAnimator/MetaHuman.uplugin" 88
"../../../Engine/Plugins/Enterprise/DatasmithCADImporter/DatasmithCADImporter.uplugin" 89
"../../../Engine/Plugins/MetaHuman/MetaHumanCoreTechLib/MetaHumanCoreTech.uplugin" 90
"../../../Engine/Plugins/Enterprise/DatasmithFBXImporter/DatasmithFBXImporter.uplugin" 91
"../../../Engine/Plugins/Developer/XCodeSourceCodeAccess/XCodeSourceCodeAccess.uplugin" 92
"../../../Engine/Plugins/Enterprise/DatasmithContent/DatasmithContent.uplugin" 93
"../../../Engine/Plugins/FX/NiagaraSimCaching/NiagaraSimCaching.uplugin" 94
"../../../Engine/Plugins/MetaHuman/MetaHumanLiveLink/MetaHumanLiveLink.uplugin" 95
"../../../Engine/Plugins/Interchange/Editor/InterchangeEditor.uplugin" 96
"../../../Engine/Plugins/MetaHuman/MetaHumanCalibrationProcessing/MetaHumanCalibrationProcessing.uplugin" 97
"../../../Engine/Plugins/MovieScene/SequencerScripting/SequencerScripting.uplugin" 98
"../../../Engine/Plugins/PCGInterops/PCGGeometryScriptInterop/PCGGeometryScriptInterop.uplugin" 99
"../../../Engine/Plugins/MetaHuman/MetaHumanCharacter/MetaHumanCharacter.uplugin" 100
"../../../Engine/Plugins/PCGInterops/PCGPythonInterop/PCGPythonInterop.uplugin" 101
"../../../Engine/Plugins/MovieScene/MoviePipelineMaskRenderPass/MoviePipelineMaskRenderPass.uplugin" 102
"../../../Engine/Plugins/Marketplace/Advanced156923422a78V7/AdvancedLoggingSystem.uplugin" 103
"../../../Engine/Plugins/Enterprise/MDLImporter/MDLImporter.uplugin" 104
"../../../Engine/Plugins/MovieScene/TemplateSequence/TemplateSequence.uplugin" 105
"../../../Engine/Plugins/FX/NiagaraFluids/NiagaraFluids.uplugin" 106
"../../../Engine/Plugins/Media/AjaMedia/AjaMedia.uplugin" 107
"../../../Engine/Plugins/Media/AndroidMedia/AndroidMedia.uplugin" 108
"../../../Engine/Plugins/Media/ElectraCDM/ElectraCDM.uplugin" 109
"../../../Engine/Plugins/Media/AppleProResDecoderElectra/AppleProResDecoderElectra.uplugin" 110
"../../../Engine/Plugins/MovieScene/SequenceValidator/SequenceValidator.uplugin" 111
"../../../Engine/Plugins/MetaHuman/MetaHumanSDK/MetaHumanSDK.uplugin" 112
"../../../Engine/Plugins/Media/D3D12VideoDecodersElectra/D3D12VideoDecodersElectra.uplugin" 113
"../../../Engine/Plugins/FX/NiagaraPreviewContent/NiagaraPreviewContent.uplugin" 114
"../../../Engine/Plugins/Media/BlackmagicMedia/BlackmagicMedia.uplugin" 115
"../../../Engine/Plugins/Media/HardwareEncoders/HardwareEncoders.uplugin" 116
"../../../Engine/Plugins/Media/AudioCaptureTimecodeProvider/AudioCaptureTimecodeProvider.uplugin" 117
"../../../Engine/Plugins/MovieScene/ActorSequence/ActorSequence.uplugin" 118
"../../../Engine/Plugins/Marketplace/PaperZD2e8a5df400f9V20/PaperZD.uplugin" 119
"../../../Engine/Plugins/Media/LinearTimecode/LinearTimecode.uplugin" 120
"../../../Engine/Plugins/Interchange/Runtime/Interchange.uplugin" 121
"../../../Engine/Plugins/Media/AndroidCamera/AndroidCamera.uplugin" 122
"../../../Engine/Plugins/FX/Niagara/Niagara.uplugin" 123
"../../../Engine/Plugins/Media/AvidDNxHDDecoderElectra/AvidDNxHDDecoderElectra.uplugin" 124
"../../../Engine/Plugins/Protocols/MQTT/MQTT.uplugin" 125
"../../../Engine/Plugins/Media/AvidDNxMedia/AvidDNxMedia.uplugin" 126
"../../../Engine/Plugins/Developer/VisualStudioCodeSourceCodeAccess/VisualStudioCodeSourceCodeAccess.uplugin" 127
"../../../Engine/Plugins/Media/MediaPlate/MediaPlate.uplugin" 128
"../../../Engine/Plugins/Media/ImgMedia/ImgMedia.uplugin" 129
"../../../Engine/Plugins/Media/MediaPlayerEditor/MediaPlayerEditor.uplugin" 130
"../../../Engine/Plugins/Online/EOSOverlayInputProvider/EOSOverlayInputProvider.uplugin" 131
"../../../Engine/Plugins/Media/MediaIOFramework/MediaIOFramework.uplugin" 132
"../../../Engine/Plugins/Media/AppleProResMedia/AppleProResMedia.uplugin" 133
"../../../Engine/Plugins/Media/MfMedia/MfMedia.uplugin" 134
"../../../Engine/Plugins/Media/ElectraSubtitles/ElectraSubtitles.uplugin" 135
"../../../Engine/Plugins/Media/ElectraUtil/ElectraUtil.uplugin" 136
"../../../Engine/Plugins/Media/MediaCompositing/MediaCompositing.uplugin" 137
"../../../Engine/Plugins/Media/ElectraPlayer/ElectraPlayer.uplugin" 138
"../../../Engine/Plugins/Media/MJPEGDecoderElectra/MJPEGDecoderElectra.uplugin" 139
"../../../Engine/Plugins/Media/NDIMedia/NDIMedia.uplugin" 140
"../../../Engine/Plugins/Media/PixelStreaming/PixelStreaming.uplugin" 141
"../../../Engine/Plugins/Media/ElectraCodecs/ElectraCodecs.uplugin" 142
"../../../Engine/Plugins/Media/VPxDecoderElectra/VPxDecoderElectra.uplugin" 143
"../../../Engine/Plugins/Media/PixelStreaming2/PixelStreaming2.uplugin" 144
"../../../Engine/Plugins/Media/PixelCapture/PixelCapture.uplugin" 145
"../../../Engine/Plugins/Media/MediaMovieStreamer/MediaMovieStreamer.uplugin" 146
"../../../Engine/Plugins/Online/EOSShared/EOSShared.uplugin" 147
"../../../Engine/Plugins/Online/OnlineServicesNull/OnlineServicesNull.uplugin" 148
"../../../Engine/Plugins/Media/BinkMedia/BinkMedia.uplugin" 149
"../../../Engine/Plugins/Media/WmfMedia/WmfMedia.uplugin" 150
"../../../Engine/Plugins/Media/WebMMedia/WebMMedia.uplugin" 151
"../../../Engine/Plugins/Media/MediaViewer/MediaViewer.uplugin" 152
"../../../Engine/Plugins/Online/OnlineSubsystemUtils/OnlineSubsystemUtils.uplugin" 153
"../../../Engine/Plugins/Enterprise/GLTFExporter/GLTFExporter.uplugin" 154
"../../../Engine/Plugins/Online/WebAuth/WebAuth.uplugin" 155
"../../../Engine/Plugins/Online/SocketSubsystemSteamIP/SocketSubsystemSteamIP.uplugin" 156
"../../../Engine/Plugins/Online/OnlineSubsystemEOS/OnlineSubsystemEOS.uplugin" 157
"../../../Engine/Plugins/Media/HAPDecoderElectra/HAPDecoderElectra.uplugin" 158
"../../../Engine/Plugins/Media/MediaFrameworkUtilities/MediaFrameworkUtilities.uplugin" 159
"../../../Engine/Plugins/Performance/PerformanceMonitor/PerformanceMonitor.uplugin" 160
"../../../Engine/Plugins/Media/AvfMedia/AvfMedia.uplugin" 161
"../../../Engine/Plugins/Messaging/TcpMessaging/TcpMessaging.uplugin" 162
"../../../Engine/Plugins/Online/OnlineSubsystemGoogle/OnlineSubsystemGoogle.uplugin" 163
"../../../Engine/Plugins/Portal/LauncherChunkInstaller/LauncherChunkInstaller.uplugin" 164
"../../../Engine/Plugins/Online/OnlineSubsystemNull/OnlineSubsystemNull.uplugin" 165
"../../../Engine/Plugins/Online/SocketSubsystemEOS/SocketSubsystemEOS.uplugin" 166
"../../../Engine/Plugins/Online/OnlineServicesEOSGS/OnlineServicesEOSGS.uplugin" 167
"../../../Engine/Plugins/Performance/AutomatedPerfTesting/AutomatedPerfTesting.uplugin" 168
"../../../Engine/Plugins/Online/OnlineSubsystem/OnlineSubsystem.uplugin" 169
"../../../Engine/Plugins/Media/TimecodeSynchronizer/TimecodeSynchronizer.uplugin" 170
"../../../Engine/Plugins/Runtime/AndroidDeviceProfileSelector/AndroidDeviceProfileSelector.uplugin" 171
"../../../Engine/Plugins/Media/FlacDecoderElectra/FlacDecoderElectra.uplugin" 172
"../../../Engine/Plugins/Runtime/AndroidFileServer/AndroidFileServer.uplugin" 173
"../../../Engine/Plugins/Media/OpusDecoderElectra/OpusDecoderElectra.uplugin" 174
"../../../Engine/Plugins/Online/OnlineSubsystemSteam/OnlineSubsystemSteam.uplugin" 175
"../../../Engine/Plugins/Online/OnlineServicesEOS/OnlineServicesEOS.uplugin" 176
"../../../Engine/Plugins/Messaging/MessagingDebugger/MessagingDebugger.uplugin" 177
"../../../Engine/Plugins/Runtime/ActorLayerUtilities/ActorLayerUtilities.uplugin" 178
"../../../Engine/Plugins/Online/OnlineFrameworkCommon/OnlineFrameworkCommon.uplugin" 179
"../../../Engine/Plugins/Messaging/UdpMessaging/UdpMessaging.uplugin" 180
"../../../Engine/Plugins/Online/OnlineSubsystemApple/OnlineSubsystemApple.uplugin" 181
"../../../Engine/Plugins/Runtime/ADM/ADM.uplugin" 182
"../../../Engine/Plugins/Runtime/AssetTags/AssetTags.uplugin" 183
"../../../Engine/Plugins/Runtime/AndroidBackgroundService/AndroidBackgroundService.uplugin" 184
"../../../Engine/Plugins/Online/OnlineServicesOSSAdapter/OnlineServicesOSSAdapter.uplugin" 185
"../../../Engine/Plugins/Online/OnlineFramework/OnlineFramework.uplugin" 186
"../../../Engine/Plugins/Runtime/AnimationBudgetAllocator/AnimationBudgetAllocator.uplugin" 187
"../../../Engine/Plugins/Online/OnlineBase/OnlineBase.uplugin" 188
"../../../Engine/Plugins/Online/OnlineSubsystemAmazon/OnlineSubsystemAmazon.uplugin" 189
"../../../Engine/Plugins/Runtime/CableComponent/CableComponent.uplugin" 190
"../../../Engine/Plugins/Runtime/ApexDestruction/ApexDestruction.uplugin" 191
"../../../Engine/Plugins/Online/OnlineSubsystemTencent/OnlineSubsystemTencent.uplugin" 192
"../../../Engine/Plugins/Runtime/AndroidMoviePlayer/AndroidMoviePlayer.uplugin" 193
"../../../Engine/Plugins/Media/HAPMedia/HAPMedia.uplugin" 194
"../../../Engine/Plugins/Online/OnlineSubsystemFacebook/OnlineSubsystemFacebook.uplugin" 195
"../../../Engine/Plugins/Online/OnlineServicesEpicCommon/OnlineServicesEpicCommon.uplugin" 196
"../../../Engine/Plugins/Runtime/AudioCapture/AudioCapture.uplugin" 197
"../../../Engine/Plugins/Runtime/AppleMoviePlayer/AppleMoviePlayer.uplugin" 198
"../../../Engine/Plugins/Runtime/ArchVisCharacter/ArchVisCharacter.uplugin" 199
"../../../Engine/Plugins/Runtime/AndroidPermission/AndroidPermission.uplugin" 200
"../../../Engine/Plugins/Runtime/AppleImageUtils/AppleImageUtils.uplugin" 201
"../../../Engine/Plugins/Runtime/CommonUI/CommonUI.uplugin" 202
"../../../Engine/Plugins/Runtime/GameplayInteractions/GameplayInteractions.uplugin" 203
"../../../Engine/Plugins/Runtime/GameInput/GameInput.uplugin" 204
"../../../Engine/Plugins/Runtime/ExampleDeviceProfileSelector/ExampleDeviceProfileSelector.uplugin" 205
"../../../Engine/Plugins/Runtime/GoogleCloudMessaging/GoogleCloudMessaging.uplugin" 206
"../../../Engine/Plugins/Runtime/AudioMotorSim/AudioMotorSim.uplugin" 207
"../../../Engine/Plugins/Runtime/AudioSynesthesia/AudioSynesthesia.uplugin" 208
"../../../Engine/Plugins/Runtime/AudioModulation/AudioModulation.uplugin" 209
"../../../Engine/Plugins/Online/OnlineServices/OnlineServices.uplugin" 210
"../../../Engine/Plugins/Runtime/HDRIBackdrop/HDRIBackdrop.uplugin" 211
"../../../Engine/Plugins/Runtime/HPMotionController/HPMotionController.uplugin" 212
"../../../Engine/Plugins/Runtime/Harmonix/Harmonix.uplugin" 213
"../../../Engine/Plugins/Runtime/GeometryScripting/GeometryScripting.uplugin" 214
"../../../Engine/Plugins/Runtime/DataRegistry/DataRegistry.uplugin" 215
"../../../Engine/Plugins/Runtime/GeoReferencing/GeoReferencing.uplugin" 216
"../../../Engine/Plugins/Runtime/CustomMeshComponent/CustomMeshComponent.uplugin" 217
"../../../Engine/Plugins/Runtime/IOSDeviceProfileSelector/IOSDeviceProfileSelector.uplugin" 218
"../../../Engine/Plugins/Runtime/ExternalGPUStatistics/ExternalGPUStatistics.uplugin" 219
"../../../Engine/Plugins/Runtime/GameplayBehaviorSmartObjects/GameplayBehaviorSmartObjects.uplugin" 220
"../../../Engine/Plugins/Runtime/IOSReplayKit/IOSReplayKit.uplugin" 221
"../../../Engine/Plugins/Runtime/GameFeatures/GameFeatures.uplugin" 222
"../../../Engine/Plugins/Runtime/AudioWidgets/AudioWidgets.uplugin" 223
"../../../Engine/Plugins/Runtime/InputDebugging/InputDebugging.uplugin" 224
"../../../Engine/Plugins/Runtime/LevelStreamingPersistence/LevelStreamingPersistence.uplugin" 225
"../../../Engine/Plugins/Runtime/GeometryProcessing/GeometryProcessing.uplugin" 226
"../../../Engine/Plugins/Runtime/LinuxDeviceProfileSelector/LinuxDeviceProfileSelector.uplugin" 227
"../../../Engine/Plugins/Runtime/InstancedActors/InstancedActors.uplugin" 228
"../../../Engine/Plugins/Runtime/GameplayStateTree/GameplayStateTree.uplugin" 229
"../../../Engine/Plugins/Runtime/LocationServicesIOSImpl/LocationServicesIOSImpl.uplugin" 230
"../../../Engine/Plugins/Runtime/LocationServicesBPLibrary/LocationServicesBPLibrary.uplugin" 231
"../../../Engine/Plugins/Runtime/LiveLinkOvernDisplay/LiveLinkOverNDisplay.uplugin" 232
"../../../Engine/Plugins/Runtime/GooglePAD/GooglePAD.uplugin" 233
"../../../Engine/Plugins/Runtime/LocationServicesAndroidImpl/LocationServicesAndroidImpl.uplugin" 234
"../../../Engine/Plugins/Runtime/ModelViewViewModel/ModelViewViewModel.uplugin" 235
"../../../Engine/Plugins/Runtime/MixedRealityCaptureFramework/MixedRealityCaptureFramework.uplugin" 236
"../../../Engine/Plugins/Runtime/MicrosoftSpatialAudio/MicroSoftSpatialSound.uplugin" 237
"../../../Engine/Plugins/Runtime/HairStrands/HairStrands.uplugin" 238
"../../../Engine/Plugins/Runtime/GeometryCache/GeometryCache.uplugin" 239
"../../../Engine/Plugins/Runtime/MassEntity/MassEntity.uplugin" 240
"../../../Engine/Plugins/Runtime/MultiServerReplication/MultiServerReplication.uplugin" 241
"../../../Engine/Plugins/Runtime/Firebase/Firebase.uplugin" 242
"../../../Engine/Plugins/Runtime/NavCorridor/NavCorridor.uplugin" 243
"../../../Engine/Plugins/Runtime/OpenXRViveTracker/OpenXRViveTracker.uplugin" 244
"../../../Engine/Plugins/Runtime/MIDIDevice/MIDIDevice.uplugin" 245
"../../../Engine/Plugins/Runtime/NetworkPredictionExtras/NetworkPredictionExtras.uplugin" 246
"../../../Engine/Plugins/Runtime/MobilePatchingUtils/MobilePatchingUtils.uplugin" 247
"../../../Engine/Plugins/Runtime/PreLoadScreenMoviePlayer/PreLoadScreenMoviePlayer.uplugin" 248
"../../../Engine/Plugins/Runtime/HTTPChunkInstaller/HTTPChunkInstaller.uplugin" 249
"../../../Engine/Plugins/Runtime/ComputeFramework/ComputeFramework.uplugin" 250
"../../../Engine/Plugins/Runtime/OpenCV/OpenCV.uplugin" 251
"../../../Engine/Plugins/Runtime/MusicEnvironment/MusicEnvironment.uplugin" 252
"../../../Engine/Plugins/Runtime/ChunkDownloader/ChunkDownloader.uplugin" 253
"../../../Engine/Plugins/Runtime/NetworkPredictionInsights/NetworkPredictionInsights.uplugin" 254
"../../../Engine/Plugins/Runtime/MassGameplay/MassGameplay.uplugin" 255
"../../../Engine/Plugins/Runtime/NetworkPrediction/NetworkPrediction.uplugin" 256
"../../../Engine/Plugins/Runtime/PropertyAccess/PropertyAccessEditor.uplugin" 257
"../../../Engine/Plugins/Runtime/OpenXREyeTracker/OpenXREyeTracker.uplugin" 258
"../../../Engine/Plugins/Runtime/MsQuic/MsQuic.uplugin" 259
"../../../Engine/Plugins/Runtime/Metasound/Metasound.uplugin" 260
"../../../Engine/Plugins/Runtime/OpenXRHandTracking/OpenXRHandTracking.uplugin" 261
"../../../Engine/Plugins/Runtime/ModularGameplay/ModularGameplay.uplugin" 262
"../../../Engine/Plugins/Runtime/ProceduralMeshComponent/ProceduralMeshComponent.uplugin" 263
"../../../Engine/Plugins/Runtime/ScriptableToolsFramework/ScriptableToolsFramework.uplugin" 264
"../../../Engine/Plugins/Runtime/SignificanceManager/SignificanceManager.uplugin" 265
"../../../Engine/Plugins/Runtime/nDisplayModularFeatures/nDisplayModularFeatures.uplugin" 266
"../../../Engine/Plugins/Runtime/ResonanceAudio/ResonanceAudio.uplugin" 267
"../../../Engine/Plugins/Runtime/ReplicationSystemTestPlugin/ReplicationSystemTestPlugin.uplugin" 268
"../../../Engine/Plugins/Runtime/MeshModelingToolset/MeshModelingToolset.uplugin" 269
"../../../Engine/Plugins/Runtime/RenderTrace/RenderTrace.uplugin" 270
"../../../Engine/Plugins/Runtime/RigVM/RigVM.uplugin" 271
"../../../Engine/Plugins/Runtime/WarpUtils/WarpUtils.uplugin" 272
"../../../Engine/Plugins/Runtime/SmartObjects/SmartObjects.uplugin" 273
"../../../Engine/Plugins/Runtime/SkeletalMerging/SkeletalMerging.uplugin" 274
"../../../Engine/Plugins/Slate/SlateScripting/SlateScripting.uplugin" 275
"../../../Engine/Plugins/Runtime/PropertyBindingUtils/PropertyBindingUtils.uplugin" 276
"../../../Engine/Plugins/Runtime/SoundMod/SoundMod.uplugin" 277
"../../../Engine/Plugins/Runtime/GameplayAbilities/GameplayAbilities.uplugin" 278
"../../../Engine/Plugins/Runtime/ReplicationGraph/ReplicationGraph.uplugin" 279
"../../../Engine/Plugins/Runtime/Spatialization/Spatialization.uplugin" 280
"../../../Engine/Plugins/Runtime/OpenXR/OpenXR.uplugin" 281
"../../../Engine/Plugins/Runtime/StateTree/StateTree.uplugin" 282
"../../../Engine/Plugins/Runtime/Synthesis/Synthesis.uplugin" 283
"../../../Engine/Plugins/Runtime/USDCore/USDCore.uplugin" 284
"../../../Engine/Plugins/Tests/CQTest/CQTest.uplugin" 285
"../../../Engine/Plugins/Tests/FbxAutomationTestBuilder/FbxAutomationTestBuilder.uplugin" 286
"../../../Engine/Plugins/Runtime/OSC/OSC.uplugin" 287
"../../../Engine/Plugins/Runtime/WaveTable/WaveTable.uplugin" 288
"../../../Engine/Plugins/Runtime/nDisplay/nDisplay.uplugin" 289
"../../../Engine/Plugins/Slate/SlateInsights/SlateInsights.uplugin" 290
"../../../Engine/Plugins/Tests/CQTestEnhancedInput/CQTestEnhancedInput.uplugin" 291
"../../../Engine/Plugins/Tests/AutomationDriverTests/AutomationDriverTests.uplugin" 292
"../../../Engine/Plugins/Runtime/SoundFields/SoundFields.uplugin" 293
"../../../Engine/Plugins/Tests/FunctionalTestingEditor/FunctionalTestingEditor.uplugin" 294
"../../../Engine/Plugins/Tests/PythonAutomationTest/PythonAutomationTest.uplugin" 295
"../../../Engine/Plugins/Runtime/WorldConditions/WorldConditions.uplugin" 296
"../../../Engine/Plugins/NNE/NNERuntimeORT/NNERuntimeORT.uplugin" 297
"../../../Engine/Plugins/NNE/NNEDenoiser/NNEDenoiser.uplugin" 298
"../../../Engine/Plugins/Runtime/SoundUtilities/SoundUtilities.uplugin" 299
"../../../Engine/Plugins/Runtime/WindowsMoviePlayer/WindowsMoviePlayer.uplugin" 300
"../../../Engine/Plugins/Runtime/SunPosition/SunPosition.uplugin" 301
"../../../Engine/Plugins/Tests/CQTestExperimental/CQTestExperimental.uplugin" 302
"../../../Engine/Plugins/Runtime/Soundscape/Soundscape.uplugin" 303
"../../../Engine/Plugins/VirtualProduction/Avalanche/Avalanche.uplugin" 304
"../../../Engine/Plugins/Tests/EditorTests/EditorTests.uplugin" 305
"../../../Engine/Plugins/Runtime/ZoneGraph/ZoneGraph.uplugin" 306
"../../../Engine/Plugins/Runtime/WindowsDeviceProfileSelector/WindowsDeviceProfileSelector.uplugin" 307
"../../../Engine/Plugins/VirtualProduction/AvalancheDataLink/AvalancheDataLink.uplugin" 308
"../../../Engine/Plugins/Tests/TestFramework/TestFramework.uplugin" 309
"../../../Engine/Plugins/Tests/InterchangeTests/InterchangeTests.uplugin" 310
"../../../Engine/Plugins/VirtualProduction/ActorModifier/ActorModifier.uplugin" 311
"../../../Engine/Plugins/VirtualProduction/CaptureData/CaptureData.uplugin" 312
"../../../Engine/Plugins/Runtime/WebMMoviePlayer/WebMMoviePlayer.uplugin" 313
"../../../Engine/Plugins/Runtime/WebBrowserNativeProxy/WebBrowserNativeProxy.uplugin" 314
"../../../Engine/Plugins/Runtime/SoundCueTemplates/SoundCueTemplates.uplugin" 315
"../../../Engine/Plugins/VirtualProduction/AvalancheSceneState/AvalancheSceneState.uplugin" 316
"../../../Engine/Plugins/VirtualProduction/CameraCalibrationML/CameraCalibrationML.uplugin" 317
"../../../Engine/Plugins/Tests/AudioCQTests/AudioCQTests.uplugin" 318
"../../../Engine/Plugins/VirtualProduction/ClonerEffector/ClonerEffector.uplugin" 319
"../../../Engine/Plugins/VirtualProduction/LiveLinkPrestonMDR/LiveLinkPrestonMDR.uplugin" 320
"../../../Engine/Plugins/Runtime/OpenXRMsftHandInteraction/OpenXRMsftHandInteraction.uplugin" 321
"../../../Engine/Plugins/VirtualProduction/LiveLinkXR/LiveLinkXR.uplugin" 322
"../../../Engine/Plugins/Runtime/ZoneGraphAnnotations/ZoneGraphAnnotations.uplugin" 323
"../../../Engine/Plugins/VirtualProduction/LiveLinkOpenTrackIO/LiveLinkOpenTrackIO.uplugin" 324
"../../../Engine/Plugins/VirtualProduction/CompositePlane/CompositePlane.uplugin" 325
"../../../Engine/Plugins/Runtime/XRBase/XRBase.uplugin" 326
"../../../Engine/Plugins/VirtualProduction/RemoteControlProtocolMIDI/RemoteControlProtocolMIDI.uplugin" 327
"../../../Engine/Plugins/Tests/WidgetAutomationTests/WidgetAutomationTests.uplugin" 328
"../../../Engine/Plugins/VirtualProduction/RemoteControlProtocolOSC/RemoteControlProtocolOSC.uplugin" 329
"../../../Engine/Plugins/Runtime/OptionalMobileFeaturesBPLibrary/OptionalMobileFeaturesBPLibrary.uplugin" 330
"../../../Engine/Plugins/VirtualProduction/PropertyAnimatorCore/PropertyAnimatorCore.uplugin" 331
"../../../Engine/Plugins/VirtualProduction/CameraCalibration/CameraCalibration.uplugin" 332
"../../../Engine/Plugins/VirtualProduction/DataCharts/DataCharts.uplugin" 333
"../../../Engine/Plugins/Tests/RHITests/RHITests.uplugin" 334
"../../../Engine/Plugins/VirtualProduction/CinematicAssemblyTools/CinematicAssemblyTools.uplugin" 335
"../../../Engine/Plugins/VirtualProduction/CustomDetailsView/CustomDetailsView.uplugin" 336
"../../../Engine/Plugins/VirtualProduction/DataLink/DataLink.uplugin" 337
"../../../Engine/Plugins/VirtualProduction/CameraCalibrationCore/CameraCalibrationCore.uplugin" 338
"../../../Engine/Plugins/VirtualProduction/DynamicMaterial/DynamicMaterial.uplugin" 339
"../../../Engine/Plugins/VirtualProduction/Takes/Takes.uplugin" 340
"../../../Engine/Plugins/VirtualProduction/TextureShare/TextureShare.uplugin" 341
"../../../Engine/Plugins/VirtualProduction/PropertyAnimator/PropertyAnimator.uplugin" 342
"../../../Engine/Plugins/Tests/RuntimeTests/RuntimeTests.uplugin" 343
"../../../Engine/Plugins/VirtualProduction/EpicStageApp/EpicStageApp.uplugin" 344
"../../../Engine/Plugins/VirtualProduction/ActorModifierCore/ActorModifierCore.uplugin" 345
"../../../Engine/Plugins/VirtualProduction/StageMonitoring/StageMonitoring.uplugin" 346
"../../../Engine/Plugins/VirtualProduction/LiveLinkFreeD/LiveLinkFreeD.uplugin" 347
"../../../Engine/Plugins/VirtualProduction/TimedDataMonitor/TimedDataMonitor.uplugin" 348
"../../../Engine/Plugins/VirtualProduction/RemoteControl/RemoteControl.uplugin" 349
"../../../Engine/Plugins/VirtualProduction/SceneStateDataLink/SceneStateDataLink.uplugin" 350
"../../../Engine/Plugins/AI/EnvironmentQueryEditor/EnvironmentQueryEditor.uplugin" 351
"../../../Engine/Plugins/VirtualProduction/ICVFX/ICVFX.uplugin" 352
"../../../Engine/Plugins/VirtualProduction/LevelSnapshots/LevelSnapshots.uplugin" 353
"../../../Engine/Plugins/Tests/TestSamples/TestSamples.uplugin" 354
"../../../Engine/Plugins/Runtime/WebBrowserWidget/WebBrowserWidget.uplugin" 355
"../../../Engine/Plugins/AI/MassCrowd/MassCrowd.uplugin" 356
"../../../Engine/Plugins/Animation/AnimationData/AnimationData.uplugin" 357
"../../../Engine/Plugins/VirtualProduction/StormSync/StormSync.uplugin" 358
"../../../Engine/Plugins/VirtualProduction/RemoteControlWebInterface/RemoteControlWebInterface.uplugin" 359
"../../../Engine/Plugins/VirtualProduction/LiveLinkInputDevice/LiveLinkInputDevice.uplugin" 360
"../../../Engine/Plugins/2D/Paper2D/Paper2D.uplugin" 361
"../../../Engine/Plugins/Animation/BlendStack/BlendStack.uplugin" 362
"../../../Engine/Plugins/AI/MassAI/MassAI.uplugin" 363
"../../../Engine/Plugins/Animation/AnimationLocomotionLibrary/AnimationLocomotionLibrary.uplugin" 364
"../../../Engine/Plugins/AI/AISupport/AISupport.uplugin" 365
"../../../Engine/Plugins/Animation/ACLPlugin/ACLPlugin.uplugin" 366
"../../../Engine/Plugins/VirtualProduction/StormSyncAvalancheBridge/StormSyncAvalancheBridge.uplugin" 367
"../../../Engine/Plugins/VirtualProduction/Switchboard/Switchboard.uplugin" 368
"../../../Engine/Plugins/Web/HttpBlueprint/HttpBlueprint.uplugin" 369
"../../../Engine/Plugins/VirtualProduction/LensComponent/LensComponent.uplugin" 370
"../../../Engine/Plugins/AI/HTNPlanner/HTNPlanner.uplugin" 371
"../../../Engine/Plugins/VirtualProduction/LiveLinkLens/LiveLinkLens.uplugin" 372
"../../../Engine/Plugins/VirtualProduction/SceneState/SceneState.uplugin" 373
"../../../Engine/Plugins/VirtualProduction/LiveLinkVRPN/LiveLinkVRPN.uplugin" 374
"../../../Engine/Plugins/VirtualProduction/PerformanceCaptureWorkflow/PerformanceCaptureWorkflow.uplugin" 375
"../../../Engine/Plugins/AI/MLAdapter/MLAdapter.uplugin" 376
"../../../Engine/Plugins/VirtualProduction/SVGImporter/SVGImporter.uplugin" 377
"../../../Engine/Plugins/VirtualProduction/LiveLinkCamera/LiveLinkCamera.uplugin" 378
"../../../Engine/Plugins/Animation/ControlRig/ControlRig.uplugin" 379
"../../../Engine/Plugins/VirtualProduction/MultiUserTakes/MultiUserTakes.uplugin" 380
"../../../Engine/Plugins/Animation/DNACalib/DNACalib.uplugin" 381
"../../../Engine/Plugins/VirtualProduction/LiveLinkMasterLockit/LiveLinkMasterLockit.uplugin" 382
"../../../Engine/Plugins/VirtualProduction/ICVFXTesting/ICVFXTesting.uplugin" 383
"../../../Engine/Plugins/VirtualProduction/VirtualScouting/VirtualScouting.uplugin" 384
"../../../Engine/Plugins/Animation/EaseCurveTool/EaseCurveTool.uplugin" 385
"../../../Engine/Plugins/VirtualProduction/Text3D/Text3D.uplugin" 386
"../../../Engine/Plugins/Animation/AnimatorKit/AnimatorKit.uplugin" 387
"../../../Engine/Plugins/Animation/ControlRigSpline/ControlRigSpline.uplugin" 388
"../../../Engine/Plugins/Animation/DeformerGraph/DeformerGraph.uplugin" 389
"../../../Engine/Plugins/VirtualProduction/OperatorStack/OperatorStack.uplugin" 390
"../../../Engine/Plugins/Compositing/CompositeCore/CompositeCore.uplugin" 391
"../../../Engine/Plugins/Animation/GameplayInsights/GameplayInsights.uplugin" 392
"../../../Engine/Plugins/VirtualProduction/DataLinkOAuth/DataLinkOAuth.uplugin" 393
"../../../Engine/Plugins/Compositing/Composite/Composite.uplugin" 394
"../../../Engine/Plugins/VirtualProduction/RemoteControlProtocolDMX/RemoteControlProtocolDMX.uplugin" 395
"../../../Engine/Plugins/Cameras/CameraShakePreviewer/CameraShakePreviewer.uplugin" 396
"../../../Engine/Plugins/Animation/ControlRigModules/ControlRigModules.uplugin" 397
"../../../Engine/Plugins/Animation/GeneSplicer/GeneSplicer.uplugin" 398
"../../../Engine/Plugins/Animation/LiveLink/LiveLink.uplugin" 399
"../../../Engine/Plugins/Animation/LiveLinkDevice/LiveLinkDevice.uplugin" 400
"../../../Engine/Plugins/Animation/LiveLinkCurveDebugUI/LiveLinkCurveDebugUI.uplugin" 401
"../../../Engine/Plugins/Cameras/EngineCameras/EngineCameras.uplugin" 402
"../../../Engine/Plugins/Animation/MotionWarping/MotionWarping.uplugin" 403
"../../../Engine/Plugins/VirtualProduction/VirtualCamera/VirtualCamera.uplugin" 404
"../../../Engine/Plugins/Animation/LiveLinkHub/LiveLinkHub.uplugin" 405
"../../../Engine/Plugins/Compositing/Composure/Composure.uplugin" 406
"../../../Engine/Plugins/Compositing/LensDistortion/LensDistortion.uplugin" 407
"../../../Engine/Plugins/Animation/IKRig/IKRig.uplugin" 408
"../../../Engine/Plugins/Animation/SkeletalMeshModelingTools/SkeletalMeshModelingTools.uplugin" 409
"../../../Engine/Plugins/Compositing/OpenCVLensDistortion/OpenCVLensDistortion.uplugin" 410
"../../../Engine/Plugins/Compositing/HoldoutComposite/HoldoutComposite.uplugin" 411
"../../../Engine/Plugins/Animation/RigLogic/RigLogic.uplugin" 412
"../../../Engine/Plugins/Animation/AnimationModifierLibrary/AnimationModifierLibrary.uplugin" 413
"../../../Engine/Plugins/Editor/AssetSearch/AssetSearch.uplugin" 414
"../../../Engine/Plugins/Compositing/OpenColorIO/OpenColorIO.uplugin" 415
"../../../Engine/Plugins/Animation/BlendSpaceMotionAnalysis/BlendSpaceMotionAnalysis.uplugin" 416
"../../../Engine/Plugins/Editor/ColorGrading/ColorGrading.uplugin" 417
"../../../Engine/Plugins/VirtualProduction/RemoteControlInterception/RemoteControlInterception.uplugin" 418
"../../../Engine/Plugins/Editor/BlueprintHeaderView/BlueprintHeaderView.uplugin" 419
"../../../Engine/Plugins/Editor/GameplayTagsEditor/GameplayTagsEditor.uplugin" 420
"../../../Engine/Plugins/Animation/AnimationWarping/AnimationWarping.uplugin" 421
"../../../Engine/Plugins/Editor/ChangelistReview/ChangelistReview.uplugin" 422
"../../../Engine/Plugins/Cameras/GameplayCameras/GameplayCameras.uplugin" 423
"../../../Engine/Plugins/Editor/ConsoleVariablesEditor/ConsoleVariables.uplugin" 424
"../../../Engine/Plugins/Animation/LiveLinkUnrealDevice/LiveLinkUnrealDevice.uplugin" 425
"../../../Engine/Plugins/Editor/EditorDebugTools/EditorDebugTools.uplugin" 426
"../../../Engine/Plugins/VirtualProduction/VirtualCameraCore/VirtualCameraCore.uplugin" 427
"../../../Engine/Plugins/Animation/PoseSearch/PoseSearch.uplugin" 428
"../../../Engine/Plugins/Animation/PerformanceCaptureCore/PerformanceCaptureCore.uplugin" 429
"../../../Engine/Plugins/Editor/DisplayClusterLaunch/DisplayClusterLaunch.uplugin" 430
"../../../Engine/Plugins/VirtualProduction/GeometryMask/GeometryMask.uplugin" 431
"../../../Engine/Plugins/Editor/CurveEditorTools/CurveEditorTools.uplugin" 432
"../../../Engine/Plugins/Editor/GeometryMode/GeometryMode.uplugin" 433
"../../../Engine/Plugins/Animation/TweeningUtils/TweeningUtils.uplugin" 434
"../../../Engine/Plugins/Editor/EditorScriptingUtilities/EditorScriptingUtilities.uplugin" 435
"../../../Engine/Plugins/Editor/GuidedTutorials/GuidedTutorials.uplugin" 436
"../../../Engine/Plugins/Editor/AssetReferenceRestrictions/AssetReferenceRestrictions.uplugin" 437
"../../../Engine/Plugins/Editor/LandscapePatch/LandscapePatch.uplugin" 438
"../../../Engine/Plugins/VirtualProduction/SequencerPlaylists/SequencerPlaylists.uplugin" 439
"../../../Engine/Plugins/Experimental/AbilitySystemGameFeatureActions/AbilitySystemGameFeatureActions.uplugin" 440
"../../../Engine/Plugins/Editor/BlueprintMaterialTextureNodes/BlueprintMaterialTextureNodes.uplugin" 441
"../../../Engine/Plugins/Experimental/AIAssistant/AIAssistant.uplugin" 442
"../../../Engine/Plugins/Editor/CryptoKeys/CryptoKeys.uplugin" 443
"../../../Engine/Plugins/Experimental/AdvancedRenamer/AdvancedRenamer.uplugin" 444
"../../../Engine/Plugins/Experimental/ActorPalette/ActorPalette.uplugin" 445
"../../../Engine/Plugins/Editor/MacGraphicsSwitching/MacGraphicsSwitching.uplugin" 446
"../../../Engine/Plugins/Experimental/AsyncMessageSystem/AsyncMessageSystem.uplugin" 447
"../../../Engine/Plugins/Editor/ModelingToolsEditorMode/ModelingToolsEditorMode.uplugin" 448
"../../../Engine/Plugins/Experimental/AvalancheDisplayCluster/AvalancheDisplayCluster.uplugin" 449
"../../../Engine/Plugins/Editor/DataValidation/DataValidation.uplugin" 450
"../../../Engine/Plugins/Editor/SpeedTreeImporter/SpeedTreeImporter.uplugin" 451
"../../../Engine/Plugins/Editor/MaterialAnalyzer/MaterialAnalyzer.uplugin" 452
"../../../Engine/Plugins/Experimental/BackChannel/BackChannel.uplugin" 453
"../../../Engine/Plugins/Editor/ModelViewViewModelPreview/ModelViewViewModelPreview.uplugin" 454
"../../../Engine/Plugins/Editor/LiveUpdateForSlate/LiveUpdateForSlate.uplugin" 455
"../../../Engine/Plugins/Editor/EditorSysConfigAssistant/EditorSysConfigAssistant.uplugin" 456
"../../../Engine/Plugins/Editor/UVEditor/UVEditor.uplugin" 457
"../../../Engine/Plugins/Editor/AssetManagerEditor/AssetManagerEditor.uplugin" 458
"../../../Engine/Plugins/Experimental/AutomationUtils/AutomationUtils.uplugin" 459
"../../../Engine/Plugins/Editor/WaveformEditor/WaveformEditor.uplugin" 460
"../../../Engine/Plugins/Editor/SequencerAnimTools/SequencerAnimTools.uplugin" 461
"../../../Engine/Plugins/Editor/MakeCookedEditorAsDLC/MakeCookedEditorAsDLC.uplugin" 462
"../../../Engine/Plugins/Editor/MobileLauncherProfileWizard/MobileLauncherProfileWizard.uplugin" 463
"../../../Engine/Plugins/Editor/FacialAnimation/FacialAnimation.uplugin" 464
"../../../Engine/Plugins/Editor/SampleToolsEditorMode/SampleToolsEditorMode.uplugin" 465
"../../../Engine/Plugins/Editor/MeshLODToolset/MeshLODToolset.uplugin" 466
"../../../Engine/Plugins/Experimental/BlueprintSnapNodes/BlueprintSnapNodes.uplugin" 467
"../../../Engine/Plugins/Experimental/AsyncMessageSystemTests/AsyncMessageSystemTests.uplugin" 468
"../../../Engine/Plugins/Editor/UMGWidgetPreview/UMGWidgetPreview.uplugin" 469
"../../../Engine/Plugins/Animation/LiveLinkExampleDevice/LiveLinkExampleDevice.uplugin" 470
"../../../Engine/Plugins/Editor/PluginBrowser/PluginBrowser.uplugin" 471
"../../../Engine/Plugins/Experimental/ChaosClothEditor/ChaosClothEditor.uplugin" 472
"../../../Engine/Plugins/Experimental/ChaosModularVehicle/ChaosModularVehicle.uplugin" 473
"../../../Engine/Plugins/Experimental/AvalancheSequenceNavigator/AvalancheSequenceNavigator.uplugin" 474
"../../../Engine/Plugins/Experimental/ChaosMover/ChaosMover.uplugin" 475
"../../../Engine/Plugins/Editor/EngineAssetDefinitions/EngineAssetDefinitions.uplugin" 476
"../../../Engine/Plugins/Experimental/ChaosFlesh/ChaosFlesh.uplugin" 477
"../../../Engine/Plugins/Experimental/BlueprintStats/BlueprintStats.uplugin" 478
"../../../Engine/Plugins/Experimental/ChaosRigidAsset/ChaosRigidAsset.uplugin" 479
"../../../Engine/Plugins/Experimental/ChaosEditor/ChaosEditor.uplugin" 480
"../../../Engine/Plugins/Experimental/ChaosModularVehicleExamples/ChaosModularVehicleExamples.uplugin" 481
"../../../Engine/Plugins/Experimental/ChaosOutfitAsset/ChaosOutfitAsset.uplugin" 482
"../../../Engine/Plugins/Experimental/CharacterAI/CharacterAI.uplugin" 483
"../../../Engine/Plugins/Experimental/ChaosSolverPlugin/ChaosSolverPlugin.uplugin" 484
"../../../Engine/Plugins/Experimental/ChaosNiagara/ChaosNiagara.uplugin" 485
"../../../Engine/Plugins/Experimental/ChaosVehiclesPlugin/ChaosVehiclesPlugin.uplugin" 486
"../../../Engine/Plugins/Experimental/CineCameraRigs/CineCameraRigs.uplugin" 487
"../../../Engine/Plugins/Editor/WorldPartitionHLODUtilities/WorldPartitionHLODUtilities.uplugin" 488
"../../../Engine/Plugins/Experimental/CodeEditor/CodeEditor.uplugin" 489
"../../../Engine/Plugins/Editor/StaticMeshEditorModeling/StaticMeshEditorModeling.uplugin" 490
"../../../Engine/Plugins/Experimental/ChaosUserDataPT/ChaosUserDataPT.uplugin" 491
"../../../Engine/Plugins/Experimental/ChaosCaching/ChaosCaching.uplugin" 492
"../../../Engine/Plugins/Experimental/CineCameraSceneCapture/CineCameraSceneCapture.uplugin" 493
"../../../Engine/Plugins/Experimental/ControlRigPhysics/ControlRigPhysics.uplugin" 494
"../../../Engine/Plugins/Experimental/DynamicWind/DynamicWind.uplugin" 495
"../../../Engine/Plugins/Experimental/AnimToTexture/AnimToTexture.uplugin" 496
"../../../Engine/Plugins/Experimental/ColorCorrectRegions/ColorCorrectRegions.uplugin" 497
"../../../Engine/Plugins/Editor/ScriptableToolsEditorMode/ScriptableToolsEditorMode.uplugin" 498
"../../../Engine/Plugins/Experimental/EditorDataStorageFeatures/EditorDataStorageFeatures.uplugin" 499
"../../../Engine/Plugins/Experimental/DynamicMaterialMediaStreamBridge/DynamicMaterialMediaStreamBridge.uplugin" 500
"../../../Engine/Plugins/Experimental/EditorTelemetry/EditorTelemetry.uplugin" 501
"../../../Engine/Plugins/Experimental/ChaosCachingUSD/ChaosCachingUSD.uplugin" 502
"../../../Engine/Plugins/Editor/StylusInput/StylusInput.uplugin" 503
"../../../Engine/Plugins/Experimental/DefaultInstallBundleManager/DefaultInstallBundleManager.uplugin" 504
"../../../Engine/Plugins/Experimental/EvaluationNotifies/EvaluationNotifies.uplugin" 505
"../../../Engine/Plugins/Experimental/FieldSystemPlugin/FieldSystemPlugin.uplugin" 506
"../../../Engine/Plugins/Editor/AssetRegistryExport/AssetRegistryExport.uplugin" 507
"../../../Engine/Plugins/Experimental/CinematicPrestreaming/CinematicPrestreaming.uplugin" 508
"../../../Engine/Plugins/Compression/OodleNetwork/OodleNetwork.uplugin" 509
"../../../Engine/Plugins/Experimental/CommonConversation/CommonConversation.uplugin" 510
"../../../Engine/Plugins/Experimental/Buoyancy/Buoyancy.uplugin" 511
"../../../Engine/Plugins/Experimental/CodeView/CodeView.uplugin" 512
"../../../Engine/Plugins/Experimental/Gauntlet/Gauntlet.uplugin" 513
"../../../Engine/Plugins/Experimental/Dataflow/Dataflow.uplugin" 514
"../../../Engine/Plugins/Experimental/DaySequence/DaySequence.uplugin" 515
"../../../Engine/Plugins/Experimental/ControlFlows/ControlFlows.uplugin" 516
"../../../Engine/Plugins/Experimental/GameplayBehaviors/GameplayBehaviors.uplugin" 517
"../../../Engine/Plugins/Experimental/EditorDataStorage/EditorDataStorage.uplugin" 518
"../../../Engine/Plugins/Experimental/GeometryDataflow/GeometryDataflow.uplugin" 519
"../../../Engine/Plugins/Experimental/CelestialVault/CelestialVault.uplugin" 520
"../../../Engine/Plugins/Experimental/GPULightmass/GPULightmass.uplugin" 521
"../../../Engine/Plugins/Editor/ProxyLODPlugin/ProxyLODPlugin.uplugin" 522
"../../../Engine/Plugins/Experimental/HairStrandsMutable/HairStrandsMutable.uplugin" 523
"../../../Engine/Plugins/Experimental/GeometryCacheLevelSequenceBaker/GeometryCacheLevelSequenceBaker.uplugin" 524
"../../../Engine/Plugins/Experimental/ImageWidgets/ImageWidgets.uplugin" 525
"../../../Engine/Plugins/Experimental/GeometryFlow/GeometryFlow.uplugin" 526
"../../../Engine/Plugins/Experimental/GlobalConfigurationData/GlobalConfigurationData.uplugin" 527
"../../../Engine/Plugins/Experimental/InstanceDataObjectFixupTool/InstanceDataObjectFixupTool.uplugin" 528
"../../../Engine/Plugins/Experimental/GameInputWindows/GameInputWindows.uplugin" 529
"../../../Engine/Plugins/Experimental/Fracture/Fracture.uplugin" 530
"../../../Engine/Plugins/Experimental/GeometryCollectionPlugin/GeometryCollectionPlugin.uplugin" 531
"../../../Engine/Plugins/Experimental/InlineMaterialInstance/InlineMaterialInstance.uplugin" 532
"../../../Engine/Plugins/Experimental/CinematicSequenceNavigator/CinematicSequenceNavigator.uplugin" 533
"../../../Engine/Plugins/Experimental/HairModelingToolset/HairModelingToolset.uplugin" 534
"../../../Engine/Plugins/Experimental/DrawDebugLibrary/DrawDebugLibrary.uplugin" 535
"../../../Engine/Plugins/Experimental/LocalizableMessage/LocalizableMessage.uplugin" 536
"../../../Engine/Plugins/Experimental/EditorPerformance/EditorPerformance.uplugin" 537
"../../../Engine/Plugins/Experimental/FullBodyIK/FullBodyIK.uplugin" 538
"../../../Engine/Plugins/Experimental/LevelSequenceNavigatorBridge/LevelSequenceNavigatorBridge.uplugin" 539
"../../../Engine/Plugins/Experimental/FastGeoStreaming/FastGeoStreaming.uplugin" 540
"../../../Engine/Plugins/Experimental/ImpostorBaker/ImpostorBaker.uplugin" 541
"../../../Engine/Plugins/Experimental/MutableClothing/MutableClothing.uplugin" 542
"../../../Engine/Plugins/Experimental/LiveLinkOpenVR/LiveLinkOpenVR.uplugin" 543
"../../../Engine/Plugins/Experimental/GeometryCacheAbcFile/GeometryCacheAbcFile.uplugin" 544
"../../../Engine/Plugins/Experimental/MoverIntegrations/MoverIntegrations.uplugin" 545
"../../../Engine/Plugins/Experimental/MutableDataflow/MutableDataflow.uplugin" 546
"../../../Engine/Plugins/Experimental/LowLevelNetTrace/LowLevelNetTrace.uplugin" 547
"../../../Engine/Plugins/Experimental/Iris/Iris.uplugin" 548
"../../../Engine/Plugins/Experimental/LiveLinkControlRig/LiveLinkControlRig.uplugin" 549
"../../../Engine/Plugins/Experimental/GizmoEdMode/GizmoEdMode.uplugin" 550
"../../../Engine/Plugins/Experimental/MeshModelingToolsetExp/MeshModelingToolsetExp.uplugin" 551
"../../../Engine/Plugins/Experimental/JWT/JWT.uplugin" 552
"../../../Engine/Plugins/Experimental/Landmass/Landmass.uplugin" 553
"../../../Engine/Plugins/Experimental/InteractionInterface/InteractionInterface.uplugin" 554
"../../../Engine/Plugins/Experimental/MLflow/MLflow.uplugin" 555
"../../../Engine/Plugins/Experimental/MediaStream/MediaStream.uplugin" 556
"../../../Engine/Plugins/Experimental/HairCardGenerator/HairCardGenerator.uplugin" 557
"../../../Engine/Plugins/Experimental/NeuralRendering/NeuralRendering.uplugin" 558
"../../../Engine/Plugins/Experimental/InEditorDocumentation/InEditorDocumentation.uplugin" 559
"../../../Engine/Plugins/Experimental/MotoSynth/MotoSynth.uplugin" 560
"../../../Engine/Plugins/Experimental/LiveLinkFaceImporter/LiveLinkFaceImporter.uplugin" 561
"../../../Engine/Plugins/Experimental/MeshResizing/MeshResizing.uplugin" 562
"../../../Engine/Plugins/Experimental/MetasoundExperimental/MetasoundExperimental.uplugin" 563
"../../../Engine/Plugins/Experimental/MoverExamples/MoverExamples.uplugin" 564
"../../../Engine/Plugins/Experimental/MovieScenePoseSearchTracks/MovieScenePoseSearchTracks.uplugin" 565
"../../../Engine/Plugins/Experimental/NNERuntimeCoreML/NNERuntimeCoreML.uplugin" 566
"../../../Engine/Plugins/Experimental/GizmoFramework/GizmoFramework.uplugin" 567
"../../../Engine/Plugins/Experimental/NNERuntimeBasicCpu/NNERuntimeBasicCpu.uplugin" 568
"../../../Engine/Plugins/Experimental/LearningAgents/LearningAgents.uplugin" 569
"../../../Engine/Plugins/Experimental/NFORDenoise/NFORDenoise.uplugin" 570
"../../../Engine/Plugins/Experimental/MotorSimOutputMotoSynth/MotorSimOutputMotoSynth.uplugin" 571
"../../../Engine/Plugins/Experimental/NNERuntimeIREE/NNERuntimeIREE.uplugin" 572
"../../../Engine/Plugins/Experimental/NaniteDisplacedMesh/NaniteDisplacedMesh.uplugin" 573
"../../../Engine/Plugins/Experimental/FloatingProperties/FloatingProperties.uplugin" 574
"../../../Engine/Plugins/Experimental/OpenImageDenoise/OpenImageDenoise.uplugin" 575
"../../../Engine/Plugins/Experimental/ImagePlate/ImagePlate.uplugin" 576
"../../../Engine/Plugins/Experimental/OptiXDenoise/OptiXDenoise.uplugin" 577
"../../../Engine/Plugins/Experimental/PCGBiomeSample/PCGBiomeSample.uplugin" 578
"../../../Engine/Plugins/Experimental/PlainProps/PlainProps.uplugin" 579
"../../../Engine/Plugins/Experimental/MovieSceneAnimMixer/MovieSceneAnimMixer.uplugin" 580
"../../../Engine/Plugins/Experimental/PlanarCutPlugin/PlanarCut.uplugin" 581
"../../../Engine/Plugins/Experimental/MoverAnimNext/MoverAnimNext.uplugin" 582
"../../../Engine/Plugins/Experimental/PlainPropsUObject/PlainPropsUObject.uplugin" 583
"../../../Engine/Plugins/Experimental/GameplayTargetingSystem/TargetingSystem.uplugin" 584
"../../../Engine/Plugins/Experimental/PlatformCrypto/PlatformCrypto.uplugin" 585
"../../../Engine/Plugins/Experimental/GameplayGraph/GameplayGraph.uplugin" 586
"../../../Engine/Plugins/Experimental/PSDImporter/PSDImporter.uplugin" 587
"../../../Engine/Plugins/Experimental/NaniteAssemblyEditorUtils/NaniteAssemblyEditorUtils.uplugin" 588
"../../../Engine/Plugins/Experimental/NNERuntimeRDG/NNERuntimeRDG.uplugin" 589
"../../../Engine/Plugins/Experimental/PythonMLPackages/PythonMLPackages.uplugin" 590
"../../../Engine/Plugins/Experimental/PythonScriptPlugin/PythonScriptPlugin.uplugin" 591
"../../../Engine/Plugins/Experimental/QuicMessaging/QuicMessaging.uplugin" 592
"../../../Engine/Plugins/Experimental/PostProcessMaterialChainGraph/PostProcessMaterialChainGraph.uplugin" 593
"../../../Engine/Plugins/Experimental/Mover/Mover.uplugin" 594
"../../../Engine/Plugins/Experimental/MutablePopulation/MutablePopulation.uplugin" 595
"../../../Engine/Plugins/Experimental/ProceduralVegetationEditor/ProceduralVegetationEditor.uplugin" 596
"../../../Engine/Plugins/Experimental/RawInput/RawInput.uplugin" 597
"../../../Engine/Plugins/Experimental/PCGBiomeCore/PCGBiomeCore.uplugin" 598
"../../../Engine/Plugins/Experimental/RazerChromaDevices/RazerChromaDevices.uplugin" 599
"../../../Engine/Plugins/Experimental/RenderGrid/RenderGrid.uplugin" 600
"../../../Engine/Plugins/Experimental/RigLogicMutable/RigLogicMutable.uplugin" 601
"../../../Engine/Plugins/Experimental/MoverTests/MoverTests.uplugin" 602
"../../../Engine/Plugins/Experimental/RemoteSession/RemoteSession.uplugin" 603
"../../../Engine/Plugins/Experimental/RigLogicUAF/RigLogicUAF.uplugin" 604
"../../../Engine/Plugins/Experimental/PanoramicCapture/PanoramicCapture.uplugin" 605
"../../../Engine/Plugins/Experimental/PythonFoundationPackages/PythonFoundationPackages.uplugin" 606
"../../../Engine/Plugins/Experimental/ScreenReader/ScreenReader.uplugin" 607
"../../../Engine/Plugins/Experimental/PluginReferenceViewer/PluginReferenceViewer.uplugin" 608
"../../../Engine/Plugins/Experimental/RemoteControlComponents/RemoteControlComponents.uplugin" 609
"../../../Engine/Plugins/Experimental/Shotgrid/Shotgrid.uplugin" 610
"../../../Engine/Plugins/Experimental/SerializationUtils/SerializationUtils.uplugin" 611
"../../../Engine/Plugins/Experimental/RemoteControlActorModifierBridge/RemoteControlActorModifierBridge.uplugin" 612
"../../../Engine/Plugins/Experimental/SlateScreenReader/SlateScreenReader.uplugin" 613
"../../../Engine/Plugins/Experimental/SkeletalReduction/SkeletalReduction.uplugin" 614
"../../../Engine/Plugins/Experimental/SlateModelViewViewModel/SlateModelViewViewModel.uplugin" 615
"../../../Engine/Plugins/Experimental/PixelStreamingPlayer/PixelStreamingPlayer.uplugin" 616
"../../../Engine/Plugins/Experimental/StateGraph/StateGraph.uplugin" 617
"../../../Engine/Plugins/Experimental/StructUtils/StructUtils.uplugin" 618
"../../../Engine/Plugins/Experimental/PluginTemplateTool/PluginTemplateTool.uplugin" 619
"../../../Engine/Plugins/Experimental/SubmitToolEditor/SubmitToolEditor.uplugin" 620
"../../../Engine/Plugins/Experimental/RuntimeTelemetry/RuntimeTelemetry.uplugin" 621
"../../../Engine/Plugins/Experimental/TetMeshing/TetMeshing.uplugin" 622
"../../../Engine/Plugins/Experimental/PhysicsControl/PhysicsControl.uplugin" 623
"../../../Engine/Plugins/Experimental/TextToSpeech/TextToSpeech.uplugin" 624
"../../../Engine/Plugins/Experimental/SimpleHMD/SimpleHMD.uplugin" 625
"../../../Engine/Plugins/Experimental/SequenceNavigator/SequenceNavigator.uplugin" 626
"../../../Engine/Plugins/Experimental/ToolPresets/ToolPresets.uplugin" 627
"../../../Engine/Plugins/Experimental/PlainPropsEngine/PlainPropsEngine.uplugin" 628
"../../../Engine/Plugins/Experimental/UserToolBoxCore/UserToolBoxCore.uplugin" 629
"../../../Engine/Plugins/Experimental/VirtualProductionUtilities/VirtualProductionUtilities.uplugin" 630
"../../../Engine/Plugins/Experimental/VirtualHeightfieldMesh/VirtualHeightfieldMesh.uplugin" 631
"../../../Engine/Plugins/Experimental/SubtitlesAndClosedCaptions/SubtitlesAndClosedCaptions.uplugin" 632
"../../../Engine/Plugins/Experimental/WebSocketNetworking/WebSocketNetworking.uplugin" 633
"../../../Engine/Plugins/Experimental/SecuritySandbox/SecuritySandbox.uplugin" 634
"../../../Engine/Plugins/Experimental/XRCreativeFramework/XRCreativeFramework.uplugin" 635
"../../../Engine/Plugins/Experimental/SurfaceEffects/SurfaceEffects.uplugin" 636
"../../../Engine/Plugins/Experimental/PSDImporterMaterialDesignerBridge/PSDImporterMaterialDesignerBridge.uplugin" 637
"../../../Engine/Plugins/Experimental/Tensorboard/Tensorboard.uplugin" 638
"../../../Engine/Plugins/Experimental/TechAudioTools/TechAudioTools.uplugin" 639
"../../../Engine/Plugins/Experimental/UserToolBoxBasicCommand/UserToolBoxBasicCommand.uplugin" 640
"../../../Engine/Plugins/Experimental/UIFramework/UIFramework.uplugin" 641
"../../../Engine/Plugins/VirtualProduction/DMX/DMXControlConsole/DMXControlConsole.uplugin" 642
"../../../Engine/Plugins/Experimental/SlateIM/SlateIM.uplugin" 643
"../../../Engine/Plugins/Experimental/PluginAudit/PluginAudit.uplugin" 644
"../../../Engine/Plugins/Experimental/CharacterFXEditor/ExampleCharacterFXEditor/ExampleCharacterFXEditor.uplugin" 645
"../../../Engine/Plugins/Experimental/CharacterFXEditor/BaseCharacterFXEditor/BaseCharacterFXEditor.uplugin" 646
"../../../Engine/Plugins/Editor/ObjectMixer/LightMixer/LightMixer.uplugin" 647
"../../../Engine/Plugins/Experimental/WaterExtras/WaterExtras.uplugin" 648
"../../../Engine/Plugins/Runtime/Steam/SteamAudio/SteamAudio.uplugin" 649
"../../../Engine/Plugins/Runtime/Steam/SteamShared/SteamShared.uplugin" 650
"../../../Engine/Plugins/Experimental/Volumetrics/Volumetrics.uplugin" 651
"../../../Engine/Plugins/Runtime/Steam/SteamController/SteamController.uplugin" 652
"../../../Engine/Plugins/Experimental/WaveFunctionCollapse/WaveFunctionCollapse.uplugin" 653
"../../../Engine/Plugins/Runtime/Windows/WinDualShock/WinDualShock.uplugin" 654
"../../../Engine/Plugins/Runtime/Windows/WinVirtualKeyboard/WinVirtualKeyboard.uplugin" 655
"../../../Engine/Plugins/Experimental/WidgetEditorToolPalette/WidgetEditorToolPalette.uplugin" 656
"../../../Engine/Plugins/Experimental/TargetDeviceServicesScripting/TargetDeviceServicesScripting.uplugin" 657
"../../../Engine/Plugins/Runtime/Steam/SteamSockets/SteamSockets.uplugin" 658
"../../../Engine/Plugins/Editor/ContentBrowser/ContentBrowserFileDataSource/ContentBrowserFileDataSource.uplugin" 659
"../../../Engine/Plugins/Runtime/MeshReconstruction/DummyMeshReconstructor/DummyMeshReconstructor.uplugin" 660
"../../../Engine/Plugins/VirtualProduction/DMX/DMXEngine/DMXEngine.uplugin" 661
"../../../Engine/Plugins/Experimental/SpatialReadiness/SpatialReadiness.uplugin" 662
"../../../Engine/Plugins/VirtualProduction/DMX/DMXDisplayCluster/DMXDisplayCluster.uplugin" 663
"../../../Engine/Plugins/Runtime/XR/XRVisualization/XRVisualization.uplugin" 664
"../../../Engine/Plugins/Experimental/MetaHuman/MetaHumanRuntime/MetaHumanRuntime.uplugin" 665
"../../../Engine/Plugins/Experimental/WaterAdvanced/WaterAdvanced.uplugin" 666
"../../../Engine/Plugins/Editor/ContentBrowser/ContentBrowserAliasDataSource/ContentBrowserAliasDataSource.uplugin" 667
"../../../Engine/Plugins/Interchange/Extensions/OpenUSD/InterchangeOpenUSD.uplugin" 668
"../../../Engine/Plugins/Experimental/MetaHuman/MetaHumanCalibrationDiagnostics/MetaHumanCalibrationDiagnostics.uplugin" 669
"../../../Engine/Plugins/Runtime/PacketHandlers/DTLSHandlerComponent/DTLSHandlerComponent.uplugin" 670
"../../../Engine/Plugins/VirtualProduction/DMX/DatasmithMVR/DatasmithMVR.uplugin" 671
"../../../Engine/Plugins/Editor/ContentBrowser/ContentBrowserAssetDataSource/ContentBrowserAssetDataSource.uplugin" 672
"../../../Engine/Plugins/Editor/ContentBrowser/ContentBrowserClassDataSource/ContentBrowserClassDataSource.uplugin" 673
"../../../Engine/Plugins/Experimental/Workspace/Workspace.uplugin" 674
"../../../Engine/Plugins/Runtime/PacketHandlers/AESHandlerComponent/AESHandlerComponent.uplugin" 675
"../../../Engine/Plugins/Animation/MLDeformer/ChaosClothGenerator/ChaosClothGenerator.uplugin" 676
"../../../Engine/Plugins/Animation/MLDeformer/ChaosFleshGenerator/ChaosFleshGenerator.uplugin" 677
"../../../Engine/Plugins/Animation/MLDeformer/MLDeformerFramework/MLDeformerFramework.uplugin" 678
"../../../Engine/Plugins/Runtime/Advertising/IOSTapJoy/IOSTapJoy.uplugin" 679
"../../../Engine/Plugins/Experimental/MetaHuman/MetaHumanCharacterUAF/MetaHumanCharacterUAF.uplugin" 680
"../../../Engine/Plugins/Online/VoiceChat/EOSVoiceChat/EOSVoiceChat.uplugin" 681
"../../../Engine/Plugins/VirtualProduction/DMX/DMXProtocol/DMXProtocol.uplugin" 682
"../../../Engine/Plugins/VirtualProduction/DMX/DMXModularFeatures/DMXModularFeatures.uplugin" 683
"../../../Engine/Plugins/Runtime/PacketHandlers/AESGCMHandlerComponent/AESGCMHandlerComponent.uplugin" 684
"../../../Engine/Plugins/Animation/MLDeformer/NearestNeighborModel/NearestNeighborModel.uplugin" 685
"../../../Engine/Plugins/VirtualProduction/DMX/DMXFixtures/DMXFixtures.uplugin" 686
"../../../Engine/Plugins/Experimental/WebSocketMessaging/WebSocketMessaging.uplugin" 687
"../../../Engine/Plugins/Online/VoiceChat/VoiceChat/VoiceChat.uplugin" 688
"../../../Engine/Plugins/Experimental/PCGInterops/PCGFastGeoInterop/PCGFastGeoInterop.uplugin" 689
"../../../Engine/Plugins/Editor/ObjectMixer/ObjectMixer/ObjectMixer.uplugin" 690
"../../../Engine/Plugins/Experimental/PCGInterops/PCGInstancedActorsInterop/PCGInstancedActorsInterop.uplugin" 691
"../../../Engine/Plugins/Animation/MLDeformer/VertexDeltaModel/VertexDeltaModel.uplugin" 692
"../../../Engine/Plugins/Experimental/Animation/ContextualAnimation/ContextualAnimation.uplugin" 693
"../../../Engine/Plugins/Experimental/PCGInterops/PCGWaterInterop/PCGWaterInterop.uplugin" 694
"../../../Engine/Plugins/Animation/MLDeformer/NeuralMorphModel/NeuralMorphModel.uplugin" 695
"../../../Engine/Plugins/VirtualProduction/CaptureManager/CaptureManagerCore/CaptureManagerCore.uplugin" 696
"../../../Engine/Plugins/Experimental/PCGInterops/PCGNiagaraInterop/PCGNiagaraInterop.uplugin" 697
"../../../Engine/Plugins/VirtualProduction/CaptureManager/CaptureManagerDevices/CaptureManagerDevices.uplugin" 698
"../../../Engine/Plugins/Online/Android/OnlineSubsystemGooglePlay/OnlineSubsystemGooglePlay.uplugin" 699
"../../../Engine/Plugins/Runtime/AR/ARUtilities/ARUtilities.uplugin" 700
"../../../Engine/Plugins/Interchange/Extensions/OpenVDB/InterchangeOpenVDB.uplugin" 701
"../../../Engine/Plugins/Experimental/VirtualProduction/VPSettings/VPSettings.uplugin" 702
"../../../Engine/Plugins/Experimental/Water/Water.uplugin" 703
"../../../Engine/Plugins/Experimental/PCGInterops/PCGNaniteAssembliesInterop/PCGNaniteAssembliesInterop.uplugin" 704
"../../../Engine/Plugins/Experimental/Enterprise/DatasmithInterchange/DatasmithInterchange.uplugin" 705
"../../../Engine/Plugins/VirtualProduction/CaptureManager/CaptureManagerEditor/CaptureManagerEditor.uplugin" 706
"../../../Engine/Plugins/VirtualProduction/CaptureManager/CaptureManagerApp/CaptureManagerApp.uplugin" 707
"../../../Engine/Plugins/VirtualProduction/DMX/DMXGDTF/DMXGDTF.uplugin" 708
"../../../Engine/Plugins/VirtualProduction/DMX/DMXPixelMapping/DMXPixelMapping.uplugin" 709
"../../../Engine/Plugins/Runtime/Windows/XInputDevice/XInputDevice.uplugin" 710
"../../../Engine/Plugins/Runtime/XR/XRScribe/XRScribe.uplugin" 711
"../../../Engine/Plugins/Runtime/Database/SQLiteSupport/SQLiteSupport.uplugin" 712
"../../../Engine/Plugins/Online/IOS/OnlineSubsystemIOS/OnlineSubsystemIOS.uplugin" 713
"../../../Engine/Plugins/Online/Android/AndroidFetchBackgroundDownload/AndroidFetchBackgroundDownload.uplugin" 714
"../../../Engine/Plugins/Experimental/VirtualProduction/LedWallCalibration/LedWallCalibration.uplugin" 715
"../../../Engine/Plugins/Runtime/Database/DatabaseSupport/DatabaseSupport.uplugin" 716
"../../../Engine/Plugins/Experimental/Enterprise/DatasmithRuntime/DatasmithRuntime.uplugin" 717
"../../../Engine/Plugins/Experimental/Animation/CurveExpression/CurveExpression.uplugin" 718
"../../../Engine/Plugins/Experimental/Web/WebAPI/WebAPI.uplugin" 719
"../../../Engine/Plugins/Experimental/UAF/UAF/UAF.uplugin" 720
"../../../Engine/Plugins/Runtime/Database/ADOSupport/ADOSupport.uplugin" 721
"../../../Engine/Plugins/Experimental/AVCodecs/AMFCodecs/AMFCodecs.uplugin" 722
"../../../Engine/Plugins/Runtime/Database/RemoteDatabaseSupport/RemoteDatabaseSupport.uplugin" 723
"../../../Engine/Plugins/Experimental/VirtualProduction/VPRoles/VPRoles.uplugin" 724
"../../../Engine/Plugins/Experimental/Animation/Optimus/Optimus.uplugin" 725
"../../../Engine/Plugins/Experimental/Animation/RigMapper/RigMapper.uplugin" 726
"../../../Engine/Plugins/Experimental/Animation/RelativeIKOp/RelativeIKOp.uplugin" 727
"../../../Engine/Plugins/Experimental/Animation/RigMapperOp/RigMapperOp.uplugin" 728
"../../../Engine/Plugins/Experimental/Animation/SkeletalMeshMorphTargetEditingTools/SkeletalMeshMorphTargetEditingTools.uplugin" 729
"../../../Engine/Plugins/Experimental/Animation/Locomotor/Locomotor.uplugin" 730
"../../../Engine/Plugins/VirtualProduction/Rivermax/RivermaxCore/RivermaxCore.uplugin" 731
"../../../Engine/Plugins/Experimental/Animation/TrajectoryTools/TrajectoryTools.uplugin" 732
"../../../Engine/Plugins/Developer/Concert/ConcertMain/ConcertMain.uplugin" 733
"../../../Engine/Plugins/Experimental/UAF/UAFMirroring/UAFMirroring.uplugin" 734
"../../../Engine/Plugins/Runtime/Nvidia/GeForceNOWWrapper/GeForceNOWWrapper.uplugin" 735
"../../../Engine/Plugins/VirtualProduction/Rivermax/RivermaxMedia/RivermaxMedia.uplugin" 736
"../../../Engine/Plugins/Experimental/UAF/UAFAnimGraph/UAFAnimGraph.uplugin" 737
"../../../Engine/Plugins/Experimental/UAF/UAFStateTree/UAFStateTree.uplugin" 738
"../../../Engine/Plugins/Runtime/Analytics/AnalyticsMulticast/AnalyticsMulticast.uplugin" 739
"../../../Engine/Plugins/VirtualProduction/Rivermax/RivermaxSync/RivermaxSync.uplugin" 740
"../../../Engine/Plugins/Experimental/UAF/UAFWarping/UAFWarping.uplugin" 741
"../../../Engine/Plugins/Experimental/AVCodecs/AVCodecsCore/AVCodecsCore.uplugin" 742
"../../../Engine/Plugins/Experimental/Animation/MotionTrajectory/MotionTrajectory.uplugin" 743
"../../../Engine/Plugins/Experimental/AVCodecs/LibVpxCodecs/LibVpxCodecs.uplugin" 744
"../../../Engine/Plugins/Experimental/Animation/HierarchyTableAnimation/HierarchyTableAnimation.uplugin" 745
"../../../Engine/Plugins/Experimental/UAF/UAFTests/UAFTests.uplugin" 746
"../../../Engine/Plugins/Experimental/Animation/PackedAttributes/PackedAttributes.uplugin" 747
"../../../Engine/Plugins/Experimental/AVCodecs/WMFCodecs/WMFCodecs.uplugin" 748
"../../../Engine/Plugins/Runtime/Nvidia/Reflex/Reflex.uplugin" 749
"../../../Engine/Plugins/Experimental/Enterprise/DataprepGeometryOperations/DataprepGeometryOperations.uplugin" 750
"../../../Engine/Plugins/Experimental/AVCodecs/VTCodecs/VTCodecs.uplugin" 751
"../../../Engine/Plugins/Developer/Concert/ConcertUI/ConcertSharedSlate/ConcertSharedSlate.uplugin" 752
"../../../Engine/Plugins/Developer/Concert/ConcertUI/ConcertClientSharedSlate/ConcertClientSharedSlate.uplugin" 753
"../../../Engine/Plugins/Experimental/UAF/UAFControlRig/UAFControlRig.uplugin" 754
"../../../Engine/Plugins/Runtime/Analytics/FileLogging/FileLogging.uplugin" 755
"../../../Engine/Plugins/Runtime/Database/SQLiteCore/SQLiteCore.uplugin" 756
"../../../Engine/Plugins/Runtime/AR/Google/GoogleARCore/GoogleARCore.uplugin" 757
"../../../Engine/Plugins/Runtime/AR/AppleAR/AppleARKitFaceSupport/AppleARKitFaceSupport.uplugin" 758
"../../../Engine/Plugins/Developer/Concert/ConcertApp/MultiUserServer/MultiUserServer.uplugin" 759
"../../../Engine/Plugins/Runtime/AR/AppleAR/AppleARKit/AppleARKit.uplugin" 760
"../../../Engine/Plugins/Developer/Concert/ConcertApp/DisasterRecoveryClient/DisasterRecoveryClient.uplugin" 761
"../../../Engine/Plugins/Developer/Concert/ConcertInsights/ConcertInsightsVisualizer/ConcertInsightsVisualizer.uplugin" 762
"../../../Engine/Plugins/Developer/Concert/ConcertInsights/ConcertInsightsClient/ConcertInsightsClient.uplugin" 763
"../../../Engine/Plugins/Runtime/Analytics/Adjust/Adjust.uplugin" 764
"../../../Engine/Plugins/Developer/Concert/ConcertInsights/ConcertInsightsCore/ConcertInsightsCore.uplugin" 765
"../../../Engine/Plugins/Editor/Localization/PortableObjectFileDataSource/PortableObjectFileDataSource.uplugin" 766
"../../../Engine/Plugins/Developer/Concert/ConcertSync/ConcertSyncCore/ConcertSyncCore.uplugin" 767
"../../../Engine/Plugins/Developer/Concert/ConcertInsights/ConcertInsightsServer/ConcertInsightsServer.uplugin" 768
"../../../Engine/Plugins/Developer/Concert/ConcertApp/MultiUserClient/MultiUserClient.uplugin" 769
"../../../Engine/Plugins/Developer/Concert/ConcertSync/ConcertSyncTest/ConcertSyncTest.uplugin" 770
"../../../Engine/Plugins/Experimental/UAF/UAFChooser/UAFChooser.uplugin" 771
"../../../Engine/Plugins/Experimental/Animation/MLDeformer/DetailPoseModel/DetailPoseModel.uplugin" 772
"../../../Engine/Plugins/Runtime/AR/Google/GoogleARCoreServices/GoogleARCoreServices.uplugin" 773
"../../../Engine/Plugins/Experimental/UAF/UAFPoseSearch/UAFPoseSearch.uplugin" 774
"../../../Engine/Plugins/Runtime/Analytics/AnalyticsBlueprintLibrary/AnalyticsBlueprintLibrary.uplugin" 775
"../../../Engine/Plugins/Developer/Concert/ConcertSync/ConcertSyncClient/ConcertSyncClient.uplugin" 776
"../../../Engine/Plugins/Experimental/Animation/HierarchyTable/HierarchyTable.uplugin" 777
"../../../Engine/Plugins/Experimental/AVCodecs/NVCodecs/NVCodecs.uplugin" 778
"../../../Engine/Plugins/Developer/Concert/ConcertSync/ConcertSyncServer/ConcertSyncServer.uplugin" 779
"../../../Engine/Plugins/Developer/Concert/ConcertScripting/ConcertReplicationScripting/ConcertReplicationScripting.uplugin" 780
"../../../Engine/Platforms/Android/Plugins/Animation/ACLPlugin/ACLPlugin_Android.uplugin" 781
"../../../Engine/Platforms/Android/Plugins/Animation/RigLogic/RigLogic_Android.uplugin" 782
"../../../Engine/Platforms/IOS/Plugins/Animation/RigLogic/RigLogic_IOS.uplugin" 783
"../../../Engine/Content/Internationalization/icudt64l/cnvalias.icu" 784
"../../../Engine/Content/Internationalization/icudt64l/res_index.res" 785
"../../../Engine/Content/Internationalization/icudt64l/plurals.res" 786
"../../../Engine/Content/Internationalization/icudt64l/lang/zh_CN.res" 787
"../../../Engine/Content/Internationalization/icudt64l/lang/pool.res" 788
"../../../Engine/Content/Internationalization/icudt64l/lang/zh_Hans_CN.res" 789
"../../../Engine/Content/Internationalization/icudt64l/lang/zh_Hans.res" 790
"../../../Engine/Content/Internationalization/icudt64l/lang/zh.res" 791
"../../../Engine/Content/Internationalization/icudt64l/lang/root.res" 792
"../../../Engine/Content/Internationalization/icudt64l/region/zh_CN.res" 793
"../../../Engine/Content/Internationalization/icudt64l/region/pool.res" 794
"../../../Engine/Content/Internationalization/icudt64l/region/zh_Hans_CN.res" 795
"../../../Engine/Content/Internationalization/icudt64l/region/zh_Hans.res" 796
"../../../Engine/Content/Internationalization/icudt64l/region/zh.res" 797
"../../../Engine/Content/Internationalization/icudt64l/region/root.res" 798
"../../../Engine/Content/Internationalization/icudt64l/lang/en.res" 799
"../../../Engine/Content/Internationalization/icudt64l/region/en.res" 800
"../../../Engine/Content/Internationalization/icudt64l/windowsZones.res" 801
"../../../Engine/Content/Internationalization/icudt64l/zoneinfo64.res" 802
"../../../Engine/Content/Internationalization/icudt64l/keyTypeData.res" 803
"../../../Engine/Content/Internationalization/icudt64l/timezoneTypes.res" 804
"../../../Engine/Content/Internationalization/icudt64l/likelySubtags.res" 805
"../../../Engine/Content/Internationalization/icudt64l/zh_CN.res" 806
"../../../Engine/Content/Internationalization/icudt64l/pool.res" 807
"../../../Engine/Content/Internationalization/icudt64l/zh_Hans_CN.res" 808
"../../../Engine/Content/Internationalization/icudt64l/zh_Hans.res" 809
"../../../Engine/Content/Internationalization/icudt64l/zh.res" 810
"../../../Engine/Content/Internationalization/icudt64l/root.res" 811
"../../../Engine/Content/Internationalization/icudt64l/supplementalData.res" 812
"../../../Engine/Config/ConfigRedirects.ini" 813
"C:/Users/17453/AppData/Local/UnrealEngine/5.7/Saved/Config/WindowsEditor/Manifest.ini" 814
"../../../Engine/Config/BaseEngine.ini" 815
"../../../Engine/Config/Windows/BaseWindowsEngine.ini" 816
"../../../project/live/Config/DefaultEngine.ini" 817
"../../../Engine/Config/BaseGame.ini" 818
"../../../project/live/Config/DefaultGame.ini" 819
"../../../Engine/Config/Windows/WindowsGame.ini" 820
"../../../project/live/Saved/Config/WindowsEditor/Game.ini" 821
"../../../Engine/Config/BaseInput.ini" 822
"../../../Engine/Config/Windows/BaseWindowsInput.ini" 823
"../../../project/live/Config/DefaultInput.ini" 824
"../../../Engine/Config/Windows/WindowsInput.ini" 825
"../../../Engine/Config/BaseDeviceProfiles.ini" 826
"../../../Engine/Config/BaseGameUserSettings.ini" 827
"../../../project/live/Saved/Config/WindowsEditor/GameUserSettings.ini" 828
"../../../Engine/Config/BaseScalability.ini" 829
"../../../Engine/Config/BaseRuntimeOptions.ini" 830
"../../../Engine/Config/BaseInstallBundle.ini" 831
"../../../Engine/Config/BaseHardware.ini" 832
"../../../Engine/Config/BaseCompat.ini" 833
"../../../Engine/Config/BaseLightmass.ini" 834
"../../../Engine/Config/BaseEditor.ini" 835
"../../../project/live/Config/DefaultEditor.ini" 836
"../../../project/live/Saved/Config/WindowsEditor/Editor.ini" 837
"../../../Engine/Config/BaseMaterialExpressions.ini" 838
"../../../Engine/Config/BaseEditorPerProjectUserSettings.ini" 839
"../../../Engine/Config/Windows/WindowsEditorPerProjectUserSettings.ini" 840
"../../../project/live/Saved/Config/WindowsEditor/EditorPerProjectUserSettings.ini" 841
"../../../Engine/Config/BaseEditorSettings.ini" 842
"../../../Engine/Config/Windows/WindowsEditorSettings.ini" 843
"C:/Users/17453/AppData/Local/UnrealEngine/5.7/Saved/Config/WindowsEditor/EditorSettings.ini" 844
"../../../Engine/Config/BaseEditorKeyBindings.ini" 845
"C:/Users/17453/AppData/Local/UnrealEngine/5.7/Saved/Config/WindowsEditor/EditorLayout.ini" 846
"../../../project/live/Intermediate/CachedAssetRegistryDiscovery.bin" 847
"../../../Engine/Config/Mac/BaseMacEngine.ini" 848
"../../../Engine/Binaries/Win64/BootstrapPackagedGame-Win64-Shipping.target" 849
"../../../Engine/Binaries/Win64/BuildPatchTool-Win64-Shipping.target" 850
"../../../Engine/Binaries/Win64/CrashReportClient-Win64-Shipping.target" 851
"../../../Engine/Config/IOS/BaseIOSEngine.ini" 852
"../../../Engine/Config/Android/BaseAndroidEngine.ini" 853
"../../../Engine/Binaries/Win64/CrashReportClientEditor-Win64-Shipping.target" 854
"../../../Engine/Binaries/Win64/DatasmithCADWorker.target" 855
"../../../Engine/Binaries/Win64/EpicWebHelper-Win64-Shipping.target" 856
"../../../Engine/Binaries/Win64/InterchangeWorker.target" 857
"../../../Engine/Binaries/Win64/LiveCodingConsole.target" 858
"../../../Engine/Config/Linux/BaseLinuxEngine.ini" 859
"../../../Engine/Binaries/Win64/LiveLinkHub.target" 860
"../../../Engine/Config/Android/AndroidEngine.ini" 861
"../../../Engine/Platforms/VisionOS/Config/BaseVisionOSEngine.ini" 862
"../../../Engine/Config/Mac/MacGame.ini" 863
"../../../Engine/Config/IOS/BaseIOSGame.ini" 864
"../../../Engine/Config/Unix/UnixEngine.ini" 865
"../../../Engine/Config/TVOS/TVOSEngine.ini" 866
"../../../Engine/Platforms/VisionOS/Config/VisionOSEngine.ini" 867
"../../../Engine/Config/Linux/LinuxEngine.ini" 868
"../../../Engine/Config/Android/BaseAndroidGame.ini" 869
"../../../Engine/Config/IOS/IOSGame.ini" 870
"../../../Engine/Config/Mac/BaseMacInput.ini" 871
"../../../Engine/Config/Android/BaseAndroidInput.ini" 872
"../../../Engine/Config/IOS/BaseIOSInput.ini" 873
"../../../Engine/Config/Linux/LinuxGame.ini" 874
"../../../Engine/Binaries/Win64/ShaderCompileWorker.target" 875
"../../../Engine/Binaries/Win64/SwitchboardListener.target" 876
"../../../Engine/Binaries/Win64/SwitchboardListenerHelper.target" 877
"../../../Engine/Binaries/Win64/UnrealEditor-Win64-DebugGame.target" 878
"../../../Engine/Config/IOS/IOSScalability.ini" 879
"../../../Engine/Config/Android/AndroidScalability.ini" 880
"../../../Engine/Binaries/Win64/UnrealEditor.target" 881
"../../../Engine/Config/IOS/BaseIOSInstallBundle.ini" 882
"../../../Engine/Config/Android/BaseAndroidInstallBundle.ini" 883
"../../../Engine/Config/PluginBase.ini" 884
"../../../Engine/Plugins/ChaosVD/Config/DefaultChaosVD.ini" 885
"../../../Engine/Plugins/EnhancedInput/Config/BaseEnhancedInput.ini" 886
"../../../Engine/Plugins/Fab/Config/BaseFab.ini" 887
"../../../Engine/Plugins/TraceUtilities/Config/BaseTraceUtilities.ini" 888
"../../../Engine/Plugins/Enterprise/GLTFExporter/Config/BaseGLTFExporter.ini" 889
"../../../Engine/Plugins/Enterprise/GLTFExporter/Config/DefaultGLTFExporter.ini" 890
"../../../Engine/Plugins/Enterprise/VariantManagerContent/Config/BaseVariantManagerContent.ini" 891
"../../../Engine/Plugins/Interchange/Assets/Config/BaseInterchangeAssets.ini" 892
"../../../Engine/Plugins/Enterprise/DatasmithContent/Config/BaseDatasmithContent.ini" 893
"../../../Engine/Plugins/FX/Niagara/Config/BaseNiagara.ini" 894
"../../../Engine/Plugins/MetaHuman/MetaHumanSDK/Config/BaseMetaHumanSDK.ini" 895
"../../../Engine/Plugins/Interchange/Runtime/Config/BaseInterchange.ini" 896
"../../../Engine/Plugins/Marketplace/PaperZD2e8a5df400f9V20/Config/BasePaperZD.ini" 897
"../../../Engine/Plugins/Marketplace/PaperZD2e8a5df400f9V20/Config/DefaultPaperZD.ini" 898
"../../../Engine/Plugins/Runtime/HairStrands/Config/BaseHairStrands.ini" 899
"../../../Engine/Plugins/Runtime/Metasound/Config/BaseMetasound.ini" 900
"../../../Engine/Plugins/Runtime/Metasound/Config/DefaultMetasound.ini" 901
"../../../Engine/Plugins/Runtime/PropertyBindingUtils/Config/BasePropertyBindingUtils.ini" 902
"../../../Engine/Plugins/Runtime/RigVM/Config/BaseRigVM.ini" 903
"../../../Engine/Plugins/Runtime/Synthesis/Config/BaseSynthesis.ini" 904
"../../../Engine/Plugins/Runtime/StateTree/Config/BaseStateTree.ini" 905
"../../../Engine/Plugins/VirtualProduction/Takes/Config/BaseTakes.ini" 906
"../../../Engine/Plugins/2D/Paper2D/Config/BasePaper2D.ini" 907
"../../../Engine/Plugins/Animation/ControlRig/Config/BaseControlRig.ini" 908
"../../../Engine/Plugins/Animation/DeformerGraph/Config/BaseDeformerGraph.ini" 909
"../../../Engine/Plugins/Compositing/CompositeCore/Config/BaseCompositeCore.ini" 910
"../../../Engine/Plugins/Animation/IKRig/Config/BaseIKRig.ini" 911
"../../../Engine/Plugins/Cameras/GameplayCameras/Config/BaseGameplayCameras.ini" 912
"../../../Engine/Plugins/Editor/EditorScriptingUtilities/Config/BaseEditorScriptingUtilities.ini" 913
"../../../Engine/Plugins/Experimental/FullBodyIK/Config/BaseFullBodyIK.ini" 914
"../../../Engine/Plugins/Experimental/ToolPresets/Config/BaseToolPresets.ini" 915
"../../../Engine/Plugins/ChaosVD/Config/Engine.ini" 916
"../../../Engine/Plugins/EnhancedInput/Config/Input.ini" 917
"../../../Engine/Plugins/Runtime/InputDebugging/Config/Input.ini" 918
"../../../Engine/Plugins/Runtime/Windows/XInputDevice/Config/Input.ini" 919
"../../../Engine/Plugins/Online/OnlineSubsystemUtils/Config/Editor.ini" 920
"../../../Engine/Plugins/Runtime/RigVM/Config/Editor.ini" 921
"../../../Engine/Plugins/NNE/NNEDenoiser/Config/Game.ini" 922
"../../../Engine/Plugins/Editor/ModelingToolsEditorMode/Binaries/Win64/UnrealEditor.modules" 923
"../../../Engine/Plugins/Runtime/MeshModelingToolset/Binaries/Win64/UnrealEditor.modules" 924
"../../../Engine/Plugins/Experimental/MeshModelingToolsetExp/Binaries/Win64/UnrealEditor.modules" 925
"../../../Engine/Plugins/Editor/MeshLODToolset/Binaries/Win64/UnrealEditor.modules" 926
"../../../Engine/Plugins/Experimental/ToolPresets/Binaries/Win64/UnrealEditor.modules" 927
"../../../Engine/Plugins/Editor/StylusInput/Binaries/Win64/UnrealEditor.modules" 928
"../../../Engine/Plugins/Runtime/GeometryProcessing/Binaries/Win64/UnrealEditor.modules" 929
"../../../Engine/Plugins/Editor/ProxyLODPlugin/Binaries/Win64/UnrealEditor.modules" 930
"../../../Engine/Plugins/Experimental/PlanarCutPlugin/Binaries/Win64/UnrealEditor.modules" 931
"../../../Engine/Plugins/Runtime/GeometryCache/Binaries/Win64/UnrealEditor.modules" 932
"../../../Engine/Plugins/Experimental/GeometryFlow/Binaries/Win64/UnrealEditor.modules" 933
"../../../Engine/Plugins/Editor/EditorScriptingUtilities/Binaries/Win64/UnrealEditor.modules" 934
"../../../Engine/Plugins/FX/Niagara/Binaries/Win64/UnrealEditor.modules" 935
"../../../Engine/Plugins/Experimental/PythonScriptPlugin/Binaries/Win64/UnrealEditor.modules" 936
"../../../Engine/Plugins/Editor/ContentBrowser/ContentBrowserFileDataSource/Binaries/Win64/UnrealEditor.modules" 937
"../../../Engine/Plugins/Marketplace/Advanced156923422a78V7/Binaries/Win64/UnrealEditor.modules" 938
"../../../Engine/Plugins/Marketplace/PaperZD2e8a5df400f9V20/Binaries/Win64/UnrealEditor.modules" 939
"../../../Engine/Plugins/2D/Paper2D/Binaries/Win64/UnrealEditor.modules" 940
"../../../Engine/Plugins/AudioInsights/Binaries/Win64/UnrealEditor.modules" 941
"../../../Engine/Plugins/Runtime/AudioWidgets/Binaries/Win64/UnrealEditor.modules" 942
"../../../Engine/Plugins/Runtime/AudioSynesthesia/Binaries/Win64/UnrealEditor.modules" 943
"../../../Engine/Plugins/Bridge/Binaries/Win64/UnrealEditor.modules" 944
"../../../Engine/Plugins/MetaHuman/MetaHumanSDK/Binaries/Win64/UnrealEditor.modules" 945
"../../../Engine/Plugins/Animation/ControlRig/Binaries/Win64/UnrealEditor.modules" 946
"../../../Engine/Plugins/Runtime/HairStrands/Binaries/Win64/UnrealEditor.modules" 947
"../../../Engine/Plugins/Animation/RigLogic/Binaries/Win64/UnrealEditor.modules" 948
"../../../Engine/Plugins/Interchange/Runtime/Binaries/Win64/UnrealEditor.modules" 949
"../../../Engine/Plugins/Online/EOSShared/Binaries/Win64/UnrealEditor.modules" 950
"../../../Engine/Plugins/Runtime/RigVM/Binaries/Win64/UnrealEditor.modules" 951
"../../../Engine/Plugins/MovieScene/LevelSequenceEditor/Binaries/Win64/UnrealEditor.modules" 952
"../../../Engine/Plugins/Runtime/PropertyAccess/Binaries/Win64/UnrealEditor.modules" 953
"../../../Engine/Plugins/MovieScene/SequencerScripting/Binaries/Win64/UnrealEditor.modules" 954
"../../../Engine/Plugins/Animation/TweeningUtils/Binaries/Win64/UnrealEditor.modules" 955
"../../../Engine/Plugins/Animation/DeformerGraph/Binaries/Win64/UnrealEditor.modules" 956
"../../../Engine/Plugins/Experimental/Dataflow/Binaries/Win64/UnrealEditor.modules" 957
"../../../Engine/Plugins/Runtime/ComputeFramework/Binaries/Win64/UnrealEditor.modules" 958
"../../../Engine/Plugins/Enterprise/VariantManagerContent/Binaries/Win64/UnrealEditor.modules" 959
"../../../Engine/Plugins/Enterprise/VariantManager/Binaries/Win64/UnrealEditor.modules" 960
"../../../Engine/Plugins/Interchange/Assets/Binaries/Win64/UnrealEditor.modules" 961
"../../../Engine/Plugins/Experimental/CharacterFXEditor/BaseCharacterFXEditor/Binaries/Win64/UnrealEditor.modules" 962
"../../../Engine/Plugins/Runtime/ProceduralMeshComponent/Binaries/Win64/UnrealEditor.modules" 963
"../../../Engine/Plugins/Experimental/ChaosCaching/Binaries/Win64/UnrealEditor.modules" 964
"../../../Engine/Plugins/Experimental/EditorDataStorage/Binaries/Win64/UnrealEditor.modules" 965
"../../../Engine/Plugins/Experimental/EditorDataStorageFeatures/Binaries/Win64/UnrealEditor.modules" 966
"../../../Engine/Plugins/Animation/SkeletalMeshModelingTools/Binaries/Win64/UnrealEditor.modules" 967
"../../../Engine/Plugins/VirtualProduction/Takes/Binaries/Win64/UnrealEditor.modules" 968
"../../../Engine/Plugins/Runtime/AudioCapture/Binaries/Win64/UnrealEditor.modules" 969
"../../../Engine/Plugins/Developer/NamingTokens/Binaries/Win64/UnrealEditor.modules" 970
"../../../Engine/Plugins/Editor/EngineAssetDefinitions/Binaries/Win64/UnrealEditor.modules" 971
"../../../Engine/Plugins/ChaosCloth/Binaries/Win64/UnrealEditor.modules" 972
"../../../Engine/Plugins/ChaosInsights/Binaries/Win64/UnrealEditor.modules" 973
"../../../Engine/Plugins/ChaosVD/Binaries/Win64/UnrealEditor.modules" 974
"../../../Engine/Plugins/CmdLinkServer/Binaries/Win64/UnrealEditor.modules" 975
"../../../Engine/Plugins/EnhancedInput/Binaries/Win64/UnrealEditor.modules" 976
"../../../Engine/Plugins/Editor/DataValidation/Binaries/Win64/UnrealEditor.modules" 977
"../../../Engine/Plugins/Fab/Binaries/Win64/UnrealEditor.modules" 978
"../../../Engine/Plugins/IoStoreInsights/Binaries/Win64/UnrealEditor.modules" 979
"../../../Engine/Plugins/MassInsights/Binaries/Win64/UnrealEditor.modules" 980
"../../../Engine/Plugins/MeshPainting/Binaries/Win64/UnrealEditor.modules" 981
"../../../Engine/Plugins/Interchange/Editor/Binaries/Win64/UnrealEditor.modules" 982
"../../../Engine/Plugins/RenderGraphInsights/Binaries/Win64/UnrealEditor.modules" 983
"../../../Engine/Plugins/TraceUtilities/Binaries/Win64/UnrealEditor.modules" 984
"../../../Engine/Plugins/UbaController/Binaries/Win64/UnrealEditor.modules" 985
"../../../Engine/Plugins/XGEController/Binaries/Win64/UnrealEditor.modules" 986
"../../../Engine/Plugins/WorldMetrics/Binaries/Win64/UnrealEditor.modules" 987
"../../../Engine/Plugins/Importers/AlembicImporter/Binaries/Win64/UnrealEditor.modules" 988
"../../../Engine/Plugins/Developer/AnimationSharing/Binaries/Win64/UnrealEditor.modules" 989
"../../../Engine/Plugins/Runtime/SignificanceManager/Binaries/Win64/UnrealEditor.modules" 990
"../../../Engine/Plugins/Developer/N10XSourceCodeAccess/Binaries/Win64/UnrealEditor.modules" 991
"../../../Engine/Plugins/Developer/ProjectLauncher/Binaries/Win64/UnrealEditor.modules" 992
"../../../Engine/Plugins/Developer/RenderDocPlugin/Binaries/Win64/UnrealEditor.modules" 993
"../../../Engine/Plugins/Developer/RiderSourceCodeAccess/Binaries/Win64/UnrealEditor.modules" 994
"../../../Engine/Plugins/Developer/CLionSourceCodeAccess/Binaries/Win64/UnrealEditor.modules" 995
"../../../Engine/Plugins/Developer/SubversionSourceControl/Binaries/Win64/UnrealEditor.modules" 996
"../../../Engine/Plugins/Developer/DumpGPUServices/Binaries/Win64/UnrealEditor.modules" 997
"../../../Engine/Plugins/Developer/GitSourceControl/Binaries/Win64/UnrealEditor.modules" 998
"../../../Engine/Plugins/Developer/GPUReshape/Binaries/Win64/UnrealEditor.modules" 999
"../../../Engine/Plugins/Developer/PropertyAccessNode/Binaries/Win64/UnrealEditor.modules" 1000
"../../../Engine/Plugins/Developer/UObjectPlugin/Binaries/Win64/UnrealEditor.modules" 1001
"../../../Engine/Plugins/Developer/PerforceSourceControl/Binaries/Win64/UnrealEditor.modules" 1002
"../../../Engine/Plugins/Developer/PlasticSourceControl/Binaries/Win64/UnrealEditor.modules" 1003
"../../../Engine/Plugins/Developer/PluginUtils/Binaries/Win64/UnrealEditor.modules" 1004
"../../../Engine/Plugins/Enterprise/GLTFExporter/Binaries/Win64/UnrealEditor.modules" 1005
"../../../Engine/Plugins/Developer/VisualStudioCodeSourceCodeAccess/Binaries/Win64/UnrealEditor.modules" 1006
"../../../Engine/Plugins/Developer/TextureFormatOodle/Binaries/Win64/UnrealEditor.modules" 1007
"../../../Engine/Plugins/Developer/PixWinPlugin/Binaries/Win64/UnrealEditor.modules" 1008
"../../../Engine/Plugins/Developer/VisualStudioSourceCodeAccess/Binaries/Win64/UnrealEditor.modules" 1009
"../../../Engine/Plugins/FX/Cascade/Binaries/Win64/UnrealEditor.modules" 1010
"../../../Engine/Plugins/Enterprise/DatasmithContent/Binaries/Win64/UnrealEditor.modules" 1011
"../../../Engine/Plugins/MovieScene/ActorSequence/Binaries/Win64/UnrealEditor.modules" 1012
"../../../Engine/Plugins/FX/NiagaraPreviewContent/Binaries/Win64/UnrealEditor.modules" 1013
"../../../Engine/Plugins/FX/NiagaraSimCaching/Binaries/Win64/UnrealEditor.modules" 1014
"../../../Engine/Plugins/MovieScene/SequenceValidator/Binaries/Win64/UnrealEditor.modules" 1015
"../../../Engine/Plugins/Media/AndroidMedia/Binaries/Win64/UnrealEditor.modules" 1016
"../../../Engine/Plugins/Media/AvfMedia/Binaries/Win64/UnrealEditor.modules" 1017
"../../../Engine/Plugins/Media/ImgMedia/Binaries/Win64/UnrealEditor.modules" 1018
"../../../Engine/Plugins/Media/MediaPlayerEditor/Binaries/Win64/UnrealEditor.modules" 1019
"../../../Engine/Plugins/Media/MediaPlate/Binaries/Win64/UnrealEditor.modules" 1020
"../../../Engine/Plugins/Media/MediaCompositing/Binaries/Win64/UnrealEditor.modules" 1021
"../../../Engine/Plugins/Compositing/CompositeCore/Binaries/Win64/UnrealEditor.modules" 1022
"../../../Engine/Plugins/Media/WmfMedia/Binaries/Win64/UnrealEditor.modules" 1023
"../../../Engine/Plugins/Online/OnlineBase/Binaries/Win64/UnrealEditor.modules" 1024
"../../../Engine/Plugins/Online/OnlineSubsystemUtils/Binaries/Win64/UnrealEditor.modules" 1025
"../../../Engine/Plugins/Online/OnlineSubsystem/Binaries/Win64/UnrealEditor.modules" 1026
"../../../Engine/Plugins/Online/OnlineServices/Binaries/Win64/UnrealEditor.modules" 1027
"../../../Engine/Plugins/Messaging/UdpMessaging/Binaries/Win64/UnrealEditor.modules" 1028
"../../../Engine/Plugins/Portal/LauncherChunkInstaller/Binaries/Win64/UnrealEditor.modules" 1029
"../../../Engine/Plugins/Messaging/TcpMessaging/Binaries/Win64/UnrealEditor.modules" 1030
"../../../Engine/Plugins/Runtime/ActorLayerUtilities/Binaries/Win64/UnrealEditor.modules" 1031
"../../../Engine/Plugins/Online/OnlineSubsystemNull/Binaries/Win64/UnrealEditor.modules" 1032
"../../../Engine/Plugins/Runtime/AndroidDeviceProfileSelector/Binaries/Win64/UnrealEditor.modules" 1033
"../../../Engine/Plugins/Runtime/AndroidFileServer/Binaries/Win64/UnrealEditor.modules" 1034
"../../../Engine/Plugins/Runtime/AssetTags/Binaries/Win64/UnrealEditor.modules" 1035
"../../../Engine/Plugins/Runtime/AppleImageUtils/Binaries/Win64/UnrealEditor.modules" 1036
"../../../Engine/Plugins/Runtime/AndroidPermission/Binaries/Win64/UnrealEditor.modules" 1037
"../../../Engine/Plugins/Runtime/ArchVisCharacter/Binaries/Win64/UnrealEditor.modules" 1038
"../../../Engine/Plugins/Runtime/CableComponent/Binaries/Win64/UnrealEditor.modules" 1039
"../../../Engine/Plugins/Runtime/ChunkDownloader/Binaries/Win64/UnrealEditor.modules" 1040
"../../../Engine/Plugins/Runtime/ExampleDeviceProfileSelector/Binaries/Win64/UnrealEditor.modules" 1041
"../../../Engine/Plugins/Runtime/CustomMeshComponent/Binaries/Win64/UnrealEditor.modules" 1042
"../../../Engine/Plugins/Runtime/GooglePAD/Binaries/Win64/UnrealEditor.modules" 1043
"../../../Engine/Plugins/Runtime/InputDebugging/Binaries/Win64/UnrealEditor.modules" 1044
"../../../Engine/Plugins/Runtime/LocationServicesBPLibrary/Binaries/Win64/UnrealEditor.modules" 1045
"../../../Engine/Plugins/Runtime/MobilePatchingUtils/Binaries/Win64/UnrealEditor.modules" 1046
"../../../Engine/Plugins/Runtime/MsQuic/Binaries/Win64/UnrealEditor.modules" 1047
"../../../Engine/Plugins/Runtime/Metasound/Binaries/Win64/UnrealEditor.modules" 1048
"../../../Engine/Plugins/Editor/ContentBrowser/ContentBrowserAssetDataSource/Binaries/Win64/UnrealEditor.modules" 1049
"../../../Engine/Plugins/Runtime/WaveTable/Binaries/Win64/UnrealEditor.modules" 1050
"../../../Engine/Plugins/Runtime/ResonanceAudio/Binaries/Win64/UnrealEditor.modules" 1051
"../../../Engine/Plugins/Runtime/Synthesis/Binaries/Win64/UnrealEditor.modules" 1052
"../../../Engine/Plugins/Runtime/SoundFields/Binaries/Win64/UnrealEditor.modules" 1053
"../../../Engine/Plugins/Runtime/WebMMoviePlayer/Binaries/Win64/UnrealEditor.modules" 1054
"../../../Engine/Plugins/Media/WebMMedia/Binaries/Win64/UnrealEditor.modules" 1055
"../../../Engine/Plugins/NNE/NNEDenoiser/Binaries/Win64/UnrealEditor.modules" 1056
"../../../Engine/Plugins/NNE/NNERuntimeORT/Binaries/Win64/UnrealEditor.modules" 1057
"../../../Engine/Plugins/Runtime/WindowsMoviePlayer/Binaries/Win64/UnrealEditor.modules" 1058
"../../../Engine/Plugins/Runtime/WindowsDeviceProfileSelector/Binaries/Win64/UnrealEditor.modules" 1059
"../../../Engine/Plugins/Tests/InterchangeTests/Binaries/Win64/UnrealEditor.modules" 1060
"../../../Engine/Plugins/AI/AISupport/Binaries/Win64/UnrealEditor.modules" 1061
"../../../Engine/Plugins/AI/EnvironmentQueryEditor/Binaries/Win64/UnrealEditor.modules" 1062
"../../../Engine/Plugins/Animation/ACLPlugin/Binaries/Win64/UnrealEditor.modules" 1063
"../../../Engine/Plugins/Animation/AnimationData/Binaries/Win64/UnrealEditor.modules" 1064
"../../../Engine/Plugins/Animation/AnimationModifierLibrary/Binaries/Win64/UnrealEditor.modules" 1065
"../../../Engine/Plugins/Animation/ControlRigSpline/Binaries/Win64/UnrealEditor.modules" 1066
"../../../Engine/Plugins/Animation/BlendSpaceMotionAnalysis/Binaries/Win64/UnrealEditor.modules" 1067
"../../../Engine/Plugins/Animation/EaseCurveTool/Binaries/Win64/UnrealEditor.modules" 1068
"../../../Engine/Plugins/Animation/IKRig/Binaries/Win64/UnrealEditor.modules" 1069
"../../../Engine/Plugins/Experimental/FullBodyIK/Binaries/Win64/UnrealEditor.modules" 1070
"../../../Engine/Plugins/Cameras/CameraShakePreviewer/Binaries/Win64/UnrealEditor.modules" 1071
"../../../Engine/Plugins/Cameras/GameplayCameras/Binaries/Win64/UnrealEditor.modules" 1072
"../../../Engine/Plugins/Runtime/StateTree/Binaries/Win64/UnrealEditor.modules" 1073
"../../../Engine/Plugins/MovieScene/TemplateSequence/Binaries/Win64/UnrealEditor.modules" 1074
"../../../Engine/Plugins/Animation/GameplayInsights/Binaries/Win64/UnrealEditor.modules" 1075
"../../../Engine/Plugins/Runtime/PropertyBindingUtils/Binaries/Win64/UnrealEditor.modules" 1076
"../../../Engine/Plugins/Editor/AssetManagerEditor/Binaries/Win64/UnrealEditor.modules" 1077
"../../../Engine/Plugins/Compression/OodleNetwork/Binaries/Win64/UnrealEditor.modules" 1078
"../../../Engine/Plugins/Cameras/EngineCameras/Binaries/Win64/UnrealEditor.modules" 1079
"../../../Engine/Plugins/Editor/BlueprintHeaderView/Binaries/Win64/UnrealEditor.modules" 1080
"../../../Engine/Plugins/Editor/ColorGrading/Binaries/Win64/UnrealEditor.modules" 1081
"../../../Engine/Plugins/Editor/ObjectMixer/ObjectMixer/Binaries/Win64/UnrealEditor.modules" 1082
"../../../Engine/Plugins/Editor/GameplayTagsEditor/Binaries/Win64/UnrealEditor.modules" 1083
"../../../Engine/Plugins/Editor/ChangelistReview/Binaries/Win64/UnrealEditor.modules" 1084
"../../../Engine/Plugins/Editor/CryptoKeys/Binaries/Win64/UnrealEditor.modules" 1085
"../../../Engine/Plugins/Editor/EditorDebugTools/Binaries/Win64/UnrealEditor.modules" 1086
"../../../Engine/Plugins/Editor/CurveEditorTools/Binaries/Win64/UnrealEditor.modules" 1087
"../../../Engine/Plugins/Editor/GeometryMode/Binaries/Win64/UnrealEditor.modules" 1088
"../../../Engine/Plugins/Editor/FacialAnimation/Binaries/Win64/UnrealEditor.modules" 1089
"../../../Engine/Plugins/Experimental/AdvancedRenamer/Binaries/Win64/UnrealEditor.modules" 1090
"../../../Engine/Plugins/Editor/MaterialAnalyzer/Binaries/Win64/UnrealEditor.modules" 1091
"../../../Engine/Plugins/Editor/PluginBrowser/Binaries/Win64/UnrealEditor.modules" 1092
"../../../Engine/Plugins/Editor/SpeedTreeImporter/Binaries/Win64/UnrealEditor.modules" 1093
"../../../Engine/Plugins/Experimental/BackChannel/Binaries/Win64/UnrealEditor.modules" 1094
"../../../Engine/Plugins/Editor/UVEditor/Binaries/Win64/UnrealEditor.modules" 1095
"../../../Engine/Plugins/Experimental/AutomationUtils/Binaries/Win64/UnrealEditor.modules" 1096
"../../../Engine/Plugins/Editor/SequencerAnimTools/Binaries/Win64/UnrealEditor.modules" 1097
"../../../Engine/Plugins/Editor/MobileLauncherProfileWizard/Binaries/Win64/UnrealEditor.modules" 1098
"../../../Engine/Plugins/Editor/WorldPartitionHLODUtilities/Binaries/Win64/UnrealEditor.modules" 1099
"../../../Engine/Plugins/Editor/UMGWidgetPreview/Binaries/Win64/UnrealEditor.modules" 1100
"../../../Engine/Plugins/Experimental/ChaosSolverPlugin/Binaries/Win64/UnrealEditor.modules" 1101
"../../../Engine/Plugins/Experimental/ChaosNiagara/Binaries/Win64/UnrealEditor.modules" 1102
"../../../Engine/Plugins/Experimental/ChaosEditor/Binaries/Win64/UnrealEditor.modules" 1103
"../../../Engine/Plugins/Experimental/GeometryCollectionPlugin/Binaries/Win64/UnrealEditor.modules" 1104
"../../../Engine/Plugins/Experimental/Fracture/Binaries/Win64/UnrealEditor.modules" 1105
"../../../Engine/Plugins/Experimental/GeometryDataflow/Binaries/Win64/UnrealEditor.modules" 1106
"../../../Engine/Plugins/Experimental/CharacterAI/Binaries/Win64/UnrealEditor.modules" 1107
"../../../Engine/Plugins/Experimental/ChaosUserDataPT/Binaries/Win64/UnrealEditor.modules" 1108
"../../../Engine/Plugins/Experimental/EditorPerformance/Binaries/Win64/UnrealEditor.modules" 1109
"../../../Engine/Plugins/Experimental/EditorTelemetry/Binaries/Win64/UnrealEditor.modules" 1110
"../../../Engine/Plugins/Experimental/GlobalConfigurationData/Binaries/Win64/UnrealEditor.modules" 1111
"../../../Engine/Plugins/Experimental/LocalizableMessage/Binaries/Win64/UnrealEditor.modules" 1112
"../../../Engine/Plugins/Experimental/LevelSequenceNavigatorBridge/Binaries/Win64/UnrealEditor.modules" 1113
"../../../Engine/Plugins/Experimental/SequenceNavigator/Binaries/Win64/UnrealEditor.modules" 1114
"../../../Engine/Plugins/Experimental/NFORDenoise/Binaries/Win64/UnrealEditor.modules" 1115
"../../../Engine/Plugins/Experimental/PlatformCrypto/Binaries/Win64/UnrealEditor.modules" 1116
"../../../Engine/Plugins/Experimental/RuntimeTelemetry/Binaries/Win64/UnrealEditor.modules" 1117
"../../../Engine/Plugins/Experimental/SkeletalReduction/Binaries/Win64/UnrealEditor.modules" 1118
"../../../Engine/Plugins/Editor/ObjectMixer/LightMixer/Binaries/Win64/UnrealEditor.modules" 1119
"../../../Engine/Plugins/Runtime/Windows/XInputDevice/Binaries/Win64/UnrealEditor.modules" 1120
"../../../Engine/Plugins/Editor/ContentBrowser/ContentBrowserClassDataSource/Binaries/Win64/UnrealEditor.modules" 1121
"../../../Engine/Plugins/Editor/Localization/PortableObjectFileDataSource/Binaries/Win64/UnrealEditor.modules" 1122
"../../../Engine/Config/BaseSourceControlSettings.ini" 1123
"../../../Engine/Content/Internationalization/icudt64l/coll/ucadata.icu" 1124
"../../../Engine/Content/Internationalization/icudt64l/coll/zh_CN.res" 1125
"../../../Engine/Content/Internationalization/icudt64l/coll/zh_Hans_CN.res" 1126
"../../../Engine/Content/Internationalization/icudt64l/coll/zh_Hans.res" 1127
"../../../Engine/Content/Internationalization/icudt64l/coll/zh.res" 1128
"../../../Engine/Content/Internationalization/icudt64l/coll/root.res" 1129
"../../../Engine/Content/Certificates/ThirdParty/cacert.pem" 1130
"../../../Engine/Config/ConsoleVariables.ini" 1131
"../../../Engine/Binaries/Win64/Android/UnrealEditor.modules" 1132
"../../../Engine/Binaries/Win64/IOS/UnrealEditor.modules" 1133
"../../../Engine/Binaries/Win64/Linux/UnrealEditor.modules" 1134
"../../../Engine/Content/Localization/Editor/zh-Hans/Editor.locres" 1135
"../../../Engine/Content/Localization/Keywords/zh-Hans/Keywords.locres" 1136
"../../../Engine/Content/Localization/Category/zh-Hans/Category.locres" 1137
"../../../Engine/Content/Localization/ToolTips/zh-Hans/ToolTips.locres" 1138
"../../../Engine/Content/Localization/PropertyNames/zh-Hans/PropertyNames.locres" 1139
"../../../Engine/Content/Localization/Engine/zh-Hans/Engine.locres" 1140
"../../../Engine/Plugins/MetaHuman/MetaHumanSDK/Content/Localization/MetaHumanSDK/zh-Hans/MetaHumanSDK.locres" 1141
"../../../Engine/Plugins/MetaHuman/MetaHumanSDK/Content/Localization/MetaHumanSDK_Properties/zh-Hans/MetaHumanSDK_Properties.locres" 1142
"../../../Engine/Plugins/MetaHuman/MetaHumanSDK/Content/Localization/MetaHumanSDK_Tooltips/zh-Hans/MetaHumanSDK_Tooltips.locres" 1143
"../../../Engine/Plugins/Online/OnlineSubsystemUtils/Content/Localization/OnlineSubsystemUtils/zh-Hans/OnlineSubsystemUtils.locres" 1144
"../../../Engine/Plugins/Online/OnlineSubsystem/Content/Localization/OnlineSubsystem/zh-Hans/OnlineSubsystem.locres" 1145
"../../../Engine/Plugins/Online/IOS/OnlineSubsystemIOS/Content/Localization/OnlineSubsystemIOS/zh-Hans/OnlineSubsystemIOS.locres" 1146
"../../../Engine/Plugins/Online/Android/OnlineSubsystemGooglePlay/Content/Localization/OnlineSubsystemGooglePlay/zh-Hans/OnlineSubsystemGooglePlay.locres" 1147
"../../../Engine/Content/Internationalization/icudt64l/numberingSystems.res" 1148
"../../../Engine/Content/Internationalization/icudt64l/curr/supplementalData.res" 1149
"../../../Engine/Content/Internationalization/icudt64l/curr/zh_CN.res" 1150
"../../../Engine/Content/Internationalization/icudt64l/curr/pool.res" 1151
"../../../Engine/Content/Internationalization/icudt64l/curr/zh_Hans_CN.res" 1152
"../../../Engine/Content/Internationalization/icudt64l/curr/zh_Hans.res" 1153
"../../../Engine/Content/Internationalization/icudt64l/curr/zh.res" 1154
"../../../Engine/Content/Internationalization/icudt64l/curr/root.res" 1155
"../../../Engine/Content/Internationalization/icudt64l/lang/af.res" 1156
"../../../Engine/Content/Internationalization/icudt64l/region/af.res" 1157
"../../../Engine/Content/Internationalization/icudt64l/lang/agq.res" 1158
"../../../Engine/Content/Internationalization/icudt64l/region/agq.res" 1159
"../../../Engine/Content/Internationalization/icudt64l/lang/ak.res" 1160
"../../../Engine/Content/Internationalization/icudt64l/region/ak.res" 1161
"../../../Engine/Content/Internationalization/icudt64l/lang/am.res" 1162
"../../../Engine/Content/Internationalization/icudt64l/region/am.res" 1163
"../../../Engine/Content/Internationalization/icudt64l/lang/ar.res" 1164
"../../../Engine/Content/Internationalization/icudt64l/region/ar.res" 1165
"../../../Engine/Content/Internationalization/icudt64l/region/ar_AE.res" 1166
"../../../Engine/Content/Internationalization/icudt64l/lang/ar_EG.res" 1167
"../../../Engine/Content/Internationalization/icudt64l/lang/ar_LY.res" 1168
"../../../Engine/Content/Internationalization/icudt64l/region/ar_LY.res" 1169
"../../../Engine/Content/Internationalization/icudt64l/lang/ar_SA.res" 1170
"../../../Engine/Content/Internationalization/icudt64l/region/ar_SA.res" 1171
"../../../Engine/Content/Internationalization/icudt64l/lang/as.res" 1172
"../../../Engine/Content/Internationalization/icudt64l/region/as.res" 1173
"../../../Engine/Content/Internationalization/icudt64l/lang/asa.res" 1174
"../../../Engine/Content/Internationalization/icudt64l/region/asa.res" 1175
"../../../Engine/Content/Internationalization/icudt64l/lang/ast.res" 1176
"../../../Engine/Content/Internationalization/icudt64l/region/ast.res" 1177
"../../../Engine/Content/Internationalization/icudt64l/lang/az.res" 1178
"../../../Engine/Content/Internationalization/icudt64l/lang/az_Cyrl.res" 1179
"../../../Engine/Content/Internationalization/icudt64l/lang/az_AZ.res" 1180
"../../../Engine/Content/Internationalization/icudt64l/lang/az_Latn_AZ.res" 1181
"../../../Engine/Content/Internationalization/icudt64l/lang/az_Latn.res" 1182
"../../../Engine/Content/Internationalization/icudt64l/region/az_AZ.res" 1183
"../../../Engine/Content/Internationalization/icudt64l/region/az_Latn_AZ.res" 1184
"../../../Engine/Content/Internationalization/icudt64l/region/az_Latn.res" 1185
"../../../Engine/Content/Internationalization/icudt64l/region/az.res" 1186
"../../../Engine/Content/Internationalization/icudt64l/region/az_Cyrl.res" 1187
"../../../Engine/Content/Internationalization/icudt64l/lang/bas.res" 1188
"../../../Engine/Content/Internationalization/icudt64l/region/bas.res" 1189
"../../../Engine/Content/Internationalization/icudt64l/lang/be.res" 1190
"../../../Engine/Content/Internationalization/icudt64l/region/be.res" 1191
"../../../Engine/Content/Internationalization/icudt64l/lang/bem.res" 1192
"../../../Engine/Content/Internationalization/icudt64l/region/bem.res" 1193
"../../../Engine/Content/Internationalization/icudt64l/lang/bez.res" 1194
"../../../Engine/Content/Internationalization/icudt64l/region/bez.res" 1195
"../../../Engine/Content/Internationalization/icudt64l/lang/bg.res" 1196
"../../../Engine/Content/Internationalization/icudt64l/region/bg.res" 1197
"../../../Engine/Content/Internationalization/icudt64l/lang/bm.res" 1198
"../../../Engine/Content/Internationalization/icudt64l/region/bm.res" 1199
"../../../Engine/Content/Internationalization/icudt64l/lang/bn.res" 1200
"../../../Engine/Content/Internationalization/icudt64l/region/bn.res" 1201
"../../../Engine/Content/Internationalization/icudt64l/lang/bn_IN.res" 1202
"../../../Engine/Content/Internationalization/icudt64l/region/bn_IN.res" 1203
"../../../Engine/Content/Internationalization/icudt64l/lang/bo.res" 1204
"../../../Engine/Content/Internationalization/icudt64l/region/bo.res" 1205
"../../../Engine/Content/Internationalization/icudt64l/region/bo_IN.res" 1206
"../../../Engine/Content/Internationalization/icudt64l/lang/br.res" 1207
"../../../Engine/Content/Internationalization/icudt64l/region/br.res" 1208
"../../../Engine/Content/Internationalization/icudt64l/lang/brx.res" 1209
"../../../Engine/Content/Internationalization/icudt64l/region/brx.res" 1210
"../../../Engine/Content/Internationalization/icudt64l/lang/bs.res" 1211
"../../../Engine/Content/Internationalization/icudt64l/lang/bs_Cyrl.res" 1212
"../../../Engine/Content/Internationalization/icudt64l/lang/bs_BA.res" 1213
"../../../Engine/Content/Internationalization/icudt64l/lang/bs_Latn_BA.res" 1214
"../../../Engine/Content/Internationalization/icudt64l/lang/bs_Latn.res" 1215
"../../../Engine/Content/Internationalization/icudt64l/region/bs_BA.res" 1216
"../../../Engine/Content/Internationalization/icudt64l/region/bs_Latn_BA.res" 1217
"../../../Engine/Content/Internationalization/icudt64l/region/bs_Latn.res" 1218
"../../../Engine/Content/Internationalization/icudt64l/region/bs.res" 1219
"../../../Engine/Content/Internationalization/icudt64l/region/bs_Cyrl.res" 1220
"../../../Engine/Content/Internationalization/icudt64l/lang/ca.res" 1221
"../../../Engine/Content/Internationalization/icudt64l/region/ca.res" 1222
"../../../Engine/Content/Internationalization/icudt64l/lang/ccp.res" 1223
"../../../Engine/Content/Internationalization/icudt64l/region/ccp.res" 1224
"../../../Engine/Content/Internationalization/icudt64l/lang/ce.res" 1225
"../../../Engine/Content/Internationalization/icudt64l/region/ce.res" 1226
"../../../Engine/Content/Internationalization/icudt64l/lang/ceb.res" 1227
"../../../Engine/Content/Internationalization/icudt64l/region/ceb.res" 1228
"../../../Engine/Content/Internationalization/icudt64l/lang/cgg.res" 1229
"../../../Engine/Content/Internationalization/icudt64l/region/cgg.res" 1230
"../../../Engine/Content/Internationalization/icudt64l/lang/chr.res" 1231
"../../../Engine/Content/Internationalization/icudt64l/region/chr.res" 1232
"../../../Engine/Content/Internationalization/icudt64l/lang/ckb.res" 1233
"../../../Engine/Content/Internationalization/icudt64l/region/ckb.res" 1234
"../../../Engine/Content/Internationalization/icudt64l/lang/cs.res" 1235
"../../../Engine/Content/Internationalization/icudt64l/region/cs.res" 1236
"../../../Engine/Content/Internationalization/icudt64l/lang/cy.res" 1237
"../../../Engine/Content/Internationalization/icudt64l/region/cy.res" 1238
"../../../Engine/Content/Internationalization/icudt64l/lang/da.res" 1239
"../../../Engine/Content/Internationalization/icudt64l/region/da.res" 1240
"../../../Engine/Content/Internationalization/icudt64l/lang/dav.res" 1241
"../../../Engine/Content/Internationalization/icudt64l/region/dav.res" 1242
"../../../Engine/Content/Internationalization/icudt64l/lang/de.res" 1243
"../../../Engine/Content/Internationalization/icudt64l/lang/de_AT.res" 1244
"../../../Engine/Content/Internationalization/icudt64l/region/de_AT.res" 1245
"../../../Engine/Content/Internationalization/icudt64l/region/de.res" 1246
"../../../Engine/Content/Internationalization/icudt64l/lang/de_CH.res" 1247
"../../../Engine/Content/Internationalization/icudt64l/region/de_CH.res" 1248
"../../../Engine/Content/Internationalization/icudt64l/lang/de_LU.res" 1249
"../../../Engine/Content/Internationalization/icudt64l/lang/dje.res" 1250
"../../../Engine/Content/Internationalization/icudt64l/region/dje.res" 1251
"../../../Engine/Content/Internationalization/icudt64l/lang/dsb.res" 1252
"../../../Engine/Content/Internationalization/icudt64l/region/dsb.res" 1253
"../../../Engine/Content/Internationalization/icudt64l/lang/dua.res" 1254
"../../../Engine/Content/Internationalization/icudt64l/region/dua.res" 1255
"../../../Engine/Content/Internationalization/icudt64l/lang/dyo.res" 1256
"../../../Engine/Content/Internationalization/icudt64l/region/dyo.res" 1257
"../../../Engine/Content/Internationalization/icudt64l/lang/dz.res" 1258
"../../../Engine/Content/Internationalization/icudt64l/region/dz.res" 1259
"../../../Engine/Content/Internationalization/icudt64l/lang/ebu.res" 1260
"../../../Engine/Content/Internationalization/icudt64l/region/ebu.res" 1261
"../../../Engine/Content/Internationalization/icudt64l/lang/ee.res" 1262
"../../../Engine/Content/Internationalization/icudt64l/region/ee.res" 1263
"../../../Engine/Content/Internationalization/icudt64l/lang/el.res" 1264
"../../../Engine/Content/Internationalization/icudt64l/region/el.res" 1265
"../../../Engine/Content/Internationalization/icudt64l/lang/en_001.res" 1266
"../../../Engine/Content/Internationalization/icudt64l/lang/en_150.res" 1267
"../../../Engine/Content/Internationalization/icudt64l/region/en_150.res" 1268
"../../../Engine/Content/Internationalization/icudt64l/lang/en_AG.res" 1269
"../../../Engine/Content/Internationalization/icudt64l/region/en_AG.res" 1270
"../../../Engine/Content/Internationalization/icudt64l/lang/en_AI.res" 1271
"../../../Engine/Content/Internationalization/icudt64l/region/en_AI.res" 1272
"../../../Engine/Content/Internationalization/icudt64l/lang/en_AT.res" 1273
"../../../Engine/Content/Internationalization/icudt64l/region/en_AT.res" 1274
"../../../Engine/Content/Internationalization/icudt64l/lang/en_AU.res" 1275
"../../../Engine/Content/Internationalization/icudt64l/region/en_AU.res" 1276
"../../../Engine/Content/Internationalization/icudt64l/lang/en_BB.res" 1277
"../../../Engine/Content/Internationalization/icudt64l/region/en_BB.res" 1278
"../../../Engine/Content/Internationalization/icudt64l/lang/en_BE.res" 1279
"../../../Engine/Content/Internationalization/icudt64l/region/en_BE.res" 1280
"../../../Engine/Content/Internationalization/icudt64l/lang/en_BM.res" 1281
"../../../Engine/Content/Internationalization/icudt64l/region/en_BM.res" 1282
"../../../Engine/Content/Internationalization/icudt64l/lang/en_BS.res" 1283
"../../../Engine/Content/Internationalization/icudt64l/region/en_BS.res" 1284
"../../../Engine/Content/Internationalization/icudt64l/lang/en_BW.res" 1285
"../../../Engine/Content/Internationalization/icudt64l/region/en_BW.res" 1286
"../../../Engine/Content/Internationalization/icudt64l/lang/en_BZ.res" 1287
"../../../Engine/Content/Internationalization/icudt64l/region/en_BZ.res" 1288
"../../../Engine/Content/Internationalization/icudt64l/lang/en_CA.res" 1289
"../../../Engine/Content/Internationalization/icudt64l/region/en_CA.res" 1290
"../../../Engine/Content/Internationalization/icudt64l/lang/en_CC.res" 1291
"../../../Engine/Content/Internationalization/icudt64l/region/en_CC.res" 1292
"../../../Engine/Content/Internationalization/icudt64l/lang/en_CH.res" 1293
"../../../Engine/Content/Internationalization/icudt64l/region/en_CH.res" 1294
"../../../Engine/Content/Internationalization/icudt64l/lang/en_CK.res" 1295
"../../../Engine/Content/Internationalization/icudt64l/region/en_CK.res" 1296
"../../../Engine/Content/Internationalization/icudt64l/lang/en_CM.res" 1297
"../../../Engine/Content/Internationalization/icudt64l/region/en_CM.res" 1298
"../../../Engine/Content/Internationalization/icudt64l/lang/en_CX.res" 1299
"../../../Engine/Content/Internationalization/icudt64l/region/en_CX.res" 1300
"../../../Engine/Content/Internationalization/icudt64l/lang/en_CY.res" 1301
"../../../Engine/Content/Internationalization/icudt64l/region/en_CY.res" 1302
"../../../Engine/Content/Internationalization/icudt64l/lang/en_DE.res" 1303
"../../../Engine/Content/Internationalization/icudt64l/region/en_DE.res" 1304
"../../../Engine/Content/Internationalization/icudt64l/lang/en_DG.res" 1305
"../../../Engine/Content/Internationalization/icudt64l/region/en_DG.res" 1306
"../../../Engine/Content/Internationalization/icudt64l/lang/en_DK.res" 1307
"../../../Engine/Content/Internationalization/icudt64l/region/en_DK.res" 1308
"../../../Engine/Content/Internationalization/icudt64l/lang/en_DM.res" 1309
"../../../Engine/Content/Internationalization/icudt64l/region/en_DM.res" 1310
"../../../Engine/Content/Internationalization/icudt64l/lang/en_ER.res" 1311
"../../../Engine/Content/Internationalization/icudt64l/region/en_ER.res" 1312
"../../../Engine/Content/Internationalization/icudt64l/lang/en_FI.res" 1313
"../../../Engine/Content/Internationalization/icudt64l/region/en_FI.res" 1314
"../../../Engine/Content/Internationalization/icudt64l/lang/en_FJ.res" 1315
"../../../Engine/Content/Internationalization/icudt64l/region/en_FJ.res" 1316
"../../../Engine/Content/Internationalization/icudt64l/lang/en_FK.res" 1317
"../../../Engine/Content/Internationalization/icudt64l/region/en_FK.res" 1318
"../../../Engine/Content/Internationalization/icudt64l/lang/en_FM.res" 1319
"../../../Engine/Content/Internationalization/icudt64l/region/en_FM.res" 1320
"../../../Engine/Content/Internationalization/icudt64l/lang/en_GB.res" 1321
"../../../Engine/Content/Internationalization/icudt64l/region/en_GB.res" 1322
"../../../Engine/Content/Internationalization/icudt64l/lang/en_GD.res" 1323
"../../../Engine/Content/Internationalization/icudt64l/region/en_GD.res" 1324
"../../../Engine/Content/Internationalization/icudt64l/lang/en_GG.res" 1325
"../../../Engine/Content/Internationalization/icudt64l/region/en_GG.res" 1326
"../../../Engine/Content/Internationalization/icudt64l/lang/en_GH.res" 1327
"../../../Engine/Content/Internationalization/icudt64l/region/en_GH.res" 1328
"../../../Engine/Content/Internationalization/icudt64l/lang/en_GI.res" 1329
"../../../Engine/Content/Internationalization/icudt64l/region/en_GI.res" 1330
"../../../Engine/Content/Internationalization/icudt64l/lang/en_GM.res" 1331
"../../../Engine/Content/Internationalization/icudt64l/region/en_GM.res" 1332
"../../../Engine/Content/Internationalization/icudt64l/lang/en_GY.res" 1333
"../../../Engine/Content/Internationalization/icudt64l/region/en_GY.res" 1334
"../../../Engine/Content/Internationalization/icudt64l/lang/en_HK.res" 1335
"../../../Engine/Content/Internationalization/icudt64l/region/en_HK.res" 1336
"../../../Engine/Content/Internationalization/icudt64l/lang/en_IE.res" 1337
"../../../Engine/Content/Internationalization/icudt64l/region/en_IE.res" 1338
"../../../Engine/Content/Internationalization/icudt64l/lang/en_IL.res" 1339
"../../../Engine/Content/Internationalization/icudt64l/region/en_IL.res" 1340
"../../../Engine/Content/Internationalization/icudt64l/lang/en_IM.res" 1341
"../../../Engine/Content/Internationalization/icudt64l/region/en_IM.res" 1342
"../../../Engine/Content/Internationalization/icudt64l/lang/en_IN.res" 1343
"../../../Engine/Content/Internationalization/icudt64l/region/en_IN.res" 1344
"../../../Engine/Content/Internationalization/icudt64l/lang/en_IO.res" 1345
"../../../Engine/Content/Internationalization/icudt64l/region/en_IO.res" 1346
"../../../Engine/Content/Internationalization/icudt64l/lang/en_JE.res" 1347
"../../../Engine/Content/Internationalization/icudt64l/region/en_JE.res" 1348
"../../../Engine/Content/Internationalization/icudt64l/lang/en_JM.res" 1349
"../../../Engine/Content/Internationalization/icudt64l/region/en_JM.res" 1350
"../../../Engine/Content/Internationalization/icudt64l/lang/en_KE.res" 1351
"../../../Engine/Content/Internationalization/icudt64l/region/en_KE.res" 1352
"../../../Engine/Content/Internationalization/icudt64l/lang/en_KI.res" 1353
"../../../Engine/Content/Internationalization/icudt64l/region/en_KI.res" 1354
"../../../Engine/Content/Internationalization/icudt64l/lang/en_KN.res" 1355
"../../../Engine/Content/Internationalization/icudt64l/region/en_KN.res" 1356
"../../../Engine/Content/Internationalization/icudt64l/lang/en_KY.res" 1357
"../../../Engine/Content/Internationalization/icudt64l/region/en_KY.res" 1358
"../../../Engine/Content/Internationalization/icudt64l/lang/en_LC.res" 1359
"../../../Engine/Content/Internationalization/icudt64l/region/en_LC.res" 1360
"../../../Engine/Content/Internationalization/icudt64l/lang/en_LR.res" 1361
"../../../Engine/Content/Internationalization/icudt64l/region/en_LR.res" 1362
"../../../Engine/Content/Internationalization/icudt64l/lang/en_LS.res" 1363
"../../../Engine/Content/Internationalization/icudt64l/region/en_LS.res" 1364
"../../../Engine/Content/Internationalization/icudt64l/lang/en_MG.res" 1365
"../../../Engine/Content/Internationalization/icudt64l/region/en_MG.res" 1366
"../../../Engine/Content/Internationalization/icudt64l/lang/en_MO.res" 1367
"../../../Engine/Content/Internationalization/icudt64l/region/en_MO.res" 1368
"../../../Engine/Content/Internationalization/icudt64l/lang/en_MS.res" 1369
"../../../Engine/Content/Internationalization/icudt64l/region/en_MS.res" 1370
"../../../Engine/Content/Internationalization/icudt64l/lang/en_MT.res" 1371
"../../../Engine/Content/Internationalization/icudt64l/region/en_MT.res" 1372
"../../../Engine/Content/Internationalization/icudt64l/lang/en_MU.res" 1373
"../../../Engine/Content/Internationalization/icudt64l/region/en_MU.res" 1374
"../../../Engine/Content/Internationalization/icudt64l/lang/en_MW.res" 1375
"../../../Engine/Content/Internationalization/icudt64l/region/en_MW.res" 1376
"../../../Engine/Content/Internationalization/icudt64l/lang/en_MY.res" 1377
"../../../Engine/Content/Internationalization/icudt64l/region/en_MY.res" 1378
"../../../Engine/Content/Internationalization/icudt64l/lang/en_NA.res" 1379
"../../../Engine/Content/Internationalization/icudt64l/region/en_NA.res" 1380
"../../../Engine/Content/Internationalization/icudt64l/lang/en_NF.res" 1381
"../../../Engine/Content/Internationalization/icudt64l/region/en_NF.res" 1382
"../../../Engine/Content/Internationalization/icudt64l/lang/en_NG.res" 1383
"../../../Engine/Content/Internationalization/icudt64l/region/en_NG.res" 1384
"../../../Engine/Content/Internationalization/icudt64l/lang/en_NL.res" 1385
"../../../Engine/Content/Internationalization/icudt64l/region/en_NL.res" 1386
"../../../Engine/Content/Internationalization/icudt64l/lang/en_NR.res" 1387
"../../../Engine/Content/Internationalization/icudt64l/region/en_NR.res" 1388
"../../../Engine/Content/Internationalization/icudt64l/lang/en_NU.res" 1389
"../../../Engine/Content/Internationalization/icudt64l/region/en_NU.res" 1390
"../../../Engine/Content/Internationalization/icudt64l/lang/en_NZ.res" 1391
"../../../Engine/Content/Internationalization/icudt64l/region/en_NZ.res" 1392
"../../../Engine/Content/Internationalization/icudt64l/lang/en_PG.res" 1393
"../../../Engine/Content/Internationalization/icudt64l/region/en_PG.res" 1394
"../../../Engine/Content/Internationalization/icudt64l/lang/en_PH.res" 1395
"../../../Engine/Content/Internationalization/icudt64l/region/en_PH.res" 1396
"../../../Engine/Content/Internationalization/icudt64l/lang/en_PK.res" 1397
"../../../Engine/Content/Internationalization/icudt64l/region/en_PK.res" 1398
"../../../Engine/Content/Internationalization/icudt64l/lang/en_PN.res" 1399
"../../../Engine/Content/Internationalization/icudt64l/region/en_PN.res" 1400
"../../../Engine/Content/Internationalization/icudt64l/lang/en_PW.res" 1401
"../../../Engine/Content/Internationalization/icudt64l/region/en_PW.res" 1402
"../../../Engine/Content/Internationalization/icudt64l/lang/en_RW.res" 1403
"../../../Engine/Content/Internationalization/icudt64l/region/en_RW.res" 1404
"../../../Engine/Content/Internationalization/icudt64l/lang/en_SB.res" 1405
"../../../Engine/Content/Internationalization/icudt64l/region/en_SB.res" 1406
"../../../Engine/Content/Internationalization/icudt64l/lang/en_SC.res" 1407
"../../../Engine/Content/Internationalization/icudt64l/region/en_SC.res" 1408
"../../../Engine/Content/Internationalization/icudt64l/lang/en_SD.res" 1409
"../../../Engine/Content/Internationalization/icudt64l/region/en_SD.res" 1410
"../../../Engine/Content/Internationalization/icudt64l/lang/en_SE.res" 1411
"../../../Engine/Content/Internationalization/icudt64l/region/en_SE.res" 1412
"../../../Engine/Content/Internationalization/icudt64l/lang/en_SG.res" 1413
"../../../Engine/Content/Internationalization/icudt64l/region/en_SG.res" 1414
"../../../Engine/Content/Internationalization/icudt64l/lang/en_SH.res" 1415
"../../../Engine/Content/Internationalization/icudt64l/region/en_SH.res" 1416
"../../../Engine/Content/Internationalization/icudt64l/lang/en_SI.res" 1417
"../../../Engine/Content/Internationalization/icudt64l/region/en_SI.res" 1418
"../../../Engine/Content/Internationalization/icudt64l/lang/en_SL.res" 1419
"../../../Engine/Content/Internationalization/icudt64l/region/en_SL.res" 1420
"../../../Engine/Content/Internationalization/icudt64l/lang/en_SS.res" 1421
"../../../Engine/Content/Internationalization/icudt64l/region/en_SS.res" 1422
"../../../Engine/Content/Internationalization/icudt64l/lang/en_SX.res" 1423
"../../../Engine/Content/Internationalization/icudt64l/region/en_SX.res" 1424
"../../../Engine/Content/Internationalization/icudt64l/lang/en_SZ.res" 1425
"../../../Engine/Content/Internationalization/icudt64l/region/en_SZ.res" 1426
"../../../Engine/Content/Internationalization/icudt64l/lang/en_TC.res" 1427
"../../../Engine/Content/Internationalization/icudt64l/region/en_TC.res" 1428
"../../../Engine/Content/Internationalization/icudt64l/lang/en_TK.res" 1429
"../../../Engine/Content/Internationalization/icudt64l/region/en_TK.res" 1430
"../../../Engine/Content/Internationalization/icudt64l/lang/en_TO.res" 1431
"../../../Engine/Content/Internationalization/icudt64l/region/en_TO.res" 1432
"../../../Engine/Content/Internationalization/icudt64l/lang/en_TT.res" 1433
"../../../Engine/Content/Internationalization/icudt64l/region/en_TT.res" 1434
"../../../Engine/Content/Internationalization/icudt64l/lang/en_TV.res" 1435
"../../../Engine/Content/Internationalization/icudt64l/region/en_TV.res" 1436
"../../../Engine/Content/Internationalization/icudt64l/lang/en_TZ.res" 1437
"../../../Engine/Content/Internationalization/icudt64l/region/en_TZ.res" 1438
"../../../Engine/Content/Internationalization/icudt64l/lang/en_UG.res" 1439
"../../../Engine/Content/Internationalization/icudt64l/region/en_UG.res" 1440
"../../../Engine/Content/Internationalization/icudt64l/lang/en_VC.res" 1441
"../../../Engine/Content/Internationalization/icudt64l/region/en_VC.res" 1442
"../../../Engine/Content/Internationalization/icudt64l/lang/en_VG.res" 1443
"../../../Engine/Content/Internationalization/icudt64l/region/en_VG.res" 1444
"../../../Engine/Content/Internationalization/icudt64l/lang/en_VU.res" 1445
"../../../Engine/Content/Internationalization/icudt64l/region/en_VU.res" 1446
"../../../Engine/Content/Internationalization/icudt64l/lang/en_WS.res" 1447
"../../../Engine/Content/Internationalization/icudt64l/region/en_WS.res" 1448
"../../../Engine/Content/Internationalization/icudt64l/lang/en_ZA.res" 1449
"../../../Engine/Content/Internationalization/icudt64l/region/en_ZA.res" 1450
"../../../Engine/Content/Internationalization/icudt64l/lang/en_ZM.res" 1451
"../../../Engine/Content/Internationalization/icudt64l/region/en_ZM.res" 1452
"../../../Engine/Content/Internationalization/icudt64l/lang/en_ZW.res" 1453
"../../../Engine/Content/Internationalization/icudt64l/region/en_ZW.res" 1454
"../../../Engine/Content/Internationalization/icudt64l/lang/eo.res" 1455
"../../../Engine/Content/Internationalization/icudt64l/region/eo.res" 1456
"../../../Engine/Content/Internationalization/icudt64l/lang/es.res" 1457
"../../../Engine/Content/Internationalization/icudt64l/lang/es_419.res" 1458
"../../../Engine/Content/Internationalization/icudt64l/region/es_419.res" 1459
"../../../Engine/Content/Internationalization/icudt64l/region/es.res" 1460
"../../../Engine/Content/Internationalization/icudt64l/lang/es_AR.res" 1461
"../../../Engine/Content/Internationalization/icudt64l/region/es_AR.res" 1462
"../../../Engine/Content/Internationalization/icudt64l/lang/es_BO.res" 1463
"../../../Engine/Content/Internationalization/icudt64l/region/es_BO.res" 1464
"../../../Engine/Content/Internationalization/icudt64l/lang/es_BR.res" 1465
"../../../Engine/Content/Internationalization/icudt64l/region/es_BR.res" 1466
"../../../Engine/Content/Internationalization/icudt64l/lang/es_BZ.res" 1467
"../../../Engine/Content/Internationalization/icudt64l/region/es_BZ.res" 1468
"../../../Engine/Content/Internationalization/icudt64l/lang/es_CL.res" 1469
"../../../Engine/Content/Internationalization/icudt64l/region/es_CL.res" 1470
"../../../Engine/Content/Internationalization/icudt64l/lang/es_CO.res" 1471
"../../../Engine/Content/Internationalization/icudt64l/region/es_CO.res" 1472
"../../../Engine/Content/Internationalization/icudt64l/lang/es_CR.res" 1473
"../../../Engine/Content/Internationalization/icudt64l/region/es_CR.res" 1474
"../../../Engine/Content/Internationalization/icudt64l/lang/es_CU.res" 1475
"../../../Engine/Content/Internationalization/icudt64l/region/es_CU.res" 1476
"../../../Engine/Content/Internationalization/icudt64l/lang/es_DO.res" 1477
"../../../Engine/Content/Internationalization/icudt64l/region/es_DO.res" 1478
"../../../Engine/Content/Internationalization/icudt64l/lang/es_EC.res" 1479
"../../../Engine/Content/Internationalization/icudt64l/region/es_EC.res" 1480
"../../../Engine/Content/Internationalization/icudt64l/lang/es_GT.res" 1481
"../../../Engine/Content/Internationalization/icudt64l/region/es_GT.res" 1482
"../../../Engine/Content/Internationalization/icudt64l/lang/es_HN.res" 1483
"../../../Engine/Content/Internationalization/icudt64l/region/es_HN.res" 1484
"../../../Engine/Content/Internationalization/icudt64l/lang/es_MX.res" 1485
"../../../Engine/Content/Internationalization/icudt64l/region/es_MX.res" 1486
"../../../Engine/Content/Internationalization/icudt64l/lang/es_NI.res" 1487
"../../../Engine/Content/Internationalization/icudt64l/region/es_NI.res" 1488
"../../../Engine/Content/Internationalization/icudt64l/lang/es_PA.res" 1489
"../../../Engine/Content/Internationalization/icudt64l/region/es_PA.res" 1490
"../../../Engine/Content/Internationalization/icudt64l/lang/es_PE.res" 1491
"../../../Engine/Content/Internationalization/icudt64l/region/es_PE.res" 1492
"../../../Engine/Content/Internationalization/icudt64l/lang/es_PR.res" 1493
"../../../Engine/Content/Internationalization/icudt64l/region/es_PR.res" 1494
"../../../Engine/Content/Internationalization/icudt64l/lang/es_PY.res" 1495
"../../../Engine/Content/Internationalization/icudt64l/region/es_PY.res" 1496
"../../../Engine/Content/Internationalization/icudt64l/lang/es_SV.res" 1497
"../../../Engine/Content/Internationalization/icudt64l/region/es_SV.res" 1498
"../../../Engine/Content/Internationalization/icudt64l/lang/es_US.res" 1499
"../../../Engine/Content/Internationalization/icudt64l/region/es_US.res" 1500
"../../../Engine/Content/Internationalization/icudt64l/lang/es_UY.res" 1501
"../../../Engine/Content/Internationalization/icudt64l/region/es_UY.res" 1502
"../../../Engine/Content/Internationalization/icudt64l/lang/es_VE.res" 1503
"../../../Engine/Content/Internationalization/icudt64l/region/es_VE.res" 1504
"../../../Engine/Content/Internationalization/icudt64l/lang/et.res" 1505
"../../../Engine/Content/Internationalization/icudt64l/region/et.res" 1506
"../../../Engine/Content/Internationalization/icudt64l/lang/eu.res" 1507
"../../../Engine/Content/Internationalization/icudt64l/region/eu.res" 1508
"../../../Engine/Content/Internationalization/icudt64l/lang/ewo.res" 1509
"../../../Engine/Content/Internationalization/icudt64l/region/ewo.res" 1510
"../../../Engine/Content/Internationalization/icudt64l/lang/fa.res" 1511
"../../../Engine/Content/Internationalization/icudt64l/lang/fa_AF.res" 1512
"../../../Engine/Content/Internationalization/icudt64l/region/fa_AF.res" 1513
"../../../Engine/Content/Internationalization/icudt64l/region/fa.res" 1514
"../../../Engine/Content/Internationalization/icudt64l/lang/ff.res" 1515
"../../../Engine/Content/Internationalization/icudt64l/lang/ff_Latn.res" 1516
"../../../Engine/Content/Internationalization/icudt64l/region/ff.res" 1517
"../../../Engine/Content/Internationalization/icudt64l/region/ff_Latn.res" 1518
"../../../Engine/Content/Internationalization/icudt64l/lang/ff_CM.res" 1519
"../../../Engine/Content/Internationalization/icudt64l/lang/ff_Latn_CM.res" 1520
"../../../Engine/Content/Internationalization/icudt64l/region/ff_CM.res" 1521
"../../../Engine/Content/Internationalization/icudt64l/region/ff_Latn_CM.res" 1522
"../../../Engine/Content/Internationalization/icudt64l/lang/ff_GN.res" 1523
"../../../Engine/Content/Internationalization/icudt64l/lang/ff_Latn_GN.res" 1524
"../../../Engine/Content/Internationalization/icudt64l/region/ff_GN.res" 1525
"../../../Engine/Content/Internationalization/icudt64l/region/ff_Latn_GN.res" 1526
"../../../Engine/Content/Internationalization/icudt64l/lang/ff_MR.res" 1527
"../../../Engine/Content/Internationalization/icudt64l/lang/ff_Latn_MR.res" 1528
"../../../Engine/Content/Internationalization/icudt64l/region/ff_MR.res" 1529
"../../../Engine/Content/Internationalization/icudt64l/region/ff_Latn_MR.res" 1530
"../../../Engine/Content/Internationalization/icudt64l/lang/ff_SN.res" 1531
"../../../Engine/Content/Internationalization/icudt64l/lang/ff_Latn_SN.res" 1532
"../../../Engine/Content/Internationalization/icudt64l/region/ff_SN.res" 1533
"../../../Engine/Content/Internationalization/icudt64l/region/ff_Latn_SN.res" 1534
"../../../Engine/Content/Internationalization/icudt64l/lang/fi.res" 1535
"../../../Engine/Content/Internationalization/icudt64l/region/fi.res" 1536
"../../../Engine/Content/Internationalization/icudt64l/lang/fil.res" 1537
"../../../Engine/Content/Internationalization/icudt64l/lang/fil_PH.res" 1538
"../../../Engine/Content/Internationalization/icudt64l/region/fil_PH.res" 1539
"../../../Engine/Content/Internationalization/icudt64l/region/fil.res" 1540
"../../../Engine/Content/Internationalization/icudt64l/lang/fo.res" 1541
"../../../Engine/Content/Internationalization/icudt64l/region/fo.res" 1542
"../../../Engine/Content/Internationalization/icudt64l/lang/fr.res" 1543
"../../../Engine/Content/Internationalization/icudt64l/lang/fr_BE.res" 1544
"../../../Engine/Content/Internationalization/icudt64l/region/fr_BE.res" 1545
"../../../Engine/Content/Internationalization/icudt64l/region/fr.res" 1546
"../../../Engine/Content/Internationalization/icudt64l/lang/fr_CA.res" 1547
"../../../Engine/Content/Internationalization/icudt64l/region/fr_CA.res" 1548
"../../../Engine/Content/Internationalization/icudt64l/lang/fr_CH.res" 1549
"../../../Engine/Content/Internationalization/icudt64l/lang/fur.res" 1550
"../../../Engine/Content/Internationalization/icudt64l/region/fur.res" 1551
"../../../Engine/Content/Internationalization/icudt64l/lang/fy.res" 1552
"../../../Engine/Content/Internationalization/icudt64l/region/fy.res" 1553
"../../../Engine/Content/Internationalization/icudt64l/lang/ga.res" 1554
"../../../Engine/Content/Internationalization/icudt64l/region/ga.res" 1555
"../../../Engine/Content/Internationalization/icudt64l/lang/gd.res" 1556
"../../../Engine/Content/Internationalization/icudt64l/region/gd.res" 1557
"../../../Engine/Content/Internationalization/icudt64l/lang/gl.res" 1558
"../../../Engine/Content/Internationalization/icudt64l/region/gl.res" 1559
"../../../Engine/Content/Internationalization/icudt64l/lang/gsw.res" 1560
"../../../Engine/Content/Internationalization/icudt64l/region/gsw.res" 1561
"../../../Engine/Content/Internationalization/icudt64l/lang/gu.res" 1562
"../../../Engine/Content/Internationalization/icudt64l/region/gu.res" 1563
"../../../Engine/Content/Internationalization/icudt64l/lang/guz.res" 1564
"../../../Engine/Content/Internationalization/icudt64l/region/guz.res" 1565
"../../../Engine/Content/Internationalization/icudt64l/lang/gv.res" 1566
"../../../Engine/Content/Internationalization/icudt64l/region/gv.res" 1567
"../../../Engine/Content/Internationalization/icudt64l/lang/ha.res" 1568
"../../../Engine/Content/Internationalization/icudt64l/region/ha.res" 1569
"../../../Engine/Content/Internationalization/icudt64l/lang/ha_NE.res" 1570
"../../../Engine/Content/Internationalization/icudt64l/region/ha_NE.res" 1571
"../../../Engine/Content/Internationalization/icudt64l/lang/haw.res" 1572
"../../../Engine/Content/Internationalization/icudt64l/region/haw.res" 1573
"../../../Engine/Content/Internationalization/icudt64l/lang/he.res" 1574
"../../../Engine/Content/Internationalization/icudt64l/lang/he_IL.res" 1575
"../../../Engine/Content/Internationalization/icudt64l/region/he_IL.res" 1576
"../../../Engine/Content/Internationalization/icudt64l/region/he.res" 1577
"../../../Engine/Content/Internationalization/icudt64l/lang/hi.res" 1578
"../../../Engine/Content/Internationalization/icudt64l/region/hi.res" 1579
"../../../Engine/Content/Internationalization/icudt64l/lang/hr.res" 1580
"../../../Engine/Content/Internationalization/icudt64l/region/hr.res" 1581
"../../../Engine/Content/Internationalization/icudt64l/lang/hsb.res" 1582
"../../../Engine/Content/Internationalization/icudt64l/region/hsb.res" 1583
"../../../Engine/Content/Internationalization/icudt64l/lang/hu.res" 1584
"../../../Engine/Content/Internationalization/icudt64l/region/hu.res" 1585
"../../../Engine/Content/Internationalization/icudt64l/lang/hy.res" 1586
"../../../Engine/Content/Internationalization/icudt64l/region/hy.res" 1587
"../../../Engine/Content/Internationalization/icudt64l/lang/ia.res" 1588
"../../../Engine/Content/Internationalization/icudt64l/region/ia.res" 1589
"../../../Engine/Content/Internationalization/icudt64l/lang/id.res" 1590
"../../../Engine/Content/Internationalization/icudt64l/lang/id_ID.res" 1591
"../../../Engine/Content/Internationalization/icudt64l/region/id_ID.res" 1592
"../../../Engine/Content/Internationalization/icudt64l/region/id.res" 1593
"../../../Engine/Content/Internationalization/icudt64l/lang/ig.res" 1594
"../../../Engine/Content/Internationalization/icudt64l/region/ig.res" 1595
"../../../Engine/Content/Internationalization/icudt64l/lang/ii.res" 1596
"../../../Engine/Content/Internationalization/icudt64l/region/ii.res" 1597
"../../../Engine/Content/Internationalization/icudt64l/lang/is.res" 1598
"../../../Engine/Content/Internationalization/icudt64l/region/is.res" 1599
"../../../Engine/Content/Internationalization/icudt64l/lang/it.res" 1600
"../../../Engine/Content/Internationalization/icudt64l/region/it.res" 1601
"../../../Engine/Content/Internationalization/icudt64l/lang/ja.res" 1602
"../../../Engine/Content/Internationalization/icudt64l/lang/ja_JP.res" 1603
"../../../Engine/Content/Internationalization/icudt64l/region/ja_JP.res" 1604
"../../../Engine/Content/Internationalization/icudt64l/region/ja.res" 1605
"../../../Engine/Content/Internationalization/icudt64l/lang/jgo.res" 1606
"../../../Engine/Content/Internationalization/icudt64l/region/jgo.res" 1607
"../../../Engine/Content/Internationalization/icudt64l/lang/jmc.res" 1608
"../../../Engine/Content/Internationalization/icudt64l/region/jmc.res" 1609
"../../../Engine/Content/Internationalization/icudt64l/lang/jv.res" 1610
"../../../Engine/Content/Internationalization/icudt64l/region/jv.res" 1611
"../../../Engine/Content/Internationalization/icudt64l/lang/ka.res" 1612
"../../../Engine/Content/Internationalization/icudt64l/region/ka.res" 1613
"../../../Engine/Content/Internationalization/icudt64l/lang/kab.res" 1614
"../../../Engine/Content/Internationalization/icudt64l/region/kab.res" 1615
"../../../Engine/Content/Internationalization/icudt64l/lang/kam.res" 1616
"../../../Engine/Content/Internationalization/icudt64l/region/kam.res" 1617
"../../../Engine/Content/Internationalization/icudt64l/lang/kde.res" 1618
"../../../Engine/Content/Internationalization/icudt64l/region/kde.res" 1619
"../../../Engine/Content/Internationalization/icudt64l/lang/kea.res" 1620
"../../../Engine/Content/Internationalization/icudt64l/region/kea.res" 1621
"../../../Engine/Content/Internationalization/icudt64l/lang/khq.res" 1622
"../../../Engine/Content/Internationalization/icudt64l/region/khq.res" 1623
"../../../Engine/Content/Internationalization/icudt64l/lang/ki.res" 1624
"../../../Engine/Content/Internationalization/icudt64l/region/ki.res" 1625
"../../../Engine/Content/Internationalization/icudt64l/lang/kk.res" 1626
"../../../Engine/Content/Internationalization/icudt64l/region/kk.res" 1627
"../../../Engine/Content/Internationalization/icudt64l/lang/kkj.res" 1628
"../../../Engine/Content/Internationalization/icudt64l/region/kkj.res" 1629
"../../../Engine/Content/Internationalization/icudt64l/lang/kl.res" 1630
"../../../Engine/Content/Internationalization/icudt64l/region/kl.res" 1631
"../../../Engine/Content/Internationalization/icudt64l/lang/kln.res" 1632
"../../../Engine/Content/Internationalization/icudt64l/region/kln.res" 1633
"../../../Engine/Content/Internationalization/icudt64l/lang/km.res" 1634
"../../../Engine/Content/Internationalization/icudt64l/region/km.res" 1635
"../../../Engine/Content/Internationalization/icudt64l/lang/kn.res" 1636
"../../../Engine/Content/Internationalization/icudt64l/region/kn.res" 1637
"../../../Engine/Content/Internationalization/icudt64l/lang/ko.res" 1638
"../../../Engine/Content/Internationalization/icudt64l/region/ko_KP.res" 1639
"../../../Engine/Content/Internationalization/icudt64l/region/ko.res" 1640
"../../../Engine/Content/Internationalization/icudt64l/lang/kok.res" 1641
"../../../Engine/Content/Internationalization/icudt64l/region/kok.res" 1642
"../../../Engine/Content/Internationalization/icudt64l/lang/ks.res" 1643
"../../../Engine/Content/Internationalization/icudt64l/region/ks.res" 1644
"../../../Engine/Content/Internationalization/icudt64l/lang/ksb.res" 1645
"../../../Engine/Content/Internationalization/icudt64l/region/ksb.res" 1646
"../../../Engine/Content/Internationalization/icudt64l/lang/ksf.res" 1647
"../../../Engine/Content/Internationalization/icudt64l/region/ksf.res" 1648
"../../../Engine/Content/Internationalization/icudt64l/lang/ksh.res" 1649
"../../../Engine/Content/Internationalization/icudt64l/region/ksh.res" 1650
"../../../Engine/Content/Internationalization/icudt64l/lang/ku.res" 1651
"../../../Engine/Content/Internationalization/icudt64l/region/ku.res" 1652
"../../../Engine/Content/Internationalization/icudt64l/lang/kw.res" 1653
"../../../Engine/Content/Internationalization/icudt64l/region/kw.res" 1654
"../../../Engine/Content/Internationalization/icudt64l/lang/ky.res" 1655
"../../../Engine/Content/Internationalization/icudt64l/region/ky.res" 1656
"../../../Engine/Content/Internationalization/icudt64l/lang/lag.res" 1657
"../../../Engine/Content/Internationalization/icudt64l/region/lag.res" 1658
"../../../Engine/Content/Internationalization/icudt64l/lang/lb.res" 1659
"../../../Engine/Content/Internationalization/icudt64l/region/lb.res" 1660
"../../../Engine/Content/Internationalization/icudt64l/lang/lg.res" 1661
"../../../Engine/Content/Internationalization/icudt64l/region/lg.res" 1662
"../../../Engine/Content/Internationalization/icudt64l/lang/lkt.res" 1663
"../../../Engine/Content/Internationalization/icudt64l/region/lkt.res" 1664
"../../../Engine/Content/Internationalization/icudt64l/lang/ln.res" 1665
"../../../Engine/Content/Internationalization/icudt64l/region/ln.res" 1666
"../../../Engine/Content/Internationalization/icudt64l/lang/lo.res" 1667
"../../../Engine/Content/Internationalization/icudt64l/region/lo.res" 1668
"../../../Engine/Content/Internationalization/icudt64l/lang/lrc.res" 1669
"../../../Engine/Content/Internationalization/icudt64l/region/lrc.res" 1670
"../../../Engine/Content/Internationalization/icudt64l/lang/lt.res" 1671
"../../../Engine/Content/Internationalization/icudt64l/region/lt.res" 1672
"../../../Engine/Content/Internationalization/icudt64l/lang/lu.res" 1673
"../../../Engine/Content/Internationalization/icudt64l/region/lu.res" 1674
"../../../Engine/Content/Internationalization/icudt64l/lang/luo.res" 1675
"../../../Engine/Content/Internationalization/icudt64l/region/luo.res" 1676
"../../../Engine/Content/Internationalization/icudt64l/lang/luy.res" 1677
"../../../Engine/Content/Internationalization/icudt64l/region/luy.res" 1678
"../../../Engine/Content/Internationalization/icudt64l/lang/lv.res" 1679
"../../../Engine/Content/Internationalization/icudt64l/region/lv.res" 1680
"../../../Engine/Content/Internationalization/icudt64l/lang/mas.res" 1681
"../../../Engine/Content/Internationalization/icudt64l/region/mas.res" 1682
"../../../Engine/Content/Internationalization/icudt64l/lang/mer.res" 1683
"../../../Engine/Content/Internationalization/icudt64l/region/mer.res" 1684
"../../../Engine/Content/Internationalization/icudt64l/lang/mfe.res" 1685
"../../../Engine/Content/Internationalization/icudt64l/region/mfe.res" 1686
"../../../Engine/Content/Internationalization/icudt64l/lang/mg.res" 1687
"../../../Engine/Content/Internationalization/icudt64l/region/mg.res" 1688
"../../../Engine/Content/Internationalization/icudt64l/lang/mgh.res" 1689
"../../../Engine/Content/Internationalization/icudt64l/region/mgh.res" 1690
"../../../Engine/Content/Internationalization/icudt64l/lang/mgo.res" 1691
"../../../Engine/Content/Internationalization/icudt64l/region/mgo.res" 1692
"../../../Engine/Content/Internationalization/icudt64l/lang/mi.res" 1693
"../../../Engine/Content/Internationalization/icudt64l/region/mi.res" 1694
"../../../Engine/Content/Internationalization/icudt64l/lang/mk.res" 1695
"../../../Engine/Content/Internationalization/icudt64l/region/mk.res" 1696
"../../../Engine/Content/Internationalization/icudt64l/lang/ml.res" 1697
"../../../Engine/Content/Internationalization/icudt64l/region/ml.res" 1698
"../../../Engine/Content/Internationalization/icudt64l/lang/mn.res" 1699
"../../../Engine/Content/Internationalization/icudt64l/region/mn.res" 1700
"../../../Engine/Content/Internationalization/icudt64l/lang/mr.res" 1701
"../../../Engine/Content/Internationalization/icudt64l/region/mr.res" 1702
"../../../Engine/Content/Internationalization/icudt64l/lang/ms.res" 1703
"../../../Engine/Content/Internationalization/icudt64l/region/ms.res" 1704
"../../../Engine/Content/Internationalization/icudt64l/lang/mt.res" 1705
"../../../Engine/Content/Internationalization/icudt64l/region/mt.res" 1706
"../../../Engine/Content/Internationalization/icudt64l/lang/mua.res" 1707
"../../../Engine/Content/Internationalization/icudt64l/region/mua.res" 1708
"../../../Engine/Content/Internationalization/icudt64l/lang/my.res" 1709
"../../../Engine/Content/Internationalization/icudt64l/region/my.res" 1710
"../../../Engine/Content/Internationalization/icudt64l/lang/mzn.res" 1711
"../../../Engine/Content/Internationalization/icudt64l/region/mzn.res" 1712
"../../../Engine/Content/Internationalization/icudt64l/lang/naq.res" 1713
"../../../Engine/Content/Internationalization/icudt64l/region/naq.res" 1714
"../../../Engine/Content/Internationalization/icudt64l/lang/nb.res" 1715
"../../../Engine/Content/Internationalization/icudt64l/lang/nb_NO.res" 1716
"../../../Engine/Content/Internationalization/icudt64l/region/nb_NO.res" 1717
"../../../Engine/Content/Internationalization/icudt64l/region/nb.res" 1718
"../../../Engine/Content/Internationalization/icudt64l/lang/nd.res" 1719
"../../../Engine/Content/Internationalization/icudt64l/region/nd.res" 1720
"../../../Engine/Content/Internationalization/icudt64l/lang/nds.res" 1721
"../../../Engine/Content/Internationalization/icudt64l/region/nds.res" 1722
"../../../Engine/Content/Internationalization/icudt64l/lang/ne.res" 1723
"../../../Engine/Content/Internationalization/icudt64l/region/ne.res" 1724
"../../../Engine/Content/Internationalization/icudt64l/lang/nl.res" 1725
"../../../Engine/Content/Internationalization/icudt64l/region/nl.res" 1726
"../../../Engine/Content/Internationalization/icudt64l/lang/nmg.res" 1727
"../../../Engine/Content/Internationalization/icudt64l/region/nmg.res" 1728
"../../../Engine/Content/Internationalization/icudt64l/lang/nn.res" 1729
"../../../Engine/Content/Internationalization/icudt64l/lang/nn_NO.res" 1730
"../../../Engine/Content/Internationalization/icudt64l/region/nn_NO.res" 1731
"../../../Engine/Content/Internationalization/icudt64l/region/nn.res" 1732
"../../../Engine/Content/Internationalization/icudt64l/lang/nnh.res" 1733
"../../../Engine/Content/Internationalization/icudt64l/region/nnh.res" 1734
"../../../Engine/Content/Internationalization/icudt64l/lang/nus.res" 1735
"../../../Engine/Content/Internationalization/icudt64l/region/nus.res" 1736
"../../../Engine/Content/Internationalization/icudt64l/lang/nyn.res" 1737
"../../../Engine/Content/Internationalization/icudt64l/region/nyn.res" 1738
"../../../Engine/Content/Internationalization/icudt64l/lang/om.res" 1739
"../../../Engine/Content/Internationalization/icudt64l/region/om.res" 1740
"../../../Engine/Content/Internationalization/icudt64l/lang/or.res" 1741
"../../../Engine/Content/Internationalization/icudt64l/region/or.res" 1742
"../../../Engine/Content/Internationalization/icudt64l/lang/os.res" 1743
"../../../Engine/Content/Internationalization/icudt64l/region/os.res" 1744
"../../../Engine/Content/Internationalization/icudt64l/lang/pa.res" 1745
"../../../Engine/Content/Internationalization/icudt64l/lang/pa_Arab.res" 1746
"../../../Engine/Content/Internationalization/icudt64l/lang/pa_PK.res" 1747
"../../../Engine/Content/Internationalization/icudt64l/lang/pa_Arab_PK.res" 1748
"../../../Engine/Content/Internationalization/icudt64l/region/pa_PK.res" 1749
"../../../Engine/Content/Internationalization/icudt64l/region/pa_Arab_PK.res" 1750
"../../../Engine/Content/Internationalization/icudt64l/region/pa_Arab.res" 1751
"../../../Engine/Content/Internationalization/icudt64l/lang/pa_Guru.res" 1752
"../../../Engine/Content/Internationalization/icudt64l/lang/pa_IN.res" 1753
"../../../Engine/Content/Internationalization/icudt64l/lang/pa_Guru_IN.res" 1754
"../../../Engine/Content/Internationalization/icudt64l/region/pa_IN.res" 1755
"../../../Engine/Content/Internationalization/icudt64l/region/pa_Guru_IN.res" 1756
"../../../Engine/Content/Internationalization/icudt64l/region/pa_Guru.res" 1757
"../../../Engine/Content/Internationalization/icudt64l/region/pa.res" 1758
"../../../Engine/Content/Internationalization/icudt64l/lang/pl.res" 1759
"../../../Engine/Content/Internationalization/icudt64l/region/pl.res" 1760
"../../../Engine/Content/Internationalization/icudt64l/lang/ps.res" 1761
"../../../Engine/Content/Internationalization/icudt64l/region/ps.res" 1762
"../../../Engine/Content/Internationalization/icudt64l/lang/ps_PK.res" 1763
"../../../Engine/Content/Internationalization/icudt64l/region/ps_PK.res" 1764
"../../../Engine/Content/Internationalization/icudt64l/lang/pt.res" 1765
"../../../Engine/Content/Internationalization/icudt64l/lang/pt_AO.res" 1766
"../../../Engine/Content/Internationalization/icudt64l/lang/pt_PT.res" 1767
"../../../Engine/Content/Internationalization/icudt64l/region/pt_AO.res" 1768
"../../../Engine/Content/Internationalization/icudt64l/region/pt_PT.res" 1769
"../../../Engine/Content/Internationalization/icudt64l/region/pt.res" 1770
"../../../Engine/Content/Internationalization/icudt64l/lang/pt_CH.res" 1771
"../../../Engine/Content/Internationalization/icudt64l/region/pt_CH.res" 1772
"../../../Engine/Content/Internationalization/icudt64l/lang/pt_CV.res" 1773
"../../../Engine/Content/Internationalization/icudt64l/region/pt_CV.res" 1774
"../../../Engine/Content/Internationalization/icudt64l/lang/pt_GQ.res" 1775
"../../../Engine/Content/Internationalization/icudt64l/region/pt_GQ.res" 1776
"../../../Engine/Content/Internationalization/icudt64l/lang/pt_GW.res" 1777
"../../../Engine/Content/Internationalization/icudt64l/region/pt_GW.res" 1778
"../../../Engine/Content/Internationalization/icudt64l/lang/pt_LU.res" 1779
"../../../Engine/Content/Internationalization/icudt64l/region/pt_LU.res" 1780
"../../../Engine/Content/Internationalization/icudt64l/lang/pt_MO.res" 1781
"../../../Engine/Content/Internationalization/icudt64l/region/pt_MO.res" 1782
"../../../Engine/Content/Internationalization/icudt64l/lang/pt_MZ.res" 1783
"../../../Engine/Content/Internationalization/icudt64l/region/pt_MZ.res" 1784
"../../../Engine/Content/Internationalization/icudt64l/lang/pt_ST.res" 1785
"../../../Engine/Content/Internationalization/icudt64l/region/pt_ST.res" 1786
"../../../Engine/Content/Internationalization/icudt64l/lang/pt_TL.res" 1787
"../../../Engine/Content/Internationalization/icudt64l/region/pt_TL.res" 1788
"../../../Engine/Content/Internationalization/icudt64l/lang/qu.res" 1789
"../../../Engine/Content/Internationalization/icudt64l/region/qu.res" 1790
"../../../Engine/Content/Internationalization/icudt64l/lang/rm.res" 1791
"../../../Engine/Content/Internationalization/icudt64l/region/rm.res" 1792
"../../../Engine/Content/Internationalization/icudt64l/lang/rn.res" 1793
"../../../Engine/Content/Internationalization/icudt64l/region/rn.res" 1794
"../../../Engine/Content/Internationalization/icudt64l/lang/ro.res" 1795
"../../../Engine/Content/Internationalization/icudt64l/lang/ro_MD.res" 1796
"../../../Engine/Content/Internationalization/icudt64l/region/ro_MD.res" 1797
"../../../Engine/Content/Internationalization/icudt64l/region/ro.res" 1798
"../../../Engine/Content/Internationalization/icudt64l/lang/rof.res" 1799
"../../../Engine/Content/Internationalization/icudt64l/region/rof.res" 1800
"../../../Engine/Content/Internationalization/icudt64l/lang/ru.res" 1801
"../../../Engine/Content/Internationalization/icudt64l/region/ru.res" 1802
"../../../Engine/Content/Internationalization/icudt64l/region/ru_UA.res" 1803
"../../../Engine/Content/Internationalization/icudt64l/lang/rw.res" 1804
"../../../Engine/Content/Internationalization/icudt64l/region/rw.res" 1805
"../../../Engine/Content/Internationalization/icudt64l/lang/rwk.res" 1806
"../../../Engine/Content/Internationalization/icudt64l/region/rwk.res" 1807
"../../../Engine/Content/Internationalization/icudt64l/lang/sah.res" 1808
"../../../Engine/Content/Internationalization/icudt64l/region/sah.res" 1809
"../../../Engine/Content/Internationalization/icudt64l/lang/saq.res" 1810
"../../../Engine/Content/Internationalization/icudt64l/region/saq.res" 1811
"../../../Engine/Content/Internationalization/icudt64l/lang/sbp.res" 1812
"../../../Engine/Content/Internationalization/icudt64l/region/sbp.res" 1813
"../../../Engine/Content/Internationalization/icudt64l/lang/sd.res" 1814
"../../../Engine/Content/Internationalization/icudt64l/region/sd.res" 1815
"../../../Engine/Content/Internationalization/icudt64l/lang/se.res" 1816
"../../../Engine/Content/Internationalization/icudt64l/lang/se_FI.res" 1817
"../../../Engine/Content/Internationalization/icudt64l/region/se_FI.res" 1818
"../../../Engine/Content/Internationalization/icudt64l/region/se.res" 1819
"../../../Engine/Content/Internationalization/icudt64l/lang/seh.res" 1820
"../../../Engine/Content/Internationalization/icudt64l/region/seh.res" 1821
"../../../Engine/Content/Internationalization/icudt64l/lang/ses.res" 1822
"../../../Engine/Content/Internationalization/icudt64l/region/ses.res" 1823
"../../../Engine/Content/Internationalization/icudt64l/lang/sg.res" 1824
"../../../Engine/Content/Internationalization/icudt64l/region/sg.res" 1825
"../../../Engine/Content/Internationalization/icudt64l/lang/shi.res" 1826
"../../../Engine/Content/Internationalization/icudt64l/lang/shi_Latn.res" 1827
"../../../Engine/Content/Internationalization/icudt64l/lang/shi_MA.res" 1828
"../../../Engine/Content/Internationalization/icudt64l/lang/shi_Tfng_MA.res" 1829
"../../../Engine/Content/Internationalization/icudt64l/lang/shi_Tfng.res" 1830
"../../../Engine/Content/Internationalization/icudt64l/region/shi_MA.res" 1831
"../../../Engine/Content/Internationalization/icudt64l/region/shi_Tfng_MA.res" 1832
"../../../Engine/Content/Internationalization/icudt64l/region/shi_Tfng.res" 1833
"../../../Engine/Content/Internationalization/icudt64l/region/shi.res" 1834
"../../../Engine/Content/Internationalization/icudt64l/region/shi_Latn.res" 1835
"../../../Engine/Content/Internationalization/icudt64l/lang/si.res" 1836
"../../../Engine/Content/Internationalization/icudt64l/region/si.res" 1837
"../../../Engine/Content/Internationalization/icudt64l/lang/sk.res" 1838
"../../../Engine/Content/Internationalization/icudt64l/region/sk.res" 1839
"../../../Engine/Content/Internationalization/icudt64l/lang/sl.res" 1840
"../../../Engine/Content/Internationalization/icudt64l/region/sl.res" 1841
"../../../Engine/Content/Internationalization/icudt64l/lang/smn.res" 1842
"../../../Engine/Content/Internationalization/icudt64l/region/smn.res" 1843
"../../../Engine/Content/Internationalization/icudt64l/lang/sn.res" 1844
"../../../Engine/Content/Internationalization/icudt64l/region/sn.res" 1845
"../../../Engine/Content/Internationalization/icudt64l/lang/so.res" 1846
"../../../Engine/Content/Internationalization/icudt64l/region/so.res" 1847
"../../../Engine/Content/Internationalization/icudt64l/lang/sq.res" 1848
"../../../Engine/Content/Internationalization/icudt64l/region/sq.res" 1849
"../../../Engine/Content/Internationalization/icudt64l/lang/sr.res" 1850
"../../../Engine/Content/Internationalization/icudt64l/lang/sr_Cyrl.res" 1851
"../../../Engine/Content/Internationalization/icudt64l/lang/sr_BA.res" 1852
"../../../Engine/Content/Internationalization/icudt64l/lang/sr_Cyrl_BA.res" 1853
"../../../Engine/Content/Internationalization/icudt64l/region/sr_BA.res" 1854
"../../../Engine/Content/Internationalization/icudt64l/region/sr_Cyrl_BA.res" 1855
"../../../Engine/Content/Internationalization/icudt64l/region/sr_Cyrl.res" 1856
"../../../Engine/Content/Internationalization/icudt64l/region/sr.res" 1857
"../../../Engine/Content/Internationalization/icudt64l/lang/sr_ME.res" 1858
"../../../Engine/Content/Internationalization/icudt64l/lang/sr_Latn_ME.res" 1859
"../../../Engine/Content/Internationalization/icudt64l/lang/sr_Latn.res" 1860
"../../../Engine/Content/Internationalization/icudt64l/region/sr_ME.res" 1861
"../../../Engine/Content/Internationalization/icudt64l/region/sr_Latn_ME.res" 1862
"../../../Engine/Content/Internationalization/icudt64l/region/sr_Latn.res" 1863
"../../../Engine/Content/Internationalization/icudt64l/lang/sr_Cyrl_ME.res" 1864
"../../../Engine/Content/Internationalization/icudt64l/region/sr_Cyrl_ME.res" 1865
"../../../Engine/Content/Internationalization/icudt64l/lang/sr_RS.res" 1866
"../../../Engine/Content/Internationalization/icudt64l/lang/sr_Cyrl_RS.res" 1867
"../../../Engine/Content/Internationalization/icudt64l/region/sr_RS.res" 1868
"../../../Engine/Content/Internationalization/icudt64l/region/sr_Cyrl_RS.res" 1869
"../../../Engine/Content/Internationalization/icudt64l/lang/sr_XK.res" 1870
"../../../Engine/Content/Internationalization/icudt64l/lang/sr_Cyrl_XK.res" 1871
"../../../Engine/Content/Internationalization/icudt64l/region/sr_XK.res" 1872
"../../../Engine/Content/Internationalization/icudt64l/region/sr_Cyrl_XK.res" 1873
"../../../Engine/Content/Internationalization/icudt64l/lang/sr_Latn_BA.res" 1874
"../../../Engine/Content/Internationalization/icudt64l/region/sr_Latn_BA.res" 1875
"../../../Engine/Content/Internationalization/icudt64l/lang/sr_Latn_RS.res" 1876
"../../../Engine/Content/Internationalization/icudt64l/region/sr_Latn_RS.res" 1877
"../../../Engine/Content/Internationalization/icudt64l/lang/sr_Latn_XK.res" 1878
"../../../Engine/Content/Internationalization/icudt64l/region/sr_Latn_XK.res" 1879
"../../../Engine/Content/Internationalization/icudt64l/lang/sv.res" 1880
"../../../Engine/Content/Internationalization/icudt64l/region/sv.res" 1881
"../../../Engine/Content/Internationalization/icudt64l/lang/sv_FI.res" 1882
"../../../Engine/Content/Internationalization/icudt64l/lang/sw.res" 1883
"../../../Engine/Content/Internationalization/icudt64l/lang/sw_CD.res" 1884
"../../../Engine/Content/Internationalization/icudt64l/region/sw_CD.res" 1885
"../../../Engine/Content/Internationalization/icudt64l/region/sw.res" 1886
"../../../Engine/Content/Internationalization/icudt64l/lang/sw_KE.res" 1887
"../../../Engine/Content/Internationalization/icudt64l/region/sw_KE.res" 1888
"../../../Engine/Content/Internationalization/icudt64l/lang/ta.res" 1889
"../../../Engine/Content/Internationalization/icudt64l/region/ta.res" 1890
"../../../Engine/Content/Internationalization/icudt64l/lang/te.res" 1891
"../../../Engine/Content/Internationalization/icudt64l/region/te.res" 1892
"../../../Engine/Content/Internationalization/icudt64l/lang/teo.res" 1893
"../../../Engine/Content/Internationalization/icudt64l/region/teo.res" 1894
"../../../Engine/Content/Internationalization/icudt64l/lang/tg.res" 1895
"../../../Engine/Content/Internationalization/icudt64l/region/tg.res" 1896
"../../../Engine/Content/Internationalization/icudt64l/lang/th.res" 1897
"../../../Engine/Content/Internationalization/icudt64l/lang/th_TH.res" 1898
"../../../Engine/Content/Internationalization/icudt64l/region/th_TH.res" 1899
"../../../Engine/Content/Internationalization/icudt64l/region/th.res" 1900
"../../../Engine/Content/Internationalization/icudt64l/lang/ti.res" 1901
"../../../Engine/Content/Internationalization/icudt64l/region/ti.res" 1902
"../../../Engine/Content/Internationalization/icudt64l/lang/tk.res" 1903
"../../../Engine/Content/Internationalization/icudt64l/region/tk.res" 1904
"../../../Engine/Content/Internationalization/icudt64l/lang/to.res" 1905
"../../../Engine/Content/Internationalization/icudt64l/region/to.res" 1906
"../../../Engine/Content/Internationalization/icudt64l/lang/tr.res" 1907
"../../../Engine/Content/Internationalization/icudt64l/region/tr.res" 1908
"../../../Engine/Content/Internationalization/icudt64l/lang/tt.res" 1909
"../../../Engine/Content/Internationalization/icudt64l/region/tt.res" 1910
"../../../Engine/Content/Internationalization/icudt64l/lang/twq.res" 1911
"../../../Engine/Content/Internationalization/icudt64l/region/twq.res" 1912
"../../../Engine/Content/Internationalization/icudt64l/lang/tzm.res" 1913
"../../../Engine/Content/Internationalization/icudt64l/region/tzm.res" 1914
"../../../Engine/Content/Internationalization/icudt64l/lang/ug.res" 1915
"../../../Engine/Content/Internationalization/icudt64l/region/ug.res" 1916
"../../../Engine/Content/Internationalization/icudt64l/lang/uk.res" 1917
"../../../Engine/Content/Internationalization/icudt64l/region/uk.res" 1918
"../../../Engine/Content/Internationalization/icudt64l/lang/ur.res" 1919
"../../../Engine/Content/Internationalization/icudt64l/lang/ur_IN.res" 1920
"../../../Engine/Content/Internationalization/icudt64l/region/ur_IN.res" 1921
"../../../Engine/Content/Internationalization/icudt64l/region/ur.res" 1922
"../../../Engine/Content/Internationalization/icudt64l/lang/uz.res" 1923
"../../../Engine/Content/Internationalization/icudt64l/lang/uz_Arab.res" 1924
"../../../Engine/Content/Internationalization/icudt64l/lang/uz_AF.res" 1925
"../../../Engine/Content/Internationalization/icudt64l/lang/uz_Arab_AF.res" 1926
"../../../Engine/Content/Internationalization/icudt64l/region/uz_AF.res" 1927
"../../../Engine/Content/Internationalization/icudt64l/region/uz_Arab_AF.res" 1928
"../../../Engine/Content/Internationalization/icudt64l/region/uz_Arab.res" 1929
"../../../Engine/Content/Internationalization/icudt64l/lang/uz_Cyrl.res" 1930
"../../../Engine/Content/Internationalization/icudt64l/lang/uz_UZ.res" 1931
"../../../Engine/Content/Internationalization/icudt64l/lang/uz_Latn_UZ.res" 1932
"../../../Engine/Content/Internationalization/icudt64l/lang/uz_Latn.res" 1933
"../../../Engine/Content/Internationalization/icudt64l/region/uz_UZ.res" 1934
"../../../Engine/Content/Internationalization/icudt64l/region/uz_Latn_UZ.res" 1935
"../../../Engine/Content/Internationalization/icudt64l/region/uz_Latn.res" 1936
"../../../Engine/Content/Internationalization/icudt64l/region/uz.res" 1937
"../../../Engine/Content/Internationalization/icudt64l/region/uz_Cyrl.res" 1938
"../../../Engine/Content/Internationalization/icudt64l/lang/vai.res" 1939
"../../../Engine/Content/Internationalization/icudt64l/lang/vai_Latn.res" 1940
"../../../Engine/Content/Internationalization/icudt64l/lang/vai_LR.res" 1941
"../../../Engine/Content/Internationalization/icudt64l/lang/vai_Vaii_LR.res" 1942
"../../../Engine/Content/Internationalization/icudt64l/lang/vai_Vaii.res" 1943
"../../../Engine/Content/Internationalization/icudt64l/region/vai_LR.res" 1944
"../../../Engine/Content/Internationalization/icudt64l/region/vai_Vaii_LR.res" 1945
"../../../Engine/Content/Internationalization/icudt64l/region/vai_Vaii.res" 1946
"../../../Engine/Content/Internationalization/icudt64l/region/vai.res" 1947
"../../../Engine/Content/Internationalization/icudt64l/region/vai_Latn.res" 1948
"../../../Engine/Content/Internationalization/icudt64l/lang/vi.res" 1949
"../../../Engine/Content/Internationalization/icudt64l/region/vi.res" 1950
"../../../Engine/Content/Internationalization/icudt64l/lang/vun.res" 1951
"../../../Engine/Content/Internationalization/icudt64l/region/vun.res" 1952
"../../../Engine/Content/Internationalization/icudt64l/lang/wae.res" 1953
"../../../Engine/Content/Internationalization/icudt64l/region/wae.res" 1954
"../../../Engine/Content/Internationalization/icudt64l/lang/wo.res" 1955
"../../../Engine/Content/Internationalization/icudt64l/region/wo.res" 1956
"../../../Engine/Content/Internationalization/icudt64l/lang/xh.res" 1957
"../../../Engine/Content/Internationalization/icudt64l/region/xh.res" 1958
"../../../Engine/Content/Internationalization/icudt64l/lang/xog.res" 1959
"../../../Engine/Content/Internationalization/icudt64l/region/xog.res" 1960
"../../../Engine/Content/Internationalization/icudt64l/lang/yav.res" 1961
"../../../Engine/Content/Internationalization/icudt64l/region/yav.res" 1962
"../../../Engine/Content/Internationalization/icudt64l/lang/yi.res" 1963
"../../../Engine/Content/Internationalization/icudt64l/region/yi.res" 1964
"../../../Engine/Content/Internationalization/icudt64l/lang/yo.res" 1965
"../../../Engine/Content/Internationalization/icudt64l/lang/yo_BJ.res" 1966
"../../../Engine/Content/Internationalization/icudt64l/region/yo_BJ.res" 1967
"../../../Engine/Content/Internationalization/icudt64l/region/yo.res" 1968
"../../../Engine/Content/Internationalization/icudt64l/lang/yue.res" 1969
"../../../Engine/Content/Internationalization/icudt64l/lang/yue_Hans.res" 1970
"../../../Engine/Content/Internationalization/icudt64l/lang/yue_CN.res" 1971
"../../../Engine/Content/Internationalization/icudt64l/lang/yue_Hans_CN.res" 1972
"../../../Engine/Content/Internationalization/icudt64l/region/yue_CN.res" 1973
"../../../Engine/Content/Internationalization/icudt64l/region/yue_Hans_CN.res" 1974
"../../../Engine/Content/Internationalization/icudt64l/region/yue_Hans.res" 1975
"../../../Engine/Content/Internationalization/icudt64l/lang/yue_Hant.res" 1976
"../../../Engine/Content/Internationalization/icudt64l/lang/yue_HK.res" 1977
"../../../Engine/Content/Internationalization/icudt64l/lang/yue_Hant_HK.res" 1978
"../../../Engine/Content/Internationalization/icudt64l/region/yue_HK.res" 1979
"../../../Engine/Content/Internationalization/icudt64l/region/yue_Hant_HK.res" 1980
"../../../Engine/Content/Internationalization/icudt64l/region/yue_Hant.res" 1981
"../../../Engine/Content/Internationalization/icudt64l/region/yue.res" 1982
"../../../Engine/Content/Internationalization/icudt64l/lang/zgh.res" 1983
"../../../Engine/Content/Internationalization/icudt64l/region/zgh.res" 1984
"../../../Engine/Content/Internationalization/icudt64l/lang/zh_HK.res" 1985
"../../../Engine/Content/Internationalization/icudt64l/lang/zh_Hant_HK.res" 1986
"../../../Engine/Content/Internationalization/icudt64l/lang/zh_Hant.res" 1987
"../../../Engine/Content/Internationalization/icudt64l/region/zh_HK.res" 1988
"../../../Engine/Content/Internationalization/icudt64l/region/zh_Hant_HK.res" 1989
"../../../Engine/Content/Internationalization/icudt64l/region/zh_Hant.res" 1990
"../../../Engine/Content/Internationalization/icudt64l/lang/zh_MO.res" 1991
"../../../Engine/Content/Internationalization/icudt64l/lang/zh_Hant_MO.res" 1992
"../../../Engine/Content/Internationalization/icudt64l/region/zh_MO.res" 1993
"../../../Engine/Content/Internationalization/icudt64l/region/zh_Hant_MO.res" 1994
"../../../Engine/Content/Internationalization/icudt64l/lang/zh_SG.res" 1995
"../../../Engine/Content/Internationalization/icudt64l/lang/zh_Hans_SG.res" 1996
"../../../Engine/Content/Internationalization/icudt64l/region/zh_SG.res" 1997
"../../../Engine/Content/Internationalization/icudt64l/region/zh_Hans_SG.res" 1998
"../../../Engine/Content/Internationalization/icudt64l/lang/zh_TW.res" 1999
"../../../Engine/Content/Internationalization/icudt64l/lang/zh_Hant_TW.res" 2000
"../../../Engine/Content/Internationalization/icudt64l/region/zh_TW.res" 2001
"../../../Engine/Content/Internationalization/icudt64l/region/zh_Hant_TW.res" 2002
"../../../Engine/Content/Internationalization/icudt64l/lang/zu.res" 2003
"../../../Engine/Content/Internationalization/icudt64l/region/zu.res" 2004
"../../../Engine/Content/Internationalization/icudt64l/lang/no.res" 2005
"../../../Engine/Content/Internationalization/icudt64l/lang/tl.res" 2006
"../../../Engine/Config/Android/DataDrivenPlatformInfo.ini" 2007
"../../../Engine/Config/IOS/DataDrivenPlatformInfo.ini" 2008
"../../../Engine/Config/Linux/DataDrivenPlatformInfo.ini" 2009
"../../../Engine/Config/Mac/DataDrivenPlatformInfo.ini" 2010
"../../../Engine/Config/TVOS/DataDrivenPlatformInfo.ini" 2011
"../../../Engine/Config/Unix/DataDrivenPlatformInfo.ini" 2012
"../../../Engine/Config/VulkanPC/DataDrivenPlatformInfo.ini" 2013
"../../../Engine/Config/Windows/DataDrivenPlatformInfo.ini" 2014
"../../../Engine/Platforms/VisionOS/Config/DataDrivenPlatformInfo.ini" 2015
"../../../Engine/Content/Renderer/TessellationTable.bin" 2016
"../../../Engine/DerivedDataCache/Compressed.ddp" 2017
