[23648:5964:0617/130657.671:WARNING:chrome_main_delegate.cc(745)] This is Chrome version 128.0.6613.138 (not a warning)
[23648:5964:0617/130658.068:WARNING:account_consistency_mode_manager.cc(77)] Desktop Identity Consistency cannot be enabled as no OAuth client ID and client secret have been configured.
[23648:18900:0617/130705.997:WARNING:leveldb_database.cc(141)] Unable to open F:\epic\UE_5.7\project\live\Saved\webcache_6613\Default\shared_proto_db\metadata: IO error: F:\epic\UE_5.7\project\live\Saved\webcache_6613\Default\shared_proto_db\metadata/MANIFEST-000001: Unable to create sequential file (ChromeMethodBFE: 7::NewSequentialFile::1)
[23648:18900:0617/130706.002:WARNING:leveldb_database.cc(141)] Unable to open F:\epic\UE_5.7\project\live\Saved\webcache_6613\Default\shared_proto_db\metadata: IO error: F:\epic\UE_5.7\project\live\Saved\webcache_6613\Default\shared_proto_db\metadata/MANIFEST-000001: Unable to create sequential file (ChromeMethodBFE: 7::NewSequentialFile::1)
[23648:18900:0617/130706.006:WARNING:leveldb_database.cc(141)] Unable to open F:\epic\UE_5.7\project\live\Saved\webcache_6613\Default\shared_proto_db\metadata: IO error: F:\epic\UE_5.7\project\live\Saved\webcache_6613\Default\shared_proto_db\metadata/MANIFEST-000001: Unable to create sequential file (ChromeMethodBFE: 7::NewSequentialFile::1)
[23648:18900:0617/130706.010:WARNING:leveldb_database.cc(141)] Unable to open F:\epic\UE_5.7\project\live\Saved\webcache_6613\Default\shared_proto_db\metadata: IO error: F:\epic\UE_5.7\project\live\Saved\webcache_6613\Default\shared_proto_db\metadata/MANIFEST-000001: Unable to create sequential file (ChromeMethodBFE: 7::NewSequentialFile::1)
[23648:13536:0617/130712.070:WARNING:value_store_frontend.cc(47)] Reading ahfgeienlihckogmohjhadlkjgocpleb.alarms from  failed: IO error: .../MANIFEST-000001: Unable to create sequential file (ChromeMethodBFE: 7::NewSequentialFile::1)
[23648:13536:0617/130712.074:WARNING:value_store_frontend.cc(47)] Reading mhjfbmdgcfjbbpaeojofohoefgiehjai.alarms from  failed: IO error: .../MANIFEST-000001: Unable to create sequential file (ChromeMethodBFE: 7::NewSequentialFile::1)
[15444:11708:0617/130712.813:WARNING:frame_impl.cc(430)] virtual CefFrameImpl::SendProcessMessage sent to detached frame 5-EF2F1767DC85D051F0E7E0169E1A2F30 will be ignored
[7144:27144:0617/130714.121:WARNING:codec.cc(525)] Explicitly added H264 constrained baseline to list of supported formats.
[7144:6924:0617/130714.156:WARNING:codec.cc(525)] Explicitly added H264 constrained baseline to list of supported formats.
[7144:6924:0617/130714.156:WARNING:codec.cc(525)] Explicitly added H264 constrained baseline to list of supported formats.
[7144:6924:0617/130714.157:WARNING:codec.cc(525)] Explicitly added H264 constrained baseline to list of supported formats.
[23648:14016:0617/130715.656:WARNING:browser_info.cc(345)] Returning a speculative frame for [8,9]
[23648:5964:0617/130716.757:WARNING:browser_info.cc(345)] Returning a speculative frame for [9,9]
[23648:5964:0617/130716.758:WARNING:browser_info.cc(345)] Returning a speculative frame for [9,9]
[23648:5964:0617/130716.758:WARNING:browser_info.cc(345)] Returning a speculative frame for [9,9]
[23648:5964:0617/130716.758:WARNING:browser_info.cc(345)] Returning a speculative frame for [9,9]
[23648:14016:0617/130716.760:WARNING:browser_info.cc(345)] Returning a speculative frame for [9,9]
[11460:2536:0617/130728.511:WARNING:codec.cc(525)] Explicitly added H264 constrained baseline to list of supported formats.
[11460:11408:0617/130728.538:WARNING:codec.cc(525)] Explicitly added H264 constrained baseline to list of supported formats.
[11460:11408:0617/130728.538:WARNING:codec.cc(525)] Explicitly added H264 constrained baseline to list of supported formats.
[11460:11408:0617/130728.538:WARNING:codec.cc(525)] Explicitly added H264 constrained baseline to list of supported formats.
[3768:24924:0617/130810.609:ERROR:shared_image_manager.cc(224)] SharedImageManager::ProduceSkia: Trying to Produce a Skia representation from a non-existent mailbox.
[23648:5964:0617/131053.537:VERBOSE1:gaia_cookie_manager_service.cc(846)] GaiaCookieManagerService::ListAccounts
[16536:19212:0617/131053.538:VERBOSE1:network_delegate.cc(36)] NetworkDelegate::NotifyBeforeURLRequest: https://accounts.google.com/ListAccounts?gpsia=1&source=ChromiumBrowser&json=standard
[16536:19212:0617/131053.568:VERBOSE1:tls_handshaker.cc(105)] TlsClient: Continuing handshake
[23648:5964:0617/131114.940:VERBOSE1:gaia_auth_fetcher.cc(707)] Got authentication error
[23648:5964:0617/131114.940:VERBOSE1:gaia_auth_fetcher.cc(708)] net_error: net::ERR_CONNECTION_TIMED_OUT
[23648:5964:0617/131114.940:VERBOSE1:gaia_auth_fetcher.cc(709)] response body: 
[23648:5964:0617/131114.940:VERBOSE1:gaia_cookie_manager_service.cc(748)] ListAccounts failed
[23648:5964:0617/131458.823:VERBOSE1:gaia_cookie_manager_service.cc(846)] GaiaCookieManagerService::ListAccounts
[16536:19212:0617/131458.824:VERBOSE1:network_delegate.cc(36)] NetworkDelegate::NotifyBeforeURLRequest: https://accounts.google.com/ListAccounts?gpsia=1&source=ChromiumBrowser&json=standard
[16536:19212:0617/131458.824:VERBOSE1:tls_handshaker.cc(105)] TlsClient: Continuing handshake
[23648:5964:0617/131520.176:VERBOSE1:gaia_auth_fetcher.cc(707)] Got authentication error
[23648:5964:0617/131520.176:VERBOSE1:gaia_auth_fetcher.cc(708)] net_error: net::ERR_CONNECTION_TIMED_OUT
[23648:5964:0617/131520.176:VERBOSE1:gaia_auth_fetcher.cc(709)] response body: 
[23648:5964:0617/131520.176:VERBOSE1:gaia_cookie_manager_service.cc(748)] ListAccounts failed
[23648:5964:0617/132546.571:VERBOSE1:gaia_cookie_manager_service.cc(846)] GaiaCookieManagerService::ListAccounts
[16536:19212:0617/132546.571:VERBOSE1:network_delegate.cc(36)] NetworkDelegate::NotifyBeforeURLRequest: https://accounts.google.com/ListAccounts?gpsia=1&source=ChromiumBrowser&json=standard
[16536:19212:0617/132546.582:VERBOSE1:tls_handshaker.cc(105)] TlsClient: Continuing handshake
[23648:5964:0617/132607.938:VERBOSE1:gaia_auth_fetcher.cc(707)] Got authentication error
[23648:5964:0617/132607.938:VERBOSE1:gaia_auth_fetcher.cc(708)] net_error: net::ERR_CONNECTION_TIMED_OUT
[23648:5964:0617/132607.938:VERBOSE1:gaia_auth_fetcher.cc(709)] response body: 
[23648:5964:0617/132607.938:VERBOSE1:gaia_cookie_manager_service.cc(748)] ListAccounts failed
[23648:5964:0617/132607.938:VERBOSE1:gaia_cookie_manager_service.cc(882)] GaiaCookieManagerService::HandleNextRequest
[23648:5964:0617/134220.568:ERROR:device_event_log_impl.cc(196)] [13:42:20.472] USB: usb_service_win.cc:105 SetupDiGetDeviceProperty({{A45C254E-DF1C-4EFD-8020-67D146A850E0}, 6}) failed: 找不到元素。 (0x490)
[16536:19212:0617/142326.511:VERBOSE1:logging_network_change_observer.cc(90)] Observed a change to the network IP addresses
[23648:18900:0617/142326.609:WARNING:dns_config_service_win.cc(605)] Failed to read DnsConfig.
[16536:19212:0617/142326.621:VERBOSE1:logging_network_change_observer.cc(90)] Observed a change to the network IP addresses
[16536:6900:0617/142326.630:WARNING:dns_config_service_win.cc(605)] Failed to read DnsConfig.
[16536:19212:0617/142326.655:VERBOSE1:logging_network_change_observer.cc(90)] Observed a change to the network IP addresses
[16536:19212:0617/142326.667:VERBOSE1:logging_network_change_observer.cc(90)] Observed a change to the network IP addresses
[16536:19212:0617/142327.678:VERBOSE1:logging_network_change_observer.cc(100)] Observed a change to network connectivity state CONNECTION_NONE
[16536:19212:0617/142329.191:VERBOSE1:logging_network_change_observer.cc(113)] Observed a network change to state CONNECTION_NONE
[23648:17812:0617/142331.613:WARNING:dns_config_service_win.cc(605)] Failed to read DnsConfig.
[16536:14140:0617/142331.643:WARNING:dns_config_service_win.cc(605)] Failed to read DnsConfig.
[23648:14016:0617/142332.823:VERBOSE1:mdns_client_impl.cc(201)] Sockets ready:0
[16536:19212:0617/142334.217:VERBOSE1:logging_network_change_observer.cc(90)] Observed a change to the network IP addresses
[16536:19212:0617/142335.715:VERBOSE1:logging_network_change_observer.cc(90)] Observed a change to the network IP addresses
[23648:14016:0617/142339.491:VERBOSE1:mdns_client_impl.cc(201)] Sockets ready:0
[23648:17812:0617/142341.618:WARNING:dns_config_service_win.cc(605)] Failed to read DnsConfig.
[16536:14140:0617/142341.651:WARNING:dns_config_service_win.cc(605)] Failed to read DnsConfig.
[23648:14016:0617/142351.825:VERBOSE1:mdns_client_impl.cc(201)] Sockets ready:0
[16536:19212:0617/142356.979:VERBOSE1:logging_network_change_observer.cc(100)] Observed a change to network connectivity state CONNECTION_NONE
[23648:17812:0617/142401.625:WARNING:dns_config_service_win.cc(605)] Failed to read DnsConfig.
[16536:14140:0617/142401.664:WARNING:dns_config_service_win.cc(605)] Failed to read DnsConfig.
[23648:14016:0617/142416.498:VERBOSE1:mdns_client_impl.cc(201)] Sockets ready:0
[23648:14016:0617/142505.168:VERBOSE1:mdns_client_impl.cc(201)] Sockets ready:0
[16536:19212:0617/142639.937:VERBOSE1:logging_network_change_observer.cc(90)] Observed a change to the network IP addresses
[16536:19212:0617/142639.946:VERBOSE1:logging_network_change_observer.cc(90)] Observed a change to the network IP addresses
[16536:19212:0617/142640.962:VERBOSE1:logging_network_change_observer.cc(100)] Observed a change to network connectivity state CONNECTION_WIFI
[23648:14016:0617/142641.849:VERBOSE1:mdns_client_impl.cc(201)] Sockets ready:2
[23648:5964:0617/142642.182:VERBOSE1:service_discovery_device_lister.cc(54)] OnServiceUpdated: service_type: _googlecast._tcp.local, service_name: , update: 3
[23648:5964:0617/142642.182:VERBOSE1:service_discovery_device_lister.cc(42)] DiscoverNewDevices: service_type: _googlecast._tcp.local
[23648:5964:0617/142642.182:VERBOSE1:service_discovery_device_lister.cc(42)] DiscoverNewDevices: service_type: _googlecast._tcp.local
[16536:19212:0617/142642.473:VERBOSE1:logging_network_change_observer.cc(113)] Observed a network change to state CONNECTION_NONE
[16536:19212:0617/142642.473:VERBOSE1:logging_network_change_observer.cc(113)] Observed a network change to state CONNECTION_WIFI
[16536:19212:0617/142642.515:VERBOSE1:network_delegate.cc(36)] NetworkDelegate::NotifyBeforeURLRequest: https://editor.unrealengine.com/api/cosmos/auth
[16536:19212:0617/142642.527:VERBOSE1:tls_handshaker.cc(105)] TlsClient: Continuing handshake
[16536:19212:0617/142642.755:VERBOSE1:tls_handshaker.cc(105)] TlsClient: Continuing handshake
[16536:19212:0617/142642.756:VERBOSE1:tls_handshaker.cc(105)] TlsClient: Continuing handshake
[16536:19212:0617/142643.181:VERBOSE1:tls_handshaker.cc(105)] TlsClient: Continuing handshake
[16536:19212:0617/142643.181:VERBOSE1:tls_handshaker.cc(126)] TlsClient: SSL_do_handshake returned when entering early data. After retry, rv=-1, SSL_in_early_data=1
[16536:19212:0617/142643.181:VERBOSE1:tls_handshaker.cc(105)] TlsClient: Continuing handshake
[16536:19212:0617/142643.181:VERBOSE1:tls_client_handshaker.cc(528)] Client: handshake finished
[16536:19212:0617/142643.243:VERBOSE1:logging_network_change_observer.cc(90)] Observed a change to the network IP addresses
[16536:19212:0617/142644.269:VERBOSE1:logging_network_change_observer.cc(100)] Observed a change to network connectivity state CONNECTION_WIFI
[16536:19212:0617/142644.784:VERBOSE1:logging_network_change_observer.cc(113)] Observed a network change to state CONNECTION_NONE
[16536:19212:0617/142644.784:VERBOSE1:logging_network_change_observer.cc(113)] Observed a network change to state CONNECTION_WIFI
[23648:14016:0617/142648.183:VERBOSE1:mdns_client_impl.cc(201)] Sockets ready:2
[23648:5964:0617/142648.516:VERBOSE1:service_discovery_device_lister.cc(54)] OnServiceUpdated: service_type: _googlecast._tcp.local, service_name: , update: 3
[23648:5964:0617/142648.516:VERBOSE1:service_discovery_device_lister.cc(42)] DiscoverNewDevices: service_type: _googlecast._tcp.local
[23648:5964:0617/142648.516:VERBOSE1:service_discovery_device_lister.cc(42)] DiscoverNewDevices: service_type: _googlecast._tcp.local
[23648:5964:0617/171405.057:VERBOSE1:profile_manager.cc(1325)] AddKeepAlive(Default, kExtensionUpdater). keep_alives=[kWaitingForFirstBrowserWindow (1), kAppWindow (1), kExtensionUpdater (1)]
[23648:5964:0617/171405.058:VERBOSE1:profile_manager.cc(1377)] RemoveKeepAlive(Default, kExtensionUpdater). keep_alives=[kWaitingForFirstBrowserWindow (1), kAppWindow (1)]
[23648:5964:0617/193505.269:VERBOSE1:device_event_log_impl.cc(198)] [19:35:05.269] Display: EVENT: screen_win.cc:893 Displays updated, count: 1
[23648:5964:0617/193505.270:VERBOSE1:device_event_log_impl.cc(198)] [19:35:05.269] Display: EVENT: screen_win.cc:895 Display[685825285] bounds=[0,0 1707x1067], workarea=[0,0 1707x1019], scale=1.5, rotation=0, panel_rotation=0 external detected
[23648:5964:0617/193951.731:VERBOSE1:device_event_log_impl.cc(198)] [19:39:51.731] Display: EVENT: screen_win.cc:893 Displays updated, count: 1
[23648:5964:0617/193951.731:VERBOSE1:device_event_log_impl.cc(198)] [19:39:51.731] Display: EVENT: screen_win.cc:895 Display[685825285] bounds=[0,0 1707x1067], workarea=[0,0 1707x1019], scale=1.5, rotation=0, panel_rotation=0 external detected
[23648:5964:0617/193958.606:VERBOSE1:device_event_log_impl.cc(198)] [19:39:58.607] Display: EVENT: screen_win.cc:893 Displays updated, count: 1
[23648:5964:0617/193958.606:VERBOSE1:device_event_log_impl.cc(198)] [19:39:58.607] Display: EVENT: screen_win.cc:895 Display[685825285] bounds=[0,0 1707x1067], workarea=[0,0 1707x1019], scale=1.5, rotation=0, panel_rotation=0 external detected
[23648:5964:0617/194143.232:VERBOSE1:device_event_log_impl.cc(198)] [19:41:43.232] Display: EVENT: screen_win.cc:893 Displays updated, count: 1
[23648:5964:0617/194143.232:VERBOSE1:device_event_log_impl.cc(198)] [19:41:43.232] Display: EVENT: screen_win.cc:895 Display[685825285] bounds=[0,0 1707x1067], workarea=[0,0 1707x1019], scale=1.5, rotation=0, panel_rotation=0 external detected
[23648:5964:0617/194151.265:VERBOSE1:device_event_log_impl.cc(198)] [19:41:51.265] Display: EVENT: screen_win.cc:893 Displays updated, count: 1
[23648:5964:0617/194151.266:VERBOSE1:device_event_log_impl.cc(198)] [19:41:51.265] Display: EVENT: screen_win.cc:895 Display[685825285] bounds=[0,0 1707x1067], workarea=[0,0 1707x1019], scale=1.5, rotation=0, panel_rotation=0 external detected
[23648:5964:0617/195219.166:VERBOSE1:device_event_log_impl.cc(198)] [19:52:19.166] Display: EVENT: screen_win.cc:893 Displays updated, count: 1
[23648:5964:0617/195219.166:VERBOSE1:device_event_log_impl.cc(198)] [19:52:19.166] Display: EVENT: screen_win.cc:895 Display[685825285] bounds=[0,0 1707x1067], workarea=[0,0 1707x1019], scale=1.5, rotation=0, panel_rotation=0 external detected
[23648:5964:0617/195517.527:VERBOSE1:device_event_log_impl.cc(198)] [19:55:17.527] Display: EVENT: screen_win.cc:893 Displays updated, count: 1
[23648:5964:0617/195517.527:VERBOSE1:device_event_log_impl.cc(198)] [19:55:17.528] Display: EVENT: screen_win.cc:895 Display[685825285] bounds=[0,0 1707x1067], workarea=[0,0 1707x1019], scale=1.5, rotation=0, panel_rotation=0 external detected
[23648:5964:0617/195909.651:VERBOSE1:device_event_log_impl.cc(198)] [19:59:09.651] Display: EVENT: screen_win.cc:893 Displays updated, count: 1
[23648:5964:0617/195909.651:VERBOSE1:device_event_log_impl.cc(198)] [19:59:09.651] Display: EVENT: screen_win.cc:895 Display[685825285] bounds=[0,0 1707x1067], workarea=[0,0 1707x1019], scale=1.5, rotation=0, panel_rotation=0 external detected
[23648:5964:0617/195911.038:VERBOSE1:device_event_log_impl.cc(198)] [19:59:11.039] Display: EVENT: screen_win.cc:893 Displays updated, count: 1
[23648:5964:0617/195911.038:VERBOSE1:device_event_log_impl.cc(198)] [19:59:11.039] Display: EVENT: screen_win.cc:895 Display[685825285] bounds=[0,0 1707x1067], workarea=[0,0 1707x1019], scale=1.5, rotation=0, panel_rotation=0 external detected
[23648:5964:0617/195914.414:VERBOSE1:device_event_log_impl.cc(198)] [19:59:14.415] Display: EVENT: screen_win.cc:893 Displays updated, count: 1
[23648:5964:0617/195914.415:VERBOSE1:device_event_log_impl.cc(198)] [19:59:14.415] Display: EVENT: screen_win.cc:895 Display[685825285] bounds=[0,0 1707x1067], workarea=[0,0 1707x1019], scale=1.5, rotation=0, panel_rotation=0 external detected
[23648:5964:0617/201436.886:VERBOSE1:device_event_log_impl.cc(198)] [20:14:36.886] Display: EVENT: screen_win.cc:893 Displays updated, count: 1
[23648:5964:0617/201436.886:VERBOSE1:device_event_log_impl.cc(198)] [20:14:36.887] Display: EVENT: screen_win.cc:895 Display[685825285] bounds=[0,0 1707x1067], workarea=[0,0 1707x1019], scale=1.5, rotation=0, panel_rotation=0 external detected
[23648:5964:0617/201454.748:VERBOSE1:device_event_log_impl.cc(198)] [20:14:54.747] Display: EVENT: screen_win.cc:893 Displays updated, count: 1
[23648:5964:0617/201454.748:VERBOSE1:device_event_log_impl.cc(198)] [20:14:54.747] Display: EVENT: screen_win.cc:895 Display[685825285] bounds=[0,0 1707x1067], workarea=[0,0 1707x1019], scale=1.5, rotation=0, panel_rotation=0 external detected
[23648:5964:0617/201534.026:VERBOSE1:device_event_log_impl.cc(198)] [20:15:34.026] Display: EVENT: screen_win.cc:893 Displays updated, count: 1
[23648:5964:0617/201534.026:VERBOSE1:device_event_log_impl.cc(198)] [20:15:34.026] Display: EVENT: screen_win.cc:895 Display[685825285] bounds=[0,0 1707x1067], workarea=[0,0 1707x1019], scale=1.5, rotation=0, panel_rotation=0 external detected
[23648:5964:0617/201600.292:VERBOSE1:device_event_log_impl.cc(198)] [20:16:00.292] Display: EVENT: screen_win.cc:893 Displays updated, count: 1
[23648:5964:0617/201600.292:VERBOSE1:device_event_log_impl.cc(198)] [20:16:00.292] Display: EVENT: screen_win.cc:895 Display[685825285] bounds=[0,0 1707x1067], workarea=[0,0 1707x1019], scale=1.5, rotation=0, panel_rotation=0 external detected
[23648:5964:0617/201634.845:VERBOSE1:device_event_log_impl.cc(198)] [20:16:34.845] Display: EVENT: screen_win.cc:893 Displays updated, count: 1
[23648:5964:0617/201634.845:VERBOSE1:device_event_log_impl.cc(198)] [20:16:34.845] Display: EVENT: screen_win.cc:895 Display[685825285] bounds=[0,0 1707x1067], workarea=[0,0 1707x1019], scale=1.5, rotation=0, panel_rotation=0 external detected
[23648:5964:0617/201833.922:VERBOSE1:device_event_log_impl.cc(198)] [20:18:33.922] Display: EVENT: screen_win.cc:893 Displays updated, count: 1
[23648:5964:0617/201833.922:VERBOSE1:device_event_log_impl.cc(198)] [20:18:33.922] Display: EVENT: screen_win.cc:895 Display[685825285] bounds=[0,0 1707x1067], workarea=[0,0 1707x1019], scale=1.5, rotation=0, panel_rotation=0 external detected
[23648:5964:0617/201841.160:VERBOSE1:device_event_log_impl.cc(198)] [20:18:41.160] Display: EVENT: screen_win.cc:893 Displays updated, count: 1
[23648:5964:0617/201841.160:VERBOSE1:device_event_log_impl.cc(198)] [20:18:41.160] Display: EVENT: screen_win.cc:895 Display[685825285] bounds=[0,0 1707x1067], workarea=[0,0 1707x1019], scale=1.5, rotation=0, panel_rotation=0 external detected
[23648:5964:0617/202034.844:VERBOSE1:device_event_log_impl.cc(198)] [20:20:34.844] Display: EVENT: screen_win.cc:893 Displays updated, count: 1
[23648:5964:0617/202034.845:VERBOSE1:device_event_log_impl.cc(198)] [20:20:34.844] Display: EVENT: screen_win.cc:895 Display[685825285] bounds=[0,0 1707x1067], workarea=[0,0 1707x1019], scale=1.5, rotation=0, panel_rotation=0 external detected
[23648:5964:0617/202035.576:VERBOSE1:device_event_log_impl.cc(198)] [20:20:35.577] Display: EVENT: screen_win.cc:893 Displays updated, count: 1
[23648:5964:0617/202035.576:VERBOSE1:device_event_log_impl.cc(198)] [20:20:35.577] Display: EVENT: screen_win.cc:895 Display[685825285] bounds=[0,0 1707x1067], workarea=[0,0 1707x1019], scale=1.5, rotation=0, panel_rotation=0 external detected
[23648:5964:0617/202036.671:VERBOSE1:device_event_log_impl.cc(198)] [20:20:36.672] Display: EVENT: screen_win.cc:893 Displays updated, count: 1
[23648:5964:0617/202036.671:VERBOSE1:device_event_log_impl.cc(198)] [20:20:36.672] Display: EVENT: screen_win.cc:895 Display[685825285] bounds=[0,0 1707x1067], workarea=[0,0 1707x1019], scale=1.5, rotation=0, panel_rotation=0 external detected
[23648:5964:0617/202128.806:VERBOSE1:device_event_log_impl.cc(198)] [20:21:28.806] Display: EVENT: screen_win.cc:893 Displays updated, count: 1
[23648:5964:0617/202128.806:VERBOSE1:device_event_log_impl.cc(198)] [20:21:28.806] Display: EVENT: screen_win.cc:895 Display[685825285] bounds=[0,0 1707x1067], workarea=[0,0 1707x1019], scale=1.5, rotation=0, panel_rotation=0 external detected
[23648:5964:0617/202250.151:VERBOSE1:device_event_log_impl.cc(198)] [20:22:50.151] Display: EVENT: screen_win.cc:893 Displays updated, count: 1
[23648:5964:0617/202250.151:VERBOSE1:device_event_log_impl.cc(198)] [20:22:50.151] Display: EVENT: screen_win.cc:895 Display[685825285] bounds=[0,0 1707x1067], workarea=[0,0 1707x1019], scale=1.5, rotation=0, panel_rotation=0 external detected
[23648:5964:0617/202438.585:VERBOSE1:device_event_log_impl.cc(198)] [20:24:38.585] Display: EVENT: screen_win.cc:893 Displays updated, count: 1
[23648:5964:0617/202438.585:VERBOSE1:device_event_log_impl.cc(198)] [20:24:38.585] Display: EVENT: screen_win.cc:895 Display[685825285] bounds=[0,0 1707x1067], workarea=[0,0 1707x1019], scale=1.5, rotation=0, panel_rotation=0 external detected
[23648:5964:0617/202700.823:VERBOSE1:device_event_log_impl.cc(198)] [20:27:00.822] Display: EVENT: screen_win.cc:893 Displays updated, count: 1
[23648:5964:0617/202700.823:VERBOSE1:device_event_log_impl.cc(198)] [20:27:00.823] Display: EVENT: screen_win.cc:895 Display[685825285] bounds=[0,0 1707x1067], workarea=[0,0 1707x1019], scale=1.5, rotation=0, panel_rotation=0 external detected
[23648:5964:0617/202803.157:VERBOSE1:device_event_log_impl.cc(198)] [20:28:03.157] Display: EVENT: screen_win.cc:893 Displays updated, count: 1
[23648:5964:0617/202803.157:VERBOSE1:device_event_log_impl.cc(198)] [20:28:03.157] Display: EVENT: screen_win.cc:895 Display[685825285] bounds=[0,0 1707x1067], workarea=[0,0 1707x1019], scale=1.5, rotation=0, panel_rotation=0 external detected
[23648:5964:0617/203043.197:VERBOSE1:device_event_log_impl.cc(198)] [20:30:43.196] Display: EVENT: screen_win.cc:893 Displays updated, count: 1
[23648:5964:0617/203043.197:VERBOSE1:device_event_log_impl.cc(198)] [20:30:43.196] Display: EVENT: screen_win.cc:895 Display[685825285] bounds=[0,0 1707x1067], workarea=[0,0 1707x1019], scale=1.5, rotation=0, panel_rotation=0 external detected
[23648:5964:0617/212801.842:VERBOSE1:device_event_log_impl.cc(198)] [21:28:01.842] Display: EVENT: screen_win.cc:893 Displays updated, count: 1
[23648:5964:0617/212801.843:VERBOSE1:device_event_log_impl.cc(198)] [21:28:01.843] Display: EVENT: screen_win.cc:895 Display[685825285] bounds=[0,0 1707x1067], workarea=[0,0 1707x1019], scale=1.5, rotation=0, panel_rotation=0 external detected
[23648:5964:0617/215002.231:VERBOSE1:profile_manager.cc(1325)] AddKeepAlive(Default, kExtensionUpdater). keep_alives=[kWaitingForFirstBrowserWindow (1), kAppWindow (1), kExtensionUpdater (1)]
[23648:5964:0617/215002.231:VERBOSE1:profile_manager.cc(1377)] RemoveKeepAlive(Default, kExtensionUpdater). keep_alives=[kWaitingForFirstBrowserWindow (1), kAppWindow (1)]
[23648:5964:0617/222211.785:VERBOSE1:device_event_log_impl.cc(198)] [22:22:11.785] Display: EVENT: screen_win.cc:893 Displays updated, count: 1
[23648:5964:0617/222211.785:VERBOSE1:device_event_log_impl.cc(198)] [22:22:11.785] Display: EVENT: screen_win.cc:895 Display[685825285] bounds=[0,0 1707x1067], workarea=[0,0 1707x1019], scale=1.5, rotation=0, panel_rotation=0 external detected
[23648:5964:0617/233428.119:VERBOSE1:device_event_log_impl.cc(198)] [23:34:28.119] Display: EVENT: screen_win.cc:893 Displays updated, count: 1
[23648:5964:0617/233428.119:VERBOSE1:device_event_log_impl.cc(198)] [23:34:28.119] Display: EVENT: screen_win.cc:895 Display[685825285] bounds=[0,0 1707x1067], workarea=[0,0 1707x1019], scale=1.5, rotation=0, panel_rotation=0 external detected
[23648:5964:0617/233430.246:VERBOSE1:device_event_log_impl.cc(198)] [23:34:30.246] Display: EVENT: screen_win.cc:893 Displays updated, count: 1
[23648:5964:0617/233430.246:VERBOSE1:device_event_log_impl.cc(198)] [23:34:30.246] Display: EVENT: screen_win.cc:895 Display[685825285] bounds=[0,0 1707x1067], workarea=[0,0 1707x1019], scale=1.5, rotation=0, panel_rotation=0 external detected
[23648:5964:0617/233500.869:VERBOSE1:device_event_log_impl.cc(198)] [23:35:00.868] Display: EVENT: screen_win.cc:893 Displays updated, count: 1
[23648:5964:0617/233500.869:VERBOSE1:device_event_log_impl.cc(198)] [23:35:00.868] Display: EVENT: screen_win.cc:895 Display[685825285] bounds=[0,0 1707x1067], workarea=[0,0 1707x1019], scale=1.5, rotation=0, panel_rotation=0 external detected
[23648:5964:0617/233524.720:VERBOSE1:device_event_log_impl.cc(198)] [23:35:24.720] Display: EVENT: screen_win.cc:893 Displays updated, count: 1
[23648:5964:0617/233524.720:VERBOSE1:device_event_log_impl.cc(198)] [23:35:24.720] Display: EVENT: screen_win.cc:895 Display[685825285] bounds=[0,0 1707x1067], workarea=[0,0 1707x1019], scale=1.5, rotation=0, panel_rotation=0 external detected
[23648:5964:0617/233655.669:VERBOSE1:device_event_log_impl.cc(198)] [23:36:55.668] Display: EVENT: screen_win.cc:893 Displays updated, count: 1
[23648:5964:0617/233655.669:VERBOSE1:device_event_log_impl.cc(198)] [23:36:55.668] Display: EVENT: screen_win.cc:895 Display[685825285] bounds=[0,0 1707x1067], workarea=[0,0 1707x1019], scale=1.5, rotation=0, panel_rotation=0 external detected
[23648:5964:0617/233709.080:VERBOSE1:device_event_log_impl.cc(198)] [23:37:09.080] Display: EVENT: screen_win.cc:893 Displays updated, count: 1
[23648:5964:0617/233709.080:VERBOSE1:device_event_log_impl.cc(198)] [23:37:09.080] Display: EVENT: screen_win.cc:895 Display[685825285] bounds=[0,0 1707x1067], workarea=[0,0 1707x1019], scale=1.5, rotation=0, panel_rotation=0 external detected
[23648:5964:0617/233803.855:VERBOSE1:device_event_log_impl.cc(198)] [23:38:03.855] Display: EVENT: screen_win.cc:893 Displays updated, count: 1
[23648:5964:0617/233803.855:VERBOSE1:device_event_log_impl.cc(198)] [23:38:03.855] Display: EVENT: screen_win.cc:895 Display[685825285] bounds=[0,0 1707x1067], workarea=[0,0 1707x1019], scale=1.5, rotation=0, panel_rotation=0 external detected
[23648:5964:0617/233932.708:VERBOSE1:device_event_log_impl.cc(198)] [23:39:32.708] Display: EVENT: screen_win.cc:893 Displays updated, count: 1
[23648:5964:0617/233932.708:VERBOSE1:device_event_log_impl.cc(198)] [23:39:32.709] Display: EVENT: screen_win.cc:895 Display[685825285] bounds=[0,0 1707x1067], workarea=[0,0 1707x1019], scale=1.5, rotation=0, panel_rotation=0 external detected
[23648:5964:0617/233937.904:VERBOSE1:device_event_log_impl.cc(198)] [23:39:37.905] Display: EVENT: screen_win.cc:893 Displays updated, count: 1
[23648:5964:0617/233937.904:VERBOSE1:device_event_log_impl.cc(198)] [23:39:37.905] Display: EVENT: screen_win.cc:895 Display[685825285] bounds=[0,0 1707x1067], workarea=[0,0 1707x1019], scale=1.5, rotation=0, panel_rotation=0 external detected
[23648:5964:0617/234241.394:VERBOSE1:device_event_log_impl.cc(198)] [23:42:41.394] Display: EVENT: screen_win.cc:893 Displays updated, count: 1
[23648:5964:0617/234241.394:VERBOSE1:device_event_log_impl.cc(198)] [23:42:41.394] Display: EVENT: screen_win.cc:895 Display[685825285] bounds=[0,0 1707x1067], workarea=[0,0 1707x1019], scale=1.5, rotation=0, panel_rotation=0 external detected
[23648:5964:0617/234245.144:VERBOSE1:device_event_log_impl.cc(198)] [23:42:45.144] Display: EVENT: screen_win.cc:893 Displays updated, count: 1
[23648:5964:0617/234245.144:VERBOSE1:device_event_log_impl.cc(198)] [23:42:45.144] Display: EVENT: screen_win.cc:895 Display[685825285] bounds=[0,0 1707x1067], workarea=[0,0 1707x1019], scale=1.5, rotation=0, panel_rotation=0 external detected
[23648:5964:0617/234343.682:VERBOSE1:device_event_log_impl.cc(198)] [23:43:43.682] Display: EVENT: screen_win.cc:893 Displays updated, count: 1
[23648:5964:0617/234343.682:VERBOSE1:device_event_log_impl.cc(198)] [23:43:43.682] Display: EVENT: screen_win.cc:895 Display[685825285] bounds=[0,0 1707x1067], workarea=[0,0 1707x1019], scale=1.5, rotation=0, panel_rotation=0 external detected
[23648:5964:0617/234624.061:VERBOSE1:device_event_log_impl.cc(198)] [23:46:24.061] Display: EVENT: screen_win.cc:893 Displays updated, count: 1
[23648:5964:0617/234624.061:VERBOSE1:device_event_log_impl.cc(198)] [23:46:24.062] Display: EVENT: screen_win.cc:895 Display[685825285] bounds=[0,0 1707x1067], workarea=[0,0 1707x1019], scale=1.5, rotation=0, panel_rotation=0 external detected
[23648:5964:0617/234721.568:VERBOSE1:device_event_log_impl.cc(198)] [23:47:21.568] Display: EVENT: screen_win.cc:893 Displays updated, count: 1
[23648:5964:0617/234721.568:VERBOSE1:device_event_log_impl.cc(198)] [23:47:21.568] Display: EVENT: screen_win.cc:895 Display[685825285] bounds=[0,0 1707x1067], workarea=[0,0 1707x1019], scale=1.5, rotation=0, panel_rotation=0 external detected
[23648:5964:0617/234825.552:VERBOSE1:device_event_log_impl.cc(198)] [23:48:25.551] Display: EVENT: screen_win.cc:893 Displays updated, count: 1
[23648:5964:0617/234825.552:VERBOSE1:device_event_log_impl.cc(198)] [23:48:25.552] Display: EVENT: screen_win.cc:895 Display[685825285] bounds=[0,0 1707x1067], workarea=[0,0 1707x1019], scale=1.5, rotation=0, panel_rotation=0 external detected
[23648:5964:0617/235108.793:VERBOSE1:device_event_log_impl.cc(198)] [23:51:08.794] Display: EVENT: screen_win.cc:893 Displays updated, count: 1
[23648:5964:0617/235108.793:VERBOSE1:device_event_log_impl.cc(198)] [23:51:08.794] Display: EVENT: screen_win.cc:895 Display[685825285] bounds=[0,0 1707x1067], workarea=[0,0 1707x1019], scale=1.5, rotation=0, panel_rotation=0 external detected
[23648:5964:0617/235210.698:VERBOSE1:device_event_log_impl.cc(198)] [23:52:10.697] Display: EVENT: screen_win.cc:893 Displays updated, count: 1
[23648:5964:0617/235210.698:VERBOSE1:device_event_log_impl.cc(198)] [23:52:10.697] Display: EVENT: screen_win.cc:895 Display[685825285] bounds=[0,0 1707x1067], workarea=[0,0 1707x1019], scale=1.5, rotation=0, panel_rotation=0 external detected
[23648:5964:0617/235225.441:VERBOSE1:device_event_log_impl.cc(198)] [23:52:25.441] Display: EVENT: screen_win.cc:893 Displays updated, count: 1
[23648:5964:0617/235225.441:VERBOSE1:device_event_log_impl.cc(198)] [23:52:25.441] Display: EVENT: screen_win.cc:895 Display[685825285] bounds=[0,0 1707x1067], workarea=[0,0 1707x1019], scale=1.5, rotation=0, panel_rotation=0 external detected
[23648:5964:0617/235811.742:VERBOSE1:device_event_log_impl.cc(198)] [23:58:11.741] Display: EVENT: screen_win.cc:893 Displays updated, count: 1
[23648:5964:0617/235811.742:VERBOSE1:device_event_log_impl.cc(198)] [23:58:11.741] Display: EVENT: screen_win.cc:895 Display[685825285] bounds=[0,0 1707x1067], workarea=[0,0 1707x1019], scale=1.5, rotation=0, panel_rotation=0 external detected
[23648:5964:0617/235817.753:VERBOSE1:device_event_log_impl.cc(198)] [23:58:17.752] Display: EVENT: screen_win.cc:893 Displays updated, count: 1
[23648:5964:0617/235817.753:VERBOSE1:device_event_log_impl.cc(198)] [23:58:17.752] Display: EVENT: screen_win.cc:895 Display[685825285] bounds=[0,0 1707x1067], workarea=[0,0 1707x1019], scale=1.5, rotation=0, panel_rotation=0 external detected
[23648:5964:0617/235904.885:VERBOSE1:device_event_log_impl.cc(198)] [23:59:04.884] Display: EVENT: screen_win.cc:893 Displays updated, count: 1
[23648:5964:0617/235904.885:VERBOSE1:device_event_log_impl.cc(198)] [23:59:04.884] Display: EVENT: screen_win.cc:895 Display[685825285] bounds=[0,0 1707x1067], workarea=[0,0 1707x1019], scale=1.5, rotation=0, panel_rotation=0 external detected
[23648:5964:0618/000138.576:VERBOSE1:device_event_log_impl.cc(198)] [00:01:38.576] Display: EVENT: screen_win.cc:893 Displays updated, count: 1
[23648:5964:0618/000138.576:VERBOSE1:device_event_log_impl.cc(198)] [00:01:38.576] Display: EVENT: screen_win.cc:895 Display[685825285] bounds=[0,0 1707x1067], workarea=[0,0 1707x1019], scale=1.5, rotation=0, panel_rotation=0 external detected
[23648:5964:0618/000502.613:VERBOSE1:device_event_log_impl.cc(198)] [00:05:02.613] Display: EVENT: screen_win.cc:893 Displays updated, count: 1
[23648:5964:0618/000502.613:VERBOSE1:device_event_log_impl.cc(198)] [00:05:02.613] Display: EVENT: screen_win.cc:895 Display[685825285] bounds=[0,0 1707x1067], workarea=[0,0 1707x1019], scale=1.5, rotation=0, panel_rotation=0 external detected
[23648:5964:0618/000649.191:VERBOSE1:device_event_log_impl.cc(198)] [00:06:49.191] Display: EVENT: screen_win.cc:893 Displays updated, count: 1
[23648:5964:0618/000649.191:VERBOSE1:device_event_log_impl.cc(198)] [00:06:49.191] Display: EVENT: screen_win.cc:895 Display[685825285] bounds=[0,0 1707x1067], workarea=[0,0 1707x1019], scale=1.5, rotation=0, panel_rotation=0 external detected
[23648:5964:0618/000654.311:VERBOSE1:device_event_log_impl.cc(198)] [00:06:54.311] Display: EVENT: screen_win.cc:893 Displays updated, count: 1
[23648:5964:0618/000654.311:VERBOSE1:device_event_log_impl.cc(198)] [00:06:54.311] Display: EVENT: screen_win.cc:895 Display[685825285] bounds=[0,0 1707x1067], workarea=[0,0 1707x1019], scale=1.5, rotation=0, panel_rotation=0 external detected
[23648:5964:0618/001033.583:VERBOSE1:device_event_log_impl.cc(198)] [00:10:33.583] Display: EVENT: screen_win.cc:893 Displays updated, count: 1
[23648:5964:0618/001033.583:VERBOSE1:device_event_log_impl.cc(198)] [00:10:33.584] Display: EVENT: screen_win.cc:895 Display[685825285] bounds=[0,0 1707x1067], workarea=[0,0 1707x1019], scale=1.5, rotation=0, panel_rotation=0 external detected
[23648:5964:0618/001041.434:VERBOSE1:device_event_log_impl.cc(198)] [00:10:41.435] Display: EVENT: screen_win.cc:893 Displays updated, count: 1
[23648:5964:0618/001041.434:VERBOSE1:device_event_log_impl.cc(198)] [00:10:41.435] Display: EVENT: screen_win.cc:895 Display[685825285] bounds=[0,0 1707x1067], workarea=[0,0 1707x1019], scale=1.5, rotation=0, panel_rotation=0 external detected
[23648:5964:0618/001045.755:VERBOSE1:device_event_log_impl.cc(198)] [00:10:45.755] Display: EVENT: screen_win.cc:893 Displays updated, count: 1
[23648:5964:0618/001045.755:VERBOSE1:device_event_log_impl.cc(198)] [00:10:45.755] Display: EVENT: screen_win.cc:895 Display[685825285] bounds=[0,0 1707x1067], workarea=[0,0 1707x1019], scale=1.5, rotation=0, panel_rotation=0 external detected
[23648:5964:0618/001119.569:VERBOSE1:device_event_log_impl.cc(198)] [00:11:19.570] Display: EVENT: screen_win.cc:893 Displays updated, count: 1
[23648:5964:0618/001119.569:VERBOSE1:device_event_log_impl.cc(198)] [00:11:19.570] Display: EVENT: screen_win.cc:895 Display[685825285] bounds=[0,0 1707x1067], workarea=[0,0 1707x1019], scale=1.5, rotation=0, panel_rotation=0 external detected
[23648:5964:0618/001345.918:VERBOSE1:device_event_log_impl.cc(198)] [00:13:45.919] Display: EVENT: screen_win.cc:893 Displays updated, count: 1
[23648:5964:0618/001345.918:VERBOSE1:device_event_log_impl.cc(198)] [00:13:45.919] Display: EVENT: screen_win.cc:895 Display[685825285] bounds=[0,0 1707x1067], workarea=[0,0 1707x1019], scale=1.5, rotation=0, panel_rotation=0 external detected
[23648:5964:0618/001358.916:VERBOSE1:device_event_log_impl.cc(198)] [00:13:58.917] Display: EVENT: screen_win.cc:893 Displays updated, count: 1
[23648:5964:0618/001358.916:VERBOSE1:device_event_log_impl.cc(198)] [00:13:58.917] Display: EVENT: screen_win.cc:895 Display[685825285] bounds=[0,0 1707x1067], workarea=[0,0 1707x1019], scale=1.5, rotation=0, panel_rotation=0 external detected
[23648:5964:0618/001418.194:VERBOSE1:device_event_log_impl.cc(198)] [00:14:18.194] Display: EVENT: screen_win.cc:893 Displays updated, count: 1
[23648:5964:0618/001418.194:VERBOSE1:device_event_log_impl.cc(198)] [00:14:18.194] Display: EVENT: screen_win.cc:895 Display[685825285] bounds=[0,0 1707x1067], workarea=[0,0 1707x1019], scale=1.5, rotation=0, panel_rotation=0 external detected
[23648:5964:0618/001454.522:VERBOSE1:device_event_log_impl.cc(198)] [00:14:54.520] Display: EVENT: screen_win.cc:893 Displays updated, count: 1
[23648:5964:0618/001454.522:VERBOSE1:device_event_log_impl.cc(198)] [00:14:54.521] Display: EVENT: screen_win.cc:895 Display[685825285] bounds=[0,0 1707x1067], workarea=[0,0 1707x1019], scale=1.5, rotation=0, panel_rotation=0 external detected
[23648:5964:0618/001510.729:VERBOSE1:device_event_log_impl.cc(198)] [00:15:10.729] Display: EVENT: screen_win.cc:893 Displays updated, count: 1
[23648:5964:0618/001510.730:VERBOSE1:device_event_log_impl.cc(198)] [00:15:10.729] Display: EVENT: screen_win.cc:895 Display[685825285] bounds=[0,0 1707x1067], workarea=[0,0 1707x1019], scale=1.5, rotation=0, panel_rotation=0 external detected
[23648:5964:0618/001735.894:VERBOSE1:device_event_log_impl.cc(198)] [00:17:35.893] Display: EVENT: screen_win.cc:893 Displays updated, count: 1
[23648:5964:0618/001735.894:VERBOSE1:device_event_log_impl.cc(198)] [00:17:35.893] Display: EVENT: screen_win.cc:895 Display[685825285] bounds=[0,0 1707x1067], workarea=[0,0 1707x1019], scale=1.5, rotation=0, panel_rotation=0 external detected
[23648:5964:0618/002928.099:VERBOSE1:frame_host_impl.cc(515)] frame A-1028FE4FAA1A4F5457F3907447EA5491 (sub) detached (reason=RENDER_FRAME_DELETED, is_connected=1)
[13660:3940:0618/002928.101:VERBOSE1:dispatcher.cc(596)] Num tracked contexts: 1
[13660:3940:0618/002928.101:VERBOSE1:frame_impl.cc(620)] frame A-1028FE4FAA1A4F5457F3907447EA5491 disconnected (reason=DETACHED, current_state=CONNECTION_ACKED, FRAME_INVALID)
[13660:3940:0618/002928.103:VERBOSE1:script_context.cc(164)] Destroyed context for extension
  extension id: 
  effective extension id: 
[13660:3940:0618/002928.103:VERBOSE1:script_context.cc(164)] Destroyed context for extension
  extension id: 
  effective extension id: 
[13660:3940:0618/002928.103:VERBOSE1:frame_impl.cc(620)] frame A-2B934E49797F6258094A4FE5EFB6621C disconnected (reason=BROWSER_FRAME_DISCONNECT, current_state=CONNECTION_ACKED)
[13660:3940:0618/002928.103:VERBOSE1:frame_impl.cc(633)] frame A-2B934E49797F6258094A4FE5EFB6621C connection retry scheduled
[23648:5964:0618/002928.107:VERBOSE1:frame_host_impl.cc(515)] frame A-2B934E49797F6258094A4FE5EFB6621C (main) detached (reason=NEW_MAIN_FRAME, is_connected=1)
[23648:5964:0618/002928.147:VERBOSE1:account_reconcilor.cc(264)] AccountReconcilor::Shutdown
[23648:5964:0618/002928.147:VERBOSE1:account_reconcilor.cc(718)] AccountReconcilor::AbortReconcile: try again later
[23648:5964:0618/002928.148:VERBOSE1:account_reconcilor.cc(827)] AccountReconcilor::CalculateIfMultiloginReconcileIsDone: Error was 
[23648:5964:0618/002928.148:VERBOSE1:account_reconcilor.cc(313)] AccountReconcilor::UnregisterWithIdentityManager
[23648:5964:0618/002928.148:VERBOSE1:account_reconcilor.cc(286)] AccountReconcilor::UnregisterWithContentSettings
[23648:5964:0618/002928.148:VERBOSE1:gaia_cookie_manager_service.cc(628)] GaiaCookieManagerService::CancelAll
[23648:5964:0618/002928.149:VERBOSE1:mutable_profile_oauth2_token_service_delegate.cc(752)] MutablePO2TS::Shutdown
[23648:5964:0618/002928.149:VERBOSE1:mutable_profile_oauth2_token_service_delegate.cc(235)] MutablePO2TS::~MutablePO2TS
[23648:5964:0618/002928.150:VERBOSE1:device_event_log_impl.cc(198)] [00:29:28.150] Bluetooth: EVENT: bluetooth_api.cc:109 BluetoothAPI: Shutdown
[23648:5964:0618/002928.168:VERBOSE1:account_reconcilor.cc(193)] AccountReconcilor::~AccountReconcilor
[23648:5964:0618/002928.172:VERBOSE1:device_event_log_impl.cc(198)] [00:29:28.172] Bluetooth: EVENT: bluetooth_api.cc:95 ~BluetoothAPI: 00000CFC0032DA00
[23648:5964:0618/002928.328:VERBOSE1:component_updater_service.cc(180)] CrxUpdateService stopping
[23648:5964:0618/002928.329:WARNING:pref_notifier_impl.cc(41)] Pref observer for media_router.cast_allow_all_ips found at shutdown.
[23648:5964:0618/002928.350:VERBOSE1:statistics_recorder.cc(607)] Collections of all histograms
Histogram: API.StorageAccess.AllowedRequests2 recorded 250 samples, mean = 0.1 (flags = 0x41)
0  ------------------------------------------------------------------------O (230 = 92.0%)
1  ------O                                                                   (20 = 8.0%) {92.0%}
2  ... 

Histogram: API.StorageAccess.DocumentInheritedStorageAccess recorded 19 samples, mean = 0.0 (flags = 0x41)
0  -------------------O                                                      (19 = 100.0%)
1  ... 

Histogram: API.StorageAccess.DocumentLoadedWithStorageAccess recorded 19 samples, mean = 0.0 (flags = 0x41)
0  -------------------O                                                      (19 = 100.0%)
1  ... 

Histogram: Accessibility.CaptionSettingsLoadedFromSystemSettings recorded 1 samples, mean = 0.0 (flags = 0x41)
0  -O                                                                        (1 = 100.0%)
1  ... 

Histogram: Accessibility.ImageLabels2 recorded 1 samples, mean = 0.0 (flags = 0x41)
0  -O                                                                        (1 = 100.0%)
1  ... 

Histogram: Accessibility.LiveCaption.FeatureEnabled2 recorded 1 samples, mean = 1.0 (flags = 0x41)
0  O                                                                         (0 = 0.0%)
1  -O                                                                        (1 = 100.0%) {0.0%}
2  O                                                                         (0 = 0.0%) {100.0%}

Histogram: Accessibility.LiveCaption2 recorded 1 samples, mean = 0.0 (flags = 0x41)
0  -O                                                                        (1 = 100.0%)
1  ... 

Histogram: Accessibility.ManuallyEnabled recorded 1 samples, mean = 0.0 (flags = 0x41)
0  -O                                                                        (1 = 100.0%)
1  ... 

Histogram: Accessibility.WinJAWS recorded 1 samples, mean = 0.0 (flags = 0x41)
0  -O                                                                        (1 = 100.0%)
1  ... 

Histogram: Accessibility.WinNVDA recorded 1 samples, mean = 0.0 (flags = 0x41)
0  -O                                                                        (1 = 100.0%)
1  ... 

Histogram: Accessibility.WinSAToGo recorded 1 samples, mean = 0.0 (flags = 0x41)
0  -O                                                                        (1 = 100.0%)
1  ... 

Histogram: Accessibility.WinScreenReader2 recorded 1 samples, mean = 0.0 (flags = 0x41)
0  -O                                                                        (1 = 100.0%)
1  ... 

Histogram: Accessibility.WinStickyKeys recorded 1 samples, mean = 0.0 (flags = 0x41)
0  -O                                                                        (1 = 100.0%)
1  ... 

Histogram: Accessibility.WinSupernova recorded 1 samples, mean = 0.0 (flags = 0x41)
0  -O                                                                        (1 = 100.0%)
1  ... 

Histogram: Accessibility.WinZoomText recorded 1 samples, mean = 0.0 (flags = 0x41)
0  -O                                                                        (1 = 100.0%)
1  ... 

Histogram: AppBanners.InstallableStatusCode recorded 2 samples (flags = 0x41)
6  -O                                                                        (1 = 50.0%)
8  -O                                                                        (1 = 50.0%)

Histogram: Apps.PreferredApps.EntryCount recorded 1 samples, mean = 0.0 (flags = 0x41)
0  -O                                                                        (1 = 100.0%)
1  ... 

Histogram: Autofill.Address.IsEnabled.PageLoad recorded 1 samples, mean = 1.0 (flags = 0x41)
0  O                                                                         (0 = 0.0%)
1  -O                                                                        (1 = 100.0%) {0.0%}
2  O                                                                         (0 = 0.0%) {100.0%}

Histogram: Autofill.Address.IsEnabled.PageLoad.SignedOut recorded 1 samples, mean = 1.0 (flags = 0x41)
0  O                                                                         (0 = 0.0%)
1  -O                                                                        (1 = 100.0%) {0.0%}
2  O                                                                         (0 = 0.0%) {100.0%}

Histogram: Autofill.Address.IsEnabled.Startup recorded 1 samples, mean = 1.0 (flags = 0x41)
0  O                                                                         (0 = 0.0%)
1  -O                                                                        (1 = 100.0%) {0.0%}
2  O                                                                         (0 = 0.0%) {100.0%}

Histogram: Autofill.CreditCard.IsEnabled.PageLoad recorded 1 samples, mean = 1.0 (flags = 0x41)
0  O                                                                         (0 = 0.0%)
1  -O                                                                        (1 = 100.0%) {0.0%}
2  O                                                                         (0 = 0.0%) {100.0%}

Histogram: Autofill.CreditCard.IsEnabled.PageLoad.SignedOut recorded 1 samples, mean = 1.0 (flags = 0x41)
0  O                                                                         (0 = 0.0%)
1  -O                                                                        (1 = 100.0%) {0.0%}
2  O                                                                         (0 = 0.0%) {100.0%}

Histogram: Autofill.CreditCard.IsEnabled.Startup recorded 1 samples, mean = 1.0 (flags = 0x41)
0  O                                                                         (0 = 0.0%)
1  -O                                                                        (1 = 100.0%) {0.0%}
2  O                                                                         (0 = 0.0%) {100.0%}

Histogram: Autofill.DOMContentLoadedInOutermostMainFrame recorded 7 samples, mean = 0.3 (flags = 0x41)
0  -----O                                                                    (5 = 71.4%)
1  --O                                                                       (2 = 28.6%) {71.4%}
2  O                                                                         (0 = 0.0%) {100.0%}

Histogram: Autofill.ExtractFormUnowned.FieldCount recorded 6 samples, mean = 0.0 (flags = 0x41)
0  ------O                                                                   (6 = 100.0%)
1  ... 

Histogram: Autofill.FormForest.GetBrowserFormOfRendererForm.Duration recorded 1 samples, mean = 0.0 (flags = 0x41)
0  -O                                                                        (1 = 100.0%)
1  ... 

Histogram: Autofill.FormForest.UpdateTreeOfRendererForm.Duration recorded 1 samples, mean = 16.0 (flags = 0x41)
0   ... 
16  -O                                                                        (1 = 100.0%) {0.0%}
21  ... 

Histogram: Autofill.FormForest.UpdateTreeOfRendererForm.Visits recorded 1 samples, mean = 2.0 (flags = 0x41)
0  ... 
2  -O                                                                        (1 = 100.0%) {0.0%}
3  ... 

Histogram: Autofill.Funnel.ParsedAsType.Address recorded 14 samples, mean = 0.0 (flags = 0x41)
0  --------------O                                                           (14 = 100.0%)
1  ... 

Histogram: Autofill.Funnel.ParsedAsType.CreditCard recorded 14 samples, mean = 0.0 (flags = 0x41)
0  --------------O                                                           (14 = 100.0%)
1  ... 

Histogram: Autofill.Funnel.ParsedAsType.VirtualCard.StandaloneCvc recorded 14 samples, mean = 0.0 (flags = 0x41)
0  --------------O                                                           (14 = 100.0%)
1  ... 

Histogram: Autofill.IsEnabled.PageLoad recorded 1 samples, mean = 1.0 (flags = 0x41)
0  O                                                                         (0 = 0.0%)
1  -O                                                                        (1 = 100.0%) {0.0%}
2  O                                                                         (0 = 0.0%) {100.0%}

Histogram: Autofill.IsEnabled.PageLoad.SignedOut recorded 1 samples, mean = 1.0 (flags = 0x41)
0  O                                                                         (0 = 0.0%)
1  -O                                                                        (1 = 100.0%) {0.0%}
2  O                                                                         (0 = 0.0%) {100.0%}

Histogram: Autofill.IsEnabled.Startup recorded 1 samples, mean = 1.0 (flags = 0x41)
0  O                                                                         (0 = 0.0%)
1  -O                                                                        (1 = 100.0%) {0.0%}
2  O                                                                         (0 = 0.0%) {100.0%}

Histogram: Autofill.Leipzig.Duplication.NumberOfLocalSupersetProfilesOnStartup recorded 1 samples, mean = 0.0 (flags = 0x41)
0  -O                                                                        (1 = 100.0%)
1  ... 

Histogram: Autofill.NumberOfDriversPerFactory recorded 1 samples, mean = 3.0 (flags = 0x41)
0  ... 
3  -O                                                                        (1 = 100.0%) {0.0%}
4  ... 

Histogram: Autofill.Offer.StoredOfferCount2.CardLinkedOffer recorded 1 samples, mean = 0.0 (flags = 0x41)
0  -O                                                                        (1 = 100.0%)
1  ... 

Histogram: Autofill.Offer.StoredOfferCount2.GPayPromoCodeOffer recorded 1 samples, mean = 0.0 (flags = 0x41)
0  -O                                                                        (1 = 100.0%)
1  ... 

Histogram: Autofill.PaymentMethods.CvcStorageIsEnabled.Startup recorded 1 samples, mean = 0.0 (flags = 0x41)
0  -O                                                                        (1 = 100.0%)
1  ... 

Histogram: Autofill.StoredCreditCardCount recorded 1 samples, mean = 0.0 (flags = 0x41)
0  -O                                                                        (1 = 100.0%)
1  ... 

Histogram: Autofill.StoredCreditCardCount.Local recorded 1 samples, mean = 0.0 (flags = 0x41)
0  -O                                                                        (1 = 100.0%)
1  ... 

Histogram: Autofill.StoredCreditCardCount.Local.WithInvalidCardNumber recorded 1 samples, mean = 0.0 (flags = 0x41)
0  -O                                                                        (1 = 100.0%)
1  ... 

Histogram: Autofill.StoredCreditCardCount.Local.WithNickname recorded 1 samples, mean = 0.0 (flags = 0x41)
0  -O                                                                        (1 = 100.0%)
1  ... 

Histogram: Autofill.StoredCreditCardCount.Server recorded 1 samples, mean = 0.0 (flags = 0x41)
0  -O                                                                        (1 = 100.0%)
1  ... 

Histogram: Autofill.StoredCreditCardCount.Server.Masked recorded 1 samples, mean = 0.0 (flags = 0x41)
0  -O                                                                        (1 = 100.0%)
1  ... 

Histogram: Autofill.StoredCreditCardCount.Server.Masked.WithNickname recorded 1 samples, mean = 0.0 (flags = 0x41)
0  -O                                                                        (1 = 100.0%)
1  ... 

Histogram: Autofill.StoredCreditCardCount.Server.Unmasked recorded 1 samples, mean = 0.0 (flags = 0x41)
0  -O                                                                        (1 = 100.0%)
1  ... 

Histogram: Autofill.StoredCreditCardCount.Server.WithCardArtImage recorded 1 samples, mean = 0.0 (flags = 0x41)
0  -O                                                                        (1 = 100.0%)
1  ... 

Histogram: Autofill.StoredCreditCardCount.Server.WithVirtualCardMetadata recorded 1 samples, mean = 0.0 (flags = 0x41)
0  -O                                                                        (1 = 100.0%)
1  ... 

Histogram: Autofill.StoredIbanCount recorded 1 samples, mean = 0.0 (flags = 0x41)
0  -O                                                                        (1 = 100.0%)
1  ... 

Histogram: Autofill.StoredProfileCount.AccountChrome recorded 1 samples, mean = 0.0 (flags = 0x41)
0  -O                                                                        (1 = 100.0%)
1  ... 

Histogram: Autofill.StoredProfileCount.AccountNonChrome recorded 1 samples, mean = 0.0 (flags = 0x41)
0  -O                                                                        (1 = 100.0%)
1  ... 

Histogram: Autofill.StoredProfileCount.Legacy recorded 1 samples, mean = 0.0 (flags = 0x41)
0  -O                                                                        (1 = 100.0%)
1  ... 

Histogram: Autofill.StoredProfileCount.Total recorded 1 samples, mean = 0.0 (flags = 0x41)
0  -O                                                                        (1 = 100.0%)
1  ... 

Histogram: Autofill.StrikeDatabase.StrikeDatabaseInitFailed recorded 4 samples, mean = 1.5 (flags = 0x41)
0  -O                                                                        (1 = 25.0%)
1  -O                                                                        (1 = 25.0%) {25.0%}
2  -O                                                                        (1 = 25.0%) {50.0%}
3  -O                                                                        (1 = 25.0%) {75.0%}
4  ... 

Histogram: Autofill.SubmissionDetectionSource.FormTracker recorded 7 samples, mean = 3.1 (flags = 0x41)
0  ... 
3  ------O                                                                   (6 = 85.7%) {0.0%}
4  -O                                                                        (1 = 14.3%) {85.7%}
5  ... 

Histogram: Autofill.Timing.ParseFormsAsync recorded 1 samples, mean = 1.0 (flags = 0x41)
0  O                                                                         (0 = 0.0%)
1  -O                                                                        (1 = 100.0%) {0.0%}
2  ... 

Histogram: Autofill.Timing.ParseFormsAsync.RunHeuristics recorded 1 samples, mean = 0.0 (flags = 0x41)
0  -O                                                                        (1 = 100.0%)
1  ... 

Histogram: Autofill.Timing.ParseFormsAsync.UpdateCache recorded 1 samples, mean = 0.0 (flags = 0x41)
0  -O                                                                        (1 = 100.0%)
1  ... 

Histogram: Autofill.TimingInterval.ExtractFormData.GetFormDataFromUnownedInputElements.AutofillAgentReset recorded 6 samples, mean = 2526290.2 (flags = 0x41)
0         ... 
82675     -O                                                                        (1 = 16.7%) {0.0%}
96506     ... 
209152    -O                                                                        (1 = 16.7%) {16.7%}
244143    ... 
388319    -O                                                                        (1 = 16.7%) {33.3%}
453284    ... 
1146725   -O                                                                        (1 = 16.7%) {50.0%}
1338569   ... 
2901002   -O                                                                        (1 = 16.7%) {66.7%}
3386332   ... 
10000000  -O                                                                        (1 = 16.7%) {83.3%}

Histogram: Autofill.TimingInterval.ExtractFormData.GetFormDataFromUnownedInputElements.DOMContentLoaded recorded 6 samples, mean = 1074425728.0 (flags = 0x41)
0         ... 
209152    -O                                                                        (1 = 16.7%) {0.0%}
244143    ... 
982376    -O                                                                        (1 = 16.7%) {16.7%}
1146725   ... 
2485230   -O                                                                        (1 = 16.7%) {33.3%}
2901002   ... 
10000000  ---O                                                                      (3 = 50.0%) {50.0%}

Histogram: Autofill.TimingInterval.ExtractFormData.UpdateFormCache.AutofillAgentReset recorded 10 samples, mean = 1515830.5 (flags = 0x41)
0         ... 
32        -O                                                                        (1 = 10.0%) {0.0%}
37        -O                                                                        (1 = 10.0%) {10.0%}
43        -O                                                                        (1 = 10.0%) {20.0%}
50        ... 
198       -O                                                                        (1 = 10.0%) {30.0%}
231       ... 
82675     -O                                                                        (1 = 10.0%) {40.0%}
96506     ... 
209152    -O                                                                        (1 = 10.0%) {50.0%}
244143    ... 
388319    -O                                                                        (1 = 10.0%) {60.0%}
453284    ... 
1146725   -O                                                                        (1 = 10.0%) {70.0%}
1338569   ... 
2901002   -O                                                                        (1 = 10.0%) {80.0%}
3386332   ... 
10000000  -O                                                                        (1 = 10.0%) {90.0%}

Histogram: Autofill.TimingInterval.ExtractFormData.UpdateFormCache.DOMContentLoaded recorded 10 samples, mean = 410317.6 (flags = 0x41)
0        ... 
3        --O                                                                       (2 = 20.0%) {0.0%}
4        ... 
6        --O                                                                       (2 = 20.0%) {20.0%}
7        --O                                                                       (2 = 20.0%) {40.0%}
8        ... 
32       -O                                                                        (1 = 10.0%) {60.0%}
37       ... 
209152   -O                                                                        (1 = 10.0%) {70.0%}
244143   ... 
982376   -O                                                                        (1 = 10.0%) {80.0%}
1146725  ... 
2485230  -O                                                                        (1 = 10.0%) {90.0%}
2901002  ... 

Histogram: Autofill.TimingInterval.UpdateFormCache.UpdateFormCache.AutofillAgentReset recorded 10 samples, mean = 1515841.5 (flags = 0x41)
0         ... 
37        -O                                                                        (1 = 10.0%) {0.0%}
43        -O                                                                        (1 = 10.0%) {10.0%}
50        -O                                                                        (1 = 10.0%) {20.0%}
58        ... 
231       -O                                                                        (1 = 10.0%) {30.0%}
270       ... 
82675     -O                                                                        (1 = 10.0%) {40.0%}
96506     ... 
209152    -O                                                                        (1 = 10.0%) {50.0%}
244143    ... 
388319    -O                                                                        (1 = 10.0%) {60.0%}
453284    ... 
1146725   -O                                                                        (1 = 10.0%) {70.0%}
1338569   ... 
2901002   -O                                                                        (1 = 10.0%) {80.0%}
3386332   ... 
10000000  -O                                                                        (1 = 10.0%) {90.0%}

Histogram: Autofill.TimingInterval.UpdateFormCache.UpdateFormCache.DOMContentLoaded recorded 10 samples, mean = 410328.6 (flags = 0x41)
0        ... 
8        -O                                                                        (1 = 10.0%) {0.0%}
9        -O                                                                        (1 = 10.0%) {10.0%}
11       --O                                                                       (2 = 20.0%) {20.0%}
13       ... 
20       -O                                                                        (1 = 10.0%) {40.0%}
23       O                                                                         (0 = 0.0%) {50.0%}
27       -O                                                                        (1 = 10.0%) {50.0%}
32       ... 
58       -O                                                                        (1 = 10.0%) {60.0%}
68       ... 
209152   -O                                                                        (1 = 10.0%) {70.0%}
244143   ... 
982376   -O                                                                        (1 = 10.0%) {80.0%}
1146725  ... 
2485230  -O                                                                        (1 = 10.0%) {90.0%}
2901002  ... 

Histogram: Autofill.TimingPrecise.ExtractFormData recorded 16 samples, mean = 61.1 (flags = 0x41)
0    O                                                                         (0 = 0.0%)
1    --O                                                                       (2 = 12.5%) {0.0%}
2    ---O                                                                      (3 = 18.8%) {12.5%}
3    -O                                                                        (1 = 6.2%) {31.2%}
4    O                                                                         (0 = 0.0%) {37.5%}
5    --O                                                                       (2 = 12.5%) {37.5%}
6    -O                                                                        (1 = 6.2%) {50.0%}
7    ... 
25   -O                                                                        (1 = 6.2%) {56.2%}
28   ---O                                                                      (3 = 18.8%) {62.5%}
32   ... 
191  -O                                                                        (1 = 6.2%) {81.2%}
217  O                                                                         (0 = 0.0%) {87.5%}
247  -O                                                                        (1 = 6.2%) {87.5%}
281  ... 
364  -O                                                                        (1 = 6.2%) {93.8%}
414  ... 

Histogram: Autofill.TimingPrecise.ExtractFormData.GetFormDataFromUnownedInputElements recorded 6 samples, mean = 80.7 (flags = 0x41)
0    O                                                                         (0 = 0.0%)
1    -O                                                                        (1 = 16.7%) {0.0%}
2    --O                                                                       (2 = 33.3%) {16.7%}
3    ... 
28   -O                                                                        (1 = 16.7%) {50.0%}
32   ... 
191  -O                                                                        (1 = 16.7%) {66.7%}
217  O                                                                         (0 = 0.0%) {83.3%}
247  -O                                                                        (1 = 16.7%) {83.3%}
281  ... 

Histogram: Autofill.TimingPrecise.ExtractFormData.UpdateFormCache recorded 10 samples, mean = 49.3 (flags = 0x41)
0    O                                                                         (0 = 0.0%)
1    -O                                                                        (1 = 10.0%) {0.0%}
2    -O                                                                        (1 = 10.0%) {10.0%}
3    -O                                                                        (1 = 10.0%) {20.0%}
4    O                                                                         (0 = 0.0%) {30.0%}
5    --O                                                                       (2 = 20.0%) {30.0%}
6    -O                                                                        (1 = 10.0%) {50.0%}
7    ... 
25   -O                                                                        (1 = 10.0%) {60.0%}
28   --O                                                                       (2 = 20.0%) {70.0%}
32   ... 
364  -O                                                                        (1 = 10.0%) {90.0%}
414  ... 

Histogram: Autofill.TimingPrecise.InferLabelForElement recorded 16 samples, mean = 0.1 (flags = 0x41)
0  ---------------O                                                          (15 = 93.8%)
1  -O                                                                        (1 = 6.2%) {93.8%}
2  ... 

Histogram: Autofill.TimingPrecise.UpdateFormCache recorded 10 samples, mean = 62.9 (flags = 0x41)
0    ... 
8    -O                                                                        (1 = 10.0%) {0.0%}
9    O                                                                         (0 = 0.0%) {10.0%}
10   -O                                                                        (1 = 10.0%) {10.0%}
11   --O                                                                       (2 = 20.0%) {20.0%}
13   ... 
19   -O                                                                        (1 = 10.0%) {40.0%}
22   ... 
28   -O                                                                        (1 = 10.0%) {50.0%}
32   O                                                                         (0 = 0.0%) {60.0%}
36   -O                                                                        (1 = 10.0%) {60.0%}
41   -O                                                                        (1 = 10.0%) {70.0%}
47   O                                                                         (0 = 0.0%) {80.0%}
53   -O                                                                        (1 = 10.0%) {80.0%}
60   ... 
364  -O                                                                        (1 = 10.0%) {90.0%}
414  ... 

Histogram: Autofill.TimingPrecise.UpdateFormCache.UpdateFormCache recorded 10 samples, mean = 62.9 (flags = 0x41)
0    ... 
8    -O                                                                        (1 = 10.0%) {0.0%}
9    O                                                                         (0 = 0.0%) {10.0%}
10   -O                                                                        (1 = 10.0%) {10.0%}
11   --O                                                                       (2 = 20.0%) {20.0%}
13   ... 
19   -O                                                                        (1 = 10.0%) {40.0%}
22   ... 
28   -O                                                                        (1 = 10.0%) {50.0%}
32   O                                                                         (0 = 0.0%) {60.0%}
36   -O                                                                        (1 = 10.0%) {60.0%}
41   -O                                                                        (1 = 10.0%) {70.0%}
47   O                                                                         (0 = 0.0%) {80.0%}
53   -O                                                                        (1 = 10.0%) {80.0%}
60   ... 
364  -O                                                                        (1 = 10.0%) {90.0%}
414  ... 

Histogram: Autofill.VirtualCardUsageData.StoredUsageDataCount recorded 1 samples, mean = 0.0 (flags = 0x41)
0  -O                                                                        (1 = 100.0%)
1  ... 

Histogram: BackForwardCache.Experimental.UnexpectedIPCMessagePostedToCachedFrame.MethodHash recorded 10 samples (flags = 0x41)
-1781876737 --O                                                                       (2 = 20.0%)
5882877     --O                                                                       (2 = 20.0%)
111927911   -O                                                                        (1 = 10.0%)
929691467   -O                                                                        (1 = 10.0%)
1765022301  --O                                                                       (2 = 20.0%)
1974275903  --O                                                                       (2 = 20.0%)

Histogram: Blink.AutomaticLazyFrameLoad.Reason recorded 1 samples, mean = 0.0 (flags = 0x41)
0  -O                                                                        (1 = 100.0%)
1  ... 

Histogram: Blink.AutomaticLazyLoadFrame recorded 1 samples, mean = 0.0 (flags = 0x41)
0  -O                                                                        (1 = 100.0%)
1  ... 

Histogram: Blink.CSSStyleSheetResource.ParseTime recorded 7 samples, mean = 515.7 (flags = 0x41)
0     ... 
29    -O                                                                        (1 = 14.3%) {0.0%}
40    O                                                                         (0 = 0.0%) {14.3%}
55    -O                                                                        (1 = 14.3%) {14.3%}
76    --O                                                                       (2 = 28.6%) {28.6%}
105   ... 
391   --O                                                                       (2 = 28.6%) {57.1%}
542   ... 
2008  -O                                                                        (1 = 14.3%) {85.7%}
2786  ... 

Histogram: Blink.CommitDocumentLoaderTime recorded 19 samples, mean = 3.5 (flags = 0x41)
0   ---------O                                                                (9 = 47.4%)
1   -----O                                                                    (5 = 26.3%) {47.4%}
2   -O                                                                        (1 = 5.3%) {73.7%}
3   O                                                                         (0 = 0.0%) {78.9%}
4   -O                                                                        (1 = 5.3%) {78.9%}
5   -O                                                                        (1 = 5.3%) {84.2%}
6   ... 
12  -O                                                                        (1 = 5.3%) {89.5%}
14  ... 
34  -O                                                                        (1 = 5.3%) {94.7%}
40  ... 

Histogram: Blink.CookiesTime recorded 23 samples, mean = 0.5 (flags = 0x41)
0   ----------------------O                                                   (22 = 95.7%)
1   ... 
12  -O                                                                        (1 = 4.3%) {95.7%}
14  ... 

Histogram: Blink.CullRect.UpdateTime recorded 72 samples, mean = 5.9 (flags = 0x41)
0    ---------------------------O                                              (27 = 37.5%)
1    ---------------------------O                                              (27 = 37.5%) {37.5%}
2    O                                                                         (0 = 0.0%) {75.0%}
3    ------O                                                                   (6 = 8.3%) {75.0%}
4    -----O                                                                    (5 = 6.9%) {83.3%}
6    -O                                                                        (1 = 1.4%) {90.3%}
8    -O                                                                        (1 = 1.4%) {91.7%}
11   --O                                                                       (2 = 2.8%) {93.1%}
15   -O                                                                        (1 = 1.4%) {95.8%}
21   O                                                                         (0 = 0.0%) {97.2%}
29   -O                                                                        (1 = 1.4%) {97.2%}
40   ... 
203  -O                                                                        (1 = 1.4%) {98.6%}
282  ... 

Histogram: Blink.DecodedImageType recorded 1 samples, mean = 2.0 (flags = 0x41)
0  ... 
2  -O                                                                        (1 = 100.0%) {0.0%}
3  ... 

Histogram: Blink.DocumentLoader.CommitNavigationToStartLoadingResponse.Time.OutermostMainFrame.NewNavigation.IsHTTPOrHTTPS recorded 1 samples, mean = 6.0 (flags = 0x41)
0  ... 
6  -O                                                                        (1 = 100.0%) {0.0%}
7  ... 

Histogram: Blink.DocumentLoader.CreateParserPostCommit.Time.OutermostMainFrame.NewNavigation.IsHTTPOrHTTPS recorded 1 samples, mean = 7.0 (flags = 0x41)
0  ... 
7  -O                                                                        (1 = 100.0%) {0.0%}
8  ... 

Histogram: Blink.EffectiveZoom recorded 36 samples (flags = 0x41)
150  ------------------------------------O                                     (36 = 100.0%)

Histogram: Blink.Experimental.Cookies.CacheLookupResult2 recorded 23 samples, mean = 0.9 (flags = 0x41)
0  ----O                                                                     (4 = 17.4%)
1  ------------------O                                                       (18 = 78.3%) {17.4%}
2  O                                                                         (0 = 0.0%) {95.7%}
3  -O                                                                        (1 = 4.3%) {95.7%}
4  ... 

Histogram: Blink.Experimental.Cookies.FirstCookieRequest recorded 3 samples, mean = 1.0 (flags = 0x41)
0  O                                                                         (0 = 0.0%)
1  ---O                                                                      (3 = 100.0%) {0.0%}
2  ... 

Histogram: Blink.Fetch.RequestResourceTime2 recorded 155 samples, mean = 138.2 (flags = 0x41)
0      ... 
8      ----O                                                                     (4 = 2.6%) {0.0%}
11     -------------------------------------O                                    (37 = 23.9%) {2.6%}
15     -----------------------O                                                  (23 = 14.8%) {26.5%}
21     ---------------------O                                                    (21 = 13.5%) {41.3%}
29     -----------------------O                                                  (23 = 14.8%) {54.8%}
40     --------O                                                                 (8 = 5.2%) {69.7%}
55     --------O                                                                 (8 = 5.2%) {74.8%}
76     -------O                                                                  (7 = 4.5%) {80.0%}
105    --O                                                                       (2 = 1.3%) {84.5%}
146    ----------O                                                               (10 = 6.5%) {85.8%}
203    -----O                                                                    (5 = 3.2%) {92.3%}
282    ---O                                                                      (3 = 1.9%) {95.5%}
391    --O                                                                       (2 = 1.3%) {97.4%}
542    -O                                                                        (1 = 0.6%) {98.7%}
752    ... 
10321  -O                                                                        (1 = 0.6%) {99.4%}
14319  ... 

Histogram: Blink.Fetch.RequestResourceTime2.Data recorded 1 samples, mean = 12026.0 (flags = 0x41)
0      ... 
10321  -O                                                                        (1 = 100.0%) {0.0%}
14319  ... 

Histogram: Blink.Fetch.RequestResourceTime2.Preload recorded 40 samples, mean = 50.7 (flags = 0x41)
0    ... 
11   -----O                                                                    (5 = 12.5%) {0.0%}
15   --O                                                                       (2 = 5.0%) {12.5%}
21   ------------------O                                                       (18 = 45.0%) {17.5%}
29   ---O                                                                      (3 = 7.5%) {62.5%}
40   --O                                                                       (2 = 5.0%) {70.0%}
55   -----O                                                                    (5 = 12.5%) {75.0%}
76   ---O                                                                      (3 = 7.5%) {87.5%}
105  ... 
282  -O                                                                        (1 = 2.5%) {95.0%}
391  -O                                                                        (1 = 2.5%) {97.5%}
542  ... 

Histogram: Blink.FetchQueuedPreloadsTime.MainFrame.Initial recorded 1 samples, mean = 0.0 (flags = 0x41)
0  -O                                                                        (1 = 100.0%)
1  ... 

Histogram: Blink.Fonts.DecodeTime recorded 5 samples, mean = 15869.2 (flags = 0x41)
0      ... 
2786   ---O                                                                      (3 = 60.0%) {0.0%}
3865   -O                                                                        (1 = 20.0%) {60.0%}
5362   ... 
53055  -O                                                                        (1 = 20.0%) {80.0%}
73609  ... 

Histogram: Blink.Fonts.VariableFontsRatio recorded 5 samples, mean = 1.2 (flags = 0x41)
0  O                                                                         (0 = 0.0%)
1  ----O                                                                     (4 = 80.0%) {0.0%}
2  -O                                                                        (1 = 20.0%) {80.0%}
3  ... 

Histogram: Blink.ForcedStyleAndLayout.UpdateTime.PreFCP recorded 4 samples, mean = 42.5 (flags = 0x41)
0    ... 
3    -O                                                                        (1 = 25.0%) {0.0%}
4    O                                                                         (0 = 0.0%) {25.0%}
6    -O                                                                        (1 = 25.0%) {25.0%}
8    O                                                                         (0 = 0.0%) {50.0%}
11   -O                                                                        (1 = 25.0%) {50.0%}
15   ... 
146  -O                                                                        (1 = 25.0%) {75.0%}
203  ... 

Histogram: Blink.HTMLFastPathParser.AbortedParseSize recorded 41 samples, mean = 3.4 (flags = 0x41)
0  ------O                                                                   (6 = 14.6%)
1  ... 
4  -----------------------------------O                                      (35 = 85.4%) {14.6%}
6  ... 

Histogram: Blink.HTMLFastPathParser.AbortedParseTime2 recorded 41 samples, mean = 1.0 (flags = 0x41)
0   ---------------O                                                          (15 = 36.6%)
1   --------------------O                                                     (20 = 48.8%) {36.6%}
2   ---O                                                                      (3 = 7.3%) {85.4%}
3   -O                                                                        (1 = 2.4%) {92.7%}
4   -O                                                                        (1 = 2.4%) {95.1%}
5   ... 
10  -O                                                                        (1 = 2.4%) {97.6%}
11  ... 

Histogram: Blink.HTMLFastPathParser.ParseResult recorded 83 samples, mean = 7.9 (flags = 0x41)
0   ------------------------------------------O                               (42 = 50.6%)
1   ... 
4   ------O                                                                   (6 = 7.2%) {50.6%}
5   ... 
18  -----------------------------------O                                      (35 = 42.2%) {57.8%}
19  ... 

Histogram: Blink.HTMLFastPathParser.SuccessfulParseSize recorded 42 samples, mean = 124.6 (flags = 0x41)
0    ... 
8    -O                                                                        (1 = 2.4%) {0.0%}
11   ... 
55   -O                                                                        (1 = 2.4%) {2.4%}
76   O                                                                         (0 = 0.0%) {4.8%}
105  -----------------------------------O                                      (35 = 83.3%) {4.8%}
146  -----O                                                                    (5 = 11.9%) {88.1%}
203  ... 

Histogram: Blink.HTMLFastPathParser.SuccessfulParseTime2 recorded 42 samples, mean = 9.2 (flags = 0x41)
0    ----------O                                                               (10 = 23.8%)
1    ----------------------O                                                   (22 = 52.4%) {23.8%}
2    ---O                                                                      (3 = 7.1%) {76.2%}
3    -O                                                                        (1 = 2.4%) {83.3%}
4    -O                                                                        (1 = 2.4%) {85.7%}
5    -O                                                                        (1 = 2.4%) {88.1%}
6    O                                                                         (0 = 0.0%) {90.5%}
7    -O                                                                        (1 = 2.4%) {90.5%}
8    ... 
19   -O                                                                        (1 = 2.4%) {92.9%}
21   ... 
25   -O                                                                        (1 = 2.4%) {95.2%}
27   ... 
277  -O                                                                        (1 = 2.4%) {97.6%}
299  ... 

Histogram: Blink.HTMLFastPathParser.TotalParseTime2 recorded 83 samples, mean = 11.8 (flags = 0x41)
0    --------O                                                                 (8 = 9.6%)
1    ------------------O                                                       (18 = 21.7%) {9.6%}
2    ----------O                                                               (10 = 12.0%) {31.3%}
3    -----O                                                                    (5 = 6.0%) {43.4%}
4    ------O                                                                   (6 = 7.2%) {49.4%}
5    --O                                                                       (2 = 2.4%) {56.6%}
6    -O                                                                        (1 = 1.2%) {59.0%}
7    -O                                                                        (1 = 1.2%) {60.2%}
8    O                                                                         (0 = 0.0%) {61.4%}
9    --O                                                                       (2 = 2.4%) {61.4%}
10   -O                                                                        (1 = 1.2%) {63.9%}
11   O                                                                         (0 = 0.0%) {65.1%}
12   --O                                                                       (2 = 2.4%) {65.1%}
13   --------O                                                                 (8 = 9.6%) {67.5%}
14   -----O                                                                    (5 = 6.0%) {77.1%}
15   -O                                                                        (1 = 1.2%) {83.1%}
16   -O                                                                        (1 = 1.2%) {84.3%}
17   O                                                                         (0 = 0.0%) {85.5%}
18   --O                                                                       (2 = 2.4%) {85.5%}
19   ... 
23   --O                                                                       (2 = 2.4%) {88.0%}
25   O                                                                         (0 = 0.0%) {90.4%}
27   -O                                                                        (1 = 1.2%) {90.4%}
29   O                                                                         (0 = 0.0%) {91.6%}
31   ----O                                                                     (4 = 4.8%) {91.6%}
34   -O                                                                        (1 = 1.2%) {96.4%}
37   -O                                                                        (1 = 1.2%) {97.6%}
40   ... 
299  -O                                                                        (1 = 1.2%) {98.8%}
323  ... 

Histogram: Blink.HTMLParsing.ChunkCount4 recorded 2 samples, mean = 1.5 (flags = 0x41)
0  O                                                                         (0 = 0.0%)
1  -O                                                                        (1 = 50.0%) {0.0%}
2  -O                                                                        (1 = 50.0%) {50.0%}
3  ... 

Histogram: Blink.HTMLParsing.InputCharacterCount4 recorded 2 samples, mean = 87048.0 (flags = 0x41)
0       ... 
19866   -O                                                                        (1 = 50.0%) {0.0%}
27562   ... 
141691  -O                                                                        (1 = 50.0%) {50.0%}
196583  ... 

Histogram: Blink.HTMLParsing.ParsingTimeMax4 recorded 2 samples, mean = 2490.0 (flags = 0x41)
0     ... 
1424  -O                                                                        (1 = 50.0%) {0.0%}
1446  ... 
3515  -O                                                                        (1 = 50.0%) {50.0%}
3569  ... 

Histogram: Blink.HTMLParsing.ParsingTimeMin4 recorded 2 samples, mean = 753.5 (flags = 0x41)
0     ... 
77    -O                                                                        (1 = 50.0%) {0.0%}
88    ... 
1330  -O                                                                        (1 = 50.0%) {50.0%}
1514  ... 

Histogram: Blink.HTMLParsing.ParsingTimeTotal4 recorded 2 samples, mean = 2529.0 (flags = 0x41)
0     ... 
1424  -O                                                                        (1 = 50.0%) {0.0%}
1446  ... 
3624  -O                                                                        (1 = 50.0%) {50.0%}
3680  ... 

Histogram: Blink.HTMLParsing.PreloadRequestCount recorded 2 samples, mean = 16.0 (flags = 0x41)
0   -O                                                                        (1 = 50.0%)
1   ... 
29  -O                                                                        (1 = 50.0%) {50.0%}
33  ... 

Histogram: Blink.HTMLParsing.TimeToDeferredPumpTokenizer4 recorded 2 samples, mean = 398.5 (flags = 0x41)
0    ... 
148  -O                                                                        (1 = 50.0%) {0.0%}
168  ... 
610  -O                                                                        (1 = 50.0%) {50.0%}
695  ... 

Histogram: Blink.HTMLParsing.TokensParsedAverage4 recorded 2 samples, mean = 83.0 (flags = 0x41)
0    ... 
37   -O                                                                        (1 = 50.0%) {0.0%}
49   ... 
113  -O                                                                        (1 = 50.0%) {50.0%}
149  ... 

Histogram: Blink.HTMLParsing.TokensParsedMax4 recorded 2 samples, mean = 89.5 (flags = 0x41)
0    ... 
49   -O                                                                        (1 = 50.0%) {0.0%}
65   ... 
113  -O                                                                        (1 = 50.0%) {50.0%}
149  ... 

Histogram: Blink.HTMLParsing.TokensParsedMin4 recorded 2 samples, mean = 76.5 (flags = 0x41)
0    ... 
24   -O                                                                        (1 = 50.0%) {0.0%}
29   ... 
114  -O                                                                        (1 = 50.0%) {50.0%}
135  ... 

Histogram: Blink.HTMLParsing.TokensParsedTotal4 recorded 2 samples, mean = 103.0 (flags = 0x41)
0    ... 
76   -O                                                                        (1 = 50.0%) {0.0%}
105  -O                                                                        (1 = 50.0%) {50.0%}
146  ... 

Histogram: Blink.HTMLParsing.YieldedTimeAverage4 recorded 2 samples, mean = 13299.0 (flags = 0x41)
0      ... 
79     -O                                                                        (1 = 50.0%) {0.0%}
92     ... 
23984  -O                                                                        (1 = 50.0%) {50.0%}
27996  ... 

Histogram: Blink.HTMLParsing.YieldedTimeMax4 recorded 2 samples, mean = 26274.0 (flags = 0x41)
0      ... 
169    -O                                                                        (1 = 50.0%) {0.0%}
172    ... 
52175  -O                                                                        (1 = 50.0%) {50.0%}
52981  ... 

Histogram: Blink.HTMLParsing.YieldedTimeMin4 recorded 2 samples, mean = 333.5 (flags = 0x41)
0    ... 
27   -O                                                                        (1 = 50.0%) {0.0%}
32   ... 
586  -O                                                                        (1 = 50.0%) {50.0%}
684  ... 

Histogram: Blink.History.VisitedLinks.IsLinkStyledAsVisited recorded 63 samples, mean = 0.0 (flags = 0x41)
0  ---------------------------------------------------------------O          (63 = 100.0%)
1  ... 

Histogram: Blink.JavascriptDocumentUpdate.UpdateTime.PreFCP recorded 2 samples, mean = 4.5 (flags = 0x41)
0  ... 
3  -O                                                                        (1 = 50.0%) {0.0%}
4  O                                                                         (0 = 0.0%) {50.0%}
6  -O                                                                        (1 = 50.0%) {50.0%}
8  ... 

Histogram: Blink.LCPP.DeferUnusedPreload.DeferredResourceCount recorded 4 samples, mean = 0.0 (flags = 0x41)
0  ----O                                                                     (4 = 100.0%)
1  ... 

Histogram: Blink.Layout.InlineNode.ShapeText.MaxTime.InOutermostMainFrame3 recorded 2 samples, mean = 0.0 (flags = 0x41)
0  --O                                                                       (2 = 100.0%)
1  ... 

Histogram: Blink.Layout.InlineNode.ShapeText.TotalTime.InOutermostMainFrame3 recorded 2 samples, mean = 0.0 (flags = 0x41)
0  --O                                                                       (2 = 100.0%)
1  ... 

Histogram: Blink.Layout.SVGImage.Count.InOutermostMainFrame recorded 2 samples, mean = 0.5 (flags = 0x41)
0  -O                                                                        (1 = 50.0%)
1  -O                                                                        (1 = 50.0%) {50.0%}
2  ... 

Histogram: Blink.Layout.SVGImage.TotalTime.InOutermostMainFrame recorded 2 samples, mean = 5554.5 (flags = 0x41)
0      -O                                                                        (1 = 50.0%)
1      ... 
10321  -O                                                                        (1 = 50.0%) {50.0%}
14319  ... 

Histogram: Blink.MainFrame.UpdateTime.PreFCP recorded 72 samples, mean = 2037.3 (flags = 0x41)
0      ... 
29     --O                                                                       (2 = 2.8%) {0.0%}
40     --O                                                                       (2 = 2.8%) {2.8%}
55     ----O                                                                     (4 = 5.6%) {5.6%}
76     ---------------------------------O                                        (33 = 45.8%) {11.1%}
105    ---------O                                                                (9 = 12.5%) {56.9%}
146    O                                                                         (0 = 0.0%) {69.4%}
203    ---O                                                                      (3 = 4.2%) {69.4%}
282    ... 
542    ---O                                                                      (3 = 4.2%) {73.6%}
752    --O                                                                       (2 = 2.8%) {77.8%}
1043   ---O                                                                      (3 = 4.2%) {80.6%}
1447   --O                                                                       (2 = 2.8%) {84.7%}
2008   -O                                                                        (1 = 1.4%) {87.5%}
2786   ---O                                                                      (3 = 4.2%) {88.9%}
3865   O                                                                         (0 = 0.0%) {93.1%}
5362   -O                                                                        (1 = 1.4%) {93.1%}
7439   -O                                                                        (1 = 1.4%) {94.4%}
10321  -O                                                                        (1 = 1.4%) {95.8%}
14319  O                                                                         (0 = 0.0%) {97.2%}
19866  -O                                                                        (1 = 1.4%) {97.2%}
27562  ... 
53055  -O                                                                        (1 = 1.4%) {98.6%}
73609  ... 

Histogram: Blink.MemoryCache.PageSavedResourceStrongReferenceSize recorded 1 samples, mean = 0.0 (flags = 0x41)
0  -O                                                                        (1 = 100.0%)
1  ... 

Histogram: Blink.MemoryCache.RevalidationPolicy.AsyncScript recorded 50 samples, mean = 1.6 (flags = 0x41)
0  -----------------------O                                                  (23 = 46.0%)
1  ... 
3  ---------------------------O                                              (27 = 54.0%) {46.0%}
4  ... 

Histogram: Blink.MemoryCache.RevalidationPolicy.CSSStyleSheet recorded 7 samples, mean = 0.0 (flags = 0x41)
0  -------O                                                                  (7 = 100.0%)
1  ... 

Histogram: Blink.MemoryCache.RevalidationPolicy.Dead.CSSStyleSheet recorded 1 samples, mean = 0.0 (flags = 0x41)
0  -O                                                                        (1 = 100.0%)
1  ... 

Histogram: Blink.MemoryCache.RevalidationPolicy.Dead.Font recorded 1 samples, mean = 0.0 (flags = 0x41)
0  -O                                                                        (1 = 100.0%)
1  ... 

Histogram: Blink.MemoryCache.RevalidationPolicy.Dead.Script recorded 21 samples, mean = 0.0 (flags = 0x41)
0  ---------------------O                                                    (21 = 100.0%)
1  ... 

Histogram: Blink.MemoryCache.RevalidationPolicy.Font recorded 23 samples, mean = 4.0 (flags = 0x41)
0  -O                                                                        (1 = 4.3%)
1  ... 
4  ------------------O                                                       (18 = 78.3%) {4.3%}
5  ----O                                                                     (4 = 17.4%) {82.6%}
6  O                                                                         (0 = 0.0%) {100.0%}

Histogram: Blink.MemoryCache.RevalidationPolicy.Image recorded 44 samples, mean = 4.0 (flags = 0x41)
0  ... 
3  -O                                                                        (1 = 2.3%) {0.0%}
4  -------------------------------------------O                              (43 = 97.7%) {2.3%}
5  ... 

Histogram: Blink.MemoryCache.RevalidationPolicy.Manifest recorded 1 samples, mean = 3.0 (flags = 0x41)
0  ... 
3  -O                                                                        (1 = 100.0%) {0.0%}
4  ... 

Histogram: Blink.MemoryCache.RevalidationPolicy.Preload.CSSStyleSheet recorded 13 samples, mean = 1.6 (flags = 0x41)
0  ------O                                                                   (6 = 46.2%)
1  ... 
3  -------O                                                                  (7 = 53.8%) {46.2%}
4  ... 

Histogram: Blink.MemoryCache.RevalidationPolicy.Preload.Font recorded 2 samples, mean = 1.5 (flags = 0x41)
0  -O                                                                        (1 = 50.0%)
1  ... 
3  -O                                                                        (1 = 50.0%) {50.0%}
4  ... 

Histogram: Blink.MemoryCache.RevalidationPolicy.Preload.Image recorded 1 samples, mean = 3.0 (flags = 0x41)
0  ... 
3  -O                                                                        (1 = 100.0%) {0.0%}
4  ... 

Histogram: Blink.MemoryCache.RevalidationPolicy.Preload.Script recorded 24 samples, mean = 2.8 (flags = 0x41)
0  --O                                                                       (2 = 8.3%)
1  ... 
3  ----------------------O                                                   (22 = 91.7%) {8.3%}
4  ... 

Histogram: Blink.MemoryCache.RevalidationPolicy.Raw recorded 15 samples, mean = 3.0 (flags = 0x41)
0  ... 
3  ---------------O                                                          (15 = 100.0%) {0.0%}
4  ... 

Histogram: Blink.MemoryCache.RevalidationPolicy.Script recorded 28 samples, mean = 0.6 (flags = 0x41)
0  ----------------------O                                                   (22 = 78.6%)
1  ... 
3  ------O                                                                   (6 = 21.4%) {78.6%}
4  ... 

Histogram: Blink.Network.DataUrlLength recorded 1 samples, mean = 13590.0 (flags = 0x41)
0      ... 
10321  -O                                                                        (1 = 100.0%) {0.0%}
14319  ... 

Histogram: Blink.Network.DataUrlLength.Image recorded 1 samples, mean = 13590.0 (flags = 0x41)
0      ... 
10321  -O                                                                        (1 = 100.0%) {0.0%}
14319  ... 

Histogram: Blink.Network.ParseDataURLTime recorded 1 samples, mean = 62.0 (flags = 0x41)
0   ... 
55  -O                                                                        (1 = 100.0%) {0.0%}
76  ... 

Histogram: Blink.Network.ParseDataURLTime.Image recorded 1 samples, mean = 62.0 (flags = 0x41)
0   ... 
55  -O                                                                        (1 = 100.0%) {0.0%}
76  ... 

Histogram: Blink.Network.ParseDataURLTime.Image.Under100000Char recorded 1 samples, mean = 62.0 (flags = 0x41)
0   ... 
55  -O                                                                        (1 = 100.0%) {0.0%}
76  ... 

Histogram: Blink.Network.ParseDataURLTime.Under100000Char recorded 1 samples, mean = 62.0 (flags = 0x41)
0   ... 
55  -O                                                                        (1 = 100.0%) {0.0%}
76  ... 

Histogram: Blink.PreloadRequestStartDuration recorded 40 samples, mean = 52.1 (flags = 0x41)
0    ... 
11   ----O                                                                     (4 = 10.0%) {0.0%}
15   ---O                                                                      (3 = 7.5%) {10.0%}
21   ----------------O                                                         (16 = 40.0%) {17.5%}
29   -----O                                                                    (5 = 12.5%) {57.5%}
40   --O                                                                       (2 = 5.0%) {70.0%}
55   -----O                                                                    (5 = 12.5%) {75.0%}
76   ---O                                                                      (3 = 7.5%) {87.5%}
105  ... 
282  -O                                                                        (1 = 2.5%) {95.0%}
391  -O                                                                        (1 = 2.5%) {97.5%}
542  ... 

Histogram: Blink.PreloadRequestWaitTime recorded 30 samples, mean = 1.0 (flags = 0x41)
0  -O                                                                        (1 = 3.3%)
1  -----------------------------O                                            (29 = 96.7%) {3.3%}
2  ... 

Histogram: Blink.PrepareToStopParsingTime recorded 60 samples, mean = 0.3 (flags = 0x41)
0  ---------------------------------------------------------O                (57 = 95.0%)
1  ... 
5  --O                                                                       (2 = 3.3%) {95.0%}
6  ... 
8  -O                                                                        (1 = 1.7%) {98.3%}
10 ... 

Histogram: Blink.PumpTokenizerTime recorded 120 samples, mean = 0.5 (flags = 0x41)
0   ------------------------------------------------------------------------O (114 = 95.0%)
1   -O                                                                        (1 = 0.8%) {95.0%}
2   O                                                                         (0 = 0.0%) {95.8%}
3   -O                                                                        (1 = 0.8%) {95.8%}
4   O                                                                         (0 = 0.0%) {96.7%}
5   -O                                                                        (1 = 0.8%) {96.7%}
6   -O                                                                        (1 = 0.8%) {97.5%}
7   ... 
10  -O                                                                        (1 = 0.8%) {98.3%}
12  ... 
29  -O                                                                        (1 = 0.8%) {99.2%}
34  ... 

Histogram: Blink.ResourceRequest.BackgroundResourceFetchSupportStatus recorded 62 samples, mean = 0.2 (flags = 0x41)
0  -------------------------------------------------------O                  (55 = 88.7%)
1  O                                                                         (0 = 0.0%) {88.7%}
2  -------O                                                                  (7 = 11.3%) {88.7%}
3  ... 

Histogram: Blink.ResourceRequest.CompletionDelay2 recorded 59 samples, mean = 9.3 (flags = 0x41)
0   -----------------------------------------O                                (41 = 69.5%)
1   --O                                                                       (2 = 3.4%) {69.5%}
2   ... 
4   -O                                                                        (1 = 1.7%) {72.9%}
5   -O                                                                        (1 = 1.7%) {74.6%}
6   -O                                                                        (1 = 1.7%) {76.3%}
7   ... 
10  -O                                                                        (1 = 1.7%) {78.0%}
12  --O                                                                       (2 = 3.4%) {79.7%}
14  ... 
24  -O                                                                        (1 = 1.7%) {83.1%}
29  ---O                                                                      (3 = 5.1%) {84.7%}
34  ... 
48  ----O                                                                     (4 = 6.8%) {89.8%}
57  -O                                                                        (1 = 1.7%) {96.6%}
68  ... 
96  -O                                                                        (1 = 1.7%) {98.3%}
114 ... 

Histogram: Blink.ResourceRequest.RedirectDelay2 recorded 3 samples, mean = 0.7 (flags = 0x41)
0  --O                                                                       (2 = 66.7%)
1  O                                                                         (0 = 0.0%) {66.7%}
2  -O                                                                        (1 = 33.3%) {66.7%}
3  ... 

Histogram: Blink.ResourceRequest.ResponseDelay2 recorded 58 samples, mean = 13.4 (flags = 0x41)
0    -----------------------------------O                                      (35 = 60.3%)
1    ----O                                                                     (4 = 6.9%) {60.3%}
2    ... 
5    -O                                                                        (1 = 1.7%) {67.2%}
6    -O                                                                        (1 = 1.7%) {69.0%}
7    O                                                                         (0 = 0.0%) {70.7%}
8    -O                                                                        (1 = 1.7%) {70.7%}
10   -O                                                                        (1 = 1.7%) {72.4%}
12   --O                                                                       (2 = 3.4%) {74.1%}
14   O                                                                         (0 = 0.0%) {77.6%}
17   -O                                                                        (1 = 1.7%) {77.6%}
20   -O                                                                        (1 = 1.7%) {79.3%}
24   O                                                                         (0 = 0.0%) {81.0%}
29   ---O                                                                      (3 = 5.2%) {81.0%}
34   -O                                                                        (1 = 1.7%) {86.2%}
40   O                                                                         (0 = 0.0%) {87.9%}
48   ---O                                                                      (3 = 5.2%) {87.9%}
57   -O                                                                        (1 = 1.7%) {93.1%}
68   -O                                                                        (1 = 1.7%) {94.8%}
81   ... 
114  --O                                                                       (2 = 3.4%) {96.6%}
135  ... 

Histogram: Blink.ResourceRequest.StartDelay2 recorded 55 samples, mean = 195.5 (flags = 0x41)
0    O                                                                         (0 = 0.0%)
1    ----O                                                                     (4 = 7.3%) {0.0%}
2    -O                                                                        (1 = 1.8%) {7.3%}
3    --O                                                                       (2 = 3.6%) {9.1%}
4    ... 
10   --O                                                                       (2 = 3.6%) {12.7%}
12   -O                                                                        (1 = 1.8%) {16.4%}
14   --O                                                                       (2 = 3.6%) {18.2%}
17   -O                                                                        (1 = 1.8%) {21.8%}
20   -O                                                                        (1 = 1.8%) {23.6%}
24   -O                                                                        (1 = 1.8%) {25.5%}
29   ----O                                                                     (4 = 7.3%) {27.3%}
34   -O                                                                        (1 = 1.8%) {34.5%}
40   ---O                                                                      (3 = 5.5%) {36.4%}
48   --O                                                                       (2 = 3.6%) {41.8%}
57   O                                                                         (0 = 0.0%) {45.5%}
68   -------O                                                                  (7 = 12.7%) {45.5%}
81   ... 
190  ----O                                                                     (4 = 7.3%) {58.2%}
226  ----O                                                                     (4 = 7.3%) {65.5%}
268  -O                                                                        (1 = 1.8%) {72.7%}
318  ----O                                                                     (4 = 7.3%) {74.5%}
378  -O                                                                        (1 = 1.8%) {81.8%}
449  O                                                                         (0 = 0.0%) {83.6%}
533  ----O                                                                     (4 = 7.3%) {83.6%}
633  -----O                                                                    (5 = 9.1%) {90.9%}
752  ... 

Histogram: Blink.SVGImage.DataChanged recorded 2 samples, mean = 6415.5 (flags = 0x41)
0      ... 
1447   -O                                                                        (1 = 50.0%) {0.0%}
2008   ... 
10321  -O                                                                        (1 = 50.0%) {50.0%}
14319  ... 

Histogram: Blink.SVGImage.IsolatedSVGDocumentHostCreationTime recorded 2 samples, mean = 678.0 (flags = 0x41)
0    ... 
391  -O                                                                        (1 = 50.0%) {0.0%}
542  O                                                                         (0 = 0.0%) {50.0%}
752  -O                                                                        (1 = 50.0%) {50.0%}
1043 ... 

Histogram: Blink.ScanAndPreloadTime.MainFrame.Initial recorded 2 samples, mean = 1.0 (flags = 0x41)
0  O                                                                         (0 = 0.0%)
1  --O                                                                       (2 = 100.0%) {0.0%}
2  ... 

Histogram: Blink.ScanAndPreloadTime.MainFrame.NonInitial recorded 3 samples, mean = 0.0 (flags = 0x41)
0  ---O                                                                      (3 = 100.0%)
1  ... 

Histogram: Blink.ScanAndPreloadTime.Subframe.Initial recorded 1 samples, mean = 0.0 (flags = 0x41)
0  -O                                                                        (1 = 100.0%)
1  ... 

Histogram: Blink.ScanAndPreloadTime2.MainFrame.Initial recorded 2 samples, mean = 1610.5 (flags = 0x41)
0     ... 
1043  -O                                                                        (1 = 50.0%) {0.0%}
1447  -O                                                                        (1 = 50.0%) {50.0%}
2008  ... 

Histogram: Blink.ScanAndPreloadTime2.MainFrame.NonInitial recorded 3 samples, mean = 76.7 (flags = 0x41)
0    -O                                                                        (1 = 33.3%)
1    ... 
6    -O                                                                        (1 = 33.3%) {33.3%}
8    ... 
203  -O                                                                        (1 = 33.3%) {66.7%}
282  ... 

Histogram: Blink.ScanAndPreloadTime2.Preload.MainFrame.Initial recorded 2 samples, mean = 500.0 (flags = 0x41)
0    ... 
4    -O                                                                        (1 = 50.0%) {0.0%}
6    ... 
752  -O                                                                        (1 = 50.0%) {50.0%}
1043 ... 

Histogram: Blink.ScanAndPreloadTime2.Preload.MainFrame.NonInitial recorded 3 samples, mean = 0.3 (flags = 0x41)
0  --O                                                                       (2 = 66.7%)
1  -O                                                                        (1 = 33.3%) {66.7%}
2  ... 

Histogram: Blink.ScanAndPreloadTime2.Preload.Subframe.Initial recorded 1 samples, mean = 3.0 (flags = 0x41)
0  ... 
3  -O                                                                        (1 = 100.0%) {0.0%}
4  ... 

Histogram: Blink.ScanAndPreloadTime2.Scan.MainFrame.Initial recorded 2 samples, mean = 1098.5 (flags = 0x41)
0     ... 
752   -O                                                                        (1 = 50.0%) {0.0%}
1043  -O                                                                        (1 = 50.0%) {50.0%}
1447  ... 

Histogram: Blink.ScanAndPreloadTime2.Scan.MainFrame.NonInitial recorded 3 samples, mean = 72.0 (flags = 0x41)
0    --O                                                                       (2 = 66.7%)
1    ... 
203  -O                                                                        (1 = 33.3%) {66.7%}
282  ... 

Histogram: Blink.ScanAndPreloadTime2.Scan.Subframe.Initial recorded 1 samples, mean = 30.0 (flags = 0x41)
0   ... 
29  -O                                                                        (1 = 100.0%) {0.0%}
40  ... 

Histogram: Blink.ScanAndPreloadTime2.Subframe.Initial recorded 1 samples, mean = 39.0 (flags = 0x41)
0   ... 
29  -O                                                                        (1 = 100.0%) {0.0%}
40  ... 

Histogram: Blink.Script.AsyncScript.FromReadyToStartExecution.Time recorded 28 samples, mean = 0.2 (flags = 0x41)
0  -----------------------O                                                  (23 = 82.1%)
1  ---O                                                                      (3 = 10.7%) {82.1%}
2  --O                                                                       (2 = 7.1%) {92.9%}
3  ... 

Histogram: Blink.Script.SchedulingType recorded 46 samples, mean = 5.3 (flags = 0x41)
0  ... 
3  -O                                                                        (1 = 2.2%) {0.0%}
4  O                                                                         (0 = 0.0%) {2.2%}
5  ---------------------------O                                              (27 = 58.7%) {2.2%}
6  ------------------O                                                       (18 = 39.1%) {60.9%}
7  ... 

Histogram: Blink.SetCookieTime recorded 1 samples, mean = 0.0 (flags = 0x41)
0  -O                                                                        (1 = 100.0%)
1  ... 

Histogram: Blink.UseCounter.AnimatedCSSProperties recorded 1 samples, mean = 1.0 (flags = 0x41)
0  O                                                                         (0 = 0.0%)
1  -O                                                                        (1 = 100.0%) {0.0%}
2  ... 

Histogram: Blink.UseCounter.CSSProperties recorded 98 samples, mean = 276.7 (flags = 0x41)
0    O                                                                         (0 = 0.0%)
1    -O                                                                        (1 = 1.0%) {0.0%}
2    -O                                                                        (1 = 1.0%) {1.0%}
3    -O                                                                        (1 = 1.0%) {2.0%}
4    -O                                                                        (1 = 1.0%) {3.1%}
5    -O                                                                        (1 = 1.0%) {4.1%}
6    -O                                                                        (1 = 1.0%) {5.1%}
7    -O                                                                        (1 = 1.0%) {6.1%}
8    -O                                                                        (1 = 1.0%) {7.1%}
9    O                                                                         (0 = 0.0%) {8.2%}
10   -O                                                                        (1 = 1.0%) {8.2%}
11   ... 
14   -O                                                                        (1 = 1.0%) {9.2%}
15   ... 
20   -O                                                                        (1 = 1.0%) {10.2%}
21   -O                                                                        (1 = 1.0%) {11.2%}
22   ... 
24   -O                                                                        (1 = 1.0%) {12.2%}
25   ... 
34   -O                                                                        (1 = 1.0%) {13.3%}
35   ... 
42   -O                                                                        (1 = 1.0%) {14.3%}
43   ... 
53   -O                                                                        (1 = 1.0%) {15.3%}
54   ... 
59   -O                                                                        (1 = 1.0%) {16.3%}
60   ... 
66   -O                                                                        (1 = 1.0%) {17.3%}
67   ... 
69   -O                                                                        (1 = 1.0%) {18.4%}
70   ... 
72   -O                                                                        (1 = 1.0%) {19.4%}
73   O                                                                         (0 = 0.0%) {20.4%}
74   -O                                                                        (1 = 1.0%) {20.4%}
75   ... 
77   -O                                                                        (1 = 1.0%) {21.4%}
78   ... 
81   -O                                                                        (1 = 1.0%) {22.4%}
82   ... 
84   -O                                                                        (1 = 1.0%) {23.5%}
85   ... 
89   -O                                                                        (1 = 1.0%) {24.5%}
90   ... 
95   -O                                                                        (1 = 1.0%) {25.5%}
96   -O                                                                        (1 = 1.0%) {26.5%}
97   -O                                                                        (1 = 1.0%) {27.6%}
98   -O                                                                        (1 = 1.0%) {28.6%}
99   O                                                                         (0 = 0.0%) {29.6%}
100  -O                                                                        (1 = 1.0%) {29.6%}
101  ... 
105  -O                                                                        (1 = 1.0%) {30.6%}
106  -O                                                                        (1 = 1.0%) {31.6%}
107  -O                                                                        (1 = 1.0%) {32.7%}
108  O                                                                         (0 = 0.0%) {33.7%}
109  -O                                                                        (1 = 1.0%) {33.7%}
110  ... 
118  -O                                                                        (1 = 1.0%) {34.7%}
119  -O                                                                        (1 = 1.0%) {35.7%}
120  ... 
124  -O                                                                        (1 = 1.0%) {36.7%}
125  ... 
127  -O                                                                        (1 = 1.0%) {37.8%}
128  -O                                                                        (1 = 1.0%) {38.8%}
129  -O                                                                        (1 = 1.0%) {39.8%}
130  ... 
143  -O                                                                        (1 = 1.0%) {40.8%}
144  ... 
150  -O                                                                        (1 = 1.0%) {41.8%}
151  O                                                                         (0 = 0.0%) {42.9%}
152  -O                                                                        (1 = 1.0%) {42.9%}
153  -O                                                                        (1 = 1.0%) {43.9%}
154  -O                                                                        (1 = 1.0%) {44.9%}
155  O                                                                         (0 = 0.0%) {45.9%}
156  -O                                                                        (1 = 1.0%) {45.9%}
157  -O                                                                        (1 = 1.0%) {46.9%}
158  O                                                                         (0 = 0.0%) {48.0%}
159  -O                                                                        (1 = 1.0%) {48.0%}
160  O                                                                         (0 = 0.0%) {49.0%}
161  -O                                                                        (1 = 1.0%) {49.0%}
162  -O                                                                        (1 = 1.0%) {50.0%}
163  O                                                                         (0 = 0.0%) {51.0%}
164  -O                                                                        (1 = 1.0%) {51.0%}
165  -O                                                                        (1 = 1.0%) {52.0%}
166  ... 
175  -O                                                                        (1 = 1.0%) {53.1%}
176  ... 
231  -O                                                                        (1 = 1.0%) {54.1%}
232  -O                                                                        (1 = 1.0%) {55.1%}
233  O                                                                         (0 = 0.0%) {56.1%}
234  -O                                                                        (1 = 1.0%) {56.1%}
235  -O                                                                        (1 = 1.0%) {57.1%}
236  O                                                                         (0 = 0.0%) {58.2%}
237  -O                                                                        (1 = 1.0%) {58.2%}
238  -O                                                                        (1 = 1.0%) {59.2%}
239  -O                                                                        (1 = 1.0%) {60.2%}
240  -O                                                                        (1 = 1.0%) {61.2%}
241  O                                                                         (0 = 0.0%) {62.2%}
242  -O                                                                        (1 = 1.0%) {62.2%}
243  ... 
303  -O                                                                        (1 = 1.0%) {63.3%}
304  ... 
369  -O                                                                        (1 = 1.0%) {64.3%}
370  -O                                                                        (1 = 1.0%) {65.3%}
371  ... 
415  -O                                                                        (1 = 1.0%) {66.3%}
416  ... 
432  -O                                                                        (1 = 1.0%) {67.3%}
433  -O                                                                        (1 = 1.0%) {68.4%}
434  ... 
437  -O                                                                        (1 = 1.0%) {69.4%}
438  ... 
446  -O                                                                        (1 = 1.0%) {70.4%}
447  ... 
508  -O                                                                        (1 = 1.0%) {71.4%}
509  ... 
514  -O                                                                        (1 = 1.0%) {72.4%}
515  -O                                                                        (1 = 1.0%) {73.5%}
516  -O                                                                        (1 = 1.0%) {74.5%}
517  ... 
537  -O                                                                        (1 = 1.0%) {75.5%}
538  ... 
549  -O                                                                        (1 = 1.0%) {76.5%}
550  ... 
556  -O                                                                        (1 = 1.0%) {77.6%}
557  ... 
563  -O                                                                        (1 = 1.0%) {78.6%}
564  ... 
591  -O                                                                        (1 = 1.0%) {79.6%}
592  -O                                                                        (1 = 1.0%) {80.6%}
593  O                                                                         (0 = 0.0%) {81.6%}
594  -O                                                                        (1 = 1.0%) {81.6%}
595  -O                                                                        (1 = 1.0%) {82.7%}
596  ... 
598  -O                                                                        (1 = 1.0%) {83.7%}
599  -O                                                                        (1 = 1.0%) {84.7%}
600  ... 
618  -O                                                                        (1 = 1.0%) {85.7%}
619  -O                                                                        (1 = 1.0%) {86.7%}
620  -O                                                                        (1 = 1.0%) {87.8%}
621  -O                                                                        (1 = 1.0%) {88.8%}
622  ... 
636  -O                                                                        (1 = 1.0%) {89.8%}
637  ... 
657  -O                                                                        (1 = 1.0%) {90.8%}
658  -O                                                                        (1 = 1.0%) {91.8%}
659  ... 
662  -O                                                                        (1 = 1.0%) {92.9%}
663  ... 
672  -O                                                                        (1 = 1.0%) {93.9%}
673  -O                                                                        (1 = 1.0%) {94.9%}
674  O                                                                         (0 = 0.0%) {95.9%}
675  -O                                                                        (1 = 1.0%) {95.9%}
676  ... 
696  -O                                                                        (1 = 1.0%) {96.9%}
697  ... 
746  -O                                                                        (1 = 1.0%) {98.0%}
747  ... 
770  -O                                                                        (1 = 1.0%) {99.0%}
771  ... 

Histogram: Blink.UseCounter.DocumentPolicy.Header recorded 1 samples, mean = 11.0 (flags = 0x41)
0   ... 
11  -O                                                                        (1 = 100.0%) {0.0%}
12  ... 

Histogram: Blink.UseCounter.FeaturePolicy.Header recorded 32 samples, mean = 31.6 (flags = 0x41)
0   ... 
2   --O                                                                       (2 = 6.2%) {0.0%}
3   ... 
5   --O                                                                       (2 = 6.2%) {6.2%}
6   --O                                                                       (2 = 6.2%) {12.5%}
7   O                                                                         (0 = 0.0%) {18.8%}
8   --O                                                                       (2 = 6.2%) {18.8%}
9   ... 
13  --O                                                                       (2 = 6.2%) {25.0%}
14  --O                                                                       (2 = 6.2%) {31.2%}
15  ... 
17  --O                                                                       (2 = 6.2%) {37.5%}
18  O                                                                         (0 = 0.0%) {43.8%}
19  --O                                                                       (2 = 6.2%) {43.8%}
20  --O                                                                       (2 = 6.2%) {50.0%}
21  ... 
31  --O                                                                       (2 = 6.2%) {56.2%}
32  ... 
42  --O                                                                       (2 = 6.2%) {62.5%}
43  --O                                                                       (2 = 6.2%) {68.8%}
44  ... 
66  --O                                                                       (2 = 6.2%) {75.0%}
67  --O                                                                       (2 = 6.2%) {81.2%}
68  ... 
76  --O                                                                       (2 = 6.2%) {87.5%}
77  --O                                                                       (2 = 6.2%) {93.8%}
78  ... 

Histogram: Blink.UseCounter.Features recorded 186 samples, mean = 2269.9 (flags = 0x41)
0     ... 
13    -O                                                                        (1 = 0.5%) {0.0%}
14    ... 
16    -O                                                                        (1 = 0.5%) {0.5%}
17    ... 
52    -O                                                                        (1 = 0.5%) {1.1%}
53    ... 
69    -O                                                                        (1 = 0.5%) {1.6%}
70    ... 
123   -O                                                                        (1 = 0.5%) {2.2%}
124   -O                                                                        (1 = 0.5%) {2.7%}
125   -O                                                                        (1 = 0.5%) {3.2%}
126   ... 
138   -O                                                                        (1 = 0.5%) {3.8%}
139   ... 
240   -O                                                                        (1 = 0.5%) {4.3%}
241   ... 
250   -O                                                                        (1 = 0.5%) {4.8%}
251   ... 
429   -O                                                                        (1 = 0.5%) {5.4%}
430   -O                                                                        (1 = 0.5%) {5.9%}
431   -O                                                                        (1 = 0.5%) {6.5%}
432   -O                                                                        (1 = 0.5%) {7.0%}
433   ... 
469   -O                                                                        (1 = 0.5%) {7.5%}
470   ... 
494   -O                                                                        (1 = 0.5%) {8.1%}
495   ... 
522   -O                                                                        (1 = 0.5%) {8.6%}
523   -O                                                                        (1 = 0.5%) {9.1%}
524   -O                                                                        (1 = 0.5%) {9.7%}
525   ... 
540   -O                                                                        (1 = 0.5%) {10.2%}
541   ... 
587   -O                                                                        (1 = 0.5%) {10.8%}
588   -O                                                                        (1 = 0.5%) {11.3%}
589   ... 
675   -O                                                                        (1 = 0.5%) {11.8%}
676   O                                                                         (0 = 0.0%) {12.4%}
677   -O                                                                        (1 = 0.5%) {12.4%}
678   ... 
710   -O                                                                        (1 = 0.5%) {12.9%}
711   -O                                                                        (1 = 0.5%) {13.4%}
712   -O                                                                        (1 = 0.5%) {14.0%}
713   ... 
717   -O                                                                        (1 = 0.5%) {14.5%}
718   ... 
730   -O                                                                        (1 = 0.5%) {15.1%}
731   ... 
744   -O                                                                        (1 = 0.5%) {15.6%}
745   ... 
780   -O                                                                        (1 = 0.5%) {16.1%}
781   -O                                                                        (1 = 0.5%) {16.7%}
782   ... 
786   -O                                                                        (1 = 0.5%) {17.2%}
787   -O                                                                        (1 = 0.5%) {17.7%}
788   ... 
804   -O                                                                        (1 = 0.5%) {18.3%}
805   ... 
900   -O                                                                        (1 = 0.5%) {18.8%}
901   -O                                                                        (1 = 0.5%) {19.4%}
902   ... 
907   -O                                                                        (1 = 0.5%) {19.9%}
908   ... 
954   -O                                                                        (1 = 0.5%) {20.4%}
955   ... 
970   -O                                                                        (1 = 0.5%) {21.0%}
971   O                                                                         (0 = 0.0%) {21.5%}
972   -O                                                                        (1 = 0.5%) {21.5%}
973   -O                                                                        (1 = 0.5%) {22.0%}
974   ... 
976   -O                                                                        (1 = 0.5%) {22.6%}
977   ... 
1023  -O                                                                        (1 = 0.5%) {23.1%}
1024  ... 
1069  -O                                                                        (1 = 0.5%) {23.7%}
1070  -O                                                                        (1 = 0.5%) {24.2%}
1071  ... 
1075  -O                                                                        (1 = 0.5%) {24.7%}
1076  -O                                                                        (1 = 0.5%) {25.3%}
1077  ... 
1124  -O                                                                        (1 = 0.5%) {25.8%}
1125  ... 
1302  -O                                                                        (1 = 0.5%) {26.3%}
1303  ... 
1347  -O                                                                        (1 = 0.5%) {26.9%}
1348  ... 
1351  -O                                                                        (1 = 0.5%) {27.4%}
1352  ... 
1354  -O                                                                        (1 = 0.5%) {28.0%}
1355  ... 
1368  -O                                                                        (1 = 0.5%) {28.5%}
1369  ... 
1417  -O                                                                        (1 = 0.5%) {29.0%}
1418  ... 
1441  -O                                                                        (1 = 0.5%) {29.6%}
1442  ... 
1458  -O                                                                        (1 = 0.5%) {30.1%}
1459  -O                                                                        (1 = 0.5%) {30.6%}
1460  ... 
1462  -O                                                                        (1 = 0.5%) {31.2%}
1463  -O                                                                        (1 = 0.5%) {31.7%}
1464  ... 
1467  -O                                                                        (1 = 0.5%) {32.3%}
1468  ... 
1502  -O                                                                        (1 = 0.5%) {32.8%}
1503  ... 
1692  -O                                                                        (1 = 0.5%) {33.3%}
1693  -O                                                                        (1 = 0.5%) {33.9%}
1694  ... 
1827  -O                                                                        (1 = 0.5%) {34.4%}
1828  ... 
2013  -O                                                                        (1 = 0.5%) {34.9%}
2014  ... 
2077  -O                                                                        (1 = 0.5%) {35.5%}
2078  ... 
2094  -O                                                                        (1 = 0.5%) {36.0%}
2095  O                                                                         (0 = 0.0%) {36.6%}
2096  -O                                                                        (1 = 0.5%) {36.6%}
2097  ... 
2100  -O                                                                        (1 = 0.5%) {37.1%}
2101  ... 
2112  -O                                                                        (1 = 0.5%) {37.6%}
2113  ... 
2121  -O                                                                        (1 = 0.5%) {38.2%}
2122  ... 
2157  -O                                                                        (1 = 0.5%) {38.7%}
2158  ... 
2188  -O                                                                        (1 = 0.5%) {39.2%}
2189  O                                                                         (0 = 0.0%) {39.8%}
2190  -O                                                                        (1 = 0.5%) {39.8%}
2191  -O                                                                        (1 = 0.5%) {40.3%}
2192  ... 
2195  -O                                                                        (1 = 0.5%) {40.9%}
2196  ... 
2203  -O                                                                        (1 = 0.5%) {41.4%}
2204  -O                                                                        (1 = 0.5%) {41.9%}
2205  ... 
2217  -O                                                                        (1 = 0.5%) {42.5%}
2218  ... 
2226  -O                                                                        (1 = 0.5%) {43.0%}
2227  O                                                                         (0 = 0.0%) {43.5%}
2228  -O                                                                        (1 = 0.5%) {43.5%}
2229  -O                                                                        (1 = 0.5%) {44.1%}
2230  ... 
2236  -O                                                                        (1 = 0.5%) {44.6%}
2237  ... 
2298  -O                                                                        (1 = 0.5%) {45.2%}
2299  ... 
2314  -O                                                                        (1 = 0.5%) {45.7%}
2315  ... 
2319  -O                                                                        (1 = 0.5%) {46.2%}
2320  ... 
2322  -O                                                                        (1 = 0.5%) {46.8%}
2323  ... 
2347  -O                                                                        (1 = 0.5%) {47.3%}
2348  ... 
2355  -O                                                                        (1 = 0.5%) {47.8%}
2356  ... 
2361  -O                                                                        (1 = 0.5%) {48.4%}
2362  ... 
2387  -O                                                                        (1 = 0.5%) {48.9%}
2388  -O                                                                        (1 = 0.5%) {49.5%}
2389  ... 
2399  -O                                                                        (1 = 0.5%) {50.0%}
2400  ... 
2413  -O                                                                        (1 = 0.5%) {50.5%}
2414  ... 
2429  -O                                                                        (1 = 0.5%) {51.1%}
2430  O                                                                         (0 = 0.0%) {51.6%}
2431  -O                                                                        (1 = 0.5%) {51.6%}
2432  ... 
2487  -O                                                                        (1 = 0.5%) {52.2%}
2488  ... 
2518  -O                                                                        (1 = 0.5%) {52.7%}
2519  ... 
2598  -O                                                                        (1 = 0.5%) {53.2%}
2599  ... 
2618  -O                                                                        (1 = 0.5%) {53.8%}
2619  ... 
2654  -O                                                                        (1 = 0.5%) {54.3%}
2655  -O                                                                        (1 = 0.5%) {54.8%}
2656  -O                                                                        (1 = 0.5%) {55.4%}
2657  -O                                                                        (1 = 0.5%) {55.9%}
2658  -O                                                                        (1 = 0.5%) {56.5%}
2659  -O                                                                        (1 = 0.5%) {57.0%}
2660  -O                                                                        (1 = 0.5%) {57.5%}
2661  -O                                                                        (1 = 0.5%) {58.1%}
2662  -O                                                                        (1 = 0.5%) {58.6%}
2663  -O                                                                        (1 = 0.5%) {59.1%}
2664  ... 
2699  -O                                                                        (1 = 0.5%) {59.7%}
2700  -O                                                                        (1 = 0.5%) {60.2%}
2701  -O                                                                        (1 = 0.5%) {60.8%}
2702  -O                                                                        (1 = 0.5%) {61.3%}
2703  -O                                                                        (1 = 0.5%) {61.8%}
2704  -O                                                                        (1 = 0.5%) {62.4%}
2705  -O                                                                        (1 = 0.5%) {62.9%}
2706  -O                                                                        (1 = 0.5%) {63.4%}
2707  -O                                                                        (1 = 0.5%) {64.0%}
2708  ... 
2710  -O                                                                        (1 = 0.5%) {64.5%}
2711  -O                                                                        (1 = 0.5%) {65.1%}
2712  ... 
2714  -O                                                                        (1 = 0.5%) {65.6%}
2715  -O                                                                        (1 = 0.5%) {66.1%}
2716  -O                                                                        (1 = 0.5%) {66.7%}
2717  ... 
2723  -O                                                                        (1 = 0.5%) {67.2%}
2724  ... 
2738  -O                                                                        (1 = 0.5%) {67.7%}
2739  ... 
2769  -O                                                                        (1 = 0.5%) {68.3%}
2770  ... 
2789  -O                                                                        (1 = 0.5%) {68.8%}
2790  -O                                                                        (1 = 0.5%) {69.4%}
2791  -O                                                                        (1 = 0.5%) {69.9%}
2792  -O                                                                        (1 = 0.5%) {70.4%}
2793  ... 
2841  -O                                                                        (1 = 0.5%) {71.0%}
2842  ... 
2903  -O                                                                        (1 = 0.5%) {71.5%}
2904  -O                                                                        (1 = 0.5%) {72.0%}
2905  ... 
2927  -O                                                                        (1 = 0.5%) {72.6%}
2928  ... 
2935  -O                                                                        (1 = 0.5%) {73.1%}
2936  ... 
3004  -O                                                                        (1 = 0.5%) {73.7%}
3005  ... 
3019  -O                                                                        (1 = 0.5%) {74.2%}
3020  -O                                                                        (1 = 0.5%) {74.7%}
3021  ... 
3028  -O                                                                        (1 = 0.5%) {75.3%}
3029  ... 
3066  -O                                                                        (1 = 0.5%) {75.8%}
3067  ... 
3116  -O                                                                        (1 = 0.5%) {76.3%}
3117  ... 
3157  -O                                                                        (1 = 0.5%) {76.9%}
3158  ... 
3189  -O                                                                        (1 = 0.5%) {77.4%}
3190  ... 
3198  -O                                                                        (1 = 0.5%) {78.0%}
3199  ... 
3254  -O                                                                        (1 = 0.5%) {78.5%}
3255  ... 
3273  -O                                                                        (1 = 0.5%) {79.0%}
3274  O                                                                         (0 = 0.0%) {79.6%}
3275  -O                                                                        (1 = 0.5%) {79.6%}
3276  ... 
3279  -O                                                                        (1 = 0.5%) {80.1%}
3280  ... 
3307  -O                                                                        (1 = 0.5%) {80.6%}
3308  -O                                                                        (1 = 0.5%) {81.2%}
3309  ... 
3349  -O                                                                        (1 = 0.5%) {81.7%}
3350  ... 
3359  -O                                                                        (1 = 0.5%) {82.3%}
3360  ... 
3409  -O                                                                        (1 = 0.5%) {82.8%}
3410  ... 
3444  -O                                                                        (1 = 0.5%) {83.3%}
3445  ... 
3580  -O                                                                        (1 = 0.5%) {83.9%}
3581  -O                                                                        (1 = 0.5%) {84.4%}
3582  ... 
3698  -O                                                                        (1 = 0.5%) {84.9%}
3699  ... 
3789  -O                                                                        (1 = 0.5%) {85.5%}
3790  -O                                                                        (1 = 0.5%) {86.0%}
3791  ... 
3803  -O                                                                        (1 = 0.5%) {86.6%}
3804  ... 
3870  -O                                                                        (1 = 0.5%) {87.1%}
3871  ... 
3945  -O                                                                        (1 = 0.5%) {87.6%}
3946  ... 
3973  -O                                                                        (1 = 0.5%) {88.2%}
3974  ... 
4007  -O                                                                        (1 = 0.5%) {88.7%}
4008  ... 
4079  -O                                                                        (1 = 0.5%) {89.2%}
4080  ... 
4113  -O                                                                        (1 = 0.5%) {89.8%}
4114  ... 
4161  -O                                                                        (1 = 0.5%) {90.3%}
4162  ... 
4177  -O                                                                        (1 = 0.5%) {90.9%}
4178  ... 
4194  -O                                                                        (1 = 0.5%) {91.4%}
4195  O                                                                         (0 = 0.0%) {91.9%}
4196  -O                                                                        (1 = 0.5%) {91.9%}
4197  ... 
4240  -O                                                                        (1 = 0.5%) {92.5%}
4241  O                                                                         (0 = 0.0%) {93.0%}
4242  -O                                                                        (1 = 0.5%) {93.0%}
4243  ... 
4307  -O                                                                        (1 = 0.5%) {93.5%}
4308  ... 
4317  -O                                                                        (1 = 0.5%) {94.1%}
4318  ... 
4346  -O                                                                        (1 = 0.5%) {94.6%}
4347  ... 
4372  -O                                                                        (1 = 0.5%) {95.2%}
4373  ... 
4379  -O                                                                        (1 = 0.5%) {95.7%}
4380  ... 
4419  -O                                                                        (1 = 0.5%) {96.2%}
4420  ... 
4561  -O                                                                        (1 = 0.5%) {96.8%}
4562  ... 
4673  -O                                                                        (1 = 0.5%) {97.3%}
4674  ... 
4743  -O                                                                        (1 = 0.5%) {97.8%}
4744  ... 
4877  -O                                                                        (1 = 0.5%) {98.4%}
4878  ... 
4961  -O                                                                        (1 = 0.5%) {98.9%}
4962  ... 
4994  -O                                                                        (1 = 0.5%) {99.5%}
4995  ... 

Histogram: Blink.UseCounter.MainFrame.Features recorded 186 samples, mean = 2269.9 (flags = 0x41)
0     ... 
13    -O                                                                        (1 = 0.5%) {0.0%}
14    ... 
16    -O                                                                        (1 = 0.5%) {0.5%}
17    ... 
52    -O                                                                        (1 = 0.5%) {1.1%}
53    ... 
69    -O                                                                        (1 = 0.5%) {1.6%}
70    ... 
123   -O                                                                        (1 = 0.5%) {2.2%}
124   -O                                                                        (1 = 0.5%) {2.7%}
125   -O                                                                        (1 = 0.5%) {3.2%}
126   ... 
138   -O                                                                        (1 = 0.5%) {3.8%}
139   ... 
240   -O                                                                        (1 = 0.5%) {4.3%}
241   ... 
250   -O                                                                        (1 = 0.5%) {4.8%}
251   ... 
429   -O                                                                        (1 = 0.5%) {5.4%}
430   -O                                                                        (1 = 0.5%) {5.9%}
431   -O                                                                        (1 = 0.5%) {6.5%}
432   -O                                                                        (1 = 0.5%) {7.0%}
433   ... 
469   -O                                                                        (1 = 0.5%) {7.5%}
470   ... 
494   -O                                                                        (1 = 0.5%) {8.1%}
495   ... 
522   -O                                                                        (1 = 0.5%) {8.6%}
523   -O                                                                        (1 = 0.5%) {9.1%}
524   -O                                                                        (1 = 0.5%) {9.7%}
525   ... 
540   -O                                                                        (1 = 0.5%) {10.2%}
541   ... 
587   -O                                                                        (1 = 0.5%) {10.8%}
588   -O                                                                        (1 = 0.5%) {11.3%}
589   ... 
675   -O                                                                        (1 = 0.5%) {11.8%}
676   O                                                                         (0 = 0.0%) {12.4%}
677   -O                                                                        (1 = 0.5%) {12.4%}
678   ... 
710   -O                                                                        (1 = 0.5%) {12.9%}
711   -O                                                                        (1 = 0.5%) {13.4%}
712   -O                                                                        (1 = 0.5%) {14.0%}
713   ... 
717   -O                                                                        (1 = 0.5%) {14.5%}
718   ... 
730   -O                                                                        (1 = 0.5%) {15.1%}
731   ... 
744   -O                                                                        (1 = 0.5%) {15.6%}
745   ... 
780   -O                                                                        (1 = 0.5%) {16.1%}
781   -O                                                                        (1 = 0.5%) {16.7%}
782   ... 
786   -O                                                                        (1 = 0.5%) {17.2%}
787   -O                                                                        (1 = 0.5%) {17.7%}
788   ... 
804   -O                                                                        (1 = 0.5%) {18.3%}
805   ... 
900   -O                                                                        (1 = 0.5%) {18.8%}
901   -O                                                                        (1 = 0.5%) {19.4%}
902   ... 
907   -O                                                                        (1 = 0.5%) {19.9%}
908   ... 
954   -O                                                                        (1 = 0.5%) {20.4%}
955   ... 
970   -O                                                                        (1 = 0.5%) {21.0%}
971   O                                                                         (0 = 0.0%) {21.5%}
972   -O                                                                        (1 = 0.5%) {21.5%}
973   -O                                                                        (1 = 0.5%) {22.0%}
974   ... 
976   -O                                                                        (1 = 0.5%) {22.6%}
977   ... 
1023  -O                                                                        (1 = 0.5%) {23.1%}
1024  ... 
1069  -O                                                                        (1 = 0.5%) {23.7%}
1070  -O                                                                        (1 = 0.5%) {24.2%}
1071  ... 
1075  -O                                                                        (1 = 0.5%) {24.7%}
1076  -O                                                                        (1 = 0.5%) {25.3%}
1077  ... 
1124  -O                                                                        (1 = 0.5%) {25.8%}
1125  ... 
1302  -O                                                                        (1 = 0.5%) {26.3%}
1303  ... 
1347  -O                                                                        (1 = 0.5%) {26.9%}
1348  ... 
1351  -O                                                                        (1 = 0.5%) {27.4%}
1352  ... 
1354  -O                                                                        (1 = 0.5%) {28.0%}
1355  ... 
1368  -O                                                                        (1 = 0.5%) {28.5%}
1369  ... 
1417  -O                                                                        (1 = 0.5%) {29.0%}
1418  ... 
1441  -O                                                                        (1 = 0.5%) {29.6%}
1442  ... 
1458  -O                                                                        (1 = 0.5%) {30.1%}
1459  -O                                                                        (1 = 0.5%) {30.6%}
1460  ... 
1462  -O                                                                        (1 = 0.5%) {31.2%}
1463  -O                                                                        (1 = 0.5%) {31.7%}
1464  ... 
1467  -O                                                                        (1 = 0.5%) {32.3%}
1468  ... 
1502  -O                                                                        (1 = 0.5%) {32.8%}
1503  ... 
1692  -O                                                                        (1 = 0.5%) {33.3%}
1693  -O                                                                        (1 = 0.5%) {33.9%}
1694  ... 
1827  -O                                                                        (1 = 0.5%) {34.4%}
1828  ... 
2013  -O                                                                        (1 = 0.5%) {34.9%}
2014  ... 
2077  -O                                                                        (1 = 0.5%) {35.5%}
2078  ... 
2094  -O                                                                        (1 = 0.5%) {36.0%}
2095  O                                                                         (0 = 0.0%) {36.6%}
2096  -O                                                                        (1 = 0.5%) {36.6%}
2097  ... 
2100  -O                                                                        (1 = 0.5%) {37.1%}
2101  ... 
2112  -O                                                                        (1 = 0.5%) {37.6%}
2113  ... 
2121  -O                                                                        (1 = 0.5%) {38.2%}
2122  ... 
2157  -O                                                                        (1 = 0.5%) {38.7%}
2158  ... 
2188  -O                                                                        (1 = 0.5%) {39.2%}
2189  O                                                                         (0 = 0.0%) {39.8%}
2190  -O                                                                        (1 = 0.5%) {39.8%}
2191  -O                                                                        (1 = 0.5%) {40.3%}
2192  ... 
2195  -O                                                                        (1 = 0.5%) {40.9%}
2196  ... 
2203  -O                                                                        (1 = 0.5%) {41.4%}
2204  -O                                                                        (1 = 0.5%) {41.9%}
2205  ... 
2217  -O                                                                        (1 = 0.5%) {42.5%}
2218  ... 
2226  -O                                                                        (1 = 0.5%) {43.0%}
2227  O                                                                         (0 = 0.0%) {43.5%}
2228  -O                                                                        (1 = 0.5%) {43.5%}
2229  -O                                                                        (1 = 0.5%) {44.1%}
2230  ... 
2236  -O                                                                        (1 = 0.5%) {44.6%}
2237  ... 
2298  -O                                                                        (1 = 0.5%) {45.2%}
2299  ... 
2314  -O                                                                        (1 = 0.5%) {45.7%}
2315  ... 
2319  -O                                                                        (1 = 0.5%) {46.2%}
2320  ... 
2322  -O                                                                        (1 = 0.5%) {46.8%}
2323  ... 
2347  -O                                                                        (1 = 0.5%) {47.3%}
2348  ... 
2355  -O                                                                        (1 = 0.5%) {47.8%}
2356  ... 
2361  -O                                                                        (1 = 0.5%) {48.4%}
2362  ... 
2387  -O                                                                        (1 = 0.5%) {48.9%}
2388  -O                                                                        (1 = 0.5%) {49.5%}
2389  ... 
2399  -O                                                                        (1 = 0.5%) {50.0%}
2400  ... 
2413  -O                                                                        (1 = 0.5%) {50.5%}
2414  ... 
2429  -O                                                                        (1 = 0.5%) {51.1%}
2430  O                                                                         (0 = 0.0%) {51.6%}
2431  -O                                                                        (1 = 0.5%) {51.6%}
2432  ... 
2487  -O                                                                        (1 = 0.5%) {52.2%}
2488  ... 
2518  -O                                                                        (1 = 0.5%) {52.7%}
2519  ... 
2598  -O                                                                        (1 = 0.5%) {53.2%}
2599  ... 
2618  -O                                                                        (1 = 0.5%) {53.8%}
2619  ... 
2654  -O                                                                        (1 = 0.5%) {54.3%}
2655  -O                                                                        (1 = 0.5%) {54.8%}
2656  -O                                                                        (1 = 0.5%) {55.4%}
2657  -O                                                                        (1 = 0.5%) {55.9%}
2658  -O                                                                        (1 = 0.5%) {56.5%}
2659  -O                                                                        (1 = 0.5%) {57.0%}
2660  -O                                                                        (1 = 0.5%) {57.5%}
2661  -O                                                                        (1 = 0.5%) {58.1%}
2662  -O                                                                        (1 = 0.5%) {58.6%}
2663  -O                                                                        (1 = 0.5%) {59.1%}
2664  ... 
2699  -O                                                                        (1 = 0.5%) {59.7%}
2700  -O                                                                        (1 = 0.5%) {60.2%}
2701  -O                                                                        (1 = 0.5%) {60.8%}
2702  -O                                                                        (1 = 0.5%) {61.3%}
2703  -O                                                                        (1 = 0.5%) {61.8%}
2704  -O                                                                        (1 = 0.5%) {62.4%}
2705  -O                                                                        (1 = 0.5%) {62.9%}
2706  -O                                                                        (1 = 0.5%) {63.4%}
2707  -O                                                                        (1 = 0.5%) {64.0%}
2708  ... 
2710  -O                                                                        (1 = 0.5%) {64.5%}
2711  -O                                                                        (1 = 0.5%) {65.1%}
2712  ... 
2714  -O                                                                        (1 = 0.5%) {65.6%}
2715  -O                                                                        (1 = 0.5%) {66.1%}
2716  -O                                                                        (1 = 0.5%) {66.7%}
2717  ... 
2723  -O                                                                        (1 = 0.5%) {67.2%}
2724  ... 
2738  -O                                                                        (1 = 0.5%) {67.7%}
2739  ... 
2769  -O                                                                        (1 = 0.5%) {68.3%}
2770  ... 
2789  -O                                                                        (1 = 0.5%) {68.8%}
2790  -O                                                                        (1 = 0.5%) {69.4%}
2791  -O                                                                        (1 = 0.5%) {69.9%}
2792  -O                                                                        (1 = 0.5%) {70.4%}
2793  ... 
2841  -O                                                                        (1 = 0.5%) {71.0%}
2842  ... 
2903  -O                                                                        (1 = 0.5%) {71.5%}
2904  -O                                                                        (1 = 0.5%) {72.0%}
2905  ... 
2927  -O                                                                        (1 = 0.5%) {72.6%}
2928  ... 
2935  -O                                                                        (1 = 0.5%) {73.1%}
2936  ... 
3004  -O                                                                        (1 = 0.5%) {73.7%}
3005  ... 
3019  -O                                                                        (1 = 0.5%) {74.2%}
3020  -O                                                                        (1 = 0.5%) {74.7%}
3021  ... 
3028  -O                                                                        (1 = 0.5%) {75.3%}
3029  ... 
3066  -O                                                                        (1 = 0.5%) {75.8%}
3067  ... 
3116  -O                                                                        (1 = 0.5%) {76.3%}
3117  ... 
3157  -O                                                                        (1 = 0.5%) {76.9%}
3158  ... 
3189  -O                                                                        (1 = 0.5%) {77.4%}
3190  ... 
3198  -O                                                                        (1 = 0.5%) {78.0%}
3199  ... 
3254  -O                                                                        (1 = 0.5%) {78.5%}
3255  ... 
3273  -O                                                                        (1 = 0.5%) {79.0%}
3274  O                                                                         (0 = 0.0%) {79.6%}
3275  -O                                                                        (1 = 0.5%) {79.6%}
3276  ... 
3279  -O                                                                        (1 = 0.5%) {80.1%}
3280  ... 
3307  -O                                                                        (1 = 0.5%) {80.6%}
3308  -O                                                                        (1 = 0.5%) {81.2%}
3309  ... 
3349  -O                                                                        (1 = 0.5%) {81.7%}
3350  ... 
3359  -O                                                                        (1 = 0.5%) {82.3%}
3360  ... 
3409  -O                                                                        (1 = 0.5%) {82.8%}
3410  ... 
3444  -O                                                                        (1 = 0.5%) {83.3%}
3445  ... 
3580  -O                                                                        (1 = 0.5%) {83.9%}
3581  -O                                                                        (1 = 0.5%) {84.4%}
3582  ... 
3698  -O                                                                        (1 = 0.5%) {84.9%}
3699  ... 
3789  -O                                                                        (1 = 0.5%) {85.5%}
3790  -O                                                                        (1 = 0.5%) {86.0%}
3791  ... 
3803  -O                                                                        (1 = 0.5%) {86.6%}
3804  ... 
3870  -O                                                                        (1 = 0.5%) {87.1%}
3871  ... 
3945  -O                                                                        (1 = 0.5%) {87.6%}
3946  ... 
3973  -O                                                                        (1 = 0.5%) {88.2%}
3974  ... 
4007  -O                                                                        (1 = 0.5%) {88.7%}
4008  ... 
4079  -O                                                                        (1 = 0.5%) {89.2%}
4080  ... 
4113  -O                                                                        (1 = 0.5%) {89.8%}
4114  ... 
4161  -O                                                                        (1 = 0.5%) {90.3%}
4162  ... 
4177  -O                                                                        (1 = 0.5%) {90.9%}
4178  ... 
4194  -O                                                                        (1 = 0.5%) {91.4%}
4195  O                                                                         (0 = 0.0%) {91.9%}
4196  -O                                                                        (1 = 0.5%) {91.9%}
4197  ... 
4240  -O                                                                        (1 = 0.5%) {92.5%}
4241  O                                                                         (0 = 0.0%) {93.0%}
4242  -O                                                                        (1 = 0.5%) {93.0%}
4243  ... 
4307  -O                                                                        (1 = 0.5%) {93.5%}
4308  ... 
4317  -O                                                                        (1 = 0.5%) {94.1%}
4318  ... 
4346  -O                                                                        (1 = 0.5%) {94.6%}
4347  ... 
4372  -O                                                                        (1 = 0.5%) {95.2%}
4373  ... 
4379  -O                                                                        (1 = 0.5%) {95.7%}
4380  ... 
4419  -O                                                                        (1 = 0.5%) {96.2%}
4420  ... 
4561  -O                                                                        (1 = 0.5%) {96.8%}
4562  ... 
4673  -O                                                                        (1 = 0.5%) {97.3%}
4674  ... 
4743  -O                                                                        (1 = 0.5%) {97.8%}
4744  ... 
4877  -O                                                                        (1 = 0.5%) {98.4%}
4878  ... 
4961  -O                                                                        (1 = 0.5%) {98.9%}
4962  ... 
4994  -O                                                                        (1 = 0.5%) {99.5%}
4995  ... 

Histogram: Blink.UseCounter.PermissionsPolicy.Allow2 recorded 0 samples (flags = 0x41)
0 ... 

Histogram: Blink.UseCounter.PermissionsPolicy.Header2 recorded 0 samples (flags = 0x41)
0 ... 

Histogram: Blink.UseCounter.PermissionsPolicy.Violation.Enforce recorded 0 samples (flags = 0x41)
0 ... 

Histogram: Blink.UseCounter.WebDXFeatures recorded 15 samples, mean = 37.7 (flags = 0x41)
0   ... 
5   -O                                                                        (1 = 6.7%) {0.0%}
6   ... 
8   -O                                                                        (1 = 6.7%) {6.7%}
9   -O                                                                        (1 = 6.7%) {13.3%}
10  O                                                                         (0 = 0.0%) {20.0%}
11  -O                                                                        (1 = 6.7%) {20.0%}
12  ... 
27  -O                                                                        (1 = 6.7%) {26.7%}
28  -O                                                                        (1 = 6.7%) {33.3%}
29  -O                                                                        (1 = 6.7%) {40.0%}
30  ... 
38  -O                                                                        (1 = 6.7%) {46.7%}
39  -O                                                                        (1 = 6.7%) {53.3%}
40  ... 
45  -O                                                                        (1 = 6.7%) {60.0%}
46  -O                                                                        (1 = 6.7%) {66.7%}
47  ... 
58  -O                                                                        (1 = 6.7%) {73.3%}
59  ... 
68  -O                                                                        (1 = 6.7%) {80.0%}
69  ... 
71  -O                                                                        (1 = 6.7%) {86.7%}
72  ... 
83  -O                                                                        (1 = 6.7%) {93.3%}
84  ... 

Histogram: Blink.UserDrivenDocumentUpdate.UpdateTime.PreFCP recorded 1 samples, mean = 14.0 (flags = 0x41)
0   ... 
11  -O                                                                        (1 = 100.0%) {0.0%}
15  ... 

Histogram: Bookmarks.BookmarkBar.Shown recorded 1 samples, mean = 0.0 (flags = 0x41)
0  -O                                                                        (1 = 100.0%)
1  ... 

Histogram: Bookmarks.Count.OnProfileLoad3 recorded 1 samples, mean = 0.0 (flags = 0x41)
0  -O                                                                        (1 = 100.0%)
1  ... 

Histogram: Bookmarks.Storage.TimeToLoadAtStartup2 recorded 1 samples, mean = 7895.0 (flags = 0x41)
0     ... 
7083  -O                                                                        (1 = 100.0%) {0.0%}
8416  ... 

Histogram: Bookmarks.Times.OnProfileLoad.TimeSinceAdded3 recorded 1 samples, mean = 0.0 (flags = 0x41)
0  -O                                                                        (1 = 100.0%)
1  ... 

Histogram: Bookmarks.Utilization.OnProfileLoad.PercentageUsed recorded 1 samples, mean = 0.0 (flags = 0x41)
0  -O                                                                        (1 = 100.0%)
1  ... 

Histogram: Bookmarks.Utilization.OnProfileLoad.TotalUnused recorded 1 samples, mean = 0.0 (flags = 0x41)
0  -O                                                                        (1 = 100.0%)
1  ... 

Histogram: Bookmarks.Utilization.OnProfileLoad.TotalUsed recorded 1 samples, mean = 0.0 (flags = 0x41)
0  -O                                                                        (1 = 100.0%)
1  ... 

Histogram: BrotliFilter.CompressionPercent recorded 40 samples, mean = 38.8 (flags = 0x41)
0    ... 
11   ---O                                                                      (3 = 7.5%) {0.0%}
12   --O                                                                       (2 = 5.0%) {7.5%}
13   O                                                                         (0 = 0.0%) {12.5%}
14   -O                                                                        (1 = 2.5%) {12.5%}
15   O                                                                         (0 = 0.0%) {15.0%}
16   -O                                                                        (1 = 2.5%) {15.0%}
17   O                                                                         (0 = 0.0%) {17.5%}
18   -O                                                                        (1 = 2.5%) {17.5%}
19   ... 
22   -O                                                                        (1 = 2.5%) {20.0%}
23   -O                                                                        (1 = 2.5%) {22.5%}
24   -O                                                                        (1 = 2.5%) {25.0%}
25   -O                                                                        (1 = 2.5%) {27.5%}
26   -O                                                                        (1 = 2.5%) {30.0%}
27   O                                                                         (0 = 0.0%) {32.5%}
28   -O                                                                        (1 = 2.5%) {32.5%}
29   ---O                                                                      (3 = 7.5%) {35.0%}
30   --O                                                                       (2 = 5.0%) {42.5%}
31   O                                                                         (0 = 0.0%) {47.5%}
32   ---O                                                                      (3 = 7.5%) {47.5%}
33   O                                                                         (0 = 0.0%) {55.0%}
34   -O                                                                        (1 = 2.5%) {55.0%}
35   -O                                                                        (1 = 2.5%) {57.5%}
36   ... 
38   ----O                                                                     (4 = 10.0%) {60.0%}
39   -O                                                                        (1 = 2.5%) {70.0%}
40   ... 
43   --O                                                                       (2 = 5.0%) {72.5%}
44   -O                                                                        (1 = 2.5%) {77.5%}
45   ... 
47   --O                                                                       (2 = 5.0%) {80.0%}
48   ... 
75   --O                                                                       (2 = 5.0%) {85.0%}
76   ... 
84   --O                                                                       (2 = 5.0%) {90.0%}
85   ... 
101  --O                                                                       (2 = 5.0%) {95.0%}

Histogram: BrotliFilter.Status recorded 43 samples, mean = 0.9 (flags = 0x41)
0  ---O                                                                      (3 = 7.0%)
1  ----------------------------------------O                                 (40 = 93.0%) {7.0%}
2  ... 

Histogram: BrotliFilter.UsedMemoryKB recorded 43 samples, mean = 231.4 (flags = 0x41)
0    ... 
16   --O                                                                       (2 = 4.7%) {0.0%}
20   O                                                                         (0 = 0.0%) {4.7%}
25   ----O                                                                     (4 = 9.3%) {4.7%}
31   -------O                                                                  (7 = 16.3%) {14.0%}
39   O                                                                         (0 = 0.0%) {30.2%}
49   --O                                                                       (2 = 4.7%) {30.2%}
61   ---O                                                                      (3 = 7.0%) {34.9%}
76   ---O                                                                      (3 = 7.0%) {41.9%}
95   O                                                                         (0 = 0.0%) {48.8%}
119  -----O                                                                    (5 = 11.6%) {48.8%}
149  O                                                                         (0 = 0.0%) {60.5%}
187  --O                                                                       (2 = 4.7%) {60.5%}
234  ... 
367  ---------O                                                                (9 = 20.9%) {65.1%}
460  O                                                                         (0 = 0.0%) {86.0%}
576  ---O                                                                      (3 = 7.0%) {86.0%}
722  ---O                                                                      (3 = 7.0%) {93.0%}
905  ... 

Histogram: Browser.ERP.RequestPayloadSizePerHour recorded 11 samples, mean = 0.0 (flags = 0x41)
0  -----------O                                                              (11 = 100.0%)
1  ... 

Histogram: Browser.ERP.ResponsePayloadSizePerHour recorded 11 samples, mean = 0.0 (flags = 0x41)
0  -----------O                                                              (11 = 100.0%)
1  ... 

Histogram: Browser.MainThreadsCongestion.RunningOnly recorded 1364 samples, mean = 0.0 (flags = 0x41)
0  ------------------------------------------------------------------------O (1364 = 100.0%)
1  ... 

Histogram: Browser.MainThreadsCongestion.RunningOnly.Initial recorded 1 samples, mean = 0.0 (flags = 0x41)
0  -O                                                                        (1 = 100.0%)
1  ... 

Histogram: Browser.Responsiveness.IOJanksTotalPerMinute recorded 682 samples, mean = 0.0 (flags = 0x41)
0  ------------------------------------------------------------------------O (682 = 100.0%)
1  ... 

Histogram: Browser.Responsiveness.IOJankyIntervalsPerMinute recorded 682 samples, mean = 0.0 (flags = 0x41)
0  ------------------------------------------------------------------------O (682 = 100.0%)
1  ... 

Histogram: BrowserRenderProcessHost.Cleanup.DelayReason recorded 35 samples, mean = 7.4 (flags = 0x41)
0  ------O                                                                   (6 = 17.1%)
1  ... 
8  --O                                                                       (2 = 5.7%) {17.1%}
9  ---------------------------O                                              (27 = 77.1%) {22.9%}
10 ... 

Histogram: BrowserRenderProcessHost.Cleanup.Total recorded 35 samples, mean = 1.0 (flags = 0x41)
0  O                                                                         (0 = 0.0%)
1  -----------------------------------O                                      (35 = 100.0%) {0.0%}
2  O                                                                         (0 = 0.0%) {100.0%}

Histogram: BrowserRenderProcessHost.ExistingRendererIsInitializedAndNotDead recorded 4 samples, mean = 1.0 (flags = 0x41)
0  O                                                                         (0 = 0.0%)
1  ----O                                                                     (4 = 100.0%) {0.0%}
2  O                                                                         (0 = 0.0%) {100.0%}

Histogram: BrowserRenderProcessHost.FastShutdownIfPossible.DelayReason recorded 1 samples, mean = 4.0 (flags = 0x41)
0  ... 
4  -O                                                                        (1 = 100.0%) {0.0%}
5  ... 

Histogram: BrowserRenderProcessHost.FastShutdownIfPossible.Total recorded 1 samples, mean = 1.0 (flags = 0x41)
0  O                                                                         (0 = 0.0%)
1  -O                                                                        (1 = 100.0%) {0.0%}
2  O                                                                         (0 = 0.0%) {100.0%}

Histogram: BrowserRenderProcessHost.SpareProcessEvictedOtherSpare recorded 5 samples, mean = 0.0 (flags = 0x41)
0  -----O                                                                    (5 = 100.0%)
1  ... 

Histogram: BrowserRenderProcessHost.SpareProcessMaybeTakeAction recorded 5 samples, mean = 3.2 (flags = 0x41)
0  -O                                                                        (1 = 20.0%)
1  ... 
4  ----O                                                                     (4 = 80.0%) {20.0%}
5  ... 

Histogram: BrowserRenderProcessHost.SpareProcessStartupTime recorded 5 samples, mean = 1641.0 (flags = 0x41)
0     ... 
57    -O                                                                        (1 = 20.0%) {0.0%}
68    -O                                                                        (1 = 20.0%) {20.0%}
81    -O                                                                        (1 = 20.0%) {40.0%}
96    -O                                                                        (1 = 20.0%) {60.0%}
114   ... 
7083  -O                                                                        (1 = 20.0%) {80.0%}
8416  ... 

Histogram: BrowserSwitcher.ExternalGreylistSize recorded 1 samples, mean = 0.0 (flags = 0x41)
0  -O                                                                        (1 = 100.0%)
1  ... 

Histogram: BrowserSwitcher.ExternalSitelistSize recorded 1 samples, mean = 0.0 (flags = 0x41)
0  -O                                                                        (1 = 100.0%)
1  ... 

Histogram: BrowserSwitcher.IeemSitelistSize recorded 1 samples, mean = 0.0 (flags = 0x41)
0  -O                                                                        (1 = 100.0%)
1  ... 

Histogram: BrowsingTopics.BrowsingTopicsState.LoadFinishStatus recorded 1 samples, mean = 1.0 (flags = 0x41)
0  O                                                                         (0 = 0.0%)
1  -O                                                                        (1 = 100.0%) {0.0%}
2  O                                                                         (0 = 0.0%) {100.0%}

Histogram: BrowsingTopics.SiteDataStorage.FileSize.KB recorded 1 samples, mean = 28.0 (flags = 0x41)
0   ... 
28  -O                                                                        (1 = 100.0%) {0.0%}
37  ... 

Histogram: BrowsingTopics.SiteDataStorage.InitStatus recorded 1 samples, mean = 1.0 (flags = 0x41)
0  O                                                                         (0 = 0.0%)
1  -O                                                                        (1 = 100.0%) {0.0%}
2  O                                                                         (0 = 0.0%) {100.0%}

Histogram: CPU.Experimental.CpuEstimationTaskMigrated recorded 136 samples, mean = 0.1 (flags = 0x41)
0  ------------------------------------------------------------------------O (120 = 88.2%)
1  ----------O                                                               (16 = 11.8%) {88.2%}
2  O                                                                         (0 = 0.0%) {100.0%}

Histogram: CPU.Experimental.CpuEstimationTaskQueuedTime.Performance recorded 136 samples, mean = 14.1 (flags = 0x41)
0   ... 
7   --------------O                                                           (14 = 10.3%) {0.0%}
9   ---------------------------------------O                                  (39 = 28.7%) {10.3%}
12  -------------------------------------------O                              (43 = 31.6%) {39.0%}
16  -------------------------O                                                (25 = 18.4%) {70.6%}
21  ---------O                                                                (9 = 6.6%) {89.0%}
28  ------O                                                                   (6 = 4.4%) {95.6%}
37  ... 

Histogram: CPU.Experimental.CpuEstimationTaskThreadTime.Performance recorded 136 samples, mean = 105.2 (flags = 0x41)
0    ... 
86   ------------------------------------------------------------------------O (115 = 84.6%) {0.0%}
113  ----------O                                                               (16 = 11.8%) {84.6%}
149  --O                                                                       (3 = 2.2%) {96.3%}
196  -O                                                                        (1 = 0.7%) {98.5%}
258  -O                                                                        (1 = 0.7%) {99.3%}
340  ... 

Histogram: CPU.Experimental.CpuEstimationTaskTotalTime.Performance recorded 136 samples, mean = 125.3 (flags = 0x41)
0    ... 
86   ------------------------------------------------------------------O       (66 = 48.5%) {0.0%}
113  --------------------------------------------------O                       (50 = 36.8%) {48.5%}
149  ----------------O                                                         (16 = 11.8%) {85.3%}
196  -O                                                                        (1 = 0.7%) {97.1%}
258  ---O                                                                      (3 = 2.2%) {97.8%}
340  ... 

Histogram: CPU.Experimental.CpuEstimationTaskWallTime.Performance recorded 136 samples, mean = 111.1 (flags = 0x41)
0    ... 
86   ------------------------------------------------------------------------O (109 = 80.1%) {0.0%}
113  ------------O                                                             (18 = 13.2%) {80.1%}
149  ----O                                                                     (6 = 4.4%) {93.4%}
196  -O                                                                        (1 = 0.7%) {97.8%}
258  -O                                                                        (2 = 1.5%) {98.5%}
340  ... 

Histogram: CPU.Experimental.CpuEstimationThreadTimePercent.Performance recorded 136 samples, mean = 95.3 (flags = 0x41)
0    ... 
38   -O                                                                        (1 = 0.7%) {0.0%}
39   ... 
51   -O                                                                        (1 = 0.7%) {0.7%}
52   ... 
70   -O                                                                        (1 = 0.7%) {1.5%}
71   ... 
75   -O                                                                        (1 = 0.7%) {2.2%}
76   ... 
79   -O                                                                        (1 = 0.7%) {2.9%}
80   ... 
83   -O                                                                        (1 = 0.7%) {3.7%}
84   ---O                                                                      (3 = 2.2%) {4.4%}
85   -O                                                                        (1 = 0.7%) {6.6%}
86   ... 
88   --O                                                                       (2 = 1.5%) {7.4%}
89   ... 
91   --O                                                                       (2 = 1.5%) {8.8%}
92   --O                                                                       (2 = 1.5%) {10.3%}
93   -O                                                                        (1 = 0.7%) {11.8%}
94   --O                                                                       (2 = 1.5%) {12.5%}
95   --O                                                                       (2 = 1.5%) {14.0%}
96   ---------O                                                                (9 = 6.6%) {15.4%}
97   ----------------------------------------------------O                     (52 = 38.2%) {22.1%}
98   ------------------------------------------O                               (42 = 30.9%) {60.3%}
99   --------O                                                                 (8 = 5.9%) {91.2%}
100  ----O                                                                     (4 = 2.9%) {97.1%}
101  O                                                                         (0 = 0.0%) {100.0%}

Histogram: CPU.Experimental.EstimatedFrequencyAsPercentOfLimit.Performance recorded 120 samples, mean = 176.1 (flags = 0x41)
0    ... 
60   -O                                                                        (1 = 0.8%) {0.0%}
61   ... 
64   -O                                                                        (1 = 0.8%) {0.8%}
65   ... 
73   -O                                                                        (1 = 0.8%) {1.7%}
74   ... 
96   -O                                                                        (1 = 0.8%) {2.5%}
97   ... 
101  ------------------------------------------------------------------------O (116 = 96.7%) {3.3%}

Histogram: CPU.Experimental.EstimatedFrequencyAsPercentOfMax.Performance recorded 120 samples, mean = 176.1 (flags = 0x41)
0    ... 
60   -O                                                                        (1 = 0.8%) {0.0%}
61   ... 
64   -O                                                                        (1 = 0.8%) {0.8%}
65   ... 
73   -O                                                                        (1 = 0.8%) {1.7%}
74   ... 
96   -O                                                                        (1 = 0.8%) {2.5%}
97   ... 
101  ------------------------------------------------------------------------O (116 = 96.7%) {3.3%}

Histogram: CertificateType2.BR.Intermediate.ECDSA recorded 10 samples, mean = 268.8 (flags = 0x41)
0    ... 
256  ---------O                                                                (9 = 90.0%) {0.0%}
257  ... 
384  -O                                                                        (1 = 10.0%) {90.0%}
385  ... 

Histogram: CertificateType2.BR.Intermediate.RSA recorded 3 samples, mean = 2048.0 (flags = 0x41)
0     ... 
2048  ---O                                                                      (3 = 100.0%) {0.0%}
2049  ... 

Histogram: CertificateType2.BR.Leaf.ECDSA recorded 10 samples, mean = 256.0 (flags = 0x41)
0    ... 
256  ----------O                                                               (10 = 100.0%) {0.0%}
257  ... 

Histogram: CertificateType2.BR.Leaf.RSA recorded 3 samples, mean = 2048.0 (flags = 0x41)
0     ... 
2048  ---O                                                                      (3 = 100.0%) {0.0%}
2049  ... 

Histogram: CertificateType2.BR.Root.ECDSA recorded 9 samples, mean = 384.0 (flags = 0x41)
0    ... 
384  ---------O                                                                (9 = 100.0%) {0.0%}
385  ... 

Histogram: CertificateType2.BR.Root.RSA recorded 4 samples, mean = 2560.0 (flags = 0x41)
0     ... 
2048  ---O                                                                      (3 = 75.0%) {0.0%}
2049  ... 
4096  -O                                                                        (1 = 25.0%) {75.0%}
4097  ... 

Histogram: ChildProcess.Launched.UtilityProcessHash recorded 3 samples (flags = 0x41)
-2043041185 -O                                                                        (1 = 33.3%)
-1468742076 -O                                                                        (1 = 33.3%)
1411170475  -O                                                                        (1 = 33.3%)

Histogram: ChildProcess.ProcessLifetime.Utility recorded 3 samples, mean = 27294978.0 (flags = 0x41)
0        ... 
539      -O                                                                        (1 = 33.3%) {0.0%}
730      ... 
3600000  --O                                                                       (2 = 66.7%) {33.3%}

Histogram: Chrome.ProcessSingleton.NotifyResult recorded 1 samples, mean = 0.0 (flags = 0x41)
0  -O                                                                        (1 = 100.0%)
1  ... 

Histogram: Chrome.ProcessSingleton.TimeToCreate recorded 1 samples, mean = 1.0 (flags = 0x41)
0  -O                                                                        (1 = 100.0%)
10 ... 

Histogram: Chrome.SystemNetworkContextManager.NetworkSandboxState recorded 4 samples, mean = 0.0 (flags = 0x41)
0  ----O                                                                     (4 = 100.0%)
1  ... 

Histogram: ChromeElf.Beacon.RetryAttemptsBeforeSuccess recorded 1 samples, mean = 0.0 (flags = 0x41)
0  -O                                                                        (1 = 100.0%)
1  ... 

Histogram: ChromeElf.Beacon.SetupStatus recorded 1 samples, mean = 1.0 (flags = 0x41)
0  O                                                                         (0 = 0.0%)
1  -O                                                                        (1 = 100.0%) {0.0%}
2  ... 

Histogram: ChromeElf.ExtensionPoint.EnableState recorded 1 samples, mean = 1.0 (flags = 0x41)
0  O                                                                         (0 = 0.0%)
1  -O                                                                        (1 = 100.0%) {0.0%}
2  O                                                                         (0 = 0.0%) {100.0%}

Histogram: ClientHints.CriticalCHRestart recorded 3 samples, mean = 0.3 (flags = 0x41)
0  --O                                                                       (2 = 66.7%)
1  -O                                                                        (1 = 33.3%) {66.7%}
2  ... 

Histogram: ClientHints.FetchLatency_PrefRead recorded 10 samples, mean = 7.4 (flags = 0x41)
0   ... 
3   --O                                                                       (2 = 20.0%) {0.0%}
4   -O                                                                        (1 = 10.0%) {20.0%}
6   ----O                                                                     (4 = 40.0%) {30.0%}
8   --O                                                                       (2 = 20.0%) {70.0%}
11  O                                                                         (0 = 0.0%) {90.0%}
15  -O                                                                        (1 = 10.0%) {90.0%}
21  ... 

Histogram: ClientHints.FetchLatency_PrerenderHost recorded 10 samples, mean = 24.4 (flags = 0x41)
0    -------O                                                                  (7 = 70.0%)
1    --O                                                                       (2 = 20.0%) {70.0%}
2    ... 
203  -O                                                                        (1 = 10.0%) {90.0%}
282  ... 

Histogram: ClientHints.FetchLatency_Total recorded 10 samples, mean = 31.8 (flags = 0x41)
0    ... 
3    -O                                                                        (1 = 10.0%) {0.0%}
4    --O                                                                       (2 = 20.0%) {10.0%}
6    ---O                                                                      (3 = 30.0%) {30.0%}
8    ---O                                                                      (3 = 30.0%) {60.0%}
11   ... 
203  -O                                                                        (1 = 10.0%) {90.0%}
282  ... 

Histogram: ClientHints.StoreLatency recorded 1 samples, mean = 0.0 (flags = 0x41)
0  -O                                                                        (1 = 100.0%)
1  ... 

Histogram: ClientHints.UpdateEventCount recorded 1 samples, mean = 1.0 (flags = 0x41)
0  O                                                                         (0 = 0.0%)
1  -O                                                                        (1 = 100.0%) {0.0%}
2  O                                                                         (0 = 0.0%) {100.0%}

Histogram: ClientHints.UpdateSize recorded 1 samples, mean = 9.0 (flags = 0x41)
0  ... 
9  -O                                                                        (1 = 100.0%) {0.0%}
10 ... 

Histogram: Compositing.Browser.CompositorFrame.Quads recorded 6 samples, mean = 1.0 (flags = 0x41)
0  O                                                                         (0 = 0.0%)
1  ------O                                                                   (6 = 100.0%) {0.0%}
2  ... 

Histogram: Compositing.Browser.LayerTreeImpl.CalculateDrawPropertiesUs recorded 8 samples, mean = 35.8 (flags = 0x41)
0    O                                                                         (0 = 0.0%)
1    -O                                                                        (1 = 12.5%) {0.0%}
2    ... 
7    ---O                                                                      (3 = 37.5%) {12.5%}
9    ---O                                                                      (3 = 37.5%) {50.0%}
12   ... 
196  -O                                                                        (1 = 12.5%) {87.5%}
258  ... 

Histogram: Compositing.Browser.LayersUpdateTime recorded 8 samples, mean = 83.2 (flags = 0x41)
0    ... 
4    -O                                                                        (1 = 12.5%) {0.0%}
6    --O                                                                       (2 = 25.0%) {12.5%}
8    -O                                                                        (1 = 12.5%) {37.5%}
11   -O                                                                        (1 = 12.5%) {50.0%}
15   --O                                                                       (2 = 25.0%) {62.5%}
21   ... 
542  -O                                                                        (1 = 12.5%) {87.5%}
752  ... 

Histogram: Compositing.ColorGamut recorded 9 samples, mean = 0.0 (flags = 0x41)
0  ---------O                                                                (9 = 100.0%)
1  ... 

Histogram: Compositing.DidMainThreadBlockDuringCommit recorded 19 samples, mean = 0.1 (flags = 0x41)
0  -----------------O                                                        (17 = 89.5%)
1  --O                                                                       (2 = 10.5%) {89.5%}
2  O                                                                         (0 = 0.0%) {100.0%}

Histogram: Compositing.DirectRenderer.OverlayProcessingUs recorded 9 samples, mean = 0.0 (flags = 0x41)
0  ---------O                                                                (9 = 100.0%)
5  ... 

Histogram: Compositing.DirectRenderer.PartialSwap.ExtraDamage recorded 9 samples, mean = 0.0 (flags = 0x41)
0  ---------O                                                                (9 = 100.0%)
1  ... 

Histogram: Compositing.DirectRenderer.PartialSwap.FrameBufferDamage recorded 9 samples, mean = 0.0 (flags = 0x41)
0  ---------O                                                                (9 = 100.0%)
1  ... 

Histogram: Compositing.DirectRenderer.PartialSwap.RootDamage recorded 9 samples, mean = 100.0 (flags = 0x41)
0    ... 
100  ---------O                                                                (9 = 100.0%) {0.0%}
101  O                                                                         (0 = 0.0%) {100.0%}

Histogram: Compositing.DirectRenderer.PartialSwap.TotalDamage recorded 9 samples, mean = 100.0 (flags = 0x41)
0    ... 
100  ---------O                                                                (9 = 100.0%) {0.0%}
101  O                                                                         (0 = 0.0%) {100.0%}

Histogram: Compositing.DirectRenderer.SkipAllNonRootRenderPassesPerFrame recorded 5 samples, mean = 0.0 (flags = 0x41)
0  -----O                                                                    (5 = 100.0%)
1  ... 

Histogram: Compositing.DirectRenderer.SkipNonRootRenderPass recorded 5 samples, mean = 0.0 (flags = 0x41)
0  -----O                                                                    (5 = 100.0%)
1  ... 

Histogram: Compositing.DirectRenderer.TotalPixelsRendered recorded 9 samples, mean = 6.2 (flags = 0x41)
0  ... 
4  ----O                                                                     (4 = 44.4%) {0.0%}
6  -----O                                                                    (5 = 55.6%) {44.4%}
9  ... 

Histogram: Compositing.Display.Draw.Occlusion.Calculation.Time recorded 9 samples, mean = 2.9 (flags = 0x41)
0   --O                                                                       (2 = 22.2%)
1   -O                                                                        (1 = 11.1%) {22.2%}
2   ---O                                                                      (3 = 33.3%) {33.3%}
3   -O                                                                        (1 = 11.1%) {66.7%}
4   O                                                                         (0 = 0.0%) {77.8%}
5   -O                                                                        (1 = 11.1%) {77.8%}
6   ... 
11  -O                                                                        (1 = 11.1%) {88.9%}
12  ... 

Histogram: Compositing.Display.Draw.Quads recorded 9 samples, mean = 2.2 (flags = 0x41)
0  O                                                                         (0 = 0.0%)
1  ---O                                                                      (3 = 33.3%) {0.0%}
2  -O                                                                        (1 = 11.1%) {33.3%}
3  -----O                                                                    (5 = 55.6%) {44.4%}
4  ... 

Histogram: Compositing.Display.DrawToSwapUs recorded 9 samples, mean = 6026.6 (flags = 0x41)
0      ... 
275    --O                                                                       (2 = 22.2%) {0.0%}
333    -O                                                                        (1 = 11.1%) {22.2%}
404    --O                                                                       (2 = 22.2%) {33.3%}
490    ... 
720    -O                                                                        (1 = 11.1%) {55.6%}
873    O                                                                         (0 = 0.0%) {66.7%}
1059   -O                                                                        (1 = 11.1%) {66.7%}
1284   ... 
7277   -O                                                                        (1 = 11.1%) {77.8%}
8824   ... 
41235  -O                                                                        (1 = 11.1%) {88.9%}
50000  O                                                                         (0 = 0.0%) {100.0%}

Histogram: Compositing.Display.FlattenedRenderPassCount recorded 9 samples, mean = 1.6 (flags = 0x41)
0  O                                                                         (0 = 0.0%)
1  ----O                                                                     (4 = 44.4%) {0.0%}
2  -----O                                                                    (5 = 55.6%) {44.4%}
3  ... 

Histogram: Compositing.Display.PendingSwaps recorded 9 samples, mean = 1.0 (flags = 0x41)
0  O                                                                         (0 = 0.0%)
1  ---------O                                                                (9 = 100.0%) {0.0%}
2  ... 

Histogram: Compositing.Display.VizDependencyResolvedToGpuStartedDrawUs recorded 9 samples, mean = 21.3 (flags = 0x41)
0   ... 
6   -O                                                                        (1 = 11.1%) {0.0%}
7   O                                                                         (0 = 0.0%) {11.1%}
8   -O                                                                        (1 = 11.1%) {11.1%}
10  O                                                                         (0 = 0.0%) {22.2%}
12  -O                                                                        (1 = 11.1%) {22.2%}
15  -O                                                                        (1 = 11.1%) {33.3%}
18  --O                                                                       (2 = 22.2%) {44.4%}
22  -O                                                                        (1 = 11.1%) {66.7%}
27  ... 
40  --O                                                                       (2 = 22.2%) {77.8%}
49  ... 

Histogram: Compositing.Display.VizScheduledDrawToDependencyResolvedUs recorded 9 samples, mean = 39.8 (flags = 0x41)
0    --------O                                                                 (8 = 88.9%)
5    ... 
333  -O                                                                        (1 = 11.1%) {88.9%}
404  ... 

Histogram: Compositing.Display.VizScheduledDrawToGpuStartedDrawUs recorded 9 samples, mean = 61.1 (flags = 0x41)
0    ... 
10   -O                                                                        (1 = 11.1%) {0.0%}
12   -O                                                                        (1 = 11.1%) {11.1%}
15   O                                                                         (0 = 0.0%) {22.2%}
18   --O                                                                       (2 = 22.2%) {22.2%}
22   --O                                                                       (2 = 22.2%) {44.4%}
27   ... 
40   --O                                                                       (2 = 22.2%) {66.7%}
49   ... 
333  -O                                                                        (1 = 11.1%) {88.9%}
404  ... 

Histogram: Compositing.MainThreadBlockedDuringCommitTime recorded 2 samples, mean = 3.0 (flags = 0x41)
0  ... 
3  --O                                                                       (2 = 100.0%) {0.0%}
4  ... 

Histogram: Compositing.Renderer.CompositorFrame.Quads recorded 4 samples, mean = 1.5 (flags = 0x41)
0  -O                                                                        (1 = 25.0%)
1  O                                                                         (0 = 0.0%) {25.0%}
2  ---O                                                                      (3 = 75.0%) {25.0%}
3  ... 

Histogram: Compositing.Renderer.LayersUpdateTime recorded 12 samples, mean = 292.1 (flags = 0x41)
0     ... 
4     -O                                                                        (1 = 8.3%) {0.0%}
6     O                                                                         (0 = 0.0%) {8.3%}
8     --O                                                                       (2 = 16.7%) {8.3%}
11    -----O                                                                    (5 = 41.7%) {25.0%}
15    --O                                                                       (2 = 16.7%) {66.7%}
21    ... 
391   -O                                                                        (1 = 8.3%) {83.3%}
542   ... 
2786  -O                                                                        (1 = 8.3%) {91.7%}
3865  ... 

Histogram: Compositing.Renderer.NumActiveLayers recorded 1 samples, mean = 4.0 (flags = 0x41)
0  ... 
4  -O                                                                        (1 = 100.0%) {0.0%}
6  ... 

Histogram: Compositing.Renderer.NumActivePictureLayers recorded 1 samples, mean = 1.0 (flags = 0x41)
0  O                                                                         (0 = 0.0%)
1  -O                                                                        (1 = 100.0%) {0.0%}
2  ... 

Histogram: Compositing.Renderer.NumRenderSurfaces recorded 18 samples, mean = 1.0 (flags = 0x41)
0  O                                                                         (0 = 0.0%)
1  ------------------O                                                       (18 = 100.0%) {0.0%}
2  ... 

Histogram: Compositing.SurfaceAggregator.AggregateUs recorded 9 samples, mean = 3679.4 (flags = 0x41)
0      ... 
16     -O                                                                        (1 = 11.1%) {0.0%}
21     --O                                                                       (2 = 22.2%) {11.1%}
28     -O                                                                        (1 = 11.1%) {33.3%}
37     O                                                                         (0 = 0.0%) {44.4%}
49     -O                                                                        (1 = 11.1%) {44.4%}
65     ... 
258    -O                                                                        (1 = 11.1%) {55.6%}
340    -O                                                                        (1 = 11.1%) {66.7%}
448    ... 
1023   -O                                                                        (1 = 11.1%) {77.8%}
1347   ... 
27864  -O                                                                        (1 = 11.1%) {88.9%}
36699  ... 

Histogram: Compositing.SurfaceAggregator.CopiedSurfaceCount recorded 9 samples, mean = 1.7 (flags = 0x41)
0  O                                                                         (0 = 0.0%)
1  ---O                                                                      (3 = 33.3%) {0.0%}
2  ------O                                                                   (6 = 66.7%) {33.3%}
3  ... 

Histogram: Compositing.SurfaceAggregator.CopyUs recorded 9 samples, mean = 66.3 (flags = 0x41)
0    -O                                                                        (1 = 11.1%)
5    O                                                                         (0 = 0.0%) {11.1%}
6    --O                                                                       (2 = 22.2%) {11.1%}
7    --O                                                                       (2 = 22.2%) {33.3%}
8    O                                                                         (0 = 0.0%) {55.6%}
9    -O                                                                        (1 = 11.1%) {55.6%}
11   O                                                                         (0 = 0.0%) {66.7%}
13   -O                                                                        (1 = 11.1%) {66.7%}
15   ... 
227  -O                                                                        (1 = 11.1%) {77.8%}
266  -O                                                                        (1 = 11.1%) {88.9%}
311  ... 

Histogram: Compositing.SurfaceAggregator.HasCopyRequestsPerFrame recorded 9 samples, mean = 0.3 (flags = 0x41)
0  ------O                                                                   (6 = 66.7%)
1  ---O                                                                      (3 = 33.3%) {66.7%}
2  O                                                                         (0 = 0.0%) {100.0%}

Histogram: Compositing.SurfaceAggregator.HasPixelMovingBackdropFiltersPerFrame recorded 9 samples, mean = 0.0 (flags = 0x41)
0  ---------O                                                                (9 = 100.0%)
1  ... 

Histogram: Compositing.SurfaceAggregator.HasPixelMovingFiltersPerFrame recorded 9 samples, mean = 0.0 (flags = 0x41)
0  ---------O                                                                (9 = 100.0%)
1  ... 

Histogram: Compositing.SurfaceAggregator.HasUnembeddedRenderPassesPerFrame recorded 9 samples, mean = 0.0 (flags = 0x41)
0  ---------O                                                                (9 = 100.0%)
1  ... 

Histogram: Compositing.SurfaceAggregator.PrewalkUs recorded 9 samples, mean = 3526.0 (flags = 0x41)
0      ... 
9      -O                                                                        (1 = 11.1%) {0.0%}
11     --O                                                                       (2 = 22.2%) {11.1%}
13     -O                                                                        (1 = 11.1%) {33.3%}
15     ... 
29     -O                                                                        (1 = 11.1%) {44.4%}
34     ... 
266    -O                                                                        (1 = 11.1%) {55.6%}
311    --O                                                                       (2 = 22.2%) {66.7%}
364    ... 
10000  -O                                                                        (1 = 11.1%) {88.9%}

Histogram: Compositing.SurfaceAggregator.PrewalkedSurfaceCount recorded 9 samples, mean = 1.7 (flags = 0x41)
0  O                                                                         (0 = 0.0%)
1  ---O                                                                      (3 = 33.3%) {0.0%}
2  ------O                                                                   (6 = 66.7%) {33.3%}
3  ... 

Histogram: Compositing.SurfaceManager.MarkForDestructionToDestroy recorded 4 samples, mean = 3036.5 (flags = 0x41)
0      ... 
4      -O                                                                        (1 = 25.0%) {0.0%}
5      ... 
114    -O                                                                        (1 = 25.0%) {25.0%}
135    ... 
752    -O                                                                        (1 = 25.0%) {50.0%}
894    ... 
10000  -O                                                                        (1 = 25.0%) {75.0%}

Histogram: Compositing.TileManager.EnoughMemory.Renderer recorded 1 samples, mean = 1.0 (flags = 0x41)
0  O                                                                         (0 = 0.0%)
1  -O                                                                        (1 = 100.0%) {0.0%}
2  O                                                                         (0 = 0.0%) {100.0%}

Histogram: Content.Classification.OpenGraph recorded 1 samples, mean = 4.0 (flags = 0x41)
0  ... 
4  -O                                                                        (1 = 100.0%) {0.0%}
5  ... 

Histogram: ContentSettings.AllowStorageAccessSync recorded 5 samples, mean = 0.0 (flags = 0x41)
0  -----O                                                                    (5 = 100.0%)
1  ... 

Histogram: ContentSettings.GetContentSetting.Network.Duration recorded 639 samples, mean = 0.4 (flags = 0x41)
0  ------------------------------------------------------------------------O (452 = 70.7%)
1  ----------------------O                                                   (135 = 21.1%) {70.7%}
2  -------O                                                                  (45 = 7.0%) {91.9%}
3  -O                                                                        (6 = 0.9%) {98.9%}
4  O                                                                         (1 = 0.2%) {99.8%}
5  ... 

Histogram: ContentSettings.GetCookieSettingInternal.Duration recorded 250 samples, mean = 4.5 (flags = 0x41)
0   -------------O                                                            (20 = 8.0%)
1   ------------------------------------------------------------------------O (112 = 44.8%) {8.0%}
2   ----------O                                                               (16 = 6.4%) {52.8%}
3   -----O                                                                    (8 = 3.2%) {59.2%}
4   ---O                                                                      (4 = 1.6%) {62.4%}
5   -------------------------O                                                (39 = 15.6%) {64.0%}
7   ------O                                                                   (10 = 4.0%) {79.6%}
9   -----O                                                                    (7 = 2.8%) {83.6%}
12  --------------O                                                           (22 = 8.8%) {86.4%}
16  -----O                                                                    (8 = 3.2%) {95.2%}
21  O                                                                         (0 = 0.0%) {98.4%}
28  ---O                                                                      (4 = 1.6%) {98.4%}
37  ... 

Histogram: ContentSettings.NumberOfExceptions recorded 1 samples, mean = 4.0 (flags = 0x41)
0  ... 
4  -O                                                                        (1 = 100.0%) {0.0%}
5  ... 

Histogram: ContentSettings.Popups.StrongBlockerActions recorded 2 samples, mean = 0.0 (flags = 0x41)
0  --O                                                                       (2 = 100.0%)
1  ... 

Histogram: ContentSettings.RegularProfile.DefaultAutoVerifySetting recorded 1 samples, mean = 1.0 (flags = 0x41)
0  O                                                                         (0 = 0.0%)
1  -O                                                                        (1 = 100.0%) {0.0%}
2  ... 

Histogram: ContentSettings.RegularProfile.DefaultAutoplaySetting recorded 1 samples, mean = 1.0 (flags = 0x41)
0  O                                                                         (0 = 0.0%)
1  -O                                                                        (1 = 100.0%) {0.0%}
2  ... 

Histogram: ContentSettings.RegularProfile.DefaultBackgroundSyncSetting recorded 1 samples, mean = 1.0 (flags = 0x41)
0  O                                                                         (0 = 0.0%)
1  -O                                                                        (1 = 100.0%) {0.0%}
2  ... 

Histogram: ContentSettings.RegularProfile.DefaultCookiesSetting recorded 1 samples, mean = 1.0 (flags = 0x41)
0  O                                                                         (0 = 0.0%)
1  -O                                                                        (1 = 100.0%) {0.0%}
2  ... 

Histogram: ContentSettings.RegularProfile.DefaultIdleDetectionSetting recorded 1 samples, mean = 3.0 (flags = 0x41)
0  ... 
3  -O                                                                        (1 = 100.0%) {0.0%}
4  ... 

Histogram: ContentSettings.RegularProfile.DefaultImagesSetting recorded 1 samples, mean = 1.0 (flags = 0x41)
0  O                                                                         (0 = 0.0%)
1  -O                                                                        (1 = 100.0%) {0.0%}
2  ... 

Histogram: ContentSettings.RegularProfile.DefaultJavaScriptSetting recorded 1 samples, mean = 1.0 (flags = 0x41)
0  O                                                                         (0 = 0.0%)
1  -O                                                                        (1 = 100.0%) {0.0%}
2  ... 

Histogram: ContentSettings.RegularProfile.DefaultLocationSetting recorded 1 samples, mean = 3.0 (flags = 0x41)
0  ... 
3  -O                                                                        (1 = 100.0%) {0.0%}
4  ... 

Histogram: ContentSettings.RegularProfile.DefaultMIDISysExSetting recorded 1 samples, mean = 3.0 (flags = 0x41)
0  ... 
3  -O                                                                        (1 = 100.0%) {0.0%}
4  ... 

Histogram: ContentSettings.RegularProfile.DefaultMediaStreamCameraSetting recorded 1 samples, mean = 3.0 (flags = 0x41)
0  ... 
3  -O                                                                        (1 = 100.0%) {0.0%}
4  ... 

Histogram: ContentSettings.RegularProfile.DefaultMediaStreamMicSetting recorded 1 samples, mean = 3.0 (flags = 0x41)
0  ... 
3  -O                                                                        (1 = 100.0%) {0.0%}
4  ... 

Histogram: ContentSettings.RegularProfile.DefaultNotificationsSetting recorded 1 samples, mean = 3.0 (flags = 0x41)
0  ... 
3  -O                                                                        (1 = 100.0%) {0.0%}
4  ... 

Histogram: ContentSettings.RegularProfile.DefaultPopupsSetting recorded 1 samples, mean = 2.0 (flags = 0x41)
0  ... 
2  -O                                                                        (1 = 100.0%) {0.0%}
3  ... 

Histogram: ContentSettings.RegularProfile.DefaultSoundSetting recorded 1 samples, mean = 1.0 (flags = 0x41)
0  O                                                                         (0 = 0.0%)
1  -O                                                                        (1 = 100.0%) {0.0%}
2  ... 

Histogram: ContentSettings.RegularProfile.DefaultStorageAccessSetting recorded 1 samples, mean = 3.0 (flags = 0x41)
0  ... 
3  -O                                                                        (1 = 100.0%) {0.0%}
4  ... 

Histogram: ContentSettings.RegularProfile.DefaultSubresourceFilterSetting recorded 1 samples, mean = 2.0 (flags = 0x41)
0  ... 
2  -O                                                                        (1 = 100.0%) {0.0%}
3  ... 

Histogram: ContentSettings.RegularProfile.DefaultUsbGuardSetting recorded 1 samples, mean = 3.0 (flags = 0x41)
0  ... 
3  -O                                                                        (1 = 100.0%) {0.0%}
4  ... 

Histogram: ContentSettings.RegularProfile.DefaultWebBluetoothGuardSetting recorded 1 samples, mean = 3.0 (flags = 0x41)
0  ... 
3  -O                                                                        (1 = 100.0%) {0.0%}
4  ... 

Histogram: ContentSettings.RegularProfile.Exceptions.3pcd-heuristics-grants recorded 1 samples, mean = 0.0 (flags = 0x41)
0  -O                                                                        (1 = 100.0%)
1  ... 

Histogram: ContentSettings.RegularProfile.Exceptions.3pcd-support recorded 1 samples, mean = 0.0 (flags = 0x41)
0  -O                                                                        (1 = 100.0%)
1  ... 

Histogram: ContentSettings.RegularProfile.Exceptions.abusive-notification-permissions recorded 1 samples, mean = 0.0 (flags = 0x41)
0  -O                                                                        (1 = 100.0%)
1  ... 

Histogram: ContentSettings.RegularProfile.Exceptions.access-to-get-all-screens-media-in-session recorded 1 samples, mean = 0.0 (flags = 0x41)
0  -O                                                                        (1 = 100.0%)
1  ... 

Histogram: ContentSettings.RegularProfile.Exceptions.accessibility-events recorded 1 samples, mean = 0.0 (flags = 0x41)
0  -O                                                                        (1 = 100.0%)
1  ... 

Histogram: ContentSettings.RegularProfile.Exceptions.anti-abuse recorded 1 samples, mean = 0.0 (flags = 0x41)
0  -O                                                                        (1 = 100.0%)
1  ... 

Histogram: ContentSettings.RegularProfile.Exceptions.app-banner recorded 1 samples, mean = 0.0 (flags = 0x41)
0  -O                                                                        (1 = 100.0%)
1  ... 

Histogram: ContentSettings.RegularProfile.Exceptions.ar recorded 1 samples, mean = 0.0 (flags = 0x41)
0  -O                                                                        (1 = 100.0%)
1  ... 

Histogram: ContentSettings.RegularProfile.Exceptions.auto-picture-in-picture recorded 1 samples, mean = 0.0 (flags = 0x41)
0  -O                                                                        (1 = 100.0%)
1  ... 

Histogram: ContentSettings.RegularProfile.Exceptions.auto-select-certificate recorded 1 samples, mean = 0.0 (flags = 0x41)
0  -O                                                                        (1 = 100.0%)
1  ... 

Histogram: ContentSettings.RegularProfile.Exceptions.automatic-downloads recorded 1 samples, mean = 0.0 (flags = 0x41)
0  -O                                                                        (1 = 100.0%)
1  ... 

Histogram: ContentSettings.RegularProfile.Exceptions.automatic-fullscreen recorded 1 samples, mean = 0.0 (flags = 0x41)
0  -O                                                                        (1 = 100.0%)
1  ... 

Histogram: ContentSettings.RegularProfile.Exceptions.autoplay recorded 1 samples, mean = 0.0 (flags = 0x41)
0  -O                                                                        (1 = 100.0%)
1  ... 

Histogram: ContentSettings.RegularProfile.Exceptions.background-sync recorded 1 samples, mean = 0.0 (flags = 0x41)
0  -O                                                                        (1 = 100.0%)
1  ... 

Histogram: ContentSettings.RegularProfile.Exceptions.bluetooth-chooser-data recorded 1 samples, mean = 0.0 (flags = 0x41)
0  -O                                                                        (1 = 100.0%)
1  ... 

Histogram: ContentSettings.RegularProfile.Exceptions.bluetooth-guard recorded 1 samples, mean = 0.0 (flags = 0x41)
0  -O                                                                        (1 = 100.0%)
1  ... 

Histogram: ContentSettings.RegularProfile.Exceptions.bluetooth-scanning recorded 1 samples, mean = 0.0 (flags = 0x41)
0  -O                                                                        (1 = 100.0%)
1  ... 

Histogram: ContentSettings.RegularProfile.Exceptions.camera-pan-tilt-zoom recorded 1 samples, mean = 0.0 (flags = 0x41)
0  -O                                                                        (1 = 100.0%)
1  ... 

Histogram: ContentSettings.RegularProfile.Exceptions.captured-surface-control recorded 1 samples, mean = 0.0 (flags = 0x41)
0  -O                                                                        (1 = 100.0%)
1  ... 

Histogram: ContentSettings.RegularProfile.Exceptions.client-hints recorded 1 samples, mean = 1.0 (flags = 0x41)
0  O                                                                         (0 = 0.0%)
1  -O                                                                        (1 = 100.0%) {0.0%}
2  ... 

Histogram: ContentSettings.RegularProfile.Exceptions.clipboard recorded 1 samples, mean = 0.0 (flags = 0x41)
0  -O                                                                        (1 = 100.0%)
1  ... 

Histogram: ContentSettings.RegularProfile.Exceptions.cookie-controls-metadata recorded 1 samples, mean = 0.0 (flags = 0x41)
0  -O                                                                        (1 = 100.0%)
1  ... 

Histogram: ContentSettings.RegularProfile.Exceptions.cookies recorded 1 samples, mean = 0.0 (flags = 0x41)
0  -O                                                                        (1 = 100.0%)
1  ... 

Histogram: ContentSettings.RegularProfile.Exceptions.cookies.Allow recorded 1 samples, mean = 0.0 (flags = 0x41)
0  -O                                                                        (1 = 100.0%)
1  ... 

Histogram: ContentSettings.RegularProfile.Exceptions.cookies.AllowThirdParty recorded 1 samples, mean = 0.0 (flags = 0x41)
0  -O                                                                        (1 = 100.0%)
1  ... 

Histogram: ContentSettings.RegularProfile.Exceptions.cookies.Block recorded 1 samples, mean = 0.0 (flags = 0x41)
0  -O                                                                        (1 = 100.0%)
1  ... 

Histogram: ContentSettings.RegularProfile.Exceptions.cookies.DomainWildcardAllowThirdParty recorded 1 samples, mean = 0.0 (flags = 0x41)
0  -O                                                                        (1 = 100.0%)
1  ... 

Histogram: ContentSettings.RegularProfile.Exceptions.cookies.SessionOnly recorded 1 samples, mean = 0.0 (flags = 0x41)
0  -O                                                                        (1 = 100.0%)
1  ... 

Histogram: ContentSettings.RegularProfile.Exceptions.cookies.TemporaryAllowThirdParty recorded 1 samples, mean = 0.0 (flags = 0x41)
0  -O                                                                        (1 = 100.0%)
1  ... 

Histogram: ContentSettings.RegularProfile.Exceptions.direct-sockets recorded 1 samples, mean = 0.0 (flags = 0x41)
0  -O                                                                        (1 = 100.0%)
1  ... 

Histogram: ContentSettings.RegularProfile.Exceptions.display-media-system-audio recorded 1 samples, mean = 0.0 (flags = 0x41)
0  -O                                                                        (1 = 100.0%)
1  ... 

Histogram: ContentSettings.RegularProfile.Exceptions.durable-storage recorded 1 samples, mean = 0.0 (flags = 0x41)
0  -O                                                                        (1 = 100.0%)
1  ... 

Histogram: ContentSettings.RegularProfile.Exceptions.fedcm-idp-registration recorded 1 samples, mean = 0.0 (flags = 0x41)
0  -O                                                                        (1 = 100.0%)
1  ... 

Histogram: ContentSettings.RegularProfile.Exceptions.fedcm-idp-signin recorded 1 samples, mean = 1.0 (flags = 0x41)
0  O                                                                         (0 = 0.0%)
1  -O                                                                        (1 = 100.0%) {0.0%}
2  ... 

Histogram: ContentSettings.RegularProfile.Exceptions.fedcm-share recorded 1 samples, mean = 0.0 (flags = 0x41)
0  -O                                                                        (1 = 100.0%)
1  ... 

Histogram: ContentSettings.RegularProfile.Exceptions.file-system-access-chooser-data recorded 1 samples, mean = 0.0 (flags = 0x41)
0  -O                                                                        (1 = 100.0%)
1  ... 

Histogram: ContentSettings.RegularProfile.Exceptions.file-system-access-extended-permission recorded 1 samples, mean = 0.0 (flags = 0x41)
0  -O                                                                        (1 = 100.0%)
1  ... 

Histogram: ContentSettings.RegularProfile.Exceptions.file-system-access-restore-permission recorded 1 samples, mean = 0.0 (flags = 0x41)
0  -O                                                                        (1 = 100.0%)
1  ... 

Histogram: ContentSettings.RegularProfile.Exceptions.file-system-last-picked-directory recorded 1 samples, mean = 0.0 (flags = 0x41)
0  -O                                                                        (1 = 100.0%)
1  ... 

Histogram: ContentSettings.RegularProfile.Exceptions.file-system-read-guard recorded 1 samples, mean = 0.0 (flags = 0x41)
0  -O                                                                        (1 = 100.0%)
1  ... 

Histogram: ContentSettings.RegularProfile.Exceptions.file-system-write-guard recorded 1 samples, mean = 0.0 (flags = 0x41)
0  -O                                                                        (1 = 100.0%)
1  ... 

Histogram: ContentSettings.RegularProfile.Exceptions.formfill-metadata recorded 1 samples, mean = 0.0 (flags = 0x41)
0  -O                                                                        (1 = 100.0%)
1  ... 

Histogram: ContentSettings.RegularProfile.Exceptions.geolocation recorded 1 samples, mean = 0.0 (flags = 0x41)
0  -O                                                                        (1 = 100.0%)
1  ... 

Histogram: ContentSettings.RegularProfile.Exceptions.hid-chooser-data recorded 1 samples, mean = 0.0 (flags = 0x41)
0  -O                                                                        (1 = 100.0%)
1  ... 

Histogram: ContentSettings.RegularProfile.Exceptions.hid-guard recorded 1 samples, mean = 0.0 (flags = 0x41)
0  -O                                                                        (1 = 100.0%)
1  ... 

Histogram: ContentSettings.RegularProfile.Exceptions.http-allowed recorded 1 samples, mean = 0.0 (flags = 0x41)
0  -O                                                                        (1 = 100.0%)
1  ... 

Histogram: ContentSettings.RegularProfile.Exceptions.https-enforced recorded 1 samples, mean = 0.0 (flags = 0x41)
0  -O                                                                        (1 = 100.0%)
1  ... 

Histogram: ContentSettings.RegularProfile.Exceptions.idle-detection recorded 1 samples, mean = 0.0 (flags = 0x41)
0  -O                                                                        (1 = 100.0%)
1  ... 

Histogram: ContentSettings.RegularProfile.Exceptions.images recorded 1 samples, mean = 0.0 (flags = 0x41)
0  -O                                                                        (1 = 100.0%)
1  ... 

Histogram: ContentSettings.RegularProfile.Exceptions.important-site-info recorded 1 samples, mean = 0.0 (flags = 0x41)
0  -O                                                                        (1 = 100.0%)
1  ... 

Histogram: ContentSettings.RegularProfile.Exceptions.insecure-private-network recorded 1 samples, mean = 0.0 (flags = 0x41)
0  -O                                                                        (1 = 100.0%)
1  ... 

Histogram: ContentSettings.RegularProfile.Exceptions.intent-picker-auto-display recorded 1 samples, mean = 0.0 (flags = 0x41)
0  -O                                                                        (1 = 100.0%)
1  ... 

Histogram: ContentSettings.RegularProfile.Exceptions.javascript recorded 1 samples, mean = 0.0 (flags = 0x41)
0  -O                                                                        (1 = 100.0%)
1  ... 

Histogram: ContentSettings.RegularProfile.Exceptions.javascript-jit recorded 1 samples, mean = 0.0 (flags = 0x41)
0  -O                                                                        (1 = 100.0%)
1  ... 

Histogram: ContentSettings.RegularProfile.Exceptions.javascript-optimizer recorded 1 samples, mean = 0.0 (flags = 0x41)
0  -O                                                                        (1 = 100.0%)
1  ... 

Histogram: ContentSettings.RegularProfile.Exceptions.keyboard-lock recorded 1 samples, mean = 0.0 (flags = 0x41)
0  -O                                                                        (1 = 100.0%)
1  ... 

Histogram: ContentSettings.RegularProfile.Exceptions.legacy-cookie-access recorded 1 samples, mean = 0.0 (flags = 0x41)
0  -O                                                                        (1 = 100.0%)
1  ... 

Histogram: ContentSettings.RegularProfile.Exceptions.local-fonts recorded 1 samples, mean = 0.0 (flags = 0x41)
0  -O                                                                        (1 = 100.0%)
1  ... 

Histogram: ContentSettings.RegularProfile.Exceptions.media-engagement recorded 1 samples, mean = 1.0 (flags = 0x41)
0  O                                                                         (0 = 0.0%)
1  -O                                                                        (1 = 100.0%) {0.0%}
2  ... 

Histogram: ContentSettings.RegularProfile.Exceptions.media-stream-camera recorded 1 samples, mean = 0.0 (flags = 0x41)
0  -O                                                                        (1 = 100.0%)
1  ... 

Histogram: ContentSettings.RegularProfile.Exceptions.media-stream-mic recorded 1 samples, mean = 0.0 (flags = 0x41)
0  -O                                                                        (1 = 100.0%)
1  ... 

Histogram: ContentSettings.RegularProfile.Exceptions.midi-sysex recorded 1 samples, mean = 0.0 (flags = 0x41)
0  -O                                                                        (1 = 100.0%)
1  ... 

Histogram: ContentSettings.RegularProfile.Exceptions.mixed-script recorded 1 samples, mean = 0.0 (flags = 0x41)
0  -O                                                                        (1 = 100.0%)
1  ... 

Histogram: ContentSettings.RegularProfile.Exceptions.nfc-devices recorded 1 samples, mean = 0.0 (flags = 0x41)
0  -O                                                                        (1 = 100.0%)
1  ... 

Histogram: ContentSettings.RegularProfile.Exceptions.notification-interactions recorded 1 samples, mean = 0.0 (flags = 0x41)
0  -O                                                                        (1 = 100.0%)
1  ... 

Histogram: ContentSettings.RegularProfile.Exceptions.notification-permission-review recorded 1 samples, mean = 0.0 (flags = 0x41)
0  -O                                                                        (1 = 100.0%)
1  ... 

Histogram: ContentSettings.RegularProfile.Exceptions.notifications recorded 1 samples, mean = 0.0 (flags = 0x41)
0  -O                                                                        (1 = 100.0%)
1  ... 

Histogram: ContentSettings.RegularProfile.Exceptions.password-protection recorded 1 samples, mean = 0.0 (flags = 0x41)
0  -O                                                                        (1 = 100.0%)
1  ... 

Histogram: ContentSettings.RegularProfile.Exceptions.payment-handler recorded 1 samples, mean = 0.0 (flags = 0x41)
0  -O                                                                        (1 = 100.0%)
1  ... 

Histogram: ContentSettings.RegularProfile.Exceptions.permission-autoblocking-data recorded 1 samples, mean = 0.0 (flags = 0x41)
0  -O                                                                        (1 = 100.0%)
1  ... 

Histogram: ContentSettings.RegularProfile.Exceptions.permission-autorevocation-data recorded 1 samples, mean = 0.0 (flags = 0x41)
0  -O                                                                        (1 = 100.0%)
1  ... 

Histogram: ContentSettings.RegularProfile.Exceptions.pointer-lock recorded 1 samples, mean = 0.0 (flags = 0x41)
0  -O                                                                        (1 = 100.0%)
1  ... 

Histogram: ContentSettings.RegularProfile.Exceptions.popups recorded 1 samples, mean = 0.0 (flags = 0x41)
0  -O                                                                        (1 = 100.0%)
1  ... 

Histogram: ContentSettings.RegularProfile.Exceptions.popups.Allow recorded 1 samples, mean = 0.0 (flags = 0x41)
0  -O                                                                        (1 = 100.0%)
1  ... 

Histogram: ContentSettings.RegularProfile.Exceptions.popups.Block recorded 1 samples, mean = 0.0 (flags = 0x41)
0  -O                                                                        (1 = 100.0%)
1  ... 

Histogram: ContentSettings.RegularProfile.Exceptions.private-network-chooser-data recorded 1 samples, mean = 0.0 (flags = 0x41)
0  -O                                                                        (1 = 100.0%)
1  ... 

Histogram: ContentSettings.RegularProfile.Exceptions.private-network-guard recorded 1 samples, mean = 0.0 (flags = 0x41)
0  -O                                                                        (1 = 100.0%)
1  ... 

Histogram: ContentSettings.RegularProfile.Exceptions.protected-media-identifier recorded 1 samples, mean = 0.0 (flags = 0x41)
0  -O                                                                        (1 = 100.0%)
1  ... 

Histogram: ContentSettings.RegularProfile.Exceptions.protocol-handler recorded 1 samples, mean = 0.0 (flags = 0x41)
0  -O                                                                        (1 = 100.0%)
1  ... 

Histogram: ContentSettings.RegularProfile.Exceptions.reduced-accept-language recorded 1 samples, mean = 0.0 (flags = 0x41)
0  -O                                                                        (1 = 100.0%)
1  ... 

Histogram: ContentSettings.RegularProfile.Exceptions.safe-browsing-url-check-data recorded 1 samples, mean = 0.0 (flags = 0x41)
0  -O                                                                        (1 = 100.0%)
1  ... 

Histogram: ContentSettings.RegularProfile.Exceptions.sensors recorded 1 samples, mean = 0.0 (flags = 0x41)
0  -O                                                                        (1 = 100.0%)
1  ... 

Histogram: ContentSettings.RegularProfile.Exceptions.serial-chooser-data recorded 1 samples, mean = 0.0 (flags = 0x41)
0  -O                                                                        (1 = 100.0%)
1  ... 

Histogram: ContentSettings.RegularProfile.Exceptions.serial-guard recorded 1 samples, mean = 0.0 (flags = 0x41)
0  -O                                                                        (1 = 100.0%)
1  ... 

Histogram: ContentSettings.RegularProfile.Exceptions.site-engagement recorded 1 samples, mean = 1.0 (flags = 0x41)
0  O                                                                         (0 = 0.0%)
1  -O                                                                        (1 = 100.0%) {0.0%}
2  ... 

Histogram: ContentSettings.RegularProfile.Exceptions.sound recorded 1 samples, mean = 0.0 (flags = 0x41)
0  -O                                                                        (1 = 100.0%)
1  ... 

Histogram: ContentSettings.RegularProfile.Exceptions.speaker-selection recorded 1 samples, mean = 0.0 (flags = 0x41)
0  -O                                                                        (1 = 100.0%)
1  ... 

Histogram: ContentSettings.RegularProfile.Exceptions.ssl-cert-decisions recorded 1 samples, mean = 0.0 (flags = 0x41)
0  -O                                                                        (1 = 100.0%)
1  ... 

Histogram: ContentSettings.RegularProfile.Exceptions.storage-access recorded 1 samples, mean = 0.0 (flags = 0x41)
0  -O                                                                        (1 = 100.0%)
1  ... 

Histogram: ContentSettings.RegularProfile.Exceptions.storage-access-header-origin-trial recorded 1 samples, mean = 0.0 (flags = 0x41)
0  -O                                                                        (1 = 100.0%)
1  ... 

Histogram: ContentSettings.RegularProfile.Exceptions.storage-access.Allow recorded 1 samples, mean = 0.0 (flags = 0x41)
0  -O                                                                        (1 = 100.0%)
1  ... 

Histogram: ContentSettings.RegularProfile.Exceptions.storage-access.Ask recorded 1 samples, mean = 0.0 (flags = 0x41)
0  -O                                                                        (1 = 100.0%)
1  ... 

Histogram: ContentSettings.RegularProfile.Exceptions.storage-access.Block recorded 1 samples, mean = 0.0 (flags = 0x41)
0  -O                                                                        (1 = 100.0%)
1  ... 

Histogram: ContentSettings.RegularProfile.Exceptions.storage-access.MaxRequester recorded 1 samples, mean = 0.0 (flags = 0x41)
0  -O                                                                        (1 = 100.0%)
1  ... 

Histogram: ContentSettings.RegularProfile.Exceptions.storage-access.MaxTopLevel recorded 1 samples, mean = 0.0 (flags = 0x41)
0  -O                                                                        (1 = 100.0%)
1  ... 

Histogram: ContentSettings.RegularProfile.Exceptions.subresource-filter recorded 1 samples, mean = 0.0 (flags = 0x41)
0  -O                                                                        (1 = 100.0%)
1  ... 

Histogram: ContentSettings.RegularProfile.Exceptions.subresource-filter-data recorded 1 samples, mean = 0.0 (flags = 0x41)
0  -O                                                                        (1 = 100.0%)
1  ... 

Histogram: ContentSettings.RegularProfile.Exceptions.subresource-filter.Allow recorded 1 samples, mean = 0.0 (flags = 0x41)
0  -O                                                                        (1 = 100.0%)
1  ... 

Histogram: ContentSettings.RegularProfile.Exceptions.subresource-filter.Block recorded 1 samples, mean = 0.0 (flags = 0x41)
0  -O                                                                        (1 = 100.0%)
1  ... 

Histogram: ContentSettings.RegularProfile.Exceptions.third-party-storage-partitioning recorded 1 samples, mean = 0.0 (flags = 0x41)
0  -O                                                                        (1 = 100.0%)
1  ... 

Histogram: ContentSettings.RegularProfile.Exceptions.top-level-3pcd-origin-trial recorded 1 samples, mean = 0.0 (flags = 0x41)
0  -O                                                                        (1 = 100.0%)
1  ... 

Histogram: ContentSettings.RegularProfile.Exceptions.top-level-3pcd-support recorded 1 samples, mean = 0.0 (flags = 0x41)
0  -O                                                                        (1 = 100.0%)
1  ... 

Histogram: ContentSettings.RegularProfile.Exceptions.top-level-storage-access recorded 1 samples, mean = 0.0 (flags = 0x41)
0  -O                                                                        (1 = 100.0%)
1  ... 

Histogram: ContentSettings.RegularProfile.Exceptions.tracking-protection recorded 1 samples, mean = 0.0 (flags = 0x41)
0  -O                                                                        (1 = 100.0%)
1  ... 

Histogram: ContentSettings.RegularProfile.Exceptions.tracking-protection.Allow recorded 1 samples, mean = 0.0 (flags = 0x41)
0  -O                                                                        (1 = 100.0%)
1  ... 

Histogram: ContentSettings.RegularProfile.Exceptions.tracking-protection.Block recorded 1 samples, mean = 0.0 (flags = 0x41)
0  -O                                                                        (1 = 100.0%)
1  ... 

Histogram: ContentSettings.RegularProfile.Exceptions.unused-site-permissions recorded 1 samples, mean = 0.0 (flags = 0x41)
0  -O                                                                        (1 = 100.0%)
1  ... 

Histogram: ContentSettings.RegularProfile.Exceptions.usb-chooser-data recorded 1 samples, mean = 0.0 (flags = 0x41)
0  -O                                                                        (1 = 100.0%)
1  ... 

Histogram: ContentSettings.RegularProfile.Exceptions.usb-guard recorded 1 samples, mean = 0.0 (flags = 0x41)
0  -O                                                                        (1 = 100.0%)
1  ... 

Histogram: ContentSettings.RegularProfile.Exceptions.vr recorded 1 samples, mean = 0.0 (flags = 0x41)
0  -O                                                                        (1 = 100.0%)
1  ... 

Histogram: ContentSettings.RegularProfile.Exceptions.webid-api recorded 1 samples, mean = 0.0 (flags = 0x41)
0  -O                                                                        (1 = 100.0%)
1  ... 

Histogram: ContentSettings.RegularProfile.Exceptions.webid-auto-reauthn recorded 1 samples, mean = 0.0 (flags = 0x41)
0  -O                                                                        (1 = 100.0%)
1  ... 

Histogram: ContentSettings.RegularProfile.Exceptions.window-placement recorded 1 samples, mean = 0.0 (flags = 0x41)
0  -O                                                                        (1 = 100.0%)
1  ... 

Histogram: Conversions.DelayOnAttestationsLoaded recorded 1 samples, mean = 300049.0 (flags = 0x41)
0       ... 
300000  -O                                                                        (1 = 100.0%) {0.0%}

Histogram: Cookie.AvgCookieJarSizePerKey recorded 2 samples, mean = 0.0 (flags = 0x41)
0  --O                                                                       (2 = 100.0%)
1  ... 

Histogram: Cookie.ClockSkew.AddMinutes recorded 12 samples, mean = 0.0 (flags = 0x41)
0  ------------O                                                             (12 = 100.0%)
1  ... 

Histogram: Cookie.ClockSkew.AddMinutes12To24Hours recorded 12 samples, mean = 0.0 (flags = 0x41)
0  ------------O                                                             (12 = 100.0%)
720... 

Histogram: Cookie.ClockSkew.ExpiredWithoutSkew recorded 12 samples, mean = 0.0 (flags = 0x41)
0  ------------O                                                             (12 = 100.0%)
1  ... 

Histogram: Cookie.CookieJarSize recorded 2 samples, mean = 0.0 (flags = 0x41)
0  --O                                                                       (2 = 100.0%)
1  ... 

Histogram: Cookie.CookiePartitionSizeKibibytes recorded 2 samples, mean = 0.0 (flags = 0x41)
0  --O                                                                       (2 = 100.0%)
1  ... 

Histogram: Cookie.CookiePrefix recorded 13 samples, mean = 0.0 (flags = 0x41)
0  -------------O                                                            (13 = 100.0%)
1  ... 

Histogram: Cookie.CookieSchemeRequestScheme recorded 97 samples, mean = 2.0 (flags = 0x41)
0  ... 
2  ------------------------------------------------------------------------O (97 = 100.0%) {0.0%}
3  ... 

Histogram: Cookie.CookieSourceScheme recorded 13 samples, mean = 0.0 (flags = 0x41)
0  -------------O                                                            (13 = 100.0%)
1  ... 

Histogram: Cookie.CookieSourceSchemeName recorded 13 samples, mean = 14.0 (flags = 0x41)
0   ... 
14  -------------O                                                            (13 = 100.0%) {0.0%}
15  ... 

Histogram: Cookie.Count2 recorded 2 samples, mean = 2.5 (flags = 0x41)
0  ... 
2  -O                                                                        (1 = 50.0%) {0.0%}
3  -O                                                                        (1 = 50.0%) {50.0%}
4  ... 

Histogram: Cookie.CrossSiteRedirectType.Read recorded 186 samples, mean = 1.0 (flags = 0x41)
0  O                                                                         (0 = 0.0%)
1  ------------------------------------------------------------------------O (186 = 100.0%) {0.0%}
2  ... 

Histogram: Cookie.CrossSiteRedirectType.Write recorded 13 samples, mean = 1.0 (flags = 0x41)
0  O                                                                         (0 = 0.0%)
1  -------------O                                                            (13 = 100.0%) {0.0%}
2  ... 

Histogram: Cookie.DaysSinceRefreshForRetrieval recorded 3 samples, mean = 0.0 (flags = 0x41)
0  ---O                                                                      (3 = 100.0%)
1  ... 

Histogram: Cookie.DomainHasNonASCII recorded 13 samples, mean = 0.0 (flags = 0x41)
0  -------------O                                                            (13 = 100.0%)
1  ... 

Histogram: Cookie.DomainSet recorded 13 samples, mean = 0.9 (flags = 0x41)
0  -O                                                                        (1 = 7.7%)
1  ------------O                                                             (12 = 92.3%) {7.7%}
2  O                                                                         (0 = 0.0%) {100.0%}

Histogram: Cookie.DoubleUnderscorePrefixedName recorded 13 samples, mean = 0.7 (flags = 0x41)
0  ----O                                                                     (4 = 30.8%)
1  ---------O                                                                (9 = 69.2%) {30.8%}
2  O                                                                         (0 = 0.0%) {100.0%}

Histogram: Cookie.ExpirationDuration400DaysLTE recorded 12 samples, mean = 60.8 (flags = 0x41)
0    ----------O                                                               (10 = 83.3%)
1    ... 
364  --O                                                                       (2 = 16.7%) {83.3%}
400  O                                                                         (0 = 0.0%) {100.0%}

Histogram: Cookie.ExpirationDurationMinutesSecure recorded 12 samples, mean = 87627.4 (flags = 0x41)
0       ... 
26      ---------O                                                                (9 = 75.0%) {0.0%}
36      O                                                                         (0 = 0.0%) {75.0%}
49      -O                                                                        (1 = 8.3%) {75.0%}
67      ... 
429766  --O                                                                       (2 = 16.7%) {83.3%}
587706  ... 

Histogram: Cookie.FirstPartyPartitioned.HasCrossSiteAncestor recorded 100 samples, mean = 0.0 (flags = 0x41)
0  ------------------------------------------------------------------------O (100 = 100.0%)
1  ... 

Histogram: Cookie.FirstPartySets.Browser.DelayedQueriesCount recorded 1 samples, mean = 2.0 (flags = 0x41)
0  ... 
2  -O                                                                        (1 = 100.0%) {0.0%}
3  ... 

Histogram: Cookie.FirstPartySets.Browser.MostDelayedQueryDelta recorded 1 samples, mean = 233.0 (flags = 0x41)
0    ... 
226  -O                                                                        (1 = 100.0%) {0.0%}
268  ... 

Histogram: Cookie.FirstPartySets.ComponentSetsNonfatalErrors recorded 1 samples, mean = 0.0 (flags = 0x41)
0  -O                                                                        (1 = 100.0%)
1  ... 

Histogram: Cookie.FirstPartySets.ComponentSetsParsedSuccessfully recorded 1 samples, mean = 0.0 (flags = 0x41)
0  -O                                                                        (1 = 100.0%)
1  ... 

Histogram: Cookie.FirstPartySets.ContextDelayedQueriesCount recorded 1 samples, mean = 0.0 (flags = 0x41)
0  -O                                                                        (1 = 100.0%)
1  ... 

Histogram: Cookie.FirstPartySets.ContextMostDelayedQueryDelta recorded 1 samples, mean = 0.0 (flags = 0x41)
0  -O                                                                        (1 = 100.0%)
1  ... 

Histogram: Cookie.FirstPartySets.EnqueueingDelay.ContextConfig2 recorded 1 samples, mean = 90.0 (flags = 0x41)
0   ... 
81  -O                                                                        (1 = 100.0%) {0.0%}
96  ... 

Histogram: Cookie.FirstPartySets.InitializationDuration.ContextReadyToServeQueries2 recorded 1 samples, mean = 6133.0 (flags = 0x41)
0     ... 
5961  -O                                                                        (1 = 100.0%) {0.0%}
7083  ... 

Histogram: Cookie.FirstPartySets.InitializationDuration.ReadCommandLineSet2 recorded 1 samples, mean = 234.0 (flags = 0x41)
0    ... 
226  -O                                                                        (1 = 100.0%) {0.0%}
268  ... 

Histogram: Cookie.FirstPartySets.InitializationDuration.ReadComponentSets2 recorded 1 samples, mean = 1.0 (flags = 0x41)
0  O                                                                         (0 = 0.0%)
1  -O                                                                        (1 = 100.0%) {0.0%}
2  ... 

Histogram: Cookie.FirstPartySets.InitializationDuration.ReadyToServeQueries2 recorded 1 samples, mean = 117.0 (flags = 0x41)
0    ... 
114  -O                                                                        (1 = 100.0%) {0.0%}
135  ... 

Histogram: Cookie.FirstPartySets.Network.DelayedQueriesCount recorded 1 samples, mean = 0.0 (flags = 0x41)
0  -O                                                                        (1 = 100.0%)
1  ... 

Histogram: Cookie.FirstPartySets.Network.MostDelayedQueryDelta recorded 1 samples, mean = 0.0 (flags = 0x41)
0  -O                                                                        (1 = 100.0%)
1  ... 

Histogram: Cookie.FirstPartySets.ProcessedEntireComponent recorded 1 samples, mean = 1.0 (flags = 0x41)
0  O                                                                         (0 = 0.0%)
1  -O                                                                        (1 = 100.0%) {0.0%}
2  O                                                                         (0 = 0.0%) {100.0%}

Histogram: Cookie.FromStorageWithValidLength recorded 186 samples, mean = 1.0 (flags = 0x41)
0  O                                                                         (0 = 0.0%)
1  ------------------------------------------------------------------------O (186 = 100.0%) {0.0%}
2  O                                                                         (0 = 0.0%) {100.0%}

Histogram: Cookie.HasNonASCII.Name recorded 13 samples, mean = 0.0 (flags = 0x41)
0  -------------O                                                            (13 = 100.0%)
1  ... 

Histogram: Cookie.HasNonASCII.Value recorded 13 samples, mean = 0.0 (flags = 0x41)
0  -------------O                                                            (13 = 100.0%)
1  ... 

Histogram: Cookie.IncludedRequestEffectiveSameSite recorded 165 samples, mean = 0.0 (flags = 0x41)
0  ------------------------------------------------------------------------O (165 = 100.0%)
1  ... 

Histogram: Cookie.IncludedResponseEffectiveSameSite recorded 13 samples, mean = 0.0 (flags = 0x41)
0  -------------O                                                            (13 = 100.0%)
1  ... 

Histogram: Cookie.IsPartitionedValid recorded 3 samples, mean = 1.0 (flags = 0x41)
0  O                                                                         (0 = 0.0%)
1  ---O                                                                      (3 = 100.0%) {0.0%}
2  O                                                                         (0 = 0.0%) {100.0%}

Histogram: Cookie.MaxCookieJarSizePerKey recorded 2 samples, mean = 0.0 (flags = 0x41)
0  --O                                                                       (2 = 100.0%)
1  ... 

Histogram: Cookie.MaxSameSiteNoneCookiesPerKey recorded 2 samples, mean = 1.0 (flags = 0x41)
0  O                                                                         (0 = 0.0%)
1  --O                                                                       (2 = 100.0%) {0.0%}
2  ... 

Histogram: Cookie.NameOrValueHtab recorded 13 samples, mean = 0.0 (flags = 0x41)
0  -------------O                                                            (13 = 100.0%)
1  ... 

Histogram: Cookie.NumKeys recorded 2 samples, mean = 2.5 (flags = 0x41)
0  ... 
2  -O                                                                        (1 = 50.0%) {0.0%}
3  -O                                                                        (1 = 50.0%) {50.0%}
4  ... 

Histogram: Cookie.OnCookiesAccessed.BatchSize recorded 46 samples, mean = 1.2 (flags = 0x41)
0  O                                                                         (0 = 0.0%)
1  ---------------------------------------O                                  (39 = 84.8%) {0.0%}
2  -------O                                                                  (7 = 15.2%) {84.8%}
3  ... 

Histogram: Cookie.OnCookiesAccessed.TotalAccesses recorded 46 samples, mean = 2.3 (flags = 0x41)
0  O                                                                         (0 = 0.0%)
1  ---O                                                                      (3 = 6.5%) {0.0%}
2  --------------------------------O                                         (32 = 69.6%) {6.5%}
3  -------O                                                                  (7 = 15.2%) {76.1%}
4  ---O                                                                      (3 = 6.5%) {91.3%}
5  -O                                                                        (1 = 2.2%) {97.8%}
7  ... 

Histogram: Cookie.PartitionCount recorded 2 samples, mean = 1.0 (flags = 0x41)
0  O                                                                         (0 = 0.0%)
1  --O                                                                       (2 = 100.0%) {0.0%}
2  ... 

Histogram: Cookie.PartitionedCookieCount recorded 2 samples, mean = 2.0 (flags = 0x41)
0  ... 
2  --O                                                                       (2 = 100.0%) {0.0%}
3  ... 

Histogram: Cookie.PartitionedCookieCount.Nonced recorded 2 samples, mean = 0.0 (flags = 0x41)
0  --O                                                                       (2 = 100.0%)
1  ... 

Histogram: Cookie.PartitionedCookieCount.Unnonced recorded 2 samples, mean = 2.0 (flags = 0x41)
0  ... 
2  --O                                                                       (2 = 100.0%) {0.0%}
3  ... 

Histogram: Cookie.PartitionedCookieJarSizeKibibytes recorded 2 samples, mean = 0.0 (flags = 0x41)
0  --O                                                                       (2 = 100.0%)
1  ... 

Histogram: Cookie.PartitionedCookieJarSizeKibibytes.Nonced recorded 2 samples, mean = 0.0 (flags = 0x41)
0  --O                                                                       (2 = 100.0%)
1  ... 

Histogram: Cookie.PartitionedCookieJarSizeKibibytes.Unnonced recorded 2 samples, mean = 0.0 (flags = 0x41)
0  --O                                                                       (2 = 100.0%)
1  ... 

Histogram: Cookie.PartitionedCookiesInRequest recorded 46 samples, mean = 1.2 (flags = 0x41)
0  O                                                                         (0 = 0.0%)
1  --------------------------------------O                                   (38 = 82.6%) {0.0%}
2  --------O                                                                 (8 = 17.4%) {82.6%}
3  ... 

Histogram: Cookie.Port.Read.RemoteHost recorded 149 samples, mean = 7.0 (flags = 0x41)
0  ... 
7  ------------------------------------------------------------------------O (149 = 100.0%) {0.0%}
8  ... 

Histogram: Cookie.Port.ReadDiffersFromSet.DomainSet recorded 138 samples, mean = 4.0 (flags = 0x41)
0  ... 
4  ------------------------------------------------------------------------O (138 = 100.0%) {0.0%}
5  O                                                                         (0 = 0.0%) {100.0%}

Histogram: Cookie.Port.ReadDiffersFromSet.RemoteHost recorded 149 samples, mean = 4.0 (flags = 0x41)
0  ... 
4  ------------------------------------------------------------------------O (149 = 100.0%) {0.0%}
5  O                                                                         (0 = 0.0%) {100.0%}

Histogram: Cookie.Port.Set.RemoteHost recorded 13 samples, mean = 7.0 (flags = 0x41)
0  ... 
7  -------------O                                                            (13 = 100.0%) {0.0%}
8  ... 

Histogram: Cookie.RequestSameSiteContext recorded 203 samples, mean = 3.0 (flags = 0x41)
0  -O                                                                        (2 = 1.0%)
1  ... 
3  ------------------------------------------------------------------------O (201 = 99.0%) {1.0%}
4  O                                                                         (0 = 0.0%) {100.0%}

Histogram: Cookie.SameSiteAttributeValue recorded 13 samples, mean = 5.0 (flags = 0x41)
0  ... 
5  -------------O                                                            (13 = 100.0%) {0.0%}
6  ... 

Histogram: Cookie.SameSiteNoneSizeBytes recorded 13 samples, mean = 231.8 (flags = 0x41)
0    ... 
12   -O                                                                        (1 = 7.7%) {0.0%}
14   ... 
40   -O                                                                        (1 = 7.7%) {7.7%}
48   ... 
190  ---------O                                                                (9 = 69.2%) {15.4%}
226  ... 
449  -O                                                                        (1 = 7.7%) {84.6%}
533  -O                                                                        (1 = 7.7%) {92.3%}
633  ... 

Histogram: Cookie.SameSiteNoneSizeBytes.Partitioned recorded 3 samples, mean = 374.3 (flags = 0x41)
0    ... 
12   -O                                                                        (1 = 33.3%) {0.0%}
14   ... 
449  -O                                                                        (1 = 33.3%) {33.3%}
533  -O                                                                        (1 = 33.3%) {66.7%}
633  ... 

Histogram: Cookie.SameSiteNoneSizeBytes.Unpartitioned recorded 10 samples, mean = 189.0 (flags = 0x41)
0    ... 
40   -O                                                                        (1 = 10.0%) {0.0%}
48   ... 
190  ---------O                                                                (9 = 90.0%) {10.0%}
226  ... 

Histogram: Cookie.ScriptExpirationInHoursLTEOneWeek recorded 1 samples, mean = 0.0 (flags = 0x41)
0  -O                                                                        (1 = 100.0%)
1  ... 

Histogram: Cookie.SourceType recorded 16 samples, mean = 1.1 (flags = 0x41)
0  O                                                                         (0 = 0.0%)
1  ---------------O                                                          (15 = 93.8%) {0.0%}
2  -O                                                                        (1 = 6.2%) {93.8%}
3  ... 

Histogram: Cookie.TimeBlockedOnLoad recorded 2 samples, mean = 2997.0 (flags = 0x41)
0     ... 
4     -O                                                                        (1 = 50.0%) {0.0%}
5     ... 
5647  -O                                                                        (1 = 50.0%) {50.0%}
7000  ... 

Histogram: Cookie.TimeInitializeDB recorded 2 samples, mean = 3.0 (flags = 0x41)
0  ... 
3  --O                                                                       (2 = 100.0%) {0.0%}
4  ... 

Histogram: Cookie.TimeOpsBlockedDueToGlobalOp recorded 2 samples, mean = 2.0 (flags = 0x41)
0  -O                                                                        (1 = 50.0%)
1  ... 
4  -O                                                                        (1 = 50.0%) {50.0%}
5  ... 

Histogram: Cookie.TimeToRecordPeriodicStats recorded 2 samples, mean = 0.0 (flags = 0x41)
0  --O                                                                       (2 = 100.0%)
1  ... 

Histogram: Cookie.Type2 recorded 16 samples, mean = 13.2 (flags = 0x41)
0   ... 
4   -O                                                                        (1 = 6.2%) {0.0%}
5   ... 
12  -O                                                                        (1 = 6.2%) {6.2%}
13  O                                                                         (0 = 0.0%) {12.5%}
14  --------------O                                                           (14 = 87.5%) {12.5%}
15  ... 

Histogram: Crypto.TPMDuration.MessageSigningECDSA recorded 1 samples, mean = 124.0 (flags = 0x41)
0    ... 
107  -O                                                                        (1 = 100.0%) {0.0%}
136  ... 

Histogram: Crypto.TPMDuration.NewKeyCreationECDSA recorded 1 samples, mean = 327.0 (flags = 0x41)
0    ... 
280  -O                                                                        (1 = 100.0%) {0.0%}
356  ... 

Histogram: Crypto.TPMDuration.Virtual.MessageSigningECDSA recorded 1 samples, mean = 0.0 (flags = 0x41)
0  -O                                                                        (1 = 100.0%)
1  ... 

Histogram: Crypto.TPMDuration.Virtual.NewKeyCreationECDSA recorded 1 samples, mean = 9.0 (flags = 0x41)
0  ... 
8  -O                                                                        (1 = 100.0%) {0.0%}
10 ... 

Histogram: Crypto.TPMDuration.Virtual.WrappedKeyCreationECDSA recorded 1 samples, mean = 2.0 (flags = 0x41)
0  ... 
2  -O                                                                        (1 = 100.0%) {0.0%}
3  ... 

Histogram: Crypto.TPMDuration.WrappedKeyCreationECDSA recorded 1 samples, mean = 46.0 (flags = 0x41)
0   ... 
41  -O                                                                        (1 = 100.0%) {0.0%}
52  ... 

Histogram: Crypto.TPMOperation.MessageSigningECDSA recorded 1 samples, mean = 1.0 (flags = 0x41)
0  O                                                                         (0 = 0.0%)
1  -O                                                                        (1 = 100.0%) {0.0%}
2  O                                                                         (0 = 0.0%) {100.0%}

Histogram: Crypto.TPMOperation.MessageVerifyECDSA recorded 1 samples, mean = 1.0 (flags = 0x41)
0  O                                                                         (0 = 0.0%)
1  -O                                                                        (1 = 100.0%) {0.0%}
2  O                                                                         (0 = 0.0%) {100.0%}

Histogram: Crypto.TPMOperation.NewKeyCreationECDSA recorded 1 samples, mean = 1.0 (flags = 0x41)
0  O                                                                         (0 = 0.0%)
1  -O                                                                        (1 = 100.0%) {0.0%}
2  O                                                                         (0 = 0.0%) {100.0%}

Histogram: Crypto.TPMOperation.Virtual.MessageSigningECDSA recorded 1 samples, mean = 1.0 (flags = 0x41)
0  O                                                                         (0 = 0.0%)
1  -O                                                                        (1 = 100.0%) {0.0%}
2  O                                                                         (0 = 0.0%) {100.0%}

Histogram: Crypto.TPMOperation.Virtual.MessageVerifyECDSA recorded 1 samples, mean = 1.0 (flags = 0x41)
0  O                                                                         (0 = 0.0%)
1  -O                                                                        (1 = 100.0%) {0.0%}
2  O                                                                         (0 = 0.0%) {100.0%}

Histogram: Crypto.TPMOperation.Virtual.NewKeyCreationECDSA recorded 1 samples, mean = 1.0 (flags = 0x41)
0  O                                                                         (0 = 0.0%)
1  -O                                                                        (1 = 100.0%) {0.0%}
2  O                                                                         (0 = 0.0%) {100.0%}

Histogram: Crypto.TPMOperation.Virtual.WrappedKeyCreationECDSA recorded 1 samples, mean = 1.0 (flags = 0x41)
0  O                                                                         (0 = 0.0%)
1  -O                                                                        (1 = 100.0%) {0.0%}
2  O                                                                         (0 = 0.0%) {100.0%}

Histogram: Crypto.TPMOperation.WrappedKeyCreationECDSA recorded 1 samples, mean = 1.0 (flags = 0x41)
0  O                                                                         (0 = 0.0%)
1  -O                                                                        (1 = 100.0%) {0.0%}
2  O                                                                         (0 = 0.0%) {100.0%}

Histogram: Crypto.TPMSupport2 recorded 1 samples, mean = 2.0 (flags = 0x41)
0  ... 
2  -O                                                                        (1 = 100.0%) {0.0%}
3  O                                                                         (0 = 0.0%) {100.0%}

Histogram: Crypto.TPMSupportType recorded 1 samples, mean = 3.0 (flags = 0x41)
0  ... 
3  -O                                                                        (1 = 100.0%) {0.0%}
4  O                                                                         (0 = 0.0%) {100.0%}

Histogram: Crypto.VirtualKeySupport recorded 1 samples, mean = 2.0 (flags = 0x41)
0  ... 
2  -O                                                                        (1 = 100.0%) {0.0%}
3  O                                                                         (0 = 0.0%) {100.0%}

Histogram: DOMStorage.CommitMeasuredDelay recorded 4 samples, mean = 3761.2 (flags = 0x41)
0     ... 
10    -O                                                                        (1 = 25.0%) {0.0%}
12    ... 
4904  ---O                                                                      (3 = 75.0%) {25.0%}
5660  ... 

Histogram: DOMStorage.CommitSizeBytes recorded 2 samples, mean = 1550.5 (flags = 0x41)
0     ... 
1387  -O                                                                        (1 = 50.0%) {0.0%}
1564  -O                                                                        (1 = 50.0%) {50.0%}
1763  ... 

Histogram: DataUse.BytesReceived3.Delegate recorded 63 samples, mean = 29166.7 (flags = 0x41)
0       ... 
138     -O                                                                        (1 = 1.6%) {0.0%}
178     ... 
297     -O                                                                        (1 = 1.6%) {1.6%}
383     --O                                                                       (2 = 3.2%) {3.2%}
494     --O                                                                       (2 = 3.2%) {6.3%}
637     -O                                                                        (1 = 1.6%) {9.5%}
821     ----O                                                                     (4 = 6.3%) {11.1%}
1059    ---O                                                                      (3 = 4.8%) {17.5%}
1366    -O                                                                        (1 = 1.6%) {22.2%}
1761    --O                                                                       (2 = 3.2%) {23.8%}
2271    -O                                                                        (1 = 1.6%) {27.0%}
2928    ------O                                                                   (6 = 9.5%) {28.6%}
3776    ---O                                                                      (3 = 4.8%) {38.1%}
4869    ----O                                                                     (4 = 6.3%) {42.9%}
6279    -O                                                                        (1 = 1.6%) {49.2%}
8097    -O                                                                        (1 = 1.6%) {50.8%}
10441   ---O                                                                      (3 = 4.8%) {52.4%}
13464   -O                                                                        (1 = 1.6%) {57.1%}
17362   ---O                                                                      (3 = 4.8%) {58.7%}
22388   -----O                                                                    (5 = 7.9%) {63.5%}
28869   --O                                                                       (2 = 3.2%) {71.4%}
37226   --O                                                                       (2 = 3.2%) {74.6%}
48002   ---O                                                                      (3 = 4.8%) {77.8%}
61898   -O                                                                        (1 = 1.6%) {82.5%}
79817   ----O                                                                     (4 = 6.3%) {84.1%}
102923  ----O                                                                     (4 = 6.3%) {90.5%}
132718  --O                                                                       (2 = 3.2%) {96.8%}
171138  ... 

Histogram: DataUse.BytesSent3.Delegate recorded 63 samples, mean = 1152.9 (flags = 0x41)
0      ... 
65     --------------------------O                                               (26 = 41.3%) {0.0%}
86     -----O                                                                    (5 = 7.9%) {41.3%}
113    -O                                                                        (1 = 1.6%) {49.2%}
149    -O                                                                        (1 = 1.6%) {50.8%}
196    -O                                                                        (1 = 1.6%) {52.4%}
258    -O                                                                        (1 = 1.6%) {54.0%}
340    --O                                                                       (2 = 3.2%) {55.6%}
448    ----O                                                                     (4 = 6.3%) {58.7%}
590    ----O                                                                     (4 = 6.3%) {65.1%}
777    -O                                                                        (1 = 1.6%) {71.4%}
1023   ----------O                                                               (10 = 15.9%) {73.0%}
1347   -O                                                                        (1 = 1.6%) {88.9%}
1774   ... 
4053   -O                                                                        (1 = 1.6%) {90.5%}
5338   ---O                                                                      (3 = 4.8%) {92.1%}
7031   -O                                                                        (1 = 1.6%) {96.8%}
9260   ... 
16063  -O                                                                        (1 = 1.6%) {98.4%}
21156  ... 

Histogram: DefaultBrowser.State recorded 1 samples, mean = 0.0 (flags = 0x41)
0  -O                                                                        (1 = 100.0%)
1  ... 

Histogram: DiskCache.0.Error recorded 1 samples, mean = 0.0 (flags = 0x41)
0  -O                                                                        (1 = 100.0%)
1  ... 

Histogram: DiskCache.0.TotalIOTimeRead recorded 16 samples, mean = 0.0 (flags = 0x41)
0  ----------------O                                                         (16 = 100.0%)
1  ... 

Histogram: DiskCache.0.TotalIOTimeWrite recorded 210 samples, mean = 0.0 (flags = 0x41)
0  ------------------------------------------------------------------------O (209 = 99.5%)
1  O                                                                         (1 = 0.5%) {99.5%}
2  ... 

Histogram: Download.Database.IsAvailable recorded 1 samples, mean = 1.0 (flags = 0x41)
0  O                                                                         (0 = 0.0%)
1  -O                                                                        (1 = 100.0%) {0.0%}
2  O                                                                         (0 = 0.0%) {100.0%}

Histogram: Download.Service.Db.Operation.Failure recorded 1 samples, mean = 0.0 (flags = 0x41)
0  -O                                                                        (1 = 100.0%)
1  ... 

Histogram: Download.Service.Files.CleanUp.External recorded 1 samples, mean = 0.0 (flags = 0x41)
0  -O                                                                        (1 = 100.0%)
1  ... 

Histogram: Download.Service.Files.CleanUp.External.HardRecovery recorded 1 samples, mean = 0.0 (flags = 0x41)
0  -O                                                                        (1 = 100.0%)
1  ... 

Histogram: Download.Service.Files.CleanUp.Failure recorded 1 samples, mean = 0.0 (flags = 0x41)
0  -O                                                                        (1 = 100.0%)
1  ... 

Histogram: Download.Service.Files.CleanUp.Failure.HardRecovery recorded 1 samples, mean = 0.0 (flags = 0x41)
0  -O                                                                        (1 = 100.0%)
1  ... 

Histogram: Download.Service.Files.CleanUp.Success recorded 1 samples, mean = 0.0 (flags = 0x41)
0  -O                                                                        (1 = 100.0%)
1  ... 

Histogram: Download.Service.Files.CleanUp.Success.HardRecovery recorded 1 samples, mean = 0.0 (flags = 0x41)
0  -O                                                                        (1 = 100.0%)
1  ... 

Histogram: Download.Service.StartUpStatus.Initialization recorded 2 samples, mean = 2.0 (flags = 0x41)
0  O                                                                         (0 = 0.0%)
1  -O                                                                        (1 = 50.0%) {0.0%}
2  O                                                                         (0 = 0.0%) {50.0%}
3  -O                                                                        (1 = 50.0%) {50.0%}
4  ... 

Histogram: Download.Service.StartUpStatus.Recovery recorded 2 samples, mean = 2.0 (flags = 0x41)
0  O                                                                         (0 = 0.0%)
1  -O                                                                        (1 = 50.0%) {0.0%}
2  O                                                                         (0 = 0.0%) {50.0%}
3  -O                                                                        (1 = 50.0%) {50.0%}
4  ... 

Histogram: Enterprise.TimeToFirstPolicyLoad.Profile.Unmanaged recorded 1 samples, mean = 0.0 (flags = 0x41)
0  -O                                                                        (1 = 100.0%)
1  ... 

Histogram: EnterpriseCheck.AzureADJoinStatusCheckTime recorded 1 samples, mean = 9.0 (flags = 0x41)
0  ... 
8  -O                                                                        (1 = 100.0%) {0.0%}
10 ... 

Histogram: Event.GestureCreated recorded 4 samples, mean = 12.0 (flags = 0x41)
0   ... 
12  ----O                                                                     (4 = 100.0%) {0.0%}
13  ... 

Histogram: Extension.Toolbar.BrowserActionsCount2 recorded 1 samples, mean = 0.0 (flags = 0x41)
0  -O                                                                        (1 = 100.0%)
1  ... 

Histogram: ExtensionToolbarModel.BrowserActionsCount recorded 1 samples, mean = 0.0 (flags = 0x41)
0  -O                                                                        (1 = 100.0%)
1  ... 

Histogram: Extensions.AppLocation2 recorded 1 samples, mean = 5.0 (flags = 0x41)
0  ... 
5  -O                                                                        (1 = 100.0%) {0.0%}
6  ... 

Histogram: Extensions.CorruptExtensionTotalDisables recorded 1 samples, mean = 0.0 (flags = 0x41)
0  -O                                                                        (1 = 100.0%)
1  ... 

Histogram: Extensions.CorruptExtensionTotalDisables2 recorded 1 samples, mean = 0.0 (flags = 0x41)
0  -O                                                                        (1 = 100.0%)
1  ... 

Histogram: Extensions.Database.Open.State recorded 2 samples, mean = 5.0 (flags = 0x41)
0  ... 
5  --O                                                                       (2 = 100.0%) {0.0%}
6  O                                                                         (0 = 0.0%) {100.0%}

Histogram: Extensions.DeveloperModeEnabled recorded 2 samples, mean = 0.0 (flags = 0x41)
0  --O                                                                       (2 = 100.0%)
1  ... 

Histogram: Extensions.DidCreateScriptContext_Unspecified recorded 1 samples, mean = 1.0 (flags = 0x41)
0  O                                                                         (0 = 0.0%)
1  -O                                                                        (1 = 100.0%) {0.0%}
2  ... 

Histogram: Extensions.DidCreateScriptContext_WebPage recorded 7 samples, mean = 0.0 (flags = 0x41)
0  -------O                                                                  (7 = 100.0%)
1  ... 

Histogram: Extensions.Disabled recorded 1 samples, mean = 0.0 (flags = 0x41)
0  -O                                                                        (1 = 100.0%)
1  ... 

Histogram: Extensions.Disabled2 recorded 1 samples, mean = 0.0 (flags = 0x41)
0  -O                                                                        (1 = 100.0%)
1  ... 

Histogram: Extensions.DisabledForPermissions recorded 1 samples, mean = 0.0 (flags = 0x41)
0  -O                                                                        (1 = 100.0%)
1  ... 

Histogram: Extensions.DisabledForPermissions2 recorded 1 samples, mean = 0.0 (flags = 0x41)
0  -O                                                                        (1 = 100.0%)
1  ... 

Histogram: Extensions.EventlessEventPages2 recorded 1 samples, mean = 0.0 (flags = 0x41)
0  -O                                                                        (1 = 100.0%)
1  ... 

Histogram: Extensions.ExtensionLocation recorded 1 samples, mean = 5.0 (flags = 0x41)
0  ... 
5  -O                                                                        (1 = 100.0%) {0.0%}
6  ... 

Histogram: Extensions.ExtensionLocation2 recorded 1 samples, mean = 5.0 (flags = 0x41)
0  ... 
5  -O                                                                        (1 = 100.0%) {0.0%}
6  ... 

Histogram: Extensions.ExtensionsWithPageActions recorded 1 samples, mean = 0.0 (flags = 0x41)
0  -O                                                                        (1 = 100.0%)
1  ... 

Histogram: Extensions.HomepageOverrides recorded 1 samples, mean = 0.0 (flags = 0x41)
0  -O                                                                        (1 = 100.0%)
1  ... 

Histogram: Extensions.HomepageOverrides2 recorded 1 samples, mean = 0.0 (flags = 0x41)
0  -O                                                                        (1 = 100.0%)
1  ... 

Histogram: Extensions.InjectEnd_ScriptCount recorded 7 samples, mean = 0.0 (flags = 0x41)
0  -------O                                                                  (7 = 100.0%)
1  ... 

Histogram: Extensions.InjectIdle_ScriptCount recorded 7 samples, mean = 0.0 (flags = 0x41)
0  -------O                                                                  (7 = 100.0%)
1  ... 

Histogram: Extensions.InjectStart_CssCount recorded 14 samples, mean = 0.0 (flags = 0x41)
0  --------------O                                                           (14 = 100.0%)
1  ... 

Histogram: Extensions.InjectStart_ScriptCount recorded 14 samples, mean = 0.0 (flags = 0x41)
0  --------------O                                                           (14 = 100.0%)
1  ... 

Histogram: Extensions.LoadAll recorded 1 samples, mean = 2.0 (flags = 0x41)
0  ... 
2  -O                                                                        (1 = 100.0%) {0.0%}
3  ... 

Histogram: Extensions.LoadAll2 recorded 1 samples, mean = 2.0 (flags = 0x41)
0  ... 
2  -O                                                                        (1 = 100.0%) {0.0%}
3  ... 

Histogram: Extensions.LoadAllComponentTime recorded 1 samples, mean = 4.0 (flags = 0x41)
0  ... 
4  -O                                                                        (1 = 100.0%) {0.0%}
5  ... 

Histogram: Extensions.LoadAllComponentTime.User recorded 1 samples, mean = 4.0 (flags = 0x41)
0  ... 
4  -O                                                                        (1 = 100.0%) {0.0%}
5  ... 

Histogram: Extensions.LoadAllTime2 recorded 1 samples, mean = 0.0 (flags = 0x41)
0  -O                                                                        (1 = 100.0%)
1  ... 

Histogram: Extensions.LoadAllTime2.User recorded 1 samples, mean = 0.0 (flags = 0x41)
0  -O                                                                        (1 = 100.0%)
1  ... 

Histogram: Extensions.LoadApp recorded 1 samples, mean = 0.0 (flags = 0x41)
0  -O                                                                        (1 = 100.0%)
1  ... 

Histogram: Extensions.LoadApp2 recorded 1 samples, mean = 0.0 (flags = 0x41)
0  -O                                                                        (1 = 100.0%)
1  ... 

Histogram: Extensions.LoadAppExternal recorded 1 samples, mean = 0.0 (flags = 0x41)
0  -O                                                                        (1 = 100.0%)
1  ... 

Histogram: Extensions.LoadAppExternal2 recorded 1 samples, mean = 0.0 (flags = 0x41)
0  -O                                                                        (1 = 100.0%)
1  ... 

Histogram: Extensions.LoadAppUser recorded 1 samples, mean = 0.0 (flags = 0x41)
0  -O                                                                        (1 = 100.0%)
1  ... 

Histogram: Extensions.LoadAppUser2 recorded 1 samples, mean = 0.0 (flags = 0x41)
0  -O                                                                        (1 = 100.0%)
1  ... 

Histogram: Extensions.LoadBrowserAction recorded 1 samples, mean = 0.0 (flags = 0x41)
0  -O                                                                        (1 = 100.0%)
1  ... 

Histogram: Extensions.LoadBrowserAction2 recorded 1 samples, mean = 0.0 (flags = 0x41)
0  -O                                                                        (1 = 100.0%)
1  ... 

Histogram: Extensions.LoadExtension recorded 1 samples, mean = 0.0 (flags = 0x41)
0  -O                                                                        (1 = 100.0%)
1  ... 

Histogram: Extensions.LoadExtension2 recorded 1 samples, mean = 0.0 (flags = 0x41)
0  -O                                                                        (1 = 100.0%)
1  ... 

Histogram: Extensions.LoadExtensionExternal recorded 1 samples, mean = 0.0 (flags = 0x41)
0  -O                                                                        (1 = 100.0%)
1  ... 

Histogram: Extensions.LoadExtensionExternal2 recorded 1 samples, mean = 0.0 (flags = 0x41)
0  -O                                                                        (1 = 100.0%)
1  ... 

Histogram: Extensions.LoadExtensionUser2 recorded 1 samples, mean = 0.0 (flags = 0x41)
0  -O                                                                        (1 = 100.0%)
1  ... 

Histogram: Extensions.LoadHostedApp recorded 1 samples, mean = 0.0 (flags = 0x41)
0  -O                                                                        (1 = 100.0%)
1  ... 

Histogram: Extensions.LoadHostedApp2 recorded 1 samples, mean = 0.0 (flags = 0x41)
0  -O                                                                        (1 = 100.0%)
1  ... 

Histogram: Extensions.LoadNoExtensionAction recorded 1 samples, mean = 0.0 (flags = 0x41)
0  -O                                                                        (1 = 100.0%)
1  ... 

Histogram: Extensions.LoadNoExtensionAction2 recorded 1 samples, mean = 0.0 (flags = 0x41)
0  -O                                                                        (1 = 100.0%)
1  ... 

Histogram: Extensions.LoadOffStoreItems recorded 1 samples, mean = 0.0 (flags = 0x41)
0  -O                                                                        (1 = 100.0%)
1  ... 

Histogram: Extensions.LoadOffStoreItems2 recorded 1 samples, mean = 0.0 (flags = 0x41)
0  -O                                                                        (1 = 100.0%)
1  ... 

Histogram: Extensions.LoadPackagedApp recorded 1 samples, mean = 0.0 (flags = 0x41)
0  -O                                                                        (1 = 100.0%)
1  ... 

Histogram: Extensions.LoadPackagedApp2 recorded 1 samples, mean = 0.0 (flags = 0x41)
0  -O                                                                        (1 = 100.0%)
1  ... 

Histogram: Extensions.LoadPlatformApp recorded 1 samples, mean = 0.0 (flags = 0x41)
0  -O                                                                        (1 = 100.0%)
1  ... 

Histogram: Extensions.LoadPlatformApp2 recorded 1 samples, mean = 0.0 (flags = 0x41)
0  -O                                                                        (1 = 100.0%)
1  ... 

Histogram: Extensions.LoadTheme recorded 1 samples, mean = 0.0 (flags = 0x41)
0  -O                                                                        (1 = 100.0%)
1  ... 

Histogram: Extensions.LoadTheme2 recorded 1 samples, mean = 0.0 (flags = 0x41)
0  -O                                                                        (1 = 100.0%)
1  ... 

Histogram: Extensions.LoadUserScript recorded 1 samples, mean = 0.0 (flags = 0x41)
0  -O                                                                        (1 = 100.0%)
1  ... 

Histogram: Extensions.LoadUserScript2 recorded 1 samples, mean = 0.0 (flags = 0x41)
0  -O                                                                        (1 = 100.0%)
1  ... 

Histogram: Extensions.Management_Refresh recorded 1 samples, mean = 0.0 (flags = 0x41)
0  -O                                                                        (1 = 100.0%)
1  ... 

Histogram: Extensions.ManifestVersion2Count.Component recorded 1 samples, mean = 1.0 (flags = 0x41)
0  O                                                                         (0 = 0.0%)
1  -O                                                                        (1 = 100.0%) {0.0%}
2  ... 

Histogram: Extensions.ManifestVersion2Count.External recorded 1 samples, mean = 0.0 (flags = 0x41)
0  -O                                                                        (1 = 100.0%)
1  ... 

Histogram: Extensions.ManifestVersion2Count.Internal recorded 1 samples, mean = 0.0 (flags = 0x41)
0  -O                                                                        (1 = 100.0%)
1  ... 

Histogram: Extensions.ManifestVersion2Count.Policy recorded 1 samples, mean = 0.0 (flags = 0x41)
0  -O                                                                        (1 = 100.0%)
1  ... 

Histogram: Extensions.ManifestVersion2Count.Unpacked recorded 1 samples, mean = 0.0 (flags = 0x41)
0  -O                                                                        (1 = 100.0%)
1  ... 

Histogram: Extensions.ManifestVersion3Count.Component recorded 1 samples, mean = 0.0 (flags = 0x41)
0  -O                                                                        (1 = 100.0%)
1  ... 

Histogram: Extensions.ManifestVersion3Count.External recorded 1 samples, mean = 0.0 (flags = 0x41)
0  -O                                                                        (1 = 100.0%)
1  ... 

Histogram: Extensions.ManifestVersion3Count.Internal recorded 1 samples, mean = 0.0 (flags = 0x41)
0  -O                                                                        (1 = 100.0%)
1  ... 

Histogram: Extensions.ManifestVersion3Count.Policy recorded 1 samples, mean = 0.0 (flags = 0x41)
0  -O                                                                        (1 = 100.0%)
1  ... 

Histogram: Extensions.ManifestVersion3Count.Unpacked recorded 1 samples, mean = 0.0 (flags = 0x41)
0  -O                                                                        (1 = 100.0%)
1  ... 

Histogram: Extensions.ManifestVersionByLocation.Component recorded 1 samples, mean = 2.0 (flags = 0x41)
0  ... 
2  -O                                                                        (1 = 100.0%) {0.0%}
3  ... 

Histogram: Extensions.ManifestVersionPopulationSplit.Component recorded 1 samples, mean = 1.0 (flags = 0x41)
0  O                                                                         (0 = 0.0%)
1  -O                                                                        (1 = 100.0%) {0.0%}
2  ... 

Histogram: Extensions.ManifestVersionPopulationSplit.External recorded 1 samples, mean = 0.0 (flags = 0x41)
0  -O                                                                        (1 = 100.0%)
1  ... 

Histogram: Extensions.ManifestVersionPopulationSplit.Internal recorded 1 samples, mean = 0.0 (flags = 0x41)
0  -O                                                                        (1 = 100.0%)
1  ... 

Histogram: Extensions.ManifestVersionPopulationSplit.InternalAndExternal recorded 1 samples, mean = 0.0 (flags = 0x41)
0  -O                                                                        (1 = 100.0%)
1  ... 

Histogram: Extensions.ManifestVersionPopulationSplit.Unpacked recorded 1 samples, mean = 0.0 (flags = 0x41)
0  -O                                                                        (1 = 100.0%)
1  ... 

Histogram: Extensions.NewTabPageOverrides recorded 1 samples, mean = 0.0 (flags = 0x41)
0  -O                                                                        (1 = 100.0%)
1  ... 

Histogram: Extensions.NewTabPageOverrides2 recorded 1 samples, mean = 0.0 (flags = 0x41)
0  -O                                                                        (1 = 100.0%)
1  ... 

Histogram: Extensions.NonWebStoreNewTabPageOverrides recorded 1 samples, mean = 0.0 (flags = 0x41)
0  -O                                                                        (1 = 100.0%)
1  ... 

Histogram: Extensions.NonWebStoreNewTabPageOverrides2 recorded 1 samples, mean = 0.0 (flags = 0x41)
0  -O                                                                        (1 = 100.0%)
1  ... 

Histogram: Extensions.NonWebstoreLocation recorded 2 samples, mean = 5.0 (flags = 0x41)
0  ... 
5  --O                                                                       (2 = 100.0%) {0.0%}
6  ... 

Histogram: Extensions.NonWebstoreLocation2 recorded 2 samples, mean = 5.0 (flags = 0x41)
0  ... 
5  --O                                                                       (2 = 100.0%) {0.0%}
6  ... 

Histogram: Extensions.NonWebstoreLocationWithDeveloperModeOff.Enabled3 recorded 2 samples, mean = 5.0 (flags = 0x41)
0  ... 
5  --O                                                                       (2 = 100.0%) {0.0%}
6  ... 

Histogram: Extensions.NotAllowlistedDisabled recorded 1 samples, mean = 0.0 (flags = 0x41)
0  -O                                                                        (1 = 100.0%)
1  ... 

Histogram: Extensions.NotAllowlistedDisabled2 recorded 1 samples, mean = 0.0 (flags = 0x41)
0  -O                                                                        (1 = 100.0%)
1  ... 

Histogram: Extensions.NotAllowlistedEnabled recorded 1 samples, mean = 0.0 (flags = 0x41)
0  -O                                                                        (1 = 100.0%)
1  ... 

Histogram: Extensions.NotAllowlistedEnabled2 recorded 1 samples, mean = 0.0 (flags = 0x41)
0  -O                                                                        (1 = 100.0%)
1  ... 

Histogram: Extensions.ProcessManagerStartupHostsTime2 recorded 1 samples, mean = 0.0 (flags = 0x41)
0  -O                                                                        (1 = 100.0%)
1  ... 

Histogram: Extensions.SearchEngineOverrides recorded 1 samples, mean = 0.0 (flags = 0x41)
0  -O                                                                        (1 = 100.0%)
1  ... 

Histogram: Extensions.SearchEngineOverrides2 recorded 1 samples, mean = 0.0 (flags = 0x41)
0  -O                                                                        (1 = 100.0%)
1  ... 

Histogram: Extensions.StartupPagesOverrides recorded 1 samples, mean = 0.0 (flags = 0x41)
0  -O                                                                        (1 = 100.0%)
1  ... 

Histogram: Extensions.StartupPagesOverrides2 recorded 1 samples, mean = 0.0 (flags = 0x41)
0  -O                                                                        (1 = 100.0%)
1  ... 

Histogram: Extensions.WebRequestBlockingCount recorded 1 samples, mean = 0.0 (flags = 0x41)
0  -O                                                                        (1 = 100.0%)
1  ... 

Histogram: Extensions.WebRequestBlockingCount2 recorded 1 samples, mean = 0.0 (flags = 0x41)
0  -O                                                                        (1 = 100.0%)
1  ... 

Histogram: Extensions.WebRequestCount recorded 1 samples, mean = 0.0 (flags = 0x41)
0  -O                                                                        (1 = 100.0%)
1  ... 

Histogram: Extensions.WebRequestCount2 recorded 1 samples, mean = 0.0 (flags = 0x41)
0  -O                                                                        (1 = 100.0%)
1  ... 

Histogram: FetchKeepAlive.Renderer.Total.ReceivedResponse recorded 1 samples, mean = 1.0 (flags = 0x41)
0  O                                                                         (0 = 0.0%)
1  -O                                                                        (1 = 100.0%) {0.0%}
2  O                                                                         (0 = 0.0%) {100.0%}

Histogram: FetchKeepAlive.Renderer.Total.Started recorded 1 samples, mean = 1.0 (flags = 0x41)
0  O                                                                         (0 = 0.0%)
1  -O                                                                        (1 = 100.0%) {0.0%}
2  O                                                                         (0 = 0.0%) {100.0%}

Histogram: FetchKeepAlive.Requests2.Network recorded 2 samples, mean = 0.5 (flags = 0x41)
0  -O                                                                        (1 = 50.0%)
1  -O                                                                        (1 = 50.0%) {50.0%}
2  O                                                                         (0 = 0.0%) {100.0%}

Histogram: FetchKeepAlive.Requests2.SentToService.Renderer recorded 1 samples, mean = 2.0 (flags = 0x41)
0  ... 
2  -O                                                                        (1 = 100.0%) {0.0%}
3  ... 

Histogram: FetchKeepAlive.Requests2.Started.IsContextDetached.Renderer recorded 1 samples, mean = 0.0 (flags = 0x41)
0  -O                                                                        (1 = 100.0%)
1  ... 

Histogram: FetchKeepAlive.Requests2.Started.Renderer recorded 1 samples, mean = 1.0 (flags = 0x41)
0  O                                                                         (0 = 0.0%)
1  -O                                                                        (1 = 100.0%) {0.0%}
2  ... 

Histogram: FetchKeepAlive.Requests2.Succeeded.IsContextDetached.Renderer recorded 1 samples, mean = 0.0 (flags = 0x41)
0  -O                                                                        (1 = 100.0%)
1  ... 

Histogram: FetchKeepAlive.Requests2.Succeeded.Renderer recorded 1 samples, mean = 1.0 (flags = 0x41)
0  O                                                                         (0 = 0.0%)
1  -O                                                                        (1 = 100.0%) {0.0%}
2  ... 

Histogram: FetchKeepAlive.Requests2.Total.Renderer recorded 1 samples, mean = 1.0 (flags = 0x41)
0  O                                                                         (0 = 0.0%)
1  -O                                                                        (1 = 100.0%) {0.0%}
2  ... 

Histogram: FirstPartySets.Database.InitStatus recorded 1 samples, mean = 1.0 (flags = 0x41)
0  O                                                                         (0 = 0.0%)
1  -O                                                                        (1 = 100.0%) {0.0%}
2  ... 

Histogram: FirstPartySets.Database.TransactionFailed recorded 7 samples, mean = 0.0 (flags = 0x41)
0  -------O                                                                  (7 = 100.0%)
1  ... 

Histogram: FirstPartySets.Initialization.ClearSiteDataOutcome recorded 1 samples, mean = 1.0 (flags = 0x41)
0  O                                                                         (0 = 0.0%)
1  -O                                                                        (1 = 100.0%) {0.0%}
2  O                                                                         (0 = 0.0%) {100.0%}

Histogram: FirstPartySets.Initialization.SitesToClear.Count recorded 1 samples, mean = 0.0 (flags = 0x41)
0  -O                                                                        (1 = 100.0%)
1  ... 

Histogram: GPU.ANGLE.D3DShaderBlobSizeKB recorded 4 samples, mean = 0.5 (flags = 0x41)
0  ----O                                                                     (4 = 100.0%)
1000... 

Histogram: GPU.ANGLE.D3DShaderCompilationTimeUs recorded 4 samples, mean = 8446.8 (flags = 0x41)
0      ... 
1774   -O                                                                        (1 = 25.0%) {0.0%}
2336   -O                                                                        (1 = 25.0%) {25.0%}
3077   ... 
12196  --O                                                                       (2 = 50.0%) {50.0%}
16063  ... 

Histogram: GPU.BlocklistFeatureTestResults.Accelerated2dCanvas recorded 1 samples, mean = 0.0 (flags = 0x41)
0  -O                                                                        (1 = 100.0%)
1  ... 

Histogram: GPU.BlocklistFeatureTestResults.GpuCompositing recorded 1 samples, mean = 0.0 (flags = 0x41)
0  -O                                                                        (1 = 100.0%)
1  ... 

Histogram: GPU.BlocklistFeatureTestResults.GpuRasterization recorded 1 samples, mean = 0.0 (flags = 0x41)
0  -O                                                                        (1 = 100.0%)
1  ... 

Histogram: GPU.BlocklistFeatureTestResults.Webgl recorded 1 samples, mean = 0.0 (flags = 0x41)
0  -O                                                                        (1 = 100.0%)
1  ... 

Histogram: GPU.BlocklistFeatureTestResults.Webgl2 recorded 1 samples, mean = 0.0 (flags = 0x41)
0  -O                                                                        (1 = 100.0%)
1  ... 

Histogram: GPU.BlocklistFeatureTestResults.Webgpu recorded 1 samples, mean = 2.0 (flags = 0x41)
0  ... 
2  -O                                                                        (1 = 100.0%) {0.0%}
3  ... 

Histogram: GPU.BlocklistTestResultsPerEntry recorded 1 samples, mean = 0.0 (flags = 0x41)
0  -O                                                                        (1 = 100.0%)
1  ... 

Histogram: GPU.CanvasOopRaster.OopRasterAndGpuAcceleration recorded 1 samples, mean = 0.0 (flags = 0x41)
0  -O                                                                        (1 = 100.0%)
1  ... 

Histogram: GPU.CompositingMode recorded 136 samples, mean = 1.0 (flags = 0x41)
0  O                                                                         (0 = 0.0%)
1  ------------------------------------------------------------------------O (136 = 100.0%) {0.0%}
2  ... 

Histogram: GPU.D3D12FeatureLevel recorded 1 samples, mean = 5.0 (flags = 0x41)
0  ... 
5  -O                                                                        (1 = 100.0%) {0.0%}
6  O                                                                         (0 = 0.0%) {100.0%}

Histogram: GPU.D3D12HighestShaderModel2 recorded 1 samples, mean = 9.0 (flags = 0x41)
0  ... 
9  -O                                                                        (1 = 100.0%) {0.0%}
10 O                                                                         (0 = 0.0%) {100.0%}

Histogram: GPU.DriverBugTestResultsPerEntry recorded 10 samples (flags = 0x41)
0    -O                                                                        (1 = 10.0%)
17   -O                                                                        (1 = 10.0%)
165  -O                                                                        (1 = 10.0%)
206  -O                                                                        (1 = 10.0%)
256  -O                                                                        (1 = 10.0%)
315  -O                                                                        (1 = 10.0%)
403  -O                                                                        (1 = 10.0%)
419  -O                                                                        (1 = 10.0%)
426  -O                                                                        (1 = 10.0%)
430  -O                                                                        (1 = 10.0%)

Histogram: GPU.EstablishGpuChannelSyncTime recorded 4 samples, mean = 1492.8 (flags = 0x41)
0     ... 
12    -O                                                                        (1 = 25.0%) {0.0%}
14    ... 
48    -O                                                                        (1 = 25.0%) {25.0%}
57    -O                                                                        (1 = 25.0%) {50.0%}
68    ... 
5017  -O                                                                        (1 = 25.0%) {75.0%}
5961  ... 

Histogram: GPU.EstablishGpuChannelSyncTime.FirstRun recorded 4 samples, mean = 1492.8 (flags = 0x41)
0     ... 
12    -O                                                                        (1 = 25.0%) {0.0%}
14    ... 
48    -O                                                                        (1 = 25.0%) {25.0%}
57    -O                                                                        (1 = 25.0%) {50.0%}
68    ... 
5017  -O                                                                        (1 = 25.0%) {75.0%}
5961  ... 

Histogram: GPU.GPUProcessLaunchTime recorded 2 samples, mean = 4037.0 (flags = 0x41)
0     ... 
24    -O                                                                        (1 = 50.0%) {0.0%}
29    ... 
7083  -O                                                                        (1 = 50.0%) {50.0%}
8416  ... 

Histogram: GPU.GPUProcessTerminationStatus2 recorded 1 samples, mean = 4.0 (flags = 0x41)
0  ... 
4  -O                                                                        (1 = 100.0%) {0.0%}
5  ... 

Histogram: GPU.HardwareAccelerationModeEnabled recorded 1 samples, mean = 1.0 (flags = 0x41)
0  O                                                                         (0 = 0.0%)
1  -O                                                                        (1 = 100.0%) {0.0%}
2  O                                                                         (0 = 0.0%) {100.0%}

Histogram: GPU.MultiGpu.Nvidia recorded 1 samples (flags = 0x41)
11609  -O                                                                        (1 = 100.0%)

Histogram: GPU.ProcessLifetimeEvents.HardwareAccelerated recorded 1 samples, mean = 0.0 (flags = 0x41)
0  -O                                                                        (1 = 100.0%)
1  ... 

Histogram: GPU.RasterDecoder.TimeToFlush recorded 2 samples, mean = 346.5 (flags = 0x41)
0    ... 
247  -O                                                                        (1 = 50.0%) {0.0%}
281  ... 
414  -O                                                                        (1 = 50.0%) {50.0%}
471  ... 

Histogram: GPU.SharedImage.BackingType recorded 8 samples, mean = 8.2 (flags = 0x41)
0   ... 
2   ---O                                                                      (3 = 37.5%) {0.0%}
3   ... 
12  -----O                                                                    (5 = 62.5%) {37.5%}
13  ... 

Histogram: GPU.SharedImage.ContentConsumed recorded 17 samples, mean = 0.5 (flags = 0x41)
0  ---------O                                                                (9 = 52.9%)
1  --------O                                                                 (8 = 47.1%) {52.9%}
2  O                                                                         (0 = 0.0%) {100.0%}

Histogram: GPU.SkiaBackendType recorded 1 samples, mean = 2.0 (flags = 0x41)
0  ... 
2  -O                                                                        (1 = 100.0%) {0.0%}
3  ... 

Histogram: GPU.SupportsDX12 recorded 1 samples, mean = 1.0 (flags = 0x41)
0  O                                                                         (0 = 0.0%)
1  -O                                                                        (1 = 100.0%) {0.0%}
2  O                                                                         (0 = 0.0%) {100.0%}

Histogram: GPU.WatchdogThread.Event recorded 1 samples, mean = 0.0 (flags = 0x41)
0  -O                                                                        (1 = 100.0%)
1  ... 

Histogram: GPU.WatchdogThread.Event.main recorded 1 samples, mean = 0.0 (flags = 0x41)
0  -O                                                                        (1 = 100.0%)
1  ... 

Histogram: GPU.WatchdogThread.Timeout recorded 2045 samples, mean = 0.0 (flags = 0x41)
0  ------------------------------------------------------------------------O (2045 = 100.0%)
1  ... 

Histogram: GPU.WatchdogThread.Timeout.Normal recorded 2045 samples, mean = 0.0 (flags = 0x41)
0  ------------------------------------------------------------------------O (2045 = 100.0%)
1  ... 

Histogram: GPU.WatchdogThread.Timeout.Normal.main recorded 2045 samples, mean = 0.0 (flags = 0x41)
0  ------------------------------------------------------------------------O (2045 = 100.0%)
1  ... 

Histogram: GPU.WatchdogThread.Timeout.main recorded 2045 samples, mean = 0.0 (flags = 0x41)
0  ------------------------------------------------------------------------O (2045 = 100.0%)
1  ... 

Histogram: Gaia.AuthFetcher.ListAccounts.NetErrorCodes recorded 8 samples (flags = 0x41)
118  --------O                                                                 (8 = 100.0%)

Histogram: Gpu.FenceHandle.CloneCountsPerSubmit recorded 9 samples, mean = 0.0 (flags = 0x41)
0  ---------O                                                                (9 = 100.0%)
1  ... 

Histogram: Gpu.GrCompileShaderUs recorded 4 samples, mean = 3427.2 (flags = 0x41)
0     ... 
149   -O                                                                        (1 = 25.0%) {0.0%}
196   ... 
1023  --O                                                                       (2 = 50.0%) {25.0%}
1347  ... 
9260  -O                                                                        (1 = 25.0%) {75.0%}
12196 ... 

Histogram: Gpu.GrLinkProgramUs recorded 2 samples, mean = 10376.0 (flags = 0x41)
0      ... 
2336   -O                                                                        (1 = 50.0%) {0.0%}
3077   ... 
16063  -O                                                                        (1 = 50.0%) {50.0%}
21156  ... 

Histogram: Gpu.PassthroughProgramCacheLoadHitInCache recorded 2 samples, mean = 0.0 (flags = 0x41)
0  --O                                                                       (2 = 100.0%)
1  ... 

Histogram: Gpu.Rasterization.Raster.MSAASampleCountLog2 recorded 2 samples, mean = 0.0 (flags = 0x41)
0  --O                                                                       (2 = 100.0%)
1  ... 

Histogram: HangWatcher.IsThreadHung.BrowserProcess.IOThread.Normal recorded 4094 samples, mean = 0.0 (flags = 0x41)
0  ------------------------------------------------------------------------O (4094 = 100.0%)
1  ... 

Histogram: HangWatcher.IsThreadHung.BrowserProcess.UIThread.Normal recorded 4094 samples, mean = 0.0 (flags = 0x41)
0  ------------------------------------------------------------------------O (4094 = 100.0%)
1  ... 

Histogram: HangWatcher.IsThreadHung.RendererProcess.IOThread recorded 4092 samples, mean = 0.0 (flags = 0x41)
0  ------------------------------------------------------------------------O (4092 = 100.0%)
1  ... 

Histogram: HangWatcher.IsThreadHung.RendererProcess.IOThread.BestEffort recorded 4094 samples, mean = 0.0 (flags = 0x41)
0  ------------------------------------------------------------------------O (4094 = 100.0%)
1  ... 

Histogram: HangWatcher.IsThreadHung.RendererProcess.MainThread recorded 4092 samples, mean = 0.0 (flags = 0x41)
0  ------------------------------------------------------------------------O (4092 = 100.0%)
1  ... 

Histogram: HangWatcher.IsThreadHung.RendererProcess.MainThread.BestEffort recorded 4094 samples, mean = 0.0 (flags = 0x41)
0  ------------------------------------------------------------------------O (4094 = 100.0%)
1  ... 

Histogram: HangWatcher.IsThreadHung.UtilityProcess.IOThread recorded 8182 samples, mean = 0.0 (flags = 0x41)
0  ------------------------------------------------------------------------O (8182 = 100.0%)
1  ... 

Histogram: HangWatcher.IsThreadHung.UtilityProcess.MainThread recorded 8182 samples, mean = 0.0 (flags = 0x41)
0  ------------------------------------------------------------------------O (8182 = 100.0%)
1  ... 

Histogram: HangWatcher.SleepDrift.BrowserProcess recorded 20462 samples, mean = 5.9 (flags = 0x41)
0   ------------------------------------------------------------------------O (4776 = 23.3%)
1   --------------------O                                                     (1310 = 6.4%) {23.3%}
2   ---------------O                                                          (1024 = 5.0%) {29.7%}
3   ----------------O                                                         (1050 = 5.1%) {34.7%}
4   ---------------O                                                          (983 = 4.8%) {39.9%}
5   ----------------O                                                         (1053 = 5.1%) {44.7%}
6   -----------------O                                                        (1104 = 5.4%) {49.8%}
7   ----------------O                                                         (1046 = 5.1%) {55.2%}
8   ---------------------------------O                                        (2160 = 10.6%) {60.3%}
10  --------------------------------O                                         (2119 = 10.4%) {70.9%}
12  -------------------------------O                                          (2053 = 10.0%) {81.2%}
14  ---------------------------O                                              (1784 = 8.7%) {91.3%}
17  ... 

Histogram: Hardware.Display.Count.OnStartup recorded 1 samples, mean = 1.0 (flags = 0x41)
0  O                                                                         (0 = 0.0%)
1  -O                                                                        (1 = 100.0%) {0.0%}
2  ... 

Histogram: Hardware.Display.SupportsHDR recorded 1 samples, mean = 0.0 (flags = 0x41)
0  -O                                                                        (1 = 100.0%)
1  ... 

Histogram: HeapProfiling.InProcess.Enabled recorded 1 samples, mean = 0.0 (flags = 0x41)
0  -O                                                                        (1 = 100.0%)
1  ... 

Histogram: HeapProfiling.InProcess.Enabled.Browser recorded 1 samples, mean = 0.0 (flags = 0x41)
0  -O                                                                        (1 = 100.0%)
1  ... 

Histogram: Histogram.TooManyBuckets.1000 recorded 6 samples (flags = 0x41)
-2140283801 ---O                                                                      (3 = 50.0%)
1721222685  ---O                                                                      (3 = 50.0%)

Histogram: History.Backend.TransactionCommitSuccess recorded 4 samples, mean = 1.0 (flags = 0x41)
0  O                                                                         (0 = 0.0%)
1  ----O                                                                     (4 = 100.0%) {0.0%}
2  O                                                                         (0 = 0.0%) {100.0%}

Histogram: History.ClearBrowsingData.TaskQueueAtShutdown recorded 1 samples, mean = 0.0 (flags = 0x41)
0  -O                                                                        (1 = 100.0%)
1  ... 

Histogram: History.InMemoryDBItemCount recorded 1 samples, mean = 2.0 (flags = 0x41)
0  ... 
2  -O                                                                        (1 = 100.0%) {0.0%}
3  ... 

Histogram: History.TopSites.QueryFromHistoryTime recorded 2 samples, mean = 174.0 (flags = 0x41)
0    ... 
14   -O                                                                        (1 = 50.0%) {0.0%}
17   ... 
318  -O                                                                        (1 = 50.0%) {50.0%}
378  ... 

Histogram: History.VisitedLinks.HashTableLengthOnReaderInit recorded 6 samples, mean = 16381.0 (flags = 0x41)
0      ... 
14319  ------O                                                                   (6 = 100.0%) {0.0%}
19866  ... 

Histogram: History.VisitedLinks.HashTableSizeOnTableCreate recorded 2 samples, mean = 0.0 (flags = 0x41)
0  --O                                                                       (2 = 100.0%)
1  ... 

Histogram: History.VisitedLinks.HashTableUsageOnLinkAdded recorded 10 samples, mean = 5.5 (flags = 0x41)
0  -O                                                                        (1 = 10.0%)
1  ... 
4  ---O                                                                      (3 = 30.0%) {10.0%}
6  ------O                                                                   (6 = 60.0%) {40.0%}
8  ... 

Histogram: History.VisitedLinks.TryToAddFingerprint recorded 11 samples, mean = 0.7 (flags = 0x41)
0  ---O                                                                      (3 = 27.3%)
1  --------O                                                                 (8 = 72.7%) {27.3%}
2  ... 

Histogram: History.VisitedLinks.VisitLoggedFromMainFrame recorded 7 samples, mean = 0.9 (flags = 0x41)
0  -O                                                                        (1 = 14.3%)
1  ------O                                                                   (6 = 85.7%) {14.3%}
2  O                                                                         (0 = 0.0%) {100.0%}

Histogram: History.VisitedLinks.VisitLoggedFromTransition recorded 7 samples, mean = 1.1 (flags = 0x41)
0  -O                                                                        (1 = 14.3%)
1  ----O                                                                     (4 = 57.1%) {14.3%}
2  --O                                                                       (2 = 28.6%) {71.4%}
3  ... 

Histogram: HttpCache.AccessToDone2 recorded 58 samples, mean = 739.1 (flags = 0x41)
0      O                                                                         (0 = 0.0%)
1      -O                                                                        (1 = 1.7%) {0.0%}
2      ... 
12     -O                                                                        (1 = 1.7%) {1.7%}
13     ... 
54     -O                                                                        (1 = 1.7%) {3.4%}
59     -------O                                                                  (7 = 12.1%) {5.2%}
65     -O                                                                        (1 = 1.7%) {17.2%}
71     -----O                                                                    (5 = 8.6%) {19.0%}
78     ---O                                                                      (3 = 5.2%) {27.6%}
85     --O                                                                       (2 = 3.4%) {32.8%}
93     O                                                                         (0 = 0.0%) {36.2%}
102    -O                                                                        (1 = 1.7%) {36.2%}
112    ----O                                                                     (4 = 6.9%) {37.9%}
123    ----O                                                                     (4 = 6.9%) {44.8%}
135    ---O                                                                      (3 = 5.2%) {51.7%}
148    ... 
194    -O                                                                        (1 = 1.7%) {56.9%}
212    --O                                                                       (2 = 3.4%) {58.6%}
232    ---O                                                                      (3 = 5.2%) {62.1%}
254    --O                                                                       (2 = 3.4%) {67.2%}
278    O                                                                         (0 = 0.0%) {70.7%}
304    -O                                                                        (1 = 1.7%) {70.7%}
333    -O                                                                        (1 = 1.7%) {72.4%}
364    O                                                                         (0 = 0.0%) {74.1%}
398    -O                                                                        (1 = 1.7%) {74.1%}
436    --O                                                                       (2 = 3.4%) {75.9%}
477    -O                                                                        (1 = 1.7%) {79.3%}
522    O                                                                         (0 = 0.0%) {81.0%}
571    --O                                                                       (2 = 3.4%) {81.0%}
625    -O                                                                        (1 = 1.7%) {84.5%}
684    -O                                                                        (1 = 1.7%) {86.2%}
748    -O                                                                        (1 = 1.7%) {87.9%}
818    ... 
979    -O                                                                        (1 = 1.7%) {89.7%}
1071   O                                                                         (0 = 0.0%) {91.4%}
1172   -O                                                                        (1 = 1.7%) {91.4%}
1282   ... 
2011   -O                                                                        (1 = 1.7%) {93.1%}
2201   ... 
5927   -O                                                                        (1 = 1.7%) {94.8%}
6486   ... 
10176  -O                                                                        (1 = 1.7%) {96.6%}
11135  -O                                                                        (1 = 1.7%) {98.3%}
12185  ... 

Histogram: HttpCache.AccessToDone2.SentRequest recorded 56 samples, mean = 765.2 (flags = 0x41)
0      ... 
54     -O                                                                        (1 = 1.8%) {0.0%}
59     -------O                                                                  (7 = 12.5%) {1.8%}
65     -O                                                                        (1 = 1.8%) {14.3%}
71     -----O                                                                    (5 = 8.9%) {16.1%}
78     ---O                                                                      (3 = 5.4%) {25.0%}
85     --O                                                                       (2 = 3.6%) {30.4%}
93     O                                                                         (0 = 0.0%) {33.9%}
102    -O                                                                        (1 = 1.8%) {33.9%}
112    ----O                                                                     (4 = 7.1%) {35.7%}
123    ----O                                                                     (4 = 7.1%) {42.9%}
135    ---O                                                                      (3 = 5.4%) {50.0%}
148    ... 
194    -O                                                                        (1 = 1.8%) {55.4%}
212    --O                                                                       (2 = 3.6%) {57.1%}
232    ---O                                                                      (3 = 5.4%) {60.7%}
254    --O                                                                       (2 = 3.6%) {66.1%}
278    O                                                                         (0 = 0.0%) {69.6%}
304    -O                                                                        (1 = 1.8%) {69.6%}
333    -O                                                                        (1 = 1.8%) {71.4%}
364    O                                                                         (0 = 0.0%) {73.2%}
398    -O                                                                        (1 = 1.8%) {73.2%}
436    --O                                                                       (2 = 3.6%) {75.0%}
477    -O                                                                        (1 = 1.8%) {78.6%}
522    O                                                                         (0 = 0.0%) {80.4%}
571    --O                                                                       (2 = 3.6%) {80.4%}
625    -O                                                                        (1 = 1.8%) {83.9%}
684    -O                                                                        (1 = 1.8%) {85.7%}
748    -O                                                                        (1 = 1.8%) {87.5%}
818    ... 
979    -O                                                                        (1 = 1.8%) {89.3%}
1071   O                                                                         (0 = 0.0%) {91.1%}
1172   -O                                                                        (1 = 1.8%) {91.1%}
1282   ... 
2011   -O                                                                        (1 = 1.8%) {92.9%}
2201   ... 
5927   -O                                                                        (1 = 1.8%) {94.6%}
6486   ... 
10176  -O                                                                        (1 = 1.8%) {96.4%}
11135  -O                                                                        (1 = 1.8%) {98.2%}
12185  ... 

Histogram: HttpCache.AccessToDone2.Used recorded 2 samples, mean = 6.5 (flags = 0x41)
0   O                                                                         (0 = 0.0%)
1   -O                                                                        (1 = 50.0%) {0.0%}
2   ... 
12  -O                                                                        (1 = 50.0%) {50.0%}
13  ... 

Histogram: HttpCache.AddTransactionToEntry recorded 58 samples, mean = 0.0 (flags = 0x41)
0  ----------------------------------------------------------O               (58 = 100.0%)
1  ... 

Histogram: HttpCache.BeforeSend recorded 56 samples, mean = 0.2 (flags = 0x41)
0  -----------------------------------------------O                          (47 = 83.9%)
1  ---------O                                                                (9 = 16.1%) {83.9%}
2  ... 

Histogram: HttpCache.BeforeSend.CantConditionalize recorded 6 samples, mean = 0.2 (flags = 0x41)
0  -----O                                                                    (5 = 83.3%)
1  -O                                                                        (1 = 16.7%) {83.3%}
2  ... 

Histogram: HttpCache.BeforeSend.NotCached recorded 44 samples, mean = 0.1 (flags = 0x41)
0  --------------------------------------O                                   (38 = 86.4%)
1  ------O                                                                   (6 = 13.6%) {86.4%}
2  ... 

Histogram: HttpCache.BeforeSend.Updated recorded 4 samples, mean = 0.2 (flags = 0x41)
0  ---O                                                                      (3 = 75.0%)
1  -O                                                                        (1 = 25.0%) {75.0%}
2  ... 

Histogram: HttpCache.BeforeSend.Validated recorded 2 samples, mean = 0.5 (flags = 0x41)
0  -O                                                                        (1 = 50.0%)
1  -O                                                                        (1 = 50.0%) {50.0%}
2  ... 

Histogram: HttpCache.CreateDiskEntry recorded 44 samples, mean = 0.1 (flags = 0x41)
0  --------------------------------------O                                   (38 = 86.4%)
1  ------O                                                                   (6 = 13.6%) {86.4%}
2  ... 

Histogram: HttpCache.HardReset recorded 1 samples, mean = 0.0 (flags = 0x40)
0  -O                                                                        (1 = 100.0%)
1  ... 

Histogram: HttpCache.IsNoStore recorded 58 samples, mean = 0.1 (flags = 0x41)
0  ---------------------------------------------------O                      (51 = 87.9%)
1  -------O                                                                  (7 = 12.1%) {87.9%}
2  O                                                                         (0 = 0.0%) {100.0%}

Histogram: HttpCache.IsNoStore.MainFrameHTML recorded 2 samples, mean = 0.5 (flags = 0x41)
0  -O                                                                        (1 = 50.0%)
1  -O                                                                        (1 = 50.0%) {50.0%}
2  O                                                                         (0 = 0.0%) {100.0%}

Histogram: HttpCache.MaxFileSizeOnInit recorded 1 samples, mean = 40960.0 (flags = 0x41)
0      ... 
37526  -O                                                                        (1 = 100.0%) {0.0%}
42713  ... 

Histogram: HttpCache.OpenDiskEntry recorded 14 samples, mean = 0.1 (flags = 0x41)
0  ------------O                                                             (12 = 85.7%)
1  --O                                                                       (2 = 14.3%) {85.7%}
2  ... 

Histogram: HttpCache.Pattern recorded 58 samples, mean = 2.7 (flags = 0x41)
0  ... 
2  --------------------------------------------O                             (44 = 75.9%) {0.0%}
3  --O                                                                       (2 = 3.4%) {75.9%}
4  --O                                                                       (2 = 3.4%) {79.3%}
5  ----O                                                                     (4 = 6.9%) {82.8%}
6  ------O                                                                   (6 = 10.3%) {89.7%}
7  O                                                                         (0 = 0.0%) {100.0%}

Histogram: HttpCache.Pattern.CSS recorded 7 samples, mean = 2.3 (flags = 0x41)
0  ... 
2  ------O                                                                   (6 = 85.7%) {0.0%}
3  O                                                                         (0 = 0.0%) {85.7%}
4  -O                                                                        (1 = 14.3%) {85.7%}
5  ... 

Histogram: HttpCache.Pattern.CSSThirdParty recorded 7 samples, mean = 2.3 (flags = 0x41)
0  ... 
2  ------O                                                                   (6 = 85.7%) {0.0%}
3  O                                                                         (0 = 0.0%) {85.7%}
4  -O                                                                        (1 = 14.3%) {85.7%}
5  ... 

Histogram: HttpCache.Pattern.Font recorded 5 samples, mean = 2.0 (flags = 0x41)
0  ... 
2  -----O                                                                    (5 = 100.0%) {0.0%}
3  ... 

Histogram: HttpCache.Pattern.FontThirdParty recorded 5 samples, mean = 2.0 (flags = 0x41)
0  ... 
2  -----O                                                                    (5 = 100.0%) {0.0%}
3  ... 

Histogram: HttpCache.Pattern.Image recorded 4 samples, mean = 3.5 (flags = 0x41)
0  ... 
2  --O                                                                       (2 = 50.0%) {0.0%}
3  ... 
5  --O                                                                       (2 = 50.0%) {50.0%}
6  ... 

Histogram: HttpCache.Pattern.JavaScript recorded 28 samples, mean = 2.2 (flags = 0x41)
0  ... 
2  --------------------------O                                               (26 = 92.9%) {0.0%}
3  ... 
5  -O                                                                        (1 = 3.6%) {92.9%}
6  -O                                                                        (1 = 3.6%) {96.4%}
7  O                                                                         (0 = 0.0%) {100.0%}

Histogram: HttpCache.Pattern.JavaScriptThirdParty recorded 26 samples, mean = 2.1 (flags = 0x41)
0  ... 
2  -------------------------O                                                (25 = 96.2%) {0.0%}
3  ... 
5  -O                                                                        (1 = 3.8%) {96.2%}
6  ... 

Histogram: HttpCache.Pattern.MainFrameHTML recorded 2 samples, mean = 4.0 (flags = 0x41)
0  ... 
2  -O                                                                        (1 = 50.0%) {0.0%}
3  ... 
6  -O                                                                        (1 = 50.0%) {50.0%}
7  O                                                                         (0 = 0.0%) {100.0%}

Histogram: HttpCache.Pattern.NonMainFrameHTML recorded 1 samples, mean = 2.0 (flags = 0x41)
0  ... 
2  -O                                                                        (1 = 100.0%) {0.0%}
3  ... 

Histogram: HttpCache.Pattern.NonTinyImage recorded 1 samples, mean = 2.0 (flags = 0x41)
0  ... 
2  -O                                                                        (1 = 100.0%) {0.0%}
3  ... 

Histogram: HttpCache.Pattern.TinyImage recorded 1 samples, mean = 2.0 (flags = 0x41)
0  ... 
2  -O                                                                        (1 = 100.0%) {0.0%}
3  ... 

Histogram: HttpCache.TotalDiskCacheTimePerTransaction.Read recorded 12 samples, mean = 0.0 (flags = 0x41)
0  ------------O                                                             (12 = 100.0%)
1  ... 

Histogram: HttpCache.TotalDiskCacheTimePerTransaction.Write recorded 49 samples, mean = 0.1 (flags = 0x41)
0  ------------------------------------------O                               (42 = 85.7%)
1  -------O                                                                  (7 = 14.3%) {85.7%}
2  ... 

Histogram: ImageDecoder.Png.UiGfxIntoSkBitmap recorded 1 samples, mean = 3053.0 (flags = 0x41)
0     ... 
2336  -O                                                                        (1 = 100.0%) {0.0%}
3077  ... 

Histogram: ImportantFile.FileReplaceRetryCount recorded 19 samples, mean = 0.0 (flags = 0x41)
0  -------------------O                                                      (19 = 100.0%)
1  ... 

Histogram: ImportantFile.SerializationDuration recorded 5 samples, mean = 0.0 (flags = 0x41)
0  -----O                                                                    (5 = 100.0%)
1  ... 

Histogram: ImportantFile.SerializationDuration.Local_State recorded 5 samples, mean = 0.0 (flags = 0x41)
0  -----O                                                                    (5 = 100.0%)
1  ... 

Histogram: ImportantFile.SerializationDuration.Preferences recorded 4 samples, mean = 0.0 (flags = 0x41)
0  ----O                                                                     (4 = 100.0%)
1  ... 

Histogram: ImportantFile.SerializationDuration.TransportSecurityPersister recorded 3 samples, mean = 0.0 (flags = 0x41)
0  ---O                                                                      (3 = 100.0%)
1  ... 

Histogram: ImportantFile.WriteDuration recorded 5 samples, mean = 14.0 (flags = 0x41)
0   ... 
12  -O                                                                        (1 = 20.0%) {0.0%}
14  ----O                                                                     (4 = 80.0%) {20.0%}
17  ... 

Histogram: ImportantFile.WriteDuration.Local_State recorded 5 samples, mean = 7.2 (flags = 0x41)
0   ... 
4   -O                                                                        (1 = 20.0%) {0.0%}
5   -O                                                                        (1 = 20.0%) {20.0%}
6   ... 
8   --O                                                                       (2 = 40.0%) {40.0%}
10  -O                                                                        (1 = 20.0%) {80.0%}
12  ... 

Histogram: ImportantFile.WriteDuration.Preferences recorded 4 samples, mean = 11.5 (flags = 0x41)
0   ... 
10  --O                                                                       (2 = 50.0%) {0.0%}
12  --O                                                                       (2 = 50.0%) {50.0%}
14  ... 

Histogram: ImportantFile.WriteDuration.SCTAuditing recorded 2 samples, mean = 6.0 (flags = 0x41)
0  ... 
6  --O                                                                       (2 = 100.0%) {0.0%}
7  ... 

Histogram: ImportantFile.WriteDuration.TransportSecurityPersister recorded 3 samples, mean = 11.0 (flags = 0x41)
0   ... 
8   -O                                                                        (1 = 33.3%) {0.0%}
10  O                                                                         (0 = 0.0%) {33.3%}
12  --O                                                                       (2 = 66.7%) {33.3%}
14  ... 

Histogram: InProductHelp.Config.ParsingEvent recorded 68 samples, mean = 6.4 (flags = 0x41)
0   -----------------------------O                                            (29 = 42.6%)
1   O                                                                         (0 = 0.0%) {42.6%}
2   ---------O                                                                (9 = 13.2%) {42.6%}
3   ... 
14  ------------------------------O                                           (30 = 44.1%) {55.9%}
15  ... 

Histogram: InProductHelp.Db.Init.AvailabilityStore recorded 1 samples, mean = 0.0 (flags = 0x41)
0  -O                                                                        (1 = 100.0%)
1  ... 

Histogram: InProductHelp.Db.Init.EventStore recorded 1 samples, mean = 0.0 (flags = 0x41)
0  -O                                                                        (1 = 100.0%)
1  ... 

Histogram: IndexedDB.ContextShutdownDuration recorded 1 samples, mean = 0.0 (flags = 0x41)
0  -O                                                                        (1 = 100.0%)
1  ... 

Histogram: Input.Digitizer.MaxTouchPointsSupportedBySystemAtStartup recorded 1 samples, mean = 0.0 (flags = 0x41)
0  -O                                                                        (1 = 100.0%)
1  ... 

Histogram: Input.PointerTypePrimary recorded 1 samples, mean = 2.0 (flags = 0x41)
0  ... 
2  -O                                                                        (1 = 100.0%) {0.0%}
3  O                                                                         (0 = 0.0%) {100.0%}

Histogram: Input.PointerTypesAll recorded 1 samples, mean = 2.0 (flags = 0x41)
0  ... 
2  -O                                                                        (1 = 100.0%) {0.0%}
3  ... 

Histogram: LanguageDetection.TFLiteModel.WasModelAvailableForDetection recorded 2 samples, mean = 0.0 (flags = 0x41)
0  --O                                                                       (2 = 100.0%)
1  ... 

Histogram: LanguageDetection.TFLiteModel.WasModelRequestDeferred recorded 3 samples, mean = 1.0 (flags = 0x41)
0  O                                                                         (0 = 0.0%)
1  ---O                                                                      (3 = 100.0%) {0.0%}
2  O                                                                         (0 = 0.0%) {100.0%}

Histogram: LanguageDetection.TFLiteModel.WasModelUnavailableDueToDeferredLoad recorded 2 samples, mean = 0.0 (flags = 0x41)
0  --O                                                                       (2 = 100.0%)
1  ... 

Histogram: LanguageUsage.AcceptLanguage recorded 1 samples (flags = 0x41)
31336  -O                                                                        (1 = 100.0%)

Histogram: LanguageUsage.AcceptLanguage.Count recorded 1 samples, mean = 1.0 (flags = 0x41)
0  O                                                                         (0 = 0.0%)
1  -O                                                                        (1 = 100.0%) {0.0%}
2  ... 

Histogram: LanguageUsage.AcceptLanguageAndContentLanguageUsage recorded 3 samples, mean = 0.0 (flags = 0x41)
0  ---O                                                                      (3 = 100.0%)
1  ... 

Histogram: LanguageUsage.AcceptLanguageAndXmlHtmlLangUsage recorded 2 samples, mean = 5.5 (flags = 0x41)
0  ... 
4  -O                                                                        (1 = 50.0%) {0.0%}
5  ... 
7  -O                                                                        (1 = 50.0%) {50.0%}
8  O                                                                         (0 = 0.0%) {100.0%}

Histogram: LevelDB.ApproximateMemTableMemoryUse.BudgetManager recorded 0 samples (flags = 0x41)
0 ... 

Histogram: LevelDB.ApproximateMemTableMemoryUse.CartDatabase recorded 0 samples (flags = 0x41)
0 ... 

Histogram: LevelDB.ApproximateMemTableMemoryUse.ClientCertificatesDatabase recorded 0 samples (flags = 0x41)
0 ... 

Histogram: LevelDB.ApproximateMemTableMemoryUse.CommerceParcelTrackingDatabase recorded 0 samples (flags = 0x41)
0 ... 

Histogram: LevelDB.ApproximateMemTableMemoryUse.CommerceSubscriptionDatabase recorded 0 samples (flags = 0x41)
0 ... 

Histogram: LevelDB.ApproximateMemTableMemoryUse.CouponDatabase recorded 0 samples (flags = 0x41)
0 ... 

Histogram: LevelDB.ApproximateMemTableMemoryUse.DiscountsDatabase recorded 0 samples (flags = 0x41)
0 ... 

Histogram: LevelDB.ApproximateMemTableMemoryUse.DownloadDB recorded 0 samples (flags = 0x41)
0 ... 

Histogram: LevelDB.ApproximateMemTableMemoryUse.DownloadService recorded 0 samples (flags = 0x41)
0 ... 

Histogram: LevelDB.ApproximateMemTableMemoryUse.FeatureEngagementTrackerAvailabilityStore recorded 0 samples (flags = 0x41)
0 ... 

Histogram: LevelDB.ApproximateMemTableMemoryUse.FeatureEngagementTrackerEventStore recorded 0 samples (flags = 0x41)
0 ... 

Histogram: LevelDB.ApproximateMemTableMemoryUse.Metadata recorded 0 samples (flags = 0x41)
0 ... 

Histogram: LevelDB.ApproximateMemTableMemoryUse.PersistentOriginTrials recorded 0 samples (flags = 0x41)
0 ... 

Histogram: LevelDB.ApproximateMemTableMemoryUse.PreviewsHintCacheStore recorded 0 samples (flags = 0x41)
0 ... 

Histogram: LevelDB.ApproximateMemTableMemoryUse.SegmentInfoDatabase recorded 0 samples (flags = 0x41)
0 ... 

Histogram: LevelDB.ApproximateMemTableMemoryUse.SharedProtoDB recorded 0 samples (flags = 0x41)
0 ... 

Histogram: LevelDB.ApproximateMemTableMemoryUse.SignalDatabase recorded 0 samples (flags = 0x41)
0 ... 

Histogram: LevelDB.ApproximateMemTableMemoryUse.SignalStorageConfigDatabase recorded 0 samples (flags = 0x41)
0 ... 

Histogram: LevelDB.ApproximateMemTableMemoryUse.StrikeService recorded 0 samples (flags = 0x41)
0 ... 

Histogram: LevelDBEnv.DeleteTableBackupFile recorded 0 samples (flags = 0x41)
0 ... 

Histogram: LevelDBWrapper.CommitDelay recorded 2 samples, mean = 5000.0 (flags = 0x41)
0     ... 
4516  --O                                                                       (2 = 100.0%) {0.0%}
6118  ... 

Histogram: LoadingPredictor.PreconnectCount recorded 3 samples, mean = 1.3 (flags = 0x41)
0  -O                                                                        (1 = 33.3%)
1  -O                                                                        (1 = 33.3%) {33.3%}
2  O                                                                         (0 = 0.0%) {66.7%}
3  -O                                                                        (1 = 33.3%) {66.7%}
4  ... 

Histogram: LoadingPredictor.PreconnectHitsPercentage recorded 2 samples, mean = 50.0 (flags = 0x41)
0    -O                                                                        (1 = 50.0%)
1    ... 
100  -O                                                                        (1 = 50.0%) {50.0%}
101  O                                                                         (0 = 0.0%) {100.0%}

Histogram: LoadingPredictor.PreconnectLearningCount.Navigation recorded 2 samples, mean = 3.0 (flags = 0x41)
0  ... 
3  --O                                                                       (2 = 100.0%) {0.0%}
4  ... 

Histogram: LoadingPredictor.PreconnectLearningPrecision.Navigation recorded 2 samples, mean = 66.5 (flags = 0x41)
0    ... 
33   -O                                                                        (1 = 50.0%) {0.0%}
34   ... 
100  -O                                                                        (1 = 50.0%) {50.0%}

Histogram: LoadingPredictor.PreconnectLearningRecall.Navigation recorded 2 samples, mean = 100.0 (flags = 0x41)
0    ... 
100  --O                                                                       (2 = 100.0%) {0.0%}

Histogram: LoadingPredictor.PreconnectLearningRedirectStatus.Navigation recorded 2 samples, mean = 1.0 (flags = 0x41)
0  -O                                                                        (1 = 50.0%)
1  O                                                                         (0 = 0.0%) {50.0%}
2  -O                                                                        (1 = 50.0%) {50.0%}
3  ... 

Histogram: LoadingPredictor.PredictorDatabaseFileSize recorded 1 samples, mean = 44.0 (flags = 0x41)
0   ... 
37  -O                                                                        (1 = 100.0%) {0.0%}
49  ... 

Histogram: LoadingPredictor.PreresolveCount recorded 3 samples, mean = 1.7 (flags = 0x41)
0  O                                                                         (0 = 0.0%)
1  --O                                                                       (2 = 66.7%) {0.0%}
2  O                                                                         (0 = 0.0%) {66.7%}
3  -O                                                                        (1 = 33.3%) {66.7%}
4  ... 

Histogram: LoadingPredictor.PreresolveHitsPercentage recorded 3 samples, mean = 33.3 (flags = 0x41)
0    --O                                                                       (2 = 66.7%)
1    ... 
100  -O                                                                        (1 = 33.3%) {66.7%}
101  O                                                                         (0 = 0.0%) {100.0%}

Histogram: LocalStorage.AccessMetaDataUpdateAtShutdown recorded 1 samples, mean = 1.0 (flags = 0x41)
0  O                                                                         (0 = 0.0%)
1  -O                                                                        (1 = 100.0%) {0.0%}
2  O                                                                         (0 = 0.0%) {100.0%}

Histogram: LocalStorage.MojoSizeInKB recorded 2 samples, mean = 1.0 (flags = 0x41)
0  -O                                                                        (1 = 50.0%)
1  O                                                                         (0 = 0.0%) {50.0%}
2  -O                                                                        (1 = 50.0%) {50.0%}
3  ... 

Histogram: LocalStorage.MojoTimeToPrime recorded 2 samples, mean = 0.0 (flags = 0x41)
0  --O                                                                       (2 = 100.0%)
1  ... 

Histogram: LocalStorage.MojoTimeToPrimeForUnder100KB recorded 2 samples, mean = 0.0 (flags = 0x41)
0  --O                                                                       (2 = 100.0%)
1  ... 

Histogram: LocalStorage.RendererAreaCacheHit recorded 4 samples, mean = 0.5 (flags = 0x41)
0  ---O                                                                      (3 = 75.0%)
1  O                                                                         (0 = 0.0%) {75.0%}
2  -O                                                                        (1 = 25.0%) {75.0%}
3  O                                                                         (0 = 0.0%) {100.0%}

Histogram: LocalStorageContext.ShutDown.MaybeDroppedChanges recorded 2 samples, mean = 0.0 (flags = 0x40)
0  --O                                                                       (2 = 100.0%)
1  ... 

Histogram: MPArch.ChildProcessLaunchFirst recorded 1 samples, mean = 54.0 (flags = 0x41)
0   ... 
48  -O                                                                        (1 = 100.0%) {0.0%}
57  ... 

Histogram: MPArch.ChildProcessLaunchSubsequent recorded 10 samples, mean = 17.0 (flags = 0x41)
0   ... 
14  ------O                                                                   (6 = 60.0%) {0.0%}
17  --O                                                                       (2 = 20.0%) {60.0%}
20  --O                                                                       (2 = 20.0%) {80.0%}
24  ... 

Histogram: ManagedUsers.BlockedIframeCount recorded 2 samples, mean = 0.0 (flags = 0x41)
0  --O                                                                       (2 = 100.0%)
1  ... 

Histogram: Manifest.HasProperty.description recorded 2 samples, mean = 0.0 (flags = 0x41)
0  --O                                                                       (2 = 100.0%)
1  ... 

Histogram: Manifest.HasProperty.display recorded 2 samples, mean = 0.5 (flags = 0x41)
0  -O                                                                        (1 = 50.0%)
1  -O                                                                        (1 = 50.0%) {50.0%}
2  O                                                                         (0 = 0.0%) {100.0%}

Histogram: Manifest.HasProperty.gcm_sender_id recorded 2 samples, mean = 0.0 (flags = 0x41)
0  --O                                                                       (2 = 100.0%)
1  ... 

Histogram: Manifest.HasProperty.icons recorded 2 samples, mean = 0.5 (flags = 0x41)
0  -O                                                                        (1 = 50.0%)
1  -O                                                                        (1 = 50.0%) {50.0%}
2  O                                                                         (0 = 0.0%) {100.0%}

Histogram: Manifest.HasProperty.name recorded 2 samples, mean = 0.5 (flags = 0x41)
0  -O                                                                        (1 = 50.0%)
1  -O                                                                        (1 = 50.0%) {50.0%}
2  O                                                                         (0 = 0.0%) {100.0%}

Histogram: Manifest.HasProperty.orientation recorded 2 samples, mean = 0.0 (flags = 0x41)
0  --O                                                                       (2 = 100.0%)
1  ... 

Histogram: Manifest.HasProperty.protocol_handlers recorded 2 samples, mean = 0.0 (flags = 0x41)
0  --O                                                                       (2 = 100.0%)
1  ... 

Histogram: Manifest.HasProperty.screenshots recorded 2 samples, mean = 0.0 (flags = 0x41)
0  --O                                                                       (2 = 100.0%)
1  ... 

Histogram: Manifest.HasProperty.share_target recorded 2 samples, mean = 0.0 (flags = 0x41)
0  --O                                                                       (2 = 100.0%)
1  ... 

Histogram: Manifest.HasProperty.short_name recorded 2 samples, mean = 0.5 (flags = 0x41)
0  -O                                                                        (1 = 50.0%)
1  -O                                                                        (1 = 50.0%) {50.0%}
2  O                                                                         (0 = 0.0%) {100.0%}

Histogram: Manifest.HasProperty.start_url recorded 2 samples, mean = 1.0 (flags = 0x41)
0  O                                                                         (0 = 0.0%)
1  --O                                                                       (2 = 100.0%) {0.0%}
2  O                                                                         (0 = 0.0%) {100.0%}

Histogram: Manifest.ParseIdResult recorded 2 samples, mean = 1.0 (flags = 0x41)
0  O                                                                         (0 = 0.0%)
1  --O                                                                       (2 = 100.0%) {0.0%}
2  ... 

Histogram: Media.GPU.VideoDecoderType recorded 1 samples, mean = 11.0 (flags = 0x41)
0   ... 
11  -O                                                                        (1 = 100.0%) {0.0%}
12  ... 

Histogram: Media.HasAcceleratedVideoDecode.AV1 recorded 1 samples, mean = 1.0 (flags = 0x41)
0  O                                                                         (0 = 0.0%)
1  -O                                                                        (1 = 100.0%) {0.0%}
2  O                                                                         (0 = 0.0%) {100.0%}

Histogram: Media.HasAcceleratedVideoDecode.H264 recorded 1 samples, mean = 1.0 (flags = 0x41)
0  O                                                                         (0 = 0.0%)
1  -O                                                                        (1 = 100.0%) {0.0%}
2  O                                                                         (0 = 0.0%) {100.0%}

Histogram: Media.HasAcceleratedVideoDecode.H265 recorded 1 samples, mean = 0.0 (flags = 0x41)
0  -O                                                                        (1 = 100.0%)
1  ... 

Histogram: Media.HasAcceleratedVideoDecode.VP9 recorded 1 samples, mean = 1.0 (flags = 0x41)
0  O                                                                         (0 = 0.0%)
1  -O                                                                        (1 = 100.0%) {0.0%}
2  O                                                                         (0 = 0.0%) {100.0%}

Histogram: Media.MediaHistory.DatabaseExists recorded 1 samples, mean = 0.0 (flags = 0x41)
0  -O                                                                        (1 = 100.0%)
1  ... 

Histogram: MediaRouter.Cast.Discovery.ConnectedDevicesCount recorded 2 samples, mean = 0.0 (flags = 0x41)
0  --O                                                                       (2 = 100.0%)
1  ... 

Histogram: MediaRouter.Cast.Discovery.KnownDevicesCount recorded 2 samples, mean = 0.0 (flags = 0x41)
0  --O                                                                       (2 = 100.0%)
1  ... 

Histogram: MediaRouter.Dial.AvailableDevicesCount recorded 2 samples, mean = 0.0 (flags = 0x41)
0  --O                                                                       (2 = 100.0%)
1  ... 

Histogram: MediaRouter.Dial.KnownDevicesCount recorded 2 samples, mean = 0.0 (flags = 0x41)
0  --O                                                                       (2 = 100.0%)
1  ... 

Histogram: Memory.Discardable.FreelistSize.Foreground recorded 4 samples, mean = 1023.0 (flags = 0x41)
0     ---O                                                                      (3 = 75.0%)
1     ... 
4053  -O                                                                        (1 = 25.0%) {75.0%}
5338  ... 

Histogram: Memory.Discardable.Size.Foreground recorded 4 samples, mean = 1.0 (flags = 0x41)
0  ---O                                                                      (3 = 75.0%)
1  ... 
4  -O                                                                        (1 = 25.0%) {75.0%}
5  ... 

Histogram: Memory.Discardable.VirtualSize.Foreground recorded 4 samples, mean = 1024.0 (flags = 0x41)
0     ---O                                                                      (3 = 75.0%)
1     ... 
4053  -O                                                                        (1 = 25.0%) {75.0%}
5338  ... 

Histogram: Memory.DiscardableAllocationSize recorded 1 samples, mean = 4.0 (flags = 0x41)
0  ... 
4  -O                                                                        (1 = 100.0%) {0.0%}
5  ... 

Histogram: Memory.Experimental.AvailableMemoryMB recorded 341 samples, mean = 16158.1 (flags = 0x41)
0      ... 
11877  ----O                                                                     (11 = 3.2%) {0.0%}
13114  ----------O                                                               (26 = 7.6%) {3.2%}
14480  ----------------------------------------O                                 (108 = 31.7%) {10.9%}
15988  ------------------------------------------------------------------------O (196 = 57.5%) {42.5%}
17653  ... 

Histogram: Memory.Experimental.AvailableMemoryPercent recorded 341 samples, mean = 49.7 (flags = 0x41)
0   ... 
37  --O                                                                       (2 = 0.6%) {0.0%}
38  ----O                                                                     (5 = 1.5%) {0.6%}
39  --O                                                                       (3 = 0.9%) {2.1%}
40  -O                                                                        (1 = 0.3%) {2.9%}
41  --O                                                                       (3 = 0.9%) {3.2%}
42  --O                                                                       (3 = 0.9%) {4.1%}
43  -----O                                                                    (6 = 1.8%) {5.0%}
44  -----------O                                                              (14 = 4.1%) {6.7%}
45  ---O                                                                      (4 = 1.2%) {10.9%}
46  ----------------------O                                                   (28 = 8.2%) {12.0%}
47  ------------------------O                                                 (30 = 8.8%) {20.2%}
48  ---------------O                                                          (19 = 5.6%) {29.0%}
49  ------------------------------------O                                     (46 = 13.5%) {34.6%}
50  ---------------O                                                          (19 = 5.6%) {48.1%}
51  ------O                                                                   (8 = 2.3%) {53.7%}
52  -O                                                                        (1 = 0.3%) {56.0%}
53  ------------------------------------------------------------------------O (91 = 26.7%) {56.3%}
54  ----------------------------------------------O                           (58 = 17.0%) {83.0%}
55  ... 

Histogram: Memory.Experimental.Renderer.HighestPrivateMemoryFootprint.0to2min recorded 1 samples, mean = 120.0 (flags = 0x41)
0    ... 
120  -O                                                                        (1 = 100.0%) {0.0%}
135  ... 

Histogram: Memory.Experimental.Renderer.HighestPrivateMemoryFootprint.2to4min recorded 1 samples, mean = 75.0 (flags = 0x41)
0   ... 
75  -O                                                                        (1 = 100.0%) {0.0%}
84  ... 

Histogram: Memory.Experimental.Renderer.HighestPrivateMemoryFootprint.4to8min recorded 1 samples, mean = 75.0 (flags = 0x41)
0   ... 
75  -O                                                                        (1 = 100.0%) {0.0%}
84  ... 

Histogram: Memory.Experimental.Renderer.HighestPrivateMemoryFootprint.8to16min recorded 1 samples, mean = 75.0 (flags = 0x41)
0   ... 
75  -O                                                                        (1 = 100.0%) {0.0%}
84  ... 

Histogram: Memory.GPU.PeakMemoryAllocationSource2.PageLoad.SharedContextState recorded 2 samples, mean = 0.0 (flags = 0x41)
0  --O                                                                       (2 = 100.0%)
1  ... 

Histogram: Memory.GPU.PeakMemoryAllocationSource2.PageLoad.SharedImageStub recorded 2 samples, mean = 0.0 (flags = 0x41)
0  --O                                                                       (2 = 100.0%)
1  ... 

Histogram: Memory.GPU.PeakMemoryAllocationSource2.PageLoad.Skia recorded 2 samples, mean = 0.0 (flags = 0x41)
0  --O                                                                       (2 = 100.0%)
1  ... 

Histogram: Memory.GPU.PeakMemoryUsage2.PageLoad recorded 2 samples, mean = 0.0 (flags = 0x41)
0  --O                                                                       (2 = 100.0%)
1  ... 

Histogram: Memory.ParkableString.Compression.Latency recorded 18 samples, mean = 4769.2 (flags = 0x41)
0      -----O                                                                    (5 = 27.8%)
500    ... 
1085   -O                                                                        (1 = 5.6%) {27.8%}
1173   ... 
1867   -O                                                                        (1 = 5.6%) {33.3%}
2018   O                                                                         (0 = 0.0%) {38.9%}
2181   -O                                                                        (1 = 5.6%) {38.9%}
2357   -O                                                                        (1 = 5.6%) {44.4%}
2547   --O                                                                       (2 = 11.1%) {50.0%}
2752   ... 
3473   -O                                                                        (1 = 5.6%) {61.1%}
3753   -O                                                                        (1 = 5.6%) {66.7%}
4056   ... 
5119   -O                                                                        (1 = 5.6%) {72.2%}
5532   ... 
12016  -O                                                                        (1 = 5.6%) {77.8%}
12985  O                                                                         (0 = 0.0%) {83.3%}
14032  --O                                                                       (2 = 11.1%) {83.3%}
15164  -O                                                                        (1 = 5.6%) {94.4%}
16387  ... 

Histogram: Memory.ParkableString.Compression.SizeKb recorded 18 samples, mean = 271.4 (flags = 0x41)
0    ... 
14   -O                                                                        (1 = 5.6%) {0.0%}
16   O                                                                         (0 = 0.0%) {5.6%}
18   -O                                                                        (1 = 5.6%) {5.6%}
20   ... 
29   --O                                                                       (2 = 11.1%) {11.1%}
33   ... 
60   -O                                                                        (1 = 5.6%) {22.2%}
67   -O                                                                        (1 = 5.6%) {27.8%}
75   O                                                                         (0 = 0.0%) {33.3%}
84   -O                                                                        (1 = 5.6%) {33.3%}
95   O                                                                         (0 = 0.0%) {38.9%}
107  -O                                                                        (1 = 5.6%) {38.9%}
120  O                                                                         (0 = 0.0%) {44.4%}
135  -O                                                                        (1 = 5.6%) {44.4%}
152  O                                                                         (0 = 0.0%) {50.0%}
171  --O                                                                       (2 = 11.1%) {50.0%}
192  -O                                                                        (1 = 5.6%) {61.1%}
216  ... 
307  -O                                                                        (1 = 5.6%) {66.7%}
345  -O                                                                        (1 = 5.6%) {72.2%}
388  ... 
623  -O                                                                        (1 = 5.6%) {77.8%}
701  -O                                                                        (1 = 5.6%) {83.3%}
789  --O                                                                       (2 = 11.1%) {88.9%}
888  ... 

Histogram: Memory.ParkableString.Decompression.Latency recorded 4 samples, mean = 315.2 (flags = 0x41)
0    ---O                                                                      (3 = 75.0%)
500  -O                                                                        (1 = 25.0%) {75.0%}
540  ... 

Histogram: Memory.ParkableString.Decompression.ThroughputMBps recorded 4 samples, mean = 328.5 (flags = 0x41)
0    ... 
243  -O                                                                        (1 = 25.0%) {0.0%}
273  O                                                                         (0 = 0.0%) {25.0%}
307  -O                                                                        (1 = 25.0%) {25.0%}
345  -O                                                                        (1 = 25.0%) {50.0%}
388  -O                                                                        (1 = 25.0%) {75.0%}
437  ... 

Histogram: Memory.ParkableString.DiskReadTime.5min recorded 1 samples, mean = 0.0 (flags = 0x41)
0  -O                                                                        (1 = 100.0%)
1  ... 

Histogram: Memory.ParkableString.DiskWriteTime.5min recorded 1 samples, mean = 18.0 (flags = 0x41)
0   ... 
17  -O                                                                        (1 = 100.0%) {0.0%}
20  ... 

Histogram: Memory.ParkableString.OnDiskSizeKb.5min recorded 1 samples, mean = 967.0 (flags = 0x41)
0    ... 
896  -O                                                                        (1 = 100.0%) {0.0%}
1122 ... 

Histogram: Memory.ParkableString.Read.Latency recorded 4 samples, mean = 136.5 (flags = 0x41)
0  ----O                                                                     (4 = 100.0%)
500... 

Histogram: Memory.ParkableString.TotalParkingThreadTime.5min recorded 1 samples, mean = 84.0 (flags = 0x41)
0   ... 
81  -O                                                                        (1 = 100.0%) {0.0%}
96  ... 

Histogram: Memory.ParkableString.TotalUnparkingTime.5min recorded 1 samples, mean = 0.0 (flags = 0x41)
0  -O                                                                        (1 = 100.0%)
1  ... 

Histogram: Memory.PartitionAlloc.MemoryReclaim recorded 40812 samples, mean = 358.9 (flags = 0x41)
0     ... 
49    -O                                                                        (154 = 0.4%) {0.0%}
65    -----------------------O                                                  (2552 = 6.3%) {0.4%}
86    -------------------------------------------------------O                  (6020 = 14.8%) {6.6%}
113   --------------------------O                                               (2894 = 7.1%) {21.4%}
149   ----------------------------------------------------------O               (6333 = 15.5%) {28.5%}
196   --------------------O                                                     (2135 = 5.2%) {44.0%}
258   --------O                                                                 (894 = 2.2%) {49.2%}
340   -----------------------------------------------O                          (5127 = 12.6%) {51.4%}
448   -----------------------------------------------O                          (5137 = 12.6%) {64.0%}
590   ------------------------------------------------------------------------O (7877 = 19.3%) {76.6%}
777   ---------O                                                                (997 = 2.4%) {95.9%}
1023  ---O                                                                      (376 = 0.9%) {98.3%}
1347  --O                                                                       (177 = 0.4%) {99.2%}
1774  -O                                                                        (118 = 0.3%) {99.7%}
2336  O                                                                         (20 = 0.0%) {99.9%}
3077  O                                                                         (1 = 0.0%) {100.0%}
4053  ... 

Histogram: Memory.PartitionAlloc.PartitionRoot.ExtrasSize recorded 1 samples, mean = 4.0 (flags = 0x41)
0  ... 
4  -O                                                                        (1 = 100.0%) {0.0%}
5  ... 

Histogram: Memory.PartitionAlloc.PeriodicPurge recorded 4155 samples, mean = 26.2 (flags = 0x41)
0    ... 
4    -O                                                                        (15 = 0.4%) {0.0%}
5    --O                                                                       (42 = 1.0%) {0.4%}
7    -O                                                                        (18 = 0.4%) {1.4%}
9    -----O                                                                    (87 = 2.1%) {1.8%}
12   -----------------------------------O                                      (600 = 14.4%) {3.9%}
16   ---------------------------------O                                        (560 = 13.5%) {18.3%}
21   ------------------------------------------------------------------------O (1224 = 29.5%) {31.8%}
28   ----------------------------------------------------------------------O   (1184 = 28.5%) {61.3%}
37   ------------------O                                                       (300 = 7.2%) {89.8%}
49   ----O                                                                     (71 = 1.7%) {97.0%}
65   --O                                                                       (26 = 0.6%) {98.7%}
86   -O                                                                        (11 = 0.3%) {99.3%}
113  O                                                                         (6 = 0.1%) {99.6%}
149  O                                                                         (6 = 0.1%) {99.7%}
196  O                                                                         (2 = 0.0%) {99.9%}
258  O                                                                         (0 = 0.0%) {99.9%}
340  O                                                                         (3 = 0.1%) {99.9%}
448  ... 

Histogram: Memory.PressureLevel2 recorded 40950 samples, mean = 0.0 (flags = 0x41)
0  ------------------------------------------------------------------------O (40950 = 100.0%)
1  ... 

Histogram: Mojo.Channel.WriteReceiveMessageProcessType recorded 15 samples, mean = 3.2 (flags = 0x41)
0   ------O                                                                   (6 = 40.0%)
1   O                                                                         (0 = 0.0%) {40.0%}
2   ----O                                                                     (4 = 26.7%) {40.0%}
3   ... 
6   --O                                                                       (2 = 13.3%) {66.7%}
7   ... 
9   --O                                                                       (2 = 13.3%) {80.0%}
10  -O                                                                        (1 = 6.7%) {93.3%}
11  ... 

Histogram: NCN.OfflinePolls recorded 4 samples, mean = 11.0 (flags = 0x41)
0   O                                                                         (0 = 0.0%)
1   --O                                                                       (2 = 50.0%) {0.0%}
2   ... 
21  --O                                                                       (2 = 50.0%) {50.0%}
22  ... 

Histogram: NQE.ContentObserver.NetworkQualityMeaningfullyChanged recorded 14 samples, mean = 0.6 (flags = 0x40)
0  -----O                                                                    (5 = 35.7%)
1  ---------O                                                                (9 = 64.3%) {35.7%}
2  O                                                                         (0 = 0.0%) {100.0%}

Histogram: NQE.RTT.Error.Absolute recorded 50 samples, mean = 232.8 (flags = 0x41)
0    ... 
14   -O                                                                        (1 = 2.0%) {0.0%}
17   ... 
24   -O                                                                        (1 = 2.0%) {2.0%}
29   -O                                                                        (1 = 2.0%) {4.0%}
34   --O                                                                       (2 = 4.0%) {6.0%}
40   ... 
57   ---O                                                                      (3 = 6.0%) {10.0%}
68   ... 
114  --O                                                                       (2 = 4.0%) {16.0%}
135  --O                                                                       (2 = 4.0%) {20.0%}
160  ---O                                                                      (3 = 6.0%) {24.0%}
190  --O                                                                       (2 = 4.0%) {30.0%}
226  ---------O                                                                (9 = 18.0%) {34.0%}
268  ------------O                                                             (12 = 24.0%) {52.0%}
318  ----------O                                                               (10 = 20.0%) {76.0%}
378  --O                                                                       (2 = 4.0%) {96.0%}
449  ... 

Histogram: NQE.RTT.Error.IsZero recorded 50 samples, mean = 0.0 (flags = 0x41)
0  --------------------------------------------------O                       (50 = 100.0%)
1  ... 

Histogram: NQE.RTT.Error.Negative recorded 43 samples, mean = 254.3 (flags = 0x41)
0    ... 
14   -O                                                                        (1 = 2.3%) {0.0%}
17   ... 
24   -O                                                                        (1 = 2.3%) {2.3%}
29   ... 
57   --O                                                                       (2 = 4.7%) {4.7%}
68   ... 
114  -O                                                                        (1 = 2.3%) {9.3%}
135  --O                                                                       (2 = 4.7%) {11.6%}
160  ---O                                                                      (3 = 7.0%) {16.3%}
190  O                                                                         (0 = 0.0%) {23.3%}
226  ---------O                                                                (9 = 20.9%) {23.3%}
268  ------------O                                                             (12 = 27.9%) {44.2%}
318  ----------O                                                               (10 = 23.3%) {72.1%}
378  --O                                                                       (2 = 4.7%) {95.3%}
449  ... 

Histogram: NQE.RTT.Error.Positive recorded 7 samples, mean = 101.0 (flags = 0x41)
0    ... 
29   -O                                                                        (1 = 14.3%) {0.0%}
34   --O                                                                       (2 = 28.6%) {14.3%}
40   ... 
57   -O                                                                        (1 = 14.3%) {42.9%}
68   ... 
114  -O                                                                        (1 = 14.3%) {57.1%}
135  ... 
190  --O                                                                       (2 = 28.6%) {71.4%}
226  ... 

Histogram: NQE.RTT.HittingThreshold.EndToEnd.FallbackSuccess recorded 12 samples, mean = 0.0 (flags = 0x41)
0  ------------O                                                             (12 = 100.0%)
1  ... 

Histogram: NQE.RTT.HittingThreshold.Transport.FallbackSuccess recorded 1 samples, mean = 0.0 (flags = 0x41)
0  -O                                                                        (1 = 100.0%)
1  ... 

Histogram: NQE.RTT.ObservationSource recorded 153 samples, mean = 1.6 (flags = 0x41)
0  ----------------------------------------O                                 (50 = 32.7%)
1  O                                                                         (0 = 0.0%) {32.7%}
2  ------------------------------------------------------------------------O (91 = 59.5%) {32.7%}
3  --O                                                                       (3 = 2.0%) {92.2%}
4  --O                                                                       (3 = 2.0%) {94.1%}
5  O                                                                         (0 = 0.0%) {96.1%}
6  --O                                                                       (3 = 2.0%) {96.1%}
7  --O                                                                       (3 = 2.0%) {98.0%}
8  ... 

Histogram: NQE.RTT.OnECTComputation recorded 34 samples, mean = 326.9 (flags = 0x41)
0    ... 
114  ----O                                                                     (4 = 11.8%) {0.0%}
135  ... 
190  -O                                                                        (1 = 2.9%) {11.8%}
226  --O                                                                       (2 = 5.9%) {14.7%}
268  --------O                                                                 (8 = 23.5%) {20.6%}
318  -------O                                                                  (7 = 20.6%) {44.1%}
378  -----O                                                                    (5 = 14.7%) {64.7%}
449  -------O                                                                  (7 = 20.6%) {79.4%}
533  ... 

Histogram: NQE.RenderThreadNotified recorded 37 samples, mean = 1.0 (flags = 0x40)
0  O                                                                         (0 = 0.0%)
1  -------------------------------------O                                    (37 = 100.0%) {0.0%}
2  O                                                                         (0 = 0.0%) {100.0%}

Histogram: NQE.TransportRTT.OnECTComputation recorded 33 samples, mean = 284.5 (flags = 0x41)
0    ... 
57   ---O                                                                      (3 = 9.1%) {0.0%}
68   ... 
190  ------O                                                                   (6 = 18.2%) {9.1%}
226  -----O                                                                    (5 = 15.2%) {27.3%}
268  --------O                                                                 (8 = 24.2%) {42.4%}
318  O                                                                         (0 = 0.0%) {66.7%}
378  -----------O                                                              (11 = 33.3%) {66.7%}
449  ... 

Histogram: Navigation.BeginNavigationImpl.MainFrame recorded 3 samples, mean = 0.7 (flags = 0x41)
0  --O                                                                       (2 = 66.7%)
1  O                                                                         (0 = 0.0%) {66.7%}
2  -O                                                                        (1 = 33.3%) {66.7%}
3  ... 

Histogram: Navigation.BeginNavigationImpl.Subframe recorded 1 samples, mean = 0.0 (flags = 0x41)
0  -O                                                                        (1 = 100.0%)
1  ... 

Histogram: Navigation.BrowserInitiatedSessionHistoryCount recorded 1 samples, mean = 0.0 (flags = 0x41)
0  -O                                                                        (1 = 100.0%)
1  ... 

Histogram: Navigation.CommitRenderFrame recorded 3 samples, mean = 9.0 (flags = 0x41)
0   ... 
5   -O                                                                        (1 = 33.3%) {0.0%}
6   -O                                                                        (1 = 33.3%) {33.3%}
7   ... 
14  -O                                                                        (1 = 33.3%) {66.7%}
17  ... 

Histogram: Navigation.CommitToCompositorCreation recorded 3 samples, mean = 75.7 (flags = 0x41)
0    ... 
35   -O                                                                        (1 = 33.3%) {0.0%}
46   ... 
78   -O                                                                        (1 = 33.3%) {33.3%}
101  -O                                                                        (1 = 33.3%) {66.7%}
131  ... 

Histogram: Navigation.CompositorRequestedBeforeCommit2 recorded 3 samples, mean = 0.0 (flags = 0x41)
0  ---O                                                                      (3 = 100.0%)
1  ... 

Histogram: Navigation.CompositorRequestedBeforeSwapRFH2 recorded 3 samples, mean = 0.0 (flags = 0x41)
0  ---O                                                                      (3 = 100.0%)
1  ... 

Histogram: Navigation.CreateSpeculativeRFH recorded 4 samples, mean = 2.2 (flags = 0x41)
0  O                                                                         (0 = 0.0%)
1  --O                                                                       (2 = 50.0%) {0.0%}
2  O                                                                         (0 = 0.0%) {50.0%}
3  -O                                                                        (1 = 25.0%) {50.0%}
4  -O                                                                        (1 = 25.0%) {75.0%}
5  ... 

Histogram: Navigation.DidCommitSameDocumentNavigation.Duration recorded 3 samples, mean = 0.0 (flags = 0x41)
0  ---O                                                                      (3 = 100.0%)
1  ... 

Histogram: Navigation.DidStartLoading.MainFrame recorded 4 samples, mean = 0.0 (flags = 0x41)
0  ----O                                                                     (4 = 100.0%)
1  ... 

Histogram: Navigation.DidStartLoading.Subframe recorded 5 samples, mean = 0.0 (flags = 0x41)
0  -----O                                                                    (5 = 100.0%)
1  ... 

Histogram: Navigation.EarlyRenderFrameHostSwapType recorded 12 samples, mean = 0.0 (flags = 0x41)
0  ------------O                                                             (12 = 100.0%)
1  ... 

Histogram: Navigation.EngagementTime.HTTPS recorded 1 samples, mean = 40878088.0 (flags = 0x41)
0        ... 
3600000  -O                                                                        (1 = 100.0%) {0.0%}

Histogram: Navigation.GetFrameHostForNavigation recorded 8 samples, mean = 5.2 (flags = 0x41)
0   ---O                                                                      (3 = 37.5%)
1   -O                                                                        (1 = 12.5%) {37.5%}
2   O                                                                         (0 = 0.0%) {50.0%}
3   -O                                                                        (1 = 12.5%) {50.0%}
4   --O                                                                       (2 = 25.0%) {62.5%}
5   ... 
29  -O                                                                        (1 = 12.5%) {87.5%}
34  ... 

Histogram: Navigation.GetFrameHostForNavigationTime.InDidCreateNavigationRequest.IsHTTPOrHTTPS recorded 5 samples, mean = 6551.6 (flags = 0x41)
0      ... 
55     -O                                                                        (1 = 20.0%) {0.0%}
76     --O                                                                       (2 = 40.0%) {20.0%}
105    ... 
1447   -O                                                                        (1 = 20.0%) {60.0%}
2008   ... 
27562  -O                                                                        (1 = 20.0%) {80.0%}
38240  ... 

Histogram: Navigation.IsGuest recorded 3 samples, mean = 0.0 (flags = 0x41)
0  ---O                                                                      (3 = 100.0%)
1  ... 

Histogram: Navigation.IsLockedProcess recorded 3 samples, mean = 1.0 (flags = 0x41)
0  O                                                                         (0 = 0.0%)
1  ---O                                                                      (3 = 100.0%) {0.0%}
2  O                                                                         (0 = 0.0%) {100.0%}

Histogram: Navigation.IsLockedProcess.HTTPOrHTTPS recorded 3 samples, mean = 1.0 (flags = 0x41)
0  O                                                                         (0 = 0.0%)
1  ---O                                                                      (3 = 100.0%) {0.0%}
2  O                                                                         (0 = 0.0%) {100.0%}

Histogram: Navigation.IsProcessBackgrounded.OnCommit recorded 2 samples, mean = 0.0 (flags = 0x41)
0  --O                                                                       (2 = 100.0%)
1  ... 

Histogram: Navigation.IsProcessBackgrounded.OnDOMContentLoaded recorded 2 samples, mean = 0.0 (flags = 0x41)
0  --O                                                                       (2 = 100.0%)
1  ... 

Histogram: Navigation.IsSameBrowsingInstance recorded 2 samples, mean = 0.0 (flags = 0x41)
0  --O                                                                       (2 = 100.0%)
1  ... 

Histogram: Navigation.IsSameSiteInstance recorded 3 samples, mean = 0.0 (flags = 0x41)
0  ---O                                                                      (3 = 100.0%)
1  ... 

Histogram: Navigation.IsSameSiteInstance.MainFrame recorded 2 samples, mean = 0.0 (flags = 0x41)
0  --O                                                                       (2 = 100.0%)
1  ... 

Histogram: Navigation.IsSameSiteInstance.Subframe recorded 1 samples, mean = 0.0 (flags = 0x41)
0  -O                                                                        (1 = 100.0%)
1  ... 

Histogram: Navigation.LoaderCreateToRequestStart.MainFrame recorded 2 samples, mean = 0.5 (flags = 0x41)
0  -O                                                                        (1 = 50.0%)
1  -O                                                                        (1 = 50.0%) {50.0%}
2  ... 

Histogram: Navigation.LoaderCreateToRequestStart.Subframe recorded 1 samples, mean = 0.0 (flags = 0x41)
0  -O                                                                        (1 = 100.0%)
1  ... 

Histogram: Navigation.MainFrame.FrameCount recorded 2 samples, mean = 1.5 (flags = 0x41)
0  O                                                                         (0 = 0.0%)
1  -O                                                                        (1 = 50.0%) {0.0%}
2  -O                                                                        (1 = 50.0%) {50.0%}
3  ... 

Histogram: Navigation.MainFrame.MaxFrameCount recorded 6 samples, mean = 1.8 (flags = 0x41)
0  O                                                                         (0 = 0.0%)
1  ---O                                                                      (3 = 50.0%) {0.0%}
2  -O                                                                        (1 = 16.7%) {50.0%}
3  --O                                                                       (2 = 33.3%) {66.7%}
4  ... 

Histogram: Navigation.MainFrame.NewNavigation.IgnoreRestore.IsHTTPOrHTTPS.BeginNavigationToLoaderStart.Time2 recorded 1 samples, mean = 3.0 (flags = 0x41)
0  ... 
3  -O                                                                        (1 = 100.0%) {0.0%}
4  ... 

Histogram: Navigation.MainFrame.NewNavigation.IgnoreRestore.IsHTTPOrHTTPS.FetchStart.Time2 recorded 1 samples, mean = 0.0 (flags = 0x41)
0  -O                                                                        (1 = 100.0%)
1  ... 

Histogram: Navigation.MainFrame.NewNavigation.IgnoreRestore.IsHTTPOrHTTPS.LoaderStartToFetchStart.Time2 recorded 1 samples, mean = 6407.0 (flags = 0x41)
0     ... 
5961  -O                                                                        (1 = 100.0%) {0.0%}
7083  ... 

Histogram: Navigation.MainFrame.NewNavigation.IgnoreRestore.IsHTTPOrHTTPS.LoaderStartToReceiveResponse.Time2 recorded 1 samples, mean = 7116.0 (flags = 0x41)
0     ... 
7083  -O                                                                        (1 = 100.0%) {0.0%}
8416  ... 

Histogram: Navigation.MainFrame.NewNavigation.IgnoreRestore.IsHTTPOrHTTPS.NavigationStartToBeginNavigation.Time2 recorded 1 samples, mean = 7313.0 (flags = 0x41)
0     ... 
7083  -O                                                                        (1 = 100.0%) {0.0%}
8416  ... 

Histogram: Navigation.MainFrame.NewNavigation.IgnoreRestore.IsHTTPOrHTTPS.ReceiveHeaders.Time2 recorded 1 samples, mean = 241.0 (flags = 0x41)
0    ... 
226  -O                                                                        (1 = 100.0%) {0.0%}
268  ... 

Histogram: Navigation.MainFrame.NewNavigation.IgnoreRestore.IsHTTPOrHTTPS.ReceiveHeadersToReceiveResponse.Time2 recorded 1 samples, mean = 466.0 (flags = 0x41)
0    ... 
449  -O                                                                        (1 = 100.0%) {0.0%}
533  ... 

Histogram: Navigation.MainFrame.NewNavigation.IgnoreRestore.IsHTTPOrHTTPS.ReceiveResponseToCommitNavigation.Time2 recorded 1 samples, mean = 10.0 (flags = 0x41)
0   ... 
10  -O                                                                        (1 = 100.0%) {0.0%}
12  ... 

Histogram: Navigation.MainFrame.RendererInitiated.InitiatorFramePresentAtStart recorded 4 samples, mean = 0.2 (flags = 0x41)
0  ---O                                                                      (3 = 75.0%)
1  -O                                                                        (1 = 25.0%) {75.0%}
2  O                                                                         (0 = 0.0%) {100.0%}

Histogram: Navigation.MainFrame.SiteEngagementLevel recorded 2 samples, mean = 2.0 (flags = 0x41)
0  ... 
2  --O                                                                       (2 = 100.0%) {0.0%}
3  ... 

Histogram: Navigation.MainFrame.ThirdPartyCookieBlockingEnabled recorded 5 samples, mean = 0.0 (flags = 0x41)
0  -----O                                                                    (5 = 100.0%)
1  ... 

Histogram: Navigation.MainFrameHasRTLDomain2 recorded 5 samples, mean = 0.0 (flags = 0x41)
0  -----O                                                                    (5 = 100.0%)
1  ... 

Histogram: Navigation.MainFrameHasRTLDomainDifferentPage2 recorded 2 samples, mean = 0.0 (flags = 0x41)
0  --O                                                                       (2 = 100.0%)
1  ... 

Histogram: Navigation.MainFrameProfileType2 recorded 5 samples, mean = 0.0 (flags = 0x41)
0  -----O                                                                    (5 = 100.0%)
1  ... 

Histogram: Navigation.MainFrameScheme2 recorded 5 samples, mean = 2.0 (flags = 0x41)
0  ... 
2  -----O                                                                    (5 = 100.0%) {0.0%}
3  ... 

Histogram: Navigation.MainFrameSchemeDifferentPage2 recorded 2 samples, mean = 2.0 (flags = 0x41)
0  ... 
2  --O                                                                       (2 = 100.0%) {0.0%}
3  ... 

Histogram: Navigation.OnBeforeUnloadOverheadTime recorded 2 samples, mean = 3661.5 (flags = 0x41)
0     ... 
10    -O                                                                        (1 = 50.0%) {0.0%}
12    ... 
7083  -O                                                                        (1 = 50.0%) {50.0%}
8416  ... 

Histogram: Navigation.OnBeforeUnloadTotalTime recorded 5 samples, mean = 0.0 (flags = 0x41)
0  -----O                                                                    (5 = 100.0%)
1  ... 

Histogram: Navigation.OriginAgentCluster.Result recorded 3 samples, mean = 7.7 (flags = 0x41)
0  ... 
7  --O                                                                       (2 = 66.7%) {0.0%}
8  O                                                                         (0 = 0.0%) {66.7%}
9  -O                                                                        (1 = 33.3%) {66.7%}
10 O                                                                         (0 = 0.0%) {100.0%}

Histogram: Navigation.PendingCommit.DidBlockGetFrameHostForNavigation.Regular recorded 3 samples, mean = 0.0 (flags = 0x41)
0  ---O                                                                      (3 = 100.0%)
1  ... 

Histogram: Navigation.PendingCommit.Duration.Regular recorded 3 samples, mean = 19.3 (flags = 0x41)
0   ... 
12  -O                                                                        (1 = 33.3%) {0.0%}
14  -O                                                                        (1 = 33.3%) {33.3%}
17  ... 
29  -O                                                                        (1 = 33.3%) {66.7%}
34  ... 

Histogram: Navigation.Preconnect.PreresolveJobQueueLength recorded 20 samples, mean = 0.6 (flags = 0x41)
0  -----------O                                                              (11 = 55.0%)
1  --------O                                                                 (8 = 40.0%) {55.0%}
2  O                                                                         (0 = 0.0%) {95.0%}
3  -O                                                                        (1 = 5.0%) {95.0%}
4  ... 

Histogram: Navigation.Preconnect.PreresolveJobQueueingTime recorded 11 samples, mean = 0.0 (flags = 0x41)
0  -----------O                                                              (11 = 100.0%)
1  ... 

Histogram: Navigation.Preconnect.ProxyLookupCallbackQueueingTime recorded 11 samples, mean = 1097.5 (flags = 0x41)
0     ----O                                                                     (4 = 36.4%)
1     ... 
10    --O                                                                       (2 = 18.2%) {36.4%}
12    O                                                                         (0 = 0.0%) {54.5%}
14    -O                                                                        (1 = 9.1%) {54.5%}
17    -O                                                                        (1 = 9.1%) {63.6%}
20    ... 
68    -O                                                                        (1 = 9.1%) {72.7%}
81    ... 
5961  --O                                                                       (2 = 18.2%) {81.8%}
7083  ... 

Histogram: Navigation.Preconnect.ProxyLookupLatency recorded 11 samples, mean = 1833.1 (flags = 0x41)
0      ----O                                                                     (4 = 36.4%)
1      ... 
14     ---O                                                                      (3 = 27.3%) {36.4%}
17     -O                                                                        (1 = 9.1%) {63.6%}
20     ... 
68     -O                                                                        (1 = 9.1%) {72.7%}
81     ... 
5961   -O                                                                        (1 = 9.1%) {81.8%}
7083   ... 
10000  -O                                                                        (1 = 9.1%) {90.9%}

Histogram: Navigation.Preconnect.ResolveHostCallbackQueueingTime recorded 11 samples, mean = 20.5 (flags = 0x41)
0   --O                                                                       (2 = 18.2%)
1   ... 
3   -O                                                                        (1 = 9.1%) {18.2%}
4   ... 
7   -O                                                                        (1 = 9.1%) {27.3%}
8   O                                                                         (0 = 0.0%) {36.4%}
10  --O                                                                       (2 = 18.2%) {36.4%}
12  -O                                                                        (1 = 9.1%) {54.5%}
14  -O                                                                        (1 = 9.1%) {63.6%}
17  -O                                                                        (1 = 9.1%) {72.7%}
20  ... 
68  --O                                                                       (2 = 18.2%) {81.8%}
81  ... 

Histogram: Navigation.Preconnect.ResolveHostLatency recorded 11 samples, mean = 29.4 (flags = 0x41)
0   --O                                                                       (2 = 18.2%)
1   ... 
14  -O                                                                        (1 = 9.1%) {18.2%}
17  --O                                                                       (2 = 18.2%) {27.3%}
20  O                                                                         (0 = 0.0%) {45.5%}
24  -O                                                                        (1 = 9.1%) {45.5%}
29  ---O                                                                      (3 = 27.3%) {54.5%}
34  ... 
68  --O                                                                       (2 = 18.2%) {81.8%}
81  ... 

Histogram: Navigation.ProcessNavigationThrottlesTime.WillStartRequest.MainFrame recorded 3 samples, mean = 3.7 (flags = 0x41)
0  -O                                                                        (1 = 33.3%)
1  ... 
3  -O                                                                        (1 = 33.3%) {33.3%}
4  ... 
8  -O                                                                        (1 = 33.3%) {66.7%}
10 ... 

Histogram: Navigation.ProcessNavigationThrottlesTime.WillStartRequest.SubFrame recorded 1 samples, mean = 0.0 (flags = 0x41)
0  -O                                                                        (1 = 100.0%)
1  ... 

Histogram: Navigation.QueueTime.OnReceiveRedirect.MainFrame recorded 1 samples, mean = 11.0 (flags = 0x41)
0   ... 
10  -O                                                                        (1 = 100.0%) {0.0%}
12  ... 

Histogram: Navigation.QueueTime.OnReceiveResponse.MainFrame recorded 2 samples, mean = 239.0 (flags = 0x41)
0    ... 
12   -O                                                                        (1 = 50.0%) {0.0%}
14   ... 
449  -O                                                                        (1 = 50.0%) {50.0%}
533  ... 

Histogram: Navigation.QueueTime.OnReceiveResponse.Subframe recorded 1 samples, mean = 20.0 (flags = 0x41)
0   ... 
20  -O                                                                        (1 = 100.0%) {0.0%}
24  ... 

Histogram: Navigation.ReadyToCommitUntilCommit2 recorded 3 samples, mean = 19.3 (flags = 0x41)
0   ... 
10  -O                                                                        (1 = 33.3%) {0.0%}
13  O                                                                         (0 = 0.0%) {33.3%}
16  -O                                                                        (1 = 33.3%) {33.3%}
20  O                                                                         (0 = 0.0%) {66.7%}
25  -O                                                                        (1 = 33.3%) {66.7%}
32  ... 

Histogram: Navigation.ReadyToCommitUntilCommit2.ForegroundProcessPriority recorded 3 samples, mean = 19.3 (flags = 0x41)
0   ... 
10  -O                                                                        (1 = 33.3%) {0.0%}
13  O                                                                         (0 = 0.0%) {33.3%}
16  -O                                                                        (1 = 33.3%) {33.3%}
20  O                                                                         (0 = 0.0%) {66.7%}
25  -O                                                                        (1 = 33.3%) {66.7%}
32  ... 

Histogram: Navigation.ReadyToCommitUntilCommit2.NewNavigation recorded 3 samples, mean = 19.3 (flags = 0x41)
0   ... 
10  -O                                                                        (1 = 33.3%) {0.0%}
13  O                                                                         (0 = 0.0%) {33.3%}
16  -O                                                                        (1 = 33.3%) {33.3%}
20  O                                                                         (0 = 0.0%) {66.7%}
25  -O                                                                        (1 = 33.3%) {66.7%}
32  ... 

Histogram: Navigation.RegisterNavigationThrottlesTime.MainFrame recorded 3 samples, mean = 1.0 (flags = 0x41)
0  --O                                                                       (2 = 66.7%)
1  ... 
3  -O                                                                        (1 = 33.3%) {66.7%}
4  ... 

Histogram: Navigation.RegisterNavigationThrottlesTime.Subframe recorded 1 samples, mean = 0.0 (flags = 0x41)
0  -O                                                                        (1 = 100.0%)
1  ... 

Histogram: Navigation.RenderFrameDelete recorded 3 samples, mean = 1.3 (flags = 0x41)
0  -O                                                                        (1 = 33.3%)
1  -O                                                                        (1 = 33.3%) {33.3%}
2  O                                                                         (0 = 0.0%) {66.7%}
3  -O                                                                        (1 = 33.3%) {66.7%}
4  ... 

Histogram: Navigation.RenderFrameHostConstructor recorded 10 samples, mean = 0.1 (flags = 0x41)
0  ---------O                                                                (9 = 90.0%)
1  -O                                                                        (1 = 10.0%) {90.0%}
2  ... 

Histogram: Navigation.RenderFrameHostDestructor recorded 10 samples, mean = 0.9 (flags = 0x41)
0  -----O                                                                    (5 = 50.0%)
1  -O                                                                        (1 = 10.0%) {50.0%}
2  ----O                                                                     (4 = 40.0%) {60.0%}
3  ... 

Histogram: Navigation.RenderViewHostConstructor recorded 5 samples, mean = 0.0 (flags = 0x41)
0  -----O                                                                    (5 = 100.0%)
1  ... 

Histogram: Navigation.RenderViewHostDestructor recorded 5 samples, mean = 0.8 (flags = 0x41)
0  -O                                                                        (1 = 20.0%)
1  ----O                                                                     (4 = 80.0%) {20.0%}
2  ... 

Histogram: Navigation.RenderWidgetHostConstructor recorded 7 samples, mean = 0.3 (flags = 0x41)
0  ------O                                                                   (6 = 85.7%)
1  O                                                                         (0 = 0.0%) {85.7%}
2  -O                                                                        (1 = 14.3%) {85.7%}
3  ... 

Histogram: Navigation.RenderWidgetHostDestructor recorded 7 samples, mean = 0.0 (flags = 0x41)
0  -------O                                                                  (7 = 100.0%)
1  ... 

Histogram: Navigation.RendererCommitDelay.MainFrame recorded 2 samples, mean = 2.0 (flags = 0x41)
0  O                                                                         (0 = 0.0%)
1  -O                                                                        (1 = 50.0%) {0.0%}
2  O                                                                         (0 = 0.0%) {50.0%}
3  -O                                                                        (1 = 50.0%) {50.0%}
4  ... 

Histogram: Navigation.RendererCommitDelay.Subframe recorded 1 samples, mean = 3.0 (flags = 0x41)
0  ... 
3  -O                                                                        (1 = 100.0%) {0.0%}
4  ... 

Histogram: Navigation.RendererCommitQueueTime.MainFrame recorded 2 samples, mean = 1.0 (flags = 0x41)
0  -O                                                                        (1 = 50.0%)
1  O                                                                         (0 = 0.0%) {50.0%}
2  -O                                                                        (1 = 50.0%) {50.0%}
3  ... 

Histogram: Navigation.RendererCommitQueueTime.Subframe recorded 1 samples, mean = 2.0 (flags = 0x41)
0  ... 
2  -O                                                                        (1 = 100.0%) {0.0%}
3  ... 

Histogram: Navigation.RendererDidNavigateTime.MainFrame recorded 2 samples, mean = 0.0 (flags = 0x41)
0  --O                                                                       (2 = 100.0%)
1  ... 

Histogram: Navigation.RendererDidNavigateTime.Subframe recorded 5 samples, mean = 0.0 (flags = 0x41)
0  -----O                                                                    (5 = 100.0%)
1  ... 

Histogram: Navigation.RequiresDedicatedProcess recorded 3 samples, mean = 1.0 (flags = 0x41)
0  O                                                                         (0 = 0.0%)
1  ---O                                                                      (3 = 100.0%) {0.0%}
2  O                                                                         (0 = 0.0%) {100.0%}

Histogram: Navigation.RequiresDedicatedProcess.HTTPOrHTTPS recorded 3 samples, mean = 1.0 (flags = 0x41)
0  O                                                                         (0 = 0.0%)
1  ---O                                                                      (3 = 100.0%) {0.0%}
2  O                                                                         (0 = 0.0%) {100.0%}

Histogram: Navigation.SameDocumentNavigationWithScreenshot recorded 3 samples, mean = 0.0 (flags = 0x41)
0  ---O                                                                      (3 = 100.0%)
1  ... 

Histogram: Navigation.SendCommitNavigationTime.MainFrame recorded 2 samples, mean = 0.0 (flags = 0x41)
0  --O                                                                       (2 = 100.0%)
1  ... 

Histogram: Navigation.SendCommitNavigationTime.Subframe recorded 1 samples, mean = 0.0 (flags = 0x41)
0  -O                                                                        (1 = 100.0%)
1  ... 

Histogram: Navigation.StartToCommit recorded 7 samples, mean = 2293.9 (flags = 0x41)
0      ----O                                                                     (4 = 57.1%)
1      ... 
452    -O                                                                        (1 = 14.3%) {57.1%}
574    ... 
926    -O                                                                        (1 = 14.3%) {71.4%}
1177   ... 
12916  -O                                                                        (1 = 14.3%) {85.7%}
16411  ... 

Histogram: Navigation.StartToCommit.CrossProcess recorded 3 samples, mean = 5352.3 (flags = 0x41)
0      ... 
452    -O                                                                        (1 = 33.3%) {0.0%}
574    ... 
926    -O                                                                        (1 = 33.3%) {33.3%}
1177   ... 
12916  -O                                                                        (1 = 33.3%) {66.7%}
16411  ... 

Histogram: Navigation.StartToCommit.CrossProcess.ForegroundProcessPriority recorded 3 samples, mean = 5352.3 (flags = 0x41)
0      ... 
452    -O                                                                        (1 = 33.3%) {0.0%}
574    ... 
926    -O                                                                        (1 = 33.3%) {33.3%}
1177   ... 
12916  -O                                                                        (1 = 33.3%) {66.7%}
16411  ... 

Histogram: Navigation.StartToCommit.CrossProcess.MainFrame recorded 2 samples, mean = 7465.0 (flags = 0x41)
0      ... 
452    -O                                                                        (1 = 50.0%) {0.0%}
574    ... 
12916  -O                                                                        (1 = 50.0%) {50.0%}
16411  ... 

Histogram: Navigation.StartToCommit.CrossProcess.MainFrame.ForegroundProcessPriority recorded 2 samples, mean = 7465.0 (flags = 0x41)
0      ... 
452    -O                                                                        (1 = 50.0%) {0.0%}
574    ... 
12916  -O                                                                        (1 = 50.0%) {50.0%}
16411  ... 

Histogram: Navigation.StartToCommit.CrossProcess.MainFrame.NewNavigation recorded 2 samples, mean = 7465.0 (flags = 0x41)
0      ... 
452    -O                                                                        (1 = 50.0%) {0.0%}
574    ... 
12916  -O                                                                        (1 = 50.0%) {50.0%}
16411  ... 

Histogram: Navigation.StartToCommit.CrossProcess.NewNavigation recorded 3 samples, mean = 5352.3 (flags = 0x41)
0      ... 
452    -O                                                                        (1 = 33.3%) {0.0%}
574    ... 
926    -O                                                                        (1 = 33.3%) {33.3%}
1177   ... 
12916  -O                                                                        (1 = 33.3%) {66.7%}
16411  ... 

Histogram: Navigation.StartToCommit.CrossProcess.Subframe recorded 1 samples, mean = 1127.0 (flags = 0x41)
0    ... 
926  -O                                                                        (1 = 100.0%) {0.0%}
1177 ... 

Histogram: Navigation.StartToCommit.CrossProcess.Subframe.ForegroundProcessPriority recorded 1 samples, mean = 1127.0 (flags = 0x41)
0    ... 
926  -O                                                                        (1 = 100.0%) {0.0%}
1177 ... 

Histogram: Navigation.StartToCommit.CrossProcess.Subframe.NewNavigation recorded 1 samples, mean = 1127.0 (flags = 0x41)
0    ... 
926  -O                                                                        (1 = 100.0%) {0.0%}
1177 ... 

Histogram: Navigation.StartToCommit.ForegroundProcessPriority recorded 7 samples, mean = 2293.9 (flags = 0x41)
0      ----O                                                                     (4 = 57.1%)
1      ... 
452    -O                                                                        (1 = 14.3%) {57.1%}
574    ... 
926    -O                                                                        (1 = 14.3%) {71.4%}
1177   ... 
12916  -O                                                                        (1 = 14.3%) {85.7%}
16411  ... 

Histogram: Navigation.StartToCommit.MainFrame recorded 2 samples, mean = 7465.0 (flags = 0x41)
0      ... 
452    -O                                                                        (1 = 50.0%) {0.0%}
574    ... 
12916  -O                                                                        (1 = 50.0%) {50.0%}
16411  ... 

Histogram: Navigation.StartToCommit.MainFrame.ForegroundProcessPriority recorded 2 samples, mean = 7465.0 (flags = 0x41)
0      ... 
452    -O                                                                        (1 = 50.0%) {0.0%}
574    ... 
12916  -O                                                                        (1 = 50.0%) {50.0%}
16411  ... 

Histogram: Navigation.StartToCommit.MainFrame.NewNavigation recorded 2 samples, mean = 7465.0 (flags = 0x41)
0      ... 
452    -O                                                                        (1 = 50.0%) {0.0%}
574    ... 
12916  -O                                                                        (1 = 50.0%) {50.0%}
16411  ... 

Histogram: Navigation.StartToCommit.NewNavigation recorded 7 samples, mean = 2293.9 (flags = 0x41)
0      ----O                                                                     (4 = 57.1%)
1      ... 
452    -O                                                                        (1 = 14.3%) {57.1%}
574    ... 
926    -O                                                                        (1 = 14.3%) {71.4%}
1177   ... 
12916  -O                                                                        (1 = 14.3%) {85.7%}
16411  ... 

Histogram: Navigation.StartToCommit.SameProcess recorded 4 samples, mean = 0.0 (flags = 0x41)
0  ----O                                                                     (4 = 100.0%)
1  ... 

Histogram: Navigation.StartToCommit.SameProcess.ForegroundProcessPriority recorded 4 samples, mean = 0.0 (flags = 0x41)
0  ----O                                                                     (4 = 100.0%)
1  ... 

Histogram: Navigation.StartToCommit.SameProcess.NewNavigation recorded 4 samples, mean = 0.0 (flags = 0x41)
0  ----O                                                                     (4 = 100.0%)
1  ... 

Histogram: Navigation.StartToCommit.SameProcess.Subframe recorded 4 samples, mean = 0.0 (flags = 0x41)
0  ----O                                                                     (4 = 100.0%)
1  ... 

Histogram: Navigation.StartToCommit.SameProcess.Subframe.ForegroundProcessPriority recorded 4 samples, mean = 0.0 (flags = 0x41)
0  ----O                                                                     (4 = 100.0%)
1  ... 

Histogram: Navigation.StartToCommit.SameProcess.Subframe.NewNavigation recorded 4 samples, mean = 0.0 (flags = 0x41)
0  ----O                                                                     (4 = 100.0%)
1  ... 

Histogram: Navigation.StartToCommit.Subframe recorded 5 samples, mean = 225.4 (flags = 0x41)
0    ----O                                                                     (4 = 80.0%)
1    ... 
926  -O                                                                        (1 = 20.0%) {80.0%}
1177 ... 

Histogram: Navigation.StartToCommit.Subframe.ForegroundProcessPriority recorded 5 samples, mean = 225.4 (flags = 0x41)
0    ----O                                                                     (4 = 80.0%)
1    ... 
926  -O                                                                        (1 = 20.0%) {80.0%}
1177 ... 

Histogram: Navigation.StartToCommit.Subframe.NewNavigation recorded 5 samples, mean = 225.4 (flags = 0x41)
0    ----O                                                                     (4 = 80.0%)
1    ... 
926  -O                                                                        (1 = 20.0%) {80.0%}
1177 ... 

Histogram: Navigation.SuddenTerminationDisabler.AllOrigins recorded 3 samples, mean = 8.7 (flags = 0x41)
0   O                                                                         (0 = 0.0%)
1   -O                                                                        (1 = 33.3%) {0.0%}
2   ... 
12  -O                                                                        (1 = 33.3%) {33.3%}
13  -O                                                                        (1 = 33.3%) {66.7%}
14  ... 

Histogram: Navigation.SuddenTerminationDisabler.SameOrigin recorded 3 samples, mean = 8.7 (flags = 0x41)
0   O                                                                         (0 = 0.0%)
1   -O                                                                        (1 = 33.3%) {0.0%}
2   ... 
12  -O                                                                        (1 = 33.3%) {33.3%}
13  -O                                                                        (1 = 33.3%) {66.7%}
14  ... 

Histogram: Navigation.SwapRFHToCompositorCreation recorded 3 samples, mean = 60.3 (flags = 0x41)
0   ... 
27  -O                                                                        (1 = 33.3%) {0.0%}
35  ... 
60  -O                                                                        (1 = 33.3%) {33.3%}
78  -O                                                                        (1 = 33.3%) {66.7%}
101 ... 

Histogram: Navigation.ThrottleCount recorded 4 samples, mean = 18.8 (flags = 0x41)
0   ... 
14  -O                                                                        (1 = 25.0%) {0.0%}
15  ... 
20  --O                                                                       (2 = 50.0%) {25.0%}
21  -O                                                                        (1 = 25.0%) {75.0%}
22  ... 

Histogram: Navigation.ThrottleDeferTime.WillProcessResponse recorded 1 samples, mean = 1.0 (flags = 0x41)
0  O                                                                         (0 = 0.0%)
1  -O                                                                        (1 = 100.0%) {0.0%}
2  ... 

Histogram: Navigation.ThrottleDeferredEvent recorded 1 samples, mean = 4.0 (flags = 0x41)
0  ... 
4  -O                                                                        (1 = 100.0%) {0.0%}
5  ... 

Histogram: Navigation.ThrottleEventDurationTime.WillProcessResponse recorded 3 samples, mean = 0.7 (flags = 0x41)
0  --O                                                                       (2 = 66.7%)
1  O                                                                         (0 = 0.0%) {66.7%}
2  -O                                                                        (1 = 33.3%) {66.7%}
3  ... 

Histogram: Navigation.ThrottleEventDurationTime.WillRedirectRequest recorded 1 samples, mean = 0.0 (flags = 0x41)
0  -O                                                                        (1 = 100.0%)
1  ... 

Histogram: Navigation.ThrottleEventDurationTime.WillStartRequest recorded 4 samples, mean = 1.8 (flags = 0x41)
0  --O                                                                       (2 = 50.0%)
1  -O                                                                        (1 = 25.0%) {50.0%}
2  ... 
6  -O                                                                        (1 = 25.0%) {75.0%}
7  ... 

Histogram: Navigation.ThrottleEventExecutionTime.WillProcessResponse recorded 3 samples, mean = 0.0 (flags = 0x41)
0  ---O                                                                      (3 = 100.0%)
1  ... 

Histogram: Navigation.ThrottleEventExecutionTime.WillRedirectRequest recorded 1 samples, mean = 0.0 (flags = 0x41)
0  -O                                                                        (1 = 100.0%)
1  ... 

Histogram: Navigation.ThrottleEventExecutionTime.WillStartRequest recorded 4 samples, mean = 1.8 (flags = 0x41)
0  --O                                                                       (2 = 50.0%)
1  -O                                                                        (1 = 25.0%) {50.0%}
2  ... 
6  -O                                                                        (1 = 25.0%) {75.0%}
7  ... 

Histogram: Navigation.ThrottleExecutionTime.WillProcessResponse recorded 55 samples, mean = 0.0 (flags = 0x41)
0  -------------------------------------------------------O                  (55 = 100.0%)
1  ... 

Histogram: Navigation.ThrottleExecutionTime.WillRedirectRequest recorded 20 samples, mean = 0.0 (flags = 0x41)
0  --------------------O                                                     (20 = 100.0%)
1  ... 

Histogram: Navigation.ThrottleExecutionTime.WillStartRequest recorded 75 samples, mean = 0.1 (flags = 0x41)
0  ------------------------------------------------------------------------O (72 = 96.0%)
1  --O                                                                       (2 = 2.7%) {96.0%}
2  ... 
4  -O                                                                        (1 = 1.3%) {98.7%}
5  ... 

Histogram: Navigation.ThrottleTotalDeferCount recorded 11 samples, mean = 0.1 (flags = 0x41)
0  ----------O                                                               (10 = 90.9%)
1  -O                                                                        (1 = 9.1%) {90.9%}
2  ... 

Histogram: Navigation.ThrottleTotalDeferCount.Request recorded 11 samples, mean = 0.0 (flags = 0x41)
0  -----------O                                                              (11 = 100.0%)
1  ... 

Histogram: Navigation.ThrottleTotalDeferTime recorded 11 samples, mean = 0.1 (flags = 0x41)
0  ----------O                                                               (10 = 90.9%)
1  -O                                                                        (1 = 9.1%) {90.9%}
2  ... 

Histogram: Navigation.ThrottleTotalDeferTime.Request recorded 11 samples, mean = 0.0 (flags = 0x41)
0  -----------O                                                              (11 = 100.0%)
1  ... 

Histogram: Navigation.Throttles.PolicyBlocklist.DeferDurationTime recorded 4 samples, mean = 0.0 (flags = 0x41)
0  ----O                                                                     (4 = 100.0%)
1  ... 

Histogram: Navigation.Throttles.PolicyBlocklist.RequestThrottleAction recorded 4 samples, mean = 3.2 (flags = 0x41)
0  O                                                                         (0 = 0.0%)
1  -O                                                                        (1 = 25.0%) {0.0%}
2  ... 
4  ---O                                                                      (3 = 75.0%) {25.0%}
5  ... 

Histogram: Navigation.Throttles.PolicyBlocklist.RequestToResponseTime recorded 3 samples, mean = 0.0 (flags = 0x41)
0  ---O                                                                      (3 = 100.0%)
1  ... 

Histogram: Navigation.TimeToReadyToCommit2 recorded 3 samples, mean = 5333.0 (flags = 0x41)
0      ... 
356    -O                                                                        (1 = 33.3%) {0.0%}
452    ... 
926    -O                                                                        (1 = 33.3%) {33.3%}
1177   ... 
12916  -O                                                                        (1 = 33.3%) {66.7%}
16411  ... 

Histogram: Navigation.TimeToReadyToCommit2.CrossProcess recorded 3 samples, mean = 5333.0 (flags = 0x41)
0      ... 
356    -O                                                                        (1 = 33.3%) {0.0%}
452    ... 
926    -O                                                                        (1 = 33.3%) {33.3%}
1177   ... 
12916  -O                                                                        (1 = 33.3%) {66.7%}
16411  ... 

Histogram: Navigation.TimeToReadyToCommit2.CrossProcess.NewNavigation recorded 3 samples, mean = 5333.0 (flags = 0x41)
0      ... 
356    -O                                                                        (1 = 33.3%) {0.0%}
452    ... 
926    -O                                                                        (1 = 33.3%) {33.3%}
1177   ... 
12916  -O                                                                        (1 = 33.3%) {66.7%}
16411  ... 

Histogram: Navigation.TimeToReadyToCommit2.MainFrame recorded 2 samples, mean = 7442.0 (flags = 0x41)
0      ... 
356    -O                                                                        (1 = 50.0%) {0.0%}
452    ... 
12916  -O                                                                        (1 = 50.0%) {50.0%}
16411  ... 

Histogram: Navigation.TimeToReadyToCommit2.MainFrame.NewNavigation recorded 2 samples, mean = 7442.0 (flags = 0x41)
0      ... 
356    -O                                                                        (1 = 50.0%) {0.0%}
452    ... 
12916  -O                                                                        (1 = 50.0%) {50.0%}
16411  ... 

Histogram: Navigation.TimeToReadyToCommit2.NewNavigation recorded 3 samples, mean = 5333.0 (flags = 0x41)
0      ... 
356    -O                                                                        (1 = 33.3%) {0.0%}
452    ... 
926    -O                                                                        (1 = 33.3%) {33.3%}
1177   ... 
12916  -O                                                                        (1 = 33.3%) {66.7%}
16411  ... 

Histogram: Navigation.TimeToReadyToCommit2.Subframe recorded 1 samples, mean = 1115.0 (flags = 0x41)
0    ... 
926  -O                                                                        (1 = 100.0%) {0.0%}
1177 ... 

Histogram: Navigation.TimeToReadyToCommit2.Subframe.NewNavigation recorded 1 samples, mean = 1115.0 (flags = 0x41)
0    ... 
926  -O                                                                        (1 = 100.0%) {0.0%}
1177 ... 

Histogram: Navigation.Unload recorded 3 samples, mean = 0.0 (flags = 0x41)
0  ---O                                                                      (3 = 100.0%)
1  ... 

Histogram: Navigation.UserAgentStringType recorded 6 samples, mean = 1.0 (flags = 0x41)
0  O                                                                         (0 = 0.0%)
1  ------O                                                                   (6 = 100.0%) {0.0%}
2  ... 

Histogram: Navigation.WillStartRequestToLoaderStart.MainFrame recorded 3 samples, mean = 3.7 (flags = 0x41)
0   -O                                                                        (1 = 33.3%)
1   -O                                                                        (1 = 33.3%) {33.3%}
2   ... 
10  -O                                                                        (1 = 33.3%) {66.7%}
12  ... 

Histogram: Navigation.WillStartRequestToLoaderStart.Subframe recorded 1 samples, mean = 0.0 (flags = 0x41)
0  -O                                                                        (1 = 100.0%)
1  ... 

Histogram: NavigationPredictor.SearchEnginePreconnector.IsBrowserAppLikelyInForeground recorded 680 samples, mean = 0.0 (flags = 0x41)
0  ------------------------------------------------------------------------O (677 = 99.6%)
1  O                                                                         (3 = 0.4%) {99.6%}
2  O                                                                         (0 = 0.0%) {100.0%}

Histogram: NavigationSuggestion.GetDomainInfoDelayBeforeAllowingNavigation recorded 2 samples, mean = 0.0 (flags = 0x41)
0  --O                                                                       (2 = 100.0%)
1  ... 

Histogram: NavigationSuggestion.IsLookalikeUrlDelayBeforeAllowingNavigation recorded 2 samples, mean = 0.0 (flags = 0x41)
0  --O                                                                       (2 = 100.0%)
1  ... 

Histogram: NavigationSuggestion.PerformChecksDelayBeforeAllowingNavigation recorded 2 samples, mean = 0.0 (flags = 0x41)
0  --O                                                                       (2 = 100.0%)
1  ... 

Histogram: Net.AlternateProtocolUsage recorded 66 samples, mean = 5.0 (flags = 0x41)
0  ----------O                                                               (10 = 15.2%)
1  ----O                                                                     (4 = 6.1%) {15.2%}
2  ----O                                                                     (4 = 6.1%) {21.2%}
3  ---O                                                                      (3 = 4.5%) {27.3%}
4  O                                                                         (0 = 0.0%) {31.8%}
5  ---O                                                                      (3 = 4.5%) {31.8%}
6  -O                                                                        (1 = 1.5%) {36.4%}
7  -----------------------------------------O                                (41 = 62.1%) {37.9%}
8  O                                                                         (0 = 0.0%) {100.0%}

Histogram: Net.AlternativeServiceTypeForRequest recorded 87 samples, mean = 0.4 (flags = 0x41)
0  -------------------------------------------------------O                  (55 = 63.2%)
1  --------------------------------O                                         (32 = 36.8%) {63.2%}
2  ... 

Histogram: Net.CertVerifier.PathBuilderIterationCount recorded 13 samples, mean = 2.0 (flags = 0x41)
0  ... 
2  -------------O                                                            (13 = 100.0%) {0.0%}
3  ... 

Histogram: Net.CertVerifier_First_Job_Latency recorded 1 samples, mean = 5569.0 (flags = 0x41)
0     ... 
5352  -O                                                                        (1 = 100.0%) {0.0%}
6060  ... 

Histogram: Net.CertVerifier_Job_Latency recorded 13 samples, mean = 505.8 (flags = 0x41)
0     ... 
16    -O                                                                        (1 = 7.7%) {0.0%}
18    O                                                                         (0 = 0.0%) {7.7%}
20    -O                                                                        (1 = 7.7%) {7.7%}
23    ----O                                                                     (4 = 30.8%) {15.4%}
26    -O                                                                        (1 = 7.7%) {46.2%}
29    --O                                                                       (2 = 15.4%) {53.8%}
33    -O                                                                        (1 = 7.7%) {69.2%}
37    ... 
100   -O                                                                        (1 = 7.7%) {76.9%}
113   ... 
648   -O                                                                        (1 = 7.7%) {84.6%}
734   ... 
5352  -O                                                                        (1 = 7.7%) {92.3%}
6060  ... 

Histogram: Net.Certificate.TrustAnchor.Request recorded 63 samples (flags = 0x41)
200  -O                                                                        (1 = 1.6%)
210  ---------------------------------------O                                  (39 = 61.9%)
486  -----------------------O                                                  (23 = 36.5%)

Histogram: Net.Certificate.TrustAnchor.Verify recorded 13 samples (flags = 0x41)
200  -O                                                                        (1 = 7.7%)
210  ---O                                                                      (3 = 23.1%)
486  ---------O                                                                (9 = 69.2%)

Histogram: Net.ConnectionInfo.MainFrame recorded 2 samples, mean = 22.0 (flags = 0x41)
0   ... 
4   -O                                                                        (1 = 50.0%) {0.0%}
5   ... 
40  -O                                                                        (1 = 50.0%) {50.0%}
41  ... 

Histogram: Net.ConnectionInfo.SubResource recorded 59 samples, mean = 13.7 (flags = 0x41)
0   O                                                                         (0 = 0.0%)
1   -O                                                                        (1 = 1.7%) {0.0%}
2   ... 
4   ------------------------------------------O                               (42 = 71.2%) {1.7%}
5   ... 
40  ----------------O                                                         (16 = 27.1%) {72.9%}
41  ... 

Histogram: Net.ContentEncodingType recorded 61 samples, mean = 0.9 (flags = 0x41)
0  -------------O                                                            (13 = 21.3%)
1  -------------------------------------------O                              (43 = 70.5%) {21.3%}
2  -----O                                                                    (5 = 8.2%) {91.8%}
3  ... 

Histogram: Net.Cors.AccessCheckResult recorded 11 samples, mean = 0.0 (flags = 0x41)
0  -----------O                                                              (11 = 100.0%)
1  ... 

Histogram: Net.CountOfBrokenAlternativeServices recorded 1 samples, mean = 1.0 (flags = 0x41)
0  O                                                                         (0 = 0.0%)
1  -O                                                                        (1 = 100.0%) {0.0%}
2  ... 

Histogram: Net.CountOfQuicServerInfos recorded 1 samples, mean = 0.0 (flags = 0x41)
0  -O                                                                        (1 = 100.0%)
1  ... 

Histogram: Net.CountOfRecentlyBrokenAlternativeServices recorded 1 samples, mean = 6.0 (flags = 0x41)
0  ... 
6  -O                                                                        (1 = 100.0%) {0.0%}
7  ... 

Histogram: Net.DNS.DnsConfig.DnsClientCapability recorded 124 samples, mean = 1.0 (flags = 0x41)
0  O                                                                         (0 = 0.0%)
1  ------------------------------------------------------------------------O (124 = 100.0%) {0.0%}
2  ... 

Histogram: Net.DNS.DnsConfig.SecureDnsMode recorded 1 samples, mean = 4.0 (flags = 0x41)
0  ... 
4  -O                                                                        (1 = 100.0%) {0.0%}
5  ... 

Histogram: Net.DNS.DnsConfig.Windows.Compatibility recorded 55 samples, mean = 0.0 (flags = 0x41)
0  -------------------------------------------------------O                  (55 = 100.0%)
1  ... 

Histogram: Net.DNS.DnsConfig.Windows.ReadSystemSettings0 recorded 40 samples, mean = 0.6 (flags = 0x41)
0   --------------------------------------O                                   (38 = 95.0%)
1   ... 
11  --O                                                                       (2 = 5.0%) {95.0%}
12  O                                                                         (0 = 0.0%) {100.0%}

Histogram: Net.DNS.DnsConfig.Windows.ReadSystemSettings1 recorded 2 samples, mean = 11.0 (flags = 0x41)
0   ... 
11  --O                                                                       (2 = 100.0%) {0.0%}
12  O                                                                         (0 = 0.0%) {100.0%}

Histogram: Net.DNS.DnsConfig.Windows.ReadSystemSettings2 recorded 2 samples, mean = 11.0 (flags = 0x41)
0   ... 
11  --O                                                                       (2 = 100.0%) {0.0%}
12  O                                                                         (0 = 0.0%) {100.0%}

Histogram: Net.DNS.DnsConfig.Windows.ReadSystemSettings3 recorded 2 samples, mean = 11.0 (flags = 0x41)
0   ... 
11  --O                                                                       (2 = 100.0%) {0.0%}
12  O                                                                         (0 = 0.0%) {100.0%}

Histogram: Net.DNS.DnsHosts.Count recorded 17 samples, mean = 0.0 (flags = 0x41)
0  -----------------O                                                        (17 = 100.0%)
1  ... 

Histogram: Net.DNS.DnsHosts.EstimateMemoryUsage recorded 17 samples, mean = 0.0 (flags = 0x41)
0  -----------------O                                                        (17 = 100.0%)
1000... 

Histogram: Net.DNS.DnsHosts.FileSize recorded 17 samples, mean = 822.0 (flags = 0x41)
0    ... 
737  -----------------O                                                        (17 = 100.0%) {0.0%}
1065 ... 

Histogram: Net.DNS.DnsTask.SuccessTime recorded 22 samples, mean = 59.9 (flags = 0x41)
0     ... 
5     ---O                                                                      (3 = 13.6%) {0.0%}
6     -O                                                                        (1 = 4.5%) {13.6%}
7     -O                                                                        (1 = 4.5%) {18.2%}
8     ---O                                                                      (3 = 13.6%) {22.7%}
9     -O                                                                        (1 = 4.5%) {36.4%}
10    -O                                                                        (1 = 4.5%) {40.9%}
12    --O                                                                       (2 = 9.1%) {45.5%}
14    -O                                                                        (1 = 4.5%) {54.5%}
16    --O                                                                       (2 = 9.1%) {59.1%}
18    -O                                                                        (1 = 4.5%) {68.2%}
21    --O                                                                       (2 = 9.1%) {72.7%}
24    -O                                                                        (1 = 4.5%) {81.8%}
28    -O                                                                        (1 = 4.5%) {86.4%}
32    -O                                                                        (1 = 4.5%) {90.9%}
37    ... 
1013  -O                                                                        (1 = 4.5%) {95.5%}
1169  ... 

Histogram: Net.DNS.DnsTask.SvcbHttpsTransactionError recorded 10 samples, mean = 0.0 (flags = 0x41)
0  ----------O                                                               (10 = 100.0%)
1  ... 

Histogram: Net.DNS.DnsTransaction.AttemptType recorded 59 samples, mean = 0.0 (flags = 0x41)
0  -----------------------------------------------------------O              (59 = 100.0%)
1  ... 

Histogram: Net.DNS.DnsTransaction.Insecure.Other.SuccessTime recorded 50 samples, mean = 32.9 (flags = 0x41)
0    ... 
4    ------O                                                                   (6 = 12.0%) {0.0%}
5    ------O                                                                   (6 = 12.0%) {12.0%}
6    ------O                                                                   (6 = 12.0%) {24.0%}
8    -------------O                                                            (13 = 26.0%) {36.0%}
10   -----O                                                                    (5 = 10.0%) {62.0%}
13   -----O                                                                    (5 = 10.0%) {72.0%}
16   -----O                                                                    (5 = 10.0%) {82.0%}
20   --O                                                                       (2 = 4.0%) {92.0%}
25   ... 
173  -O                                                                        (1 = 2.0%) {96.0%}
220  ... 
926  -O                                                                        (1 = 2.0%) {98.0%}
1177 ... 

Histogram: Net.DNS.H3SupportedGoogleHost.TaskTypeMetadataAvailability2 recorded 2 samples, mean = 2.0 (flags = 0x41)
0  ... 
2  --O                                                                       (2 = 100.0%) {0.0%}
3  ... 

Histogram: Net.DNS.HTTPSSVC.RecordHttps.Insecure.ExpectNoerror.DnsRcode recorded 18 samples, mean = 1.7 (flags = 0x41)
0  --------O                                                                 (8 = 44.4%)
1  ... 
3  ----------O                                                               (10 = 55.6%) {44.4%}
4  ... 

Histogram: Net.DNS.HTTPSSVC.RecordHttps.Insecure.ExpectNoerror.Parsable recorded 4 samples, mean = 1.0 (flags = 0x41)
0  O                                                                         (0 = 0.0%)
1  ----O                                                                     (4 = 100.0%) {0.0%}
2  O                                                                         (0 = 0.0%) {100.0%}

Histogram: Net.DNS.HTTPSSVC.RecordHttps.Insecure.ExpectNoerror.ResolveTimeAddress recorded 36 samples, mean = 42.2 (flags = 0x41)
0    ... 
4    ----O                                                                     (4 = 11.1%) {0.0%}
5    ----O                                                                     (4 = 11.1%) {11.1%}
6    ---O                                                                      (3 = 8.3%) {22.2%}
8    -----------O                                                              (11 = 30.6%) {30.6%}
10   ---O                                                                      (3 = 8.3%) {61.1%}
13   ---O                                                                      (3 = 8.3%) {69.4%}
16   -----O                                                                    (5 = 13.9%) {77.8%}
20   -O                                                                        (1 = 2.8%) {91.7%}
25   ... 
173  -O                                                                        (1 = 2.8%) {94.4%}
220  ... 
926  -O                                                                        (1 = 2.8%) {97.2%}
1177 ... 

Histogram: Net.DNS.HTTPSSVC.RecordHttps.Insecure.ExpectNoerror.ResolveTimeExperimental recorded 18 samples, mean = 71.7 (flags = 0x41)
0    ... 
5    -O                                                                        (1 = 5.6%) {0.0%}
6    -O                                                                        (1 = 5.6%) {5.6%}
8    ---O                                                                      (3 = 16.7%) {11.1%}
10   --O                                                                       (2 = 11.1%) {27.8%}
13   --O                                                                       (2 = 11.1%) {38.9%}
16   ---O                                                                      (3 = 16.7%) {50.0%}
20   ---O                                                                      (3 = 16.7%) {66.7%}
25   -O                                                                        (1 = 5.6%) {83.3%}
32   -O                                                                        (1 = 5.6%) {88.9%}
41   ... 
926  -O                                                                        (1 = 5.6%) {94.4%}
1177 ... 

Histogram: Net.DNS.HTTPSSVC.RecordHttps.Insecure.ExpectNoerror.ResolveTimeRatio recorded 18 samples, mean = 16.1 (flags = 0x41)
0   ... 
9   ----O                                                                     (4 = 22.2%) {0.0%}
10  ----O                                                                     (4 = 22.2%) {22.2%}
11  --O                                                                       (2 = 11.1%) {44.4%}
12  -O                                                                        (1 = 5.6%) {55.6%}
13  ... 
17  --O                                                                       (2 = 11.1%) {61.1%}
18  ... 
20  -----O                                                                    (5 = 27.8%) {72.2%}

Histogram: Net.DNS.JobQueueTime.PerTransaction recorded 58 samples, mean = 0.0 (flags = 0x41)
0  ----------------------------------------------------------O               (58 = 100.0%)
1  ... 

Histogram: Net.DNS.JobQueueTime.Success recorded 22 samples, mean = 0.1 (flags = 0x41)
0  -------------------O                                                      (19 = 86.4%)
1  ---O                                                                      (3 = 13.6%) {86.4%}
2  ... 

Histogram: Net.DNS.Request.TotalTime recorded 250 samples, mean = 5.1 (flags = 0x41)
0    ------------------------------------------------------------------------O (240 = 96.0%)
10   -O                                                                        (2 = 0.8%) {96.0%}
12   -O                                                                        (2 = 0.8%) {96.8%}
15   -O                                                                        (2 = 0.8%) {97.6%}
18   O                                                                         (1 = 0.4%) {98.4%}
22   O                                                                         (0 = 0.0%) {98.8%}
27   O                                                                         (1 = 0.4%) {98.8%}
33   O                                                                         (1 = 0.4%) {99.2%}
41   ... 
881  O                                                                         (1 = 0.4%) {99.6%}
1081 ... 

Histogram: Net.DNS.Request.TotalTimeAsync recorded 26 samples, mean = 49.4 (flags = 0x41)
0    ----------------O                                                         (16 = 61.5%)
10   --O                                                                       (2 = 7.7%) {61.5%}
12   --O                                                                       (2 = 7.7%) {69.2%}
15   --O                                                                       (2 = 7.7%) {76.9%}
18   -O                                                                        (1 = 3.8%) {84.6%}
22   O                                                                         (0 = 0.0%) {88.5%}
27   -O                                                                        (1 = 3.8%) {88.5%}
33   -O                                                                        (1 = 3.8%) {92.3%}
41   ... 
881  -O                                                                        (1 = 3.8%) {96.2%}
1081 ... 

Histogram: Net.DNS.ResolveCategory recorded 22 samples, mean = 0.4 (flags = 0x41)
0  ------------------O                                                       (18 = 81.8%)
1  O                                                                         (0 = 0.0%) {81.8%}
2  ----O                                                                     (4 = 18.2%) {81.8%}
3  ... 

Histogram: Net.DNS.ResolveSuccessTime recorded 18 samples, mean = 68.9 (flags = 0x41)
0     ... 
5     ---O                                                                      (3 = 16.7%) {0.0%}
6     -O                                                                        (1 = 5.6%) {16.7%}
7     -O                                                                        (1 = 5.6%) {22.2%}
8     ---O                                                                      (3 = 16.7%) {27.8%}
9     -O                                                                        (1 = 5.6%) {44.4%}
10    -O                                                                        (1 = 5.6%) {50.0%}
12    --O                                                                       (2 = 11.1%) {55.6%}
14    O                                                                         (0 = 0.0%) {66.7%}
16    --O                                                                       (2 = 11.1%) {66.7%}
18    O                                                                         (0 = 0.0%) {77.8%}
21    -O                                                                        (1 = 5.6%) {77.8%}
24    O                                                                         (0 = 0.0%) {83.3%}
28    -O                                                                        (1 = 5.6%) {83.3%}
32    -O                                                                        (1 = 5.6%) {88.9%}
37    ... 
1013  -O                                                                        (1 = 5.6%) {94.4%}
1169  ... 

Histogram: Net.DNS.UpgradeConfig.HasPublicInsecureNameserver recorded 6 samples, mean = 0.0 (flags = 0x41)
0  ------O                                                                   (6 = 100.0%)
1  ... 

Histogram: Net.DNS.UpgradeConfig.Ineligible.DohSpecified recorded 1 samples, mean = 0.0 (flags = 0x41)
0  -O                                                                        (1 = 100.0%)
1  ... 

Histogram: Net.DNS.UpgradeConfig.Ineligible.UnhandledOptions recorded 1 samples, mean = 0.0 (flags = 0x41)
0  -O                                                                        (1 = 100.0%)
1  ... 

Histogram: Net.DNS.UpgradeConfig.InsecureUpgradeSucceeded recorded 6 samples, mean = 0.0 (flags = 0x41)
0  ------O                                                                   (6 = 100.0%)
1  ... 

Histogram: Net.DNS_Resolution_And_TCP_Connection_Latency2 recorded 12 samples, mean = 255.8 (flags = 0x41)
0     ... 
54    --O                                                                       (2 = 16.7%) {0.0%}
61    -O                                                                        (1 = 8.3%) {16.7%}
69    ... 
164   -O                                                                        (1 = 8.3%) {25.0%}
186   ---O                                                                      (3 = 25.0%) {33.3%}
211   ----O                                                                     (4 = 33.3%) {58.3%}
239   ... 
1206  -O                                                                        (1 = 8.3%) {91.7%}
1365  ... 

Histogram: Net.Dns.ResolveTimeDiff.AAAABeforeA.FirstRecord100msTo250ms recorded 1 samples, mean = 764.0 (flags = 0x41)
0    ... 
752  -O                                                                        (1 = 100.0%) {0.0%}
894  ... 

Histogram: Net.Dns.ResolveTimeDiff.AAAABeforeA.FirstRecord10msTo25ms recorded 3 samples, mean = 0.7 (flags = 0x41)
0  --O                                                                       (2 = 66.7%)
1  O                                                                         (0 = 0.0%) {66.7%}
2  -O                                                                        (1 = 33.3%) {66.7%}
3  ... 

Histogram: Net.Dns.ResolveTimeDiff.AAAABeforeA.FirstRecordFasterThan10ms recorded 8 samples, mean = 1.0 (flags = 0x41)
0  -----O                                                                    (5 = 62.5%)
1  -O                                                                        (1 = 12.5%) {62.5%}
2  -O                                                                        (1 = 12.5%) {75.0%}
3  ... 
5  -O                                                                        (1 = 12.5%) {87.5%}
6  ... 

Histogram: Net.Dns.ResolveTimeDiff.ABeforeAAAA.FirstRecord10msTo25ms recorded 2 samples, mean = 0.0 (flags = 0x41)
0  --O                                                                       (2 = 100.0%)
1  ... 

Histogram: Net.Dns.ResolveTimeDiff.ABeforeAAAA.FirstRecordFasterThan10ms recorded 4 samples, mean = 0.0 (flags = 0x41)
0  ----O                                                                     (4 = 100.0%)
1  ... 

Histogram: Net.Dns.ResolveTimeDiff.AddressRecordBeforeHTTPS.FirstRecord10msTo25ms recorded 3 samples, mean = 1.3 (flags = 0x41)
0  -O                                                                        (1 = 33.3%)
1  O                                                                         (0 = 0.0%) {33.3%}
2  --O                                                                       (2 = 66.7%) {33.3%}
3  ... 

Histogram: Net.Dns.ResolveTimeDiff.AddressRecordBeforeHTTPS.FirstRecordFasterThan10ms recorded 3 samples, mean = 0.7 (flags = 0x41)
0  -O                                                                        (1 = 33.3%)
1  --O                                                                       (2 = 66.7%) {33.3%}
2  ... 

Histogram: Net.ErrorCodesForMainFrame4 recorded 3 samples (flags = 0x41)
0  --O                                                                       (2 = 66.7%)
3  -O                                                                        (1 = 33.3%)

Histogram: Net.ErrorCodesForSubresources3 recorded 64 samples (flags = 0x41)
0    ---------------------------------------------------------O                (57 = 89.1%)
3    ---O                                                                      (3 = 4.7%)
400  ----O                                                                     (4 = 6.2%)

Histogram: Net.HttpJob.BytesReceived2 recorded 76 samples, mean = 24177.7 (flags = 0x41)
0       -------------O                                                            (13 = 17.1%)
1       ... 
115     -O                                                                        (1 = 1.3%) {17.1%}
165     ... 
340     ---O                                                                      (3 = 3.9%) {18.4%}
488     ---O                                                                      (3 = 3.9%) {22.4%}
700     --O                                                                       (2 = 2.6%) {26.3%}
1004    -----O                                                                    (5 = 6.6%) {28.9%}
1440    --O                                                                       (2 = 2.6%) {35.5%}
2065    --O                                                                       (2 = 2.6%) {38.2%}
2961    --------O                                                                 (8 = 10.5%) {40.8%}
4246    -----O                                                                    (5 = 6.6%) {51.3%}
6089    -O                                                                        (1 = 1.3%) {57.9%}
8732    ----O                                                                     (4 = 5.3%) {59.2%}
12523   -O                                                                        (1 = 1.3%) {64.5%}
17959   ------O                                                                   (6 = 7.9%) {65.8%}
25755   ----O                                                                     (4 = 5.3%) {73.7%}
36935   -----O                                                                    (5 = 6.6%) {78.9%}
52968   -O                                                                        (1 = 1.3%) {85.5%}
75961   -------O                                                                  (7 = 9.2%) {86.8%}
108935  --O                                                                       (2 = 2.6%) {96.1%}
156223  -O                                                                        (1 = 1.3%) {98.7%}
224038  ... 

Histogram: Net.HttpJob.BytesSent2 recorded 76 samples, mean = 955.7 (flags = 0x41)
0      -------------O                                                            (13 = 17.1%)
1      ... 
56     ------O                                                                   (6 = 7.9%) {17.1%}
80     --------------------------O                                               (26 = 34.2%) {25.0%}
115    -O                                                                        (1 = 1.3%) {59.2%}
165    O                                                                         (0 = 0.0%) {60.5%}
237    --O                                                                       (2 = 2.6%) {60.5%}
340    -----O                                                                    (5 = 6.6%) {63.2%}
488    -----O                                                                    (5 = 6.6%) {69.7%}
700    -O                                                                        (1 = 1.3%) {76.3%}
1004   -----------O                                                              (11 = 14.5%) {77.6%}
1440   ... 
2961   -O                                                                        (1 = 1.3%) {92.1%}
4246   O                                                                         (0 = 0.0%) {93.4%}
6089   ----O                                                                     (4 = 5.3%) {93.4%}
8732   O                                                                         (0 = 0.0%) {98.7%}
12523  -O                                                                        (1 = 1.3%) {98.7%}
17959  ... 

Histogram: Net.HttpJob.MainJobWaitTimeWithAvailableSpdySession recorded 3 samples, mean = 0.0 (flags = 0x41)
0  ---O                                                                      (3 = 100.0%)
1  ... 

Histogram: Net.HttpJob.MainJobWaitTimeWithoutAvailableSpdySession recorded 17 samples, mean = 109.7 (flags = 0x41)
0    ------------O                                                             (12 = 70.6%)
1    ... 
268  ---O                                                                      (3 = 17.6%) {70.6%}
318  -O                                                                        (1 = 5.9%) {88.2%}
378  ... 
533  -O                                                                        (1 = 5.9%) {94.1%}
633  ... 

Histogram: Net.HttpJob.PrefilterBytesRead recorded 78 samples, mean = 22888.8 (flags = 0x41)
0       -------------------O                                                      (19 = 24.4%)
1       ... 
13      -O                                                                        (1 = 1.3%) {24.4%}
19      -O                                                                        (1 = 1.3%) {25.6%}
27      ... 
56      --O                                                                       (2 = 2.6%) {26.9%}
80      --O                                                                       (2 = 2.6%) {29.5%}
115     O                                                                         (0 = 0.0%) {32.1%}
165     -O                                                                        (1 = 1.3%) {32.1%}
237     O                                                                         (0 = 0.0%) {33.3%}
340     -O                                                                        (1 = 1.3%) {33.3%}
488     ----O                                                                     (4 = 5.1%) {34.6%}
700     --O                                                                       (2 = 2.6%) {39.7%}
1004    ---O                                                                      (3 = 3.8%) {42.3%}
1440    -O                                                                        (1 = 1.3%) {46.2%}
2065    ----O                                                                     (4 = 5.1%) {47.4%}
2961    --O                                                                       (2 = 2.6%) {52.6%}
4246    ---O                                                                      (3 = 3.8%) {55.1%}
6089    --O                                                                       (2 = 2.6%) {59.0%}
8732    ---O                                                                      (3 = 3.8%) {61.5%}
12523   -O                                                                        (1 = 1.3%) {65.4%}
17959   -------O                                                                  (7 = 9.0%) {66.7%}
25755   ---O                                                                      (3 = 3.8%) {75.6%}
36935   -----O                                                                    (5 = 6.4%) {79.5%}
52968   -O                                                                        (1 = 1.3%) {85.9%}
75961   -------O                                                                  (7 = 9.0%) {87.2%}
108935  --O                                                                       (2 = 2.6%) {96.2%}
156223  -O                                                                        (1 = 1.3%) {98.7%}
224038  ... 

Histogram: Net.HttpJob.PrefilterBytesRead.Cache recorded 4 samples, mean = 1504.0 (flags = 0x41)
0     --O                                                                       (2 = 50.0%)
1     ... 
340   -O                                                                        (1 = 25.0%) {50.0%}
488   ... 
4246  -O                                                                        (1 = 25.0%) {75.0%}
6089  ... 

Histogram: Net.HttpJob.PrefilterBytesRead.Net recorded 74 samples, mean = 24044.7 (flags = 0x41)
0       -----------------O                                                        (17 = 23.0%)
1       ... 
13      -O                                                                        (1 = 1.4%) {23.0%}
19      -O                                                                        (1 = 1.4%) {24.3%}
27      ... 
56      --O                                                                       (2 = 2.7%) {25.7%}
80      --O                                                                       (2 = 2.7%) {28.4%}
115     O                                                                         (0 = 0.0%) {31.1%}
165     -O                                                                        (1 = 1.4%) {31.1%}
237     ... 
488     ----O                                                                     (4 = 5.4%) {32.4%}
700     --O                                                                       (2 = 2.7%) {37.8%}
1004    ---O                                                                      (3 = 4.1%) {40.5%}
1440    -O                                                                        (1 = 1.4%) {44.6%}
2065    ----O                                                                     (4 = 5.4%) {45.9%}
2961    --O                                                                       (2 = 2.7%) {51.4%}
4246    --O                                                                       (2 = 2.7%) {54.1%}
6089    --O                                                                       (2 = 2.7%) {56.8%}
8732    ---O                                                                      (3 = 4.1%) {59.5%}
12523   -O                                                                        (1 = 1.4%) {63.5%}
17959   -------O                                                                  (7 = 9.5%) {64.9%}
25755   ---O                                                                      (3 = 4.1%) {74.3%}
36935   -----O                                                                    (5 = 6.8%) {78.4%}
52968   -O                                                                        (1 = 1.4%) {85.1%}
75961   -------O                                                                  (7 = 9.5%) {86.5%}
108935  --O                                                                       (2 = 2.7%) {95.9%}
156223  -O                                                                        (1 = 1.4%) {98.6%}
224038  ... 

Histogram: Net.HttpJob.ProxyTypeFailed recorded 9 samples, mean = 1.0 (flags = 0x41)
0  O                                                                         (0 = 0.0%)
1  ---------O                                                                (9 = 100.0%) {0.0%}
2  ... 

Histogram: Net.HttpJob.ProxyTypeSuccess recorded 63 samples, mean = 1.0 (flags = 0x41)
0  O                                                                         (0 = 0.0%)
1  ---------------------------------------------------------------O          (63 = 100.0%) {0.0%}
2  ... 

Histogram: Net.HttpJob.TotalTime recorded 78 samples, mean = 4238.8 (flags = 0x41)
0      -----O                                                                    (5 = 6.4%)
1      -O                                                                        (1 = 1.3%) {6.4%}
2      ... 
57     --------O                                                                 (8 = 10.3%) {7.7%}
68     ------O                                                                   (6 = 7.7%) {17.9%}
81     -----O                                                                    (5 = 6.4%) {25.6%}
96     -O                                                                        (1 = 1.3%) {32.1%}
114    --------O                                                                 (8 = 10.3%) {33.3%}
135    ---O                                                                      (3 = 3.8%) {43.6%}
160    O                                                                         (0 = 0.0%) {47.4%}
190    --O                                                                       (2 = 2.6%) {47.4%}
226    -------O                                                                  (7 = 9.0%) {50.0%}
268    O                                                                         (0 = 0.0%) {59.0%}
318    ---O                                                                      (3 = 3.8%) {59.0%}
378    --O                                                                       (2 = 2.6%) {62.8%}
449    --O                                                                       (2 = 2.6%) {65.4%}
533    ---O                                                                      (3 = 3.8%) {67.9%}
633    --O                                                                       (2 = 2.6%) {71.8%}
752    -O                                                                        (1 = 1.3%) {74.4%}
894    -O                                                                        (1 = 1.3%) {75.6%}
1062   -O                                                                        (1 = 1.3%) {76.9%}
1262   -O                                                                        (1 = 1.3%) {78.2%}
1500   ... 
2117   -O                                                                        (1 = 1.3%) {79.5%}
2516   ... 
4222   -O                                                                        (1 = 1.3%) {80.8%}
5017   O                                                                         (0 = 0.0%) {82.1%}
5961   -O                                                                        (1 = 1.3%) {82.1%}
7083   O                                                                         (0 = 0.0%) {83.3%}
8416   -O                                                                        (1 = 1.3%) {83.3%}
10000  ------------O                                                             (12 = 15.4%) {84.6%}

Histogram: Net.HttpJob.TotalTimeCached recorded 4 samples, mean = 213.0 (flags = 0x41)
0    -O                                                                        (1 = 25.0%)
1    -O                                                                        (1 = 25.0%) {25.0%}
2    ... 
68   -O                                                                        (1 = 25.0%) {50.0%}
81   ... 
752  -O                                                                        (1 = 25.0%) {75.0%}
894  ... 

Histogram: Net.HttpJob.TotalTimeCancel recorded 16 samples, mean = 17829.5 (flags = 0x41)
0      ----O                                                                     (4 = 25.0%)
1      ... 
4222   -O                                                                        (1 = 6.2%) {25.0%}
5017   ... 
8416   -O                                                                        (1 = 6.2%) {31.2%}
10000  ----------O                                                               (10 = 62.5%) {37.5%}

Histogram: Net.HttpJob.TotalTimeNotCached recorded 74 samples, mean = 4456.4 (flags = 0x41)
0      ----O                                                                     (4 = 5.4%)
1      ... 
57     --------O                                                                 (8 = 10.8%) {5.4%}
68     -----O                                                                    (5 = 6.8%) {16.2%}
81     -----O                                                                    (5 = 6.8%) {23.0%}
96     -O                                                                        (1 = 1.4%) {29.7%}
114    --------O                                                                 (8 = 10.8%) {31.1%}
135    ---O                                                                      (3 = 4.1%) {41.9%}
160    O                                                                         (0 = 0.0%) {45.9%}
190    --O                                                                       (2 = 2.7%) {45.9%}
226    -------O                                                                  (7 = 9.5%) {48.6%}
268    O                                                                         (0 = 0.0%) {58.1%}
318    ---O                                                                      (3 = 4.1%) {58.1%}
378    --O                                                                       (2 = 2.7%) {62.2%}
449    --O                                                                       (2 = 2.7%) {64.9%}
533    ---O                                                                      (3 = 4.1%) {67.6%}
633    --O                                                                       (2 = 2.7%) {71.6%}
752    O                                                                         (0 = 0.0%) {74.3%}
894    -O                                                                        (1 = 1.4%) {74.3%}
1062   -O                                                                        (1 = 1.4%) {75.7%}
1262   -O                                                                        (1 = 1.4%) {77.0%}
1500   ... 
2117   -O                                                                        (1 = 1.4%) {78.4%}
2516   ... 
4222   -O                                                                        (1 = 1.4%) {79.7%}
5017   O                                                                         (0 = 0.0%) {81.1%}
5961   -O                                                                        (1 = 1.4%) {81.1%}
7083   O                                                                         (0 = 0.0%) {82.4%}
8416   -O                                                                        (1 = 1.4%) {82.4%}
10000  ------------O                                                             (12 = 16.2%) {83.8%}

Histogram: Net.HttpJob.TotalTimeSuccess recorded 62 samples, mean = 731.5 (flags = 0x41)
0      -O                                                                        (1 = 1.6%)
1      -O                                                                        (1 = 1.6%) {1.6%}
2      ... 
57     --------O                                                                 (8 = 12.9%) {3.2%}
68     ------O                                                                   (6 = 9.7%) {16.1%}
81     -----O                                                                    (5 = 8.1%) {25.8%}
96     -O                                                                        (1 = 1.6%) {33.9%}
114    --------O                                                                 (8 = 12.9%) {35.5%}
135    ---O                                                                      (3 = 4.8%) {48.4%}
160    O                                                                         (0 = 0.0%) {53.2%}
190    --O                                                                       (2 = 3.2%) {53.2%}
226    -------O                                                                  (7 = 11.3%) {56.5%}
268    O                                                                         (0 = 0.0%) {67.7%}
318    ---O                                                                      (3 = 4.8%) {67.7%}
378    --O                                                                       (2 = 3.2%) {72.6%}
449    --O                                                                       (2 = 3.2%) {75.8%}
533    ---O                                                                      (3 = 4.8%) {79.0%}
633    --O                                                                       (2 = 3.2%) {83.9%}
752    -O                                                                        (1 = 1.6%) {87.1%}
894    -O                                                                        (1 = 1.6%) {88.7%}
1062   -O                                                                        (1 = 1.6%) {90.3%}
1262   -O                                                                        (1 = 1.6%) {91.9%}
1500   ... 
2117   -O                                                                        (1 = 1.6%) {93.5%}
2516   ... 
5961   -O                                                                        (1 = 1.6%) {95.2%}
7083   ... 
10000  --O                                                                       (2 = 3.2%) {96.8%}

Histogram: Net.HttpJob.TotalTimeSuccess.Priority1 recorded 1 samples, mean = 363.0 (flags = 0x41)
0    ... 
318  -O                                                                        (1 = 100.0%) {0.0%}
378  ... 

Histogram: Net.HttpJob.TotalTimeSuccess.Priority2 recorded 32 samples, mean = 561.8 (flags = 0x41)
0      ... 
57     -------O                                                                  (7 = 21.9%) {0.0%}
68     -----O                                                                    (5 = 15.6%) {21.9%}
81     -----O                                                                    (5 = 15.6%) {37.5%}
96     -O                                                                        (1 = 3.1%) {53.1%}
114    ---O                                                                      (3 = 9.4%) {56.2%}
135    --O                                                                       (2 = 6.2%) {65.6%}
160    O                                                                         (0 = 0.0%) {71.9%}
190    -O                                                                        (1 = 3.1%) {71.9%}
226    --O                                                                       (2 = 6.2%) {75.0%}
268    ... 
378    -O                                                                        (1 = 3.1%) {81.2%}
449    -O                                                                        (1 = 3.1%) {84.4%}
533    O                                                                         (0 = 0.0%) {87.5%}
633    -O                                                                        (1 = 3.1%) {87.5%}
752    ... 
1062   -O                                                                        (1 = 3.1%) {90.6%}
1262   ... 
2117   -O                                                                        (1 = 3.1%) {93.8%}
2516   ... 
10000  -O                                                                        (1 = 3.1%) {96.9%}

Histogram: Net.HttpJob.TotalTimeSuccess.Priority3 recorded 1 samples, mean = 599.0 (flags = 0x41)
0    ... 
533  -O                                                                        (1 = 100.0%) {0.0%}
633  ... 

Histogram: Net.HttpJob.TotalTimeSuccess.Priority4 recorded 12 samples, mean = 1036.7 (flags = 0x41)
0     -O                                                                        (1 = 8.3%)
1     ... 
226   -O                                                                        (1 = 8.3%) {8.3%}
268   O                                                                         (0 = 0.0%) {16.7%}
318   --O                                                                       (2 = 16.7%) {16.7%}
378   -O                                                                        (1 = 8.3%) {33.3%}
449   -O                                                                        (1 = 8.3%) {41.7%}
533   -O                                                                        (1 = 8.3%) {50.0%}
633   -O                                                                        (1 = 8.3%) {58.3%}
752   -O                                                                        (1 = 8.3%) {66.7%}
894   -O                                                                        (1 = 8.3%) {75.0%}
1062  O                                                                         (0 = 0.0%) {83.3%}
1262  -O                                                                        (1 = 8.3%) {83.3%}
1500  ... 
5961  -O                                                                        (1 = 8.3%) {91.7%}
7083  ... 

Histogram: Net.HttpJob.TotalTimeSuccess.Priority5 recorded 16 samples, mean = 873.2 (flags = 0x41)
0      O                                                                         (0 = 0.0%)
1      -O                                                                        (1 = 6.2%) {0.0%}
2      ... 
57     -O                                                                        (1 = 6.2%) {6.2%}
68     -O                                                                        (1 = 6.2%) {12.5%}
81     ... 
114    -----O                                                                    (5 = 31.2%) {18.8%}
135    -O                                                                        (1 = 6.2%) {50.0%}
160    O                                                                         (0 = 0.0%) {56.2%}
190    -O                                                                        (1 = 6.2%) {56.2%}
226    ----O                                                                     (4 = 25.0%) {62.5%}
268    ... 
533    -O                                                                        (1 = 6.2%) {87.5%}
633    ... 
10000  -O                                                                        (1 = 6.2%) {93.8%}

Histogram: Net.HttpRequestSSLUpgradeDecision recorded 3 samples, mean = 5.0 (flags = 0x41)
0  ... 
5  ---O                                                                      (3 = 100.0%) {0.0%}
6  O                                                                         (0 = 0.0%) {100.0%}

Histogram: Net.HttpRequestStsState recorded 3 samples, mean = 2.0 (flags = 0x41)
0  ... 
2  ---O                                                                      (3 = 100.0%) {0.0%}
3  ... 

Histogram: Net.HttpResponseCode recorded 132 samples, mean = 209.4 (flags = 0x41)
0    ... 
200  ------------------------------------------------------------------------O (120 = 90.9%) {0.0%}
201  ... 
204  -O                                                                        (2 = 1.5%) {90.9%}
205  ... 
302  --O                                                                       (4 = 3.0%) {92.4%}
303  O                                                                         (0 = 0.0%) {95.5%}
304  -O                                                                        (2 = 1.5%) {95.5%}
305  ... 
308  -O                                                                        (2 = 1.5%) {97.0%}
309  ... 
403  -O                                                                        (2 = 1.5%) {98.5%}
404  ... 

Histogram: Net.HttpTimeToFirstByte recorded 78 samples, mean = 3780.1 (flags = 0x41)
0      ------O                                                                   (6 = 7.7%)
10     ... 
50     ---------O                                                                (9 = 11.5%) {7.7%}
61     ----------O                                                               (10 = 12.8%) {19.2%}
75     ---O                                                                      (3 = 3.8%) {32.1%}
92     --O                                                                       (2 = 2.6%) {35.9%}
113    -------O                                                                  (7 = 9.0%) {38.5%}
139    -O                                                                        (1 = 1.3%) {47.4%}
171    -O                                                                        (1 = 1.3%) {48.7%}
210    -------O                                                                  (7 = 9.0%) {50.0%}
258    -O                                                                        (1 = 1.3%) {59.0%}
317    ------O                                                                   (6 = 7.7%) {60.3%}
389    ---O                                                                      (3 = 3.8%) {67.9%}
477    --O                                                                       (2 = 2.6%) {71.8%}
585    ----O                                                                     (4 = 5.1%) {74.4%}
718    -O                                                                        (1 = 1.3%) {79.5%}
881    --O                                                                       (2 = 2.6%) {80.8%}
1081   --O                                                                       (2 = 2.6%) {83.3%}
1326   ... 
5551   -O                                                                        (1 = 1.3%) {85.9%}
6812   O                                                                         (0 = 0.0%) {87.2%}
8359   -O                                                                        (1 = 1.3%) {87.2%}
10257  ... 
18951  -------O                                                                  (7 = 9.0%) {88.5%}
23255  -O                                                                        (1 = 1.3%) {97.4%}
28536  ... 
79390  -O                                                                        (1 = 1.3%) {98.7%}
97419  ... 

Histogram: Net.NetworkChangeNotifier.NewConnectionCost recorded 2 samples, mean = 1.0 (flags = 0x41)
0  O                                                                         (0 = 0.0%)
1  --O                                                                       (2 = 100.0%) {0.0%}
2  ... 

Histogram: Net.NetworkChangeNotifier.NewConnectionType recorded 6 samples, mean = 3.3 (flags = 0x41)
0  ... 
2  ----O                                                                     (4 = 66.7%) {0.0%}
3  ... 
6  --O                                                                       (2 = 33.3%) {66.7%}
7  ... 

Histogram: Net.NumQuicSessionsAtShutdown recorded 5 samples, mean = 0.0 (flags = 0x41)
0  -----O                                                                    (5 = 100.0%)
1  ... 

Histogram: Net.OnTransferSizeUpdated.Experimental.OverridenBy recorded 492 samples, mean = 13.1 (flags = 0x41)
0   O                                                                         (0 = 0.0%)
1   ------------------------------------------------------------------------O (167 = 33.9%) {0.0%}
2   ... 
11  --------------------------------------------------------------------O     (158 = 32.1%) {33.9%}
12  ----O                                                                     (9 = 1.8%) {66.1%}
13  ... 
28  --------------------------------------------------------------------O     (158 = 32.1%) {67.9%}
29  ... 

Histogram: Net.QuicActiveSessions recorded 9 samples, mean = 1.8 (flags = 0x41)
0  --O                                                                       (2 = 22.2%)
1  --O                                                                       (2 = 22.2%) {22.2%}
2  --O                                                                       (2 = 22.2%) {44.4%}
3  --O                                                                       (2 = 22.2%) {66.7%}
4  -O                                                                        (1 = 11.1%) {88.9%}
5  ... 

Histogram: Net.QuicChromiumClientStream.HandleOnCloseConnectionError recorded 18 samples (flags = 0x41)
0  ------------------O                                                       (18 = 100.0%)

Histogram: Net.QuicChromiumClientStream.HandleOnCloseNetError recorded 18 samples (flags = 0x41)
100  ---------------O                                                          (15 = 83.3%)
356  ---O                                                                      (3 = 16.7%)

Histogram: Net.QuicChromiumClientStream.HandleOnCloseStreamError recorded 18 samples (flags = 0x41)
0  ---------------O                                                          (15 = 83.3%)
6  ---O                                                                      (3 = 16.7%)

Histogram: Net.QuicChromiumClientStream.HeaderDecodingDelay recorded 18 samples, mean = 0.0 (flags = 0x41)
0  ------------------O                                                       (18 = 100.0%)
1  ... 

Histogram: Net.QuicConnection.WritePacketStatus recorded 1892 samples, mean = 0.0 (flags = 0x41)
0  ------------------------------------------------------------------------O (1892 = 100.0%)
1  ... 

Histogram: Net.QuicCryptoClientConfig.PopulatedFromCanonicalConfig recorded 8 samples, mean = 0.0 (flags = 0x41)
0  --------O                                                                 (8 = 100.0%)
1  ... 

Histogram: Net.QuicDroppedPacketReason recorded 138 samples, mean = 5.8 (flags = 0x41)
0  ... 
4  ---------O                                                                (16 = 11.6%) {0.0%}
5  O                                                                         (0 = 0.0%) {11.6%}
6  ------------------------------------------------------------------------O (122 = 88.4%) {11.6%}
7  O                                                                         (0 = 0.0%) {100.0%}

Histogram: Net.QuicHandshakeNotConfirmedNumPacketsReceived recorded 18 samples, mean = 0.0 (flags = 0x41)
0  ------------------O                                                       (18 = 100.0%)
1  ... 

Histogram: Net.QuicHandshakeState recorded 45 samples, mean = 1.2 (flags = 0x41)
0  ------------------O                                                       (18 = 40.0%)
1  ---------O                                                                (9 = 20.0%) {40.0%}
2  ---------O                                                                (9 = 20.0%) {60.0%}
3  ---------O                                                                (9 = 20.0%) {80.0%}
4  O                                                                         (0 = 0.0%) {100.0%}

Histogram: Net.QuicHttpStream.ProcessResponseHeaderSuccess recorded 18 samples, mean = 1.0 (flags = 0x41)
0  O                                                                         (0 = 0.0%)
1  ------------------O                                                       (18 = 100.0%) {0.0%}
2  O                                                                         (0 = 0.0%) {100.0%}

Histogram: Net.QuicSession.AbortedPendingStreamRequests recorded 18 samples, mean = 0.0 (flags = 0x41)
0  ------------------O                                                       (18 = 100.0%)
1  ... 

Histogram: Net.QuicSession.AcceptChForOrigin recorded 18 samples, mean = 0.0 (flags = 0x41)
0  ------------------O                                                       (18 = 100.0%)
1  ... 

Histogram: Net.QuicSession.AsyncRead recorded 11811 samples, mean = 0.0 (flags = 0x41)
0  ------------------------------------------------------------------------O (11516 = 97.5%)
1  --O                                                                       (295 = 2.5%) {97.5%}
2  O                                                                         (0 = 0.0%) {100.0%}

Histogram: Net.QuicSession.BlockedFrames.Received recorded 18 samples, mean = 0.0 (flags = 0x41)
0  ------------------O                                                       (18 = 100.0%)
1  ... 

Histogram: Net.QuicSession.BlockedFrames.Sent recorded 18 samples, mean = 0.0 (flags = 0x41)
0  ------------------O                                                       (18 = 100.0%)
1  ... 

Histogram: Net.QuicSession.CertVerificationResult recorded 9 samples (flags = 0x41)
0  ---------O                                                                (9 = 100.0%)

Histogram: Net.QuicSession.ClientSideMtu recorded 9 samples (flags = 0x41)
1230  ---O                                                                      (3 = 33.3%)
1250  ------O                                                                   (6 = 66.7%)

Histogram: Net.QuicSession.CloseAllSessionsError recorded 5 samples (flags = 0x41)
3  -----O                                                                    (5 = 100.0%)

Histogram: Net.QuicSession.ClosedDuringInitializeSession recorded 18 samples, mean = 0.0 (flags = 0x41)
0  ------------------O                                                       (18 = 100.0%)
1  ... 

Histogram: Net.QuicSession.CoalesceStreamFrameStatus recorded 69 samples, mean = 0.2 (flags = 0x41)
0  --------------------------------------------------------O                 (56 = 81.2%)
1  -------------O                                                            (13 = 18.8%) {81.2%}
2  O                                                                         (0 = 0.0%) {100.0%}

Histogram: Net.QuicSession.ConnectAfterBroken recorded 14 samples, mean = 0.4 (flags = 0x41)
0  ---------O                                                                (9 = 64.3%)
1  -----O                                                                    (5 = 35.7%) {64.3%}
2  O                                                                         (0 = 0.0%) {100.0%}

Histogram: Net.QuicSession.ConnectRandomPortForHTTPS recorded 9 samples, mean = 0.0 (flags = 0x41)
0  ---------O                                                                (9 = 100.0%)
1  ... 

Histogram: Net.QuicSession.ConnectRandomPortRequiringConfirmationForHTTPS recorded 5 samples, mean = 0.0 (flags = 0x41)
0  -----O                                                                    (5 = 100.0%)
1  ... 

Histogram: Net.QuicSession.ConnectionClose.HandshakeFailureBlackHole.QuicError recorded 9 samples (flags = 0x41)
25  ---------O                                                                (9 = 100.0%)

Histogram: Net.QuicSession.ConnectionClose.HandshakeNotConfirmed.Reason recorded 9 samples, mean = 1.0 (flags = 0x41)
0  O                                                                         (0 = 0.0%)
1  ---------O                                                                (9 = 100.0%) {0.0%}
2  ... 

Histogram: Net.QuicSession.ConnectionClose.NumOpenStreams.HandshakeTimedOut recorded 9 samples, mean = 0.0 (flags = 0x41)
0  ---------O                                                                (9 = 100.0%)
1  ... 

Histogram: Net.QuicSession.ConnectionClose.NumOpenStreams.TimedOut recorded 18 samples, mean = 0.0 (flags = 0x41)
0  ------------------O                                                       (18 = 100.0%)
1  ... 

Histogram: Net.QuicSession.ConnectionClose.NumTotalStreams.HandshakeTimedOut recorded 9 samples, mean = 0.0 (flags = 0x41)
0  ---------O                                                                (9 = 100.0%)
1  ... 

Histogram: Net.QuicSession.ConnectionCloseErrorCodeClient recorded 18 samples (flags = 0x41)
25  ------------------O                                                       (18 = 100.0%)

Histogram: Net.QuicSession.ConnectionCloseErrorCodeClient.HandshakeConfirmed recorded 9 samples (flags = 0x41)
25  ---------O                                                                (9 = 100.0%)

Histogram: Net.QuicSession.ConnectionCloseErrorCodeClient.HandshakeNotConfirmed recorded 9 samples (flags = 0x41)
25  ---------O                                                                (9 = 100.0%)

Histogram: Net.QuicSession.ConnectionCloseErrorCodeClientGoogle recorded 9 samples (flags = 0x41)
25  ---------O                                                                (9 = 100.0%)

Histogram: Net.QuicSession.ConnectionCloseErrorCodeClientGoogle.HandshakeNotConfirmed recorded 9 samples (flags = 0x41)
25  ---------O                                                                (9 = 100.0%)

Histogram: Net.QuicSession.ConnectionDuration recorded 9 samples, mean = 35725.7 (flags = 0x41)
0      ... 
27425  -----O                                                                    (5 = 55.6%) {0.0%}
31655  --O                                                                       (2 = 22.2%) {55.6%}
36538  -O                                                                        (1 = 11.1%) {77.8%}
42174  ... 
64855  -O                                                                        (1 = 11.1%) {88.9%}
74859  ... 

Histogram: Net.QuicSession.ConnectionFlowControlBlocked recorded 26 samples, mean = 1.0 (flags = 0x41)
0  -O                                                                        (1 = 3.8%)
1  -------------------------O                                                (25 = 96.2%) {3.8%}
2  O                                                                         (0 = 0.0%) {100.0%}

Histogram: Net.QuicSession.ConnectionIpPooled recorded 9 samples, mean = 0.0 (flags = 0x41)
0  ---------O                                                                (9 = 100.0%)
1  ... 

Histogram: Net.QuicSession.ConnectionTypeFromSelf recorded 9 samples, mean = 1.3 (flags = 0x41)
0  O                                                                         (0 = 0.0%)
1  ------O                                                                   (6 = 66.7%) {0.0%}
2  ---O                                                                      (3 = 33.3%) {66.7%}

Histogram: Net.QuicSession.CryptoRetransmitCount.HandshakeConfirmed recorded 9 samples, mean = 2.0 (flags = 0x41)
0   -----O                                                                    (5 = 55.6%)
1   -O                                                                        (1 = 11.1%) {55.6%}
2   -O                                                                        (1 = 11.1%) {66.7%}
3   -O                                                                        (1 = 11.1%) {77.8%}
4   ... 
12  -O                                                                        (1 = 11.1%) {88.9%}
13  ... 

Histogram: Net.QuicSession.CryptoRetransmitCount.HandshakeNotConfirmed recorded 9 samples, mean = 3.0 (flags = 0x41)
0  ... 
3  ---------O                                                                (9 = 100.0%) {0.0%}
4  ... 

Histogram: Net.QuicSession.DuplicatePacketsReceived recorded 18 samples, mean = 0.9 (flags = 0x41)
0   -----------------O                                                        (17 = 94.4%)
1   ... 
16  -O                                                                        (1 = 5.6%) {94.4%}
21  ... 

Histogram: Net.QuicSession.EcnMarksObserved recorded 18 samples, mean = 0.5 (flags = 0x41)
0  ---------O                                                                (9 = 50.0%)
1  ---------O                                                                (9 = 50.0%) {50.0%}
2  ... 

Histogram: Net.QuicSession.EncryptionEstablishedTime recorded 9 samples, mean = 1117.2 (flags = 0x41)
0     -O                                                                        (1 = 11.1%)
1     ... 
190   -O                                                                        (1 = 11.1%) {11.1%}
226   -O                                                                        (1 = 11.1%) {22.2%}
268   --O                                                                       (2 = 22.2%) {33.3%}
318   ... 
633   -O                                                                        (1 = 11.1%) {55.6%}
752   ... 
1062  -O                                                                        (1 = 11.1%) {66.7%}
1262  ... 
1782  -O                                                                        (1 = 11.1%) {77.8%}
2117  ... 
5017  -O                                                                        (1 = 11.1%) {88.9%}
5961  ... 

Histogram: Net.QuicSession.FinchConfigIsValid recorded 3 samples, mean = 1.0 (flags = 0x41)
0  O                                                                         (0 = 0.0%)
1  ---O                                                                      (3 = 100.0%) {0.0%}
2  O                                                                         (0 = 0.0%) {100.0%}

Histogram: Net.QuicSession.FindMatchingIpSessionResult recorded 29 samples, mean = 2.0 (flags = 0x41)
0  ... 
2  -----------------------------O                                            (29 = 100.0%) {0.0%}
3  O                                                                         (0 = 0.0%) {100.0%}

Histogram: Net.QuicSession.FindMatchingIpSessionResultGoogle recorded 9 samples, mean = 2.0 (flags = 0x41)
0  ... 
2  ---------O                                                                (9 = 100.0%) {0.0%}
3  O                                                                         (0 = 0.0%) {100.0%}

Histogram: Net.QuicSession.HandshakeConfirmedTime recorded 9 samples, mean = 1146.6 (flags = 0x41)
0     ... 
190   -O                                                                        (1 = 11.1%) {0.0%}
226   --O                                                                       (2 = 22.2%) {11.1%}
268   --O                                                                       (2 = 22.2%) {33.3%}
318   ... 
633   -O                                                                        (1 = 11.1%) {55.6%}
752   ... 
1062  -O                                                                        (1 = 11.1%) {66.7%}
1262  ... 
1782  -O                                                                        (1 = 11.1%) {77.8%}
2117  ... 
5017  -O                                                                        (1 = 11.1%) {88.9%}
5961  ... 

Histogram: Net.QuicSession.HeaderCompressionRatioQpackReceived recorded 18 samples, mean = 70.5 (flags = 0x41)
0   ... 
60  -O                                                                        (1 = 5.6%) {0.0%}
61  ... 
63  -O                                                                        (1 = 5.6%) {5.6%}
64  ... 
67  -O                                                                        (1 = 5.6%) {11.1%}
68  -O                                                                        (1 = 5.6%) {16.7%}
69  -----O                                                                    (5 = 27.8%) {22.2%}
70  ---O                                                                      (3 = 16.7%) {50.0%}
71  O                                                                         (0 = 0.0%) {66.7%}
72  -O                                                                        (1 = 5.6%) {66.7%}
73  O                                                                         (0 = 0.0%) {72.2%}
74  -O                                                                        (1 = 5.6%) {72.2%}
75  ... 
77  --O                                                                       (2 = 11.1%) {77.8%}
78  --O                                                                       (2 = 11.1%) {88.9%}
79  ... 

Histogram: Net.QuicSession.HeaderCompressionRatioQpackSent recorded 18 samples, mean = 74.6 (flags = 0x41)
0   ... 
70  -O                                                                        (1 = 5.6%) {0.0%}
71  -O                                                                        (1 = 5.6%) {5.6%}
72  O                                                                         (0 = 0.0%) {11.1%}
73  ----O                                                                     (4 = 22.2%) {11.1%}
74  O                                                                         (0 = 0.0%) {33.3%}
75  ----O                                                                     (4 = 22.2%) {33.3%}
76  ------O                                                                   (6 = 33.3%) {55.6%}
77  --O                                                                       (2 = 11.1%) {88.9%}
78  ... 

Histogram: Net.QuicSession.HostResolution.HandshakeConfirmedTime recorded 9 samples, mean = 1146.8 (flags = 0x41)
0     ... 
190   -O                                                                        (1 = 11.1%) {0.0%}
226   --O                                                                       (2 = 22.2%) {11.1%}
268   --O                                                                       (2 = 22.2%) {33.3%}
318   ... 
633   -O                                                                        (1 = 11.1%) {55.6%}
752   ... 
1062  -O                                                                        (1 = 11.1%) {66.7%}
1262  ... 
1782  -O                                                                        (1 = 11.1%) {77.8%}
2117  ... 
5017  -O                                                                        (1 = 11.1%) {88.9%}
5961  ... 

Histogram: Net.QuicSession.IncorrectConnectionIDsReceived recorded 18 samples, mean = 0.0 (flags = 0x41)
0  ------------------O                                                       (18 = 100.0%)
1  ... 

Histogram: Net.QuicSession.InitialRttEsitmateSource recorded 18 samples, mean = 0.2 (flags = 0x41)
0  ---------------O                                                          (15 = 83.3%)
1  ---O                                                                      (3 = 16.7%) {83.3%}
2  ... 

Histogram: Net.QuicSession.KeyUpdate.PerConnection2 recorded 9 samples, mean = 0.0 (flags = 0x41)
0  ---------O                                                                (9 = 100.0%)
1  ... 

Histogram: Net.QuicSession.KeyUpdate.PotentialPeerKeyUpdateAttemptCount recorded 9 samples, mean = 0.0 (flags = 0x41)
0  ---------O                                                                (9 = 100.0%)
1  ... 

Histogram: Net.QuicSession.MaxConsecutiveRtoWithForwardProgress recorded 9 samples, mean = 0.7 (flags = 0x41)
0  ----O                                                                     (4 = 44.4%)
1  ----O                                                                     (4 = 44.4%) {44.4%}
2  -O                                                                        (1 = 11.1%) {88.9%}
3  ... 

Histogram: Net.QuicSession.MaxReordering recorded 3 samples, mean = 521.0 (flags = 0x41)
0     O                                                                         (0 = 0.0%)
1     -O                                                                        (1 = 33.3%) {0.0%}
2     ... 
28    -O                                                                        (1 = 33.3%) {33.3%}
37    ... 
1347  -O                                                                        (1 = 33.3%) {66.7%}
1774  ... 

Histogram: Net.QuicSession.MaxReorderingTime recorded 3 samples, mean = 0.7 (flags = 0x41)
0  -O                                                                        (1 = 33.3%)
1  --O                                                                       (2 = 66.7%) {33.3%}
2  ... 

Histogram: Net.QuicSession.MaxReorderingTimeLongRtt recorded 3 samples, mean = 0.7 (flags = 0x41)
0  -O                                                                        (1 = 33.3%)
1  --O                                                                       (2 = 66.7%) {33.3%}
2  ... 

Histogram: Net.QuicSession.MinRTT recorded 18 samples, mean = 149.3 (flags = 0x41)
0    ... 
96   ---------O                                                                (9 = 50.0%) {0.0%}
114  ... 
160  ---O                                                                      (3 = 16.7%) {50.0%}
190  ------O                                                                   (6 = 33.3%) {66.7%}
226  ... 

Histogram: Net.QuicSession.MtuProbesSent recorded 9 samples, mean = 0.0 (flags = 0x41)
0  ---------O                                                                (9 = 100.0%)
1  ... 

Histogram: Net.QuicSession.NumDefaultPathDegrading recorded 18 samples, mean = 0.0 (flags = 0x41)
0  ------------------O                                                       (18 = 100.0%)
1  ... 

Histogram: Net.QuicSession.NumMigrations recorded 9 samples, mean = 0.0 (flags = 0x41)
0  ---------O                                                                (9 = 100.0%)
1  ... 

Histogram: Net.QuicSession.NumOpenStreams recorded 18 samples, mean = 1.2 (flags = 0x41)
0  O                                                                         (0 = 0.0%)
1  --------------O                                                           (14 = 77.8%) {0.0%}
2  ----O                                                                     (4 = 22.2%) {77.8%}
3  ... 

Histogram: Net.QuicSession.NumPingsSent recorded 9 samples, mean = 1.6 (flags = 0x41)
0   ------O                                                                   (6 = 66.7%)
1   -O                                                                        (1 = 11.1%) {66.7%}
2   -O                                                                        (1 = 11.1%) {77.8%}
3   ... 
11  -O                                                                        (1 = 11.1%) {88.9%}
12  ... 

Histogram: Net.QuicSession.NumQueuedPacketsBeforeWrite recorded 11726 samples, mean = 0.0 (flags = 0x41)
0  ------------------------------------------------------------------------O (11726 = 100.0%)
1  ... 

Histogram: Net.QuicSession.NumTotalStreams recorded 18 samples, mean = 1.0 (flags = 0x41)
0  -----------O                                                              (11 = 61.1%)
1  ----O                                                                     (4 = 22.2%) {61.1%}
2  -O                                                                        (1 = 5.6%) {83.3%}
3  -O                                                                        (1 = 5.6%) {88.9%}
4  ... 
9  -O                                                                        (1 = 5.6%) {94.4%}
12 ... 

Histogram: Net.QuicSession.OutOfOrderGapReceived recorded 11 samples, mean = 362.1 (flags = 0x41)
0     O                                                                         (0 = 0.0%)
1     ---O                                                                      (3 = 27.3%) {0.0%}
2     ... 
4     -O                                                                        (1 = 9.1%) {27.3%}
5     -O                                                                        (1 = 9.1%) {36.4%}
7     ... 
16    -O                                                                        (1 = 9.1%) {45.5%}
21    -O                                                                        (1 = 9.1%) {54.5%}
28    -O                                                                        (1 = 9.1%) {63.6%}
37    ... 
777   -O                                                                        (1 = 9.1%) {72.7%}
1023  O                                                                         (0 = 0.0%) {81.8%}
1347  --O                                                                       (2 = 18.2%) {81.8%}
1774  ... 

Histogram: Net.QuicSession.OutOfOrderLargePacketsReceived recorded 18 samples, mean = 0.3 (flags = 0x41)
0  ----------------O                                                         (16 = 88.9%)
1  O                                                                         (0 = 0.0%) {88.9%}
2  -O                                                                        (1 = 5.6%) {88.9%}
3  -O                                                                        (1 = 5.6%) {94.4%}
4  ... 

Histogram: Net.QuicSession.OutOfOrderPacketsReceived recorded 18 samples, mean = 0.6 (flags = 0x41)
0  -------------O                                                            (13 = 72.2%)
1  ---O                                                                      (3 = 16.7%) {72.2%}
2  O                                                                         (0 = 0.0%) {88.9%}
3  -O                                                                        (1 = 5.6%) {88.9%}
4  O                                                                         (0 = 0.0%) {94.4%}
5  -O                                                                        (1 = 5.6%) {94.4%}
7  ... 

Histogram: Net.QuicSession.PacketGapReceived recorded 76 samples, mean = 8.0 (flags = 0x41)
0    O                                                                         (0 = 0.0%)
1    -------------------------------O                                          (31 = 40.8%) {0.0%}
2    ------------O                                                             (12 = 15.8%) {40.8%}
3    --------------O                                                           (14 = 18.4%) {56.6%}
4    --------O                                                                 (8 = 10.5%) {75.0%}
5    -----O                                                                    (5 = 6.6%) {85.5%}
7    ---O                                                                      (3 = 3.9%) {92.1%}
9    -O                                                                        (1 = 1.3%) {96.1%}
12   O                                                                         (0 = 0.0%) {97.4%}
16   -O                                                                        (1 = 1.3%) {97.4%}
21   ... 
340  -O                                                                        (1 = 1.3%) {98.7%}
448  ... 

Histogram: Net.QuicSession.PacketGapReceivedNearPing recorded 11 samples, mean = 2.5 (flags = 0x41)
0  O                                                                         (0 = 0.0%)
1  ----O                                                                     (4 = 36.4%) {0.0%}
2  ---O                                                                      (3 = 27.3%) {36.4%}
3  --O                                                                       (2 = 18.2%) {63.6%}
4  -O                                                                        (1 = 9.1%) {81.8%}
5  O                                                                         (0 = 0.0%) {90.9%}
7  -O                                                                        (1 = 9.1%) {90.9%}
9  ... 

Histogram: Net.QuicSession.PacketLossRate_CONNECTION_WIFI recorded 6 samples, mean = 119.0 (flags = 0x41)
0    -O                                                                        (1 = 16.7%)
1    ... 
8    --O                                                                       (2 = 33.3%) {16.7%}
9    ... 
12   -O                                                                        (1 = 16.7%) {50.0%}
13   ... 
277  -O                                                                        (1 = 16.7%) {66.7%}
297  ... 
395  -O                                                                        (1 = 16.7%) {83.3%}
424  ... 

Histogram: Net.QuicSession.PacketRetransmitsPerMille recorded 2 samples, mean = 12.0 (flags = 0x41)
0   -O                                                                        (1 = 50.0%)
1   ... 
23  -O                                                                        (1 = 50.0%) {50.0%}
26  ... 

Histogram: Net.QuicSession.PacketWriteTime.Synchronous recorded 1883 samples, mean = 0.0 (flags = 0x41)
0  ------------------------------------------------------------------------O (1883 = 100.0%)
1  ... 

Histogram: Net.QuicSession.PacketsBeforeEcnTransition recorded 18 samples, mean = 0.0 (flags = 0x41)
0  ------------------O                                                       (18 = 100.0%)
1  ... 

Histogram: Net.QuicSession.PreferAesGcm recorded 1 samples, mean = 1.0 (flags = 0x41)
0  O                                                                         (0 = 0.0%)
1  -O                                                                        (1 = 100.0%) {0.0%}
2  O                                                                         (0 = 0.0%) {100.0%}

Histogram: Net.QuicSession.Qpack.HeaderListCountWhenBlockedStreamLimited recorded 18 samples, mean = 3.2 (flags = 0x41)
0  O                                                                         (0 = 0.0%)
1  -------O                                                                  (7 = 38.9%) {0.0%}
2  ---O                                                                      (3 = 16.7%) {38.9%}
3  --O                                                                       (2 = 11.1%) {55.6%}
4  -O                                                                        (1 = 5.6%) {66.7%}
5  -O                                                                        (1 = 5.6%) {72.2%}
6  -O                                                                        (1 = 5.6%) {77.8%}
7  -O                                                                        (1 = 5.6%) {83.3%}
8  -O                                                                        (1 = 5.6%) {88.9%}
9  -O                                                                        (1 = 5.6%) {94.4%}
10 ... 

Histogram: Net.QuicSession.Qpack.HeaderListCountWhenInsertionNotBlocked recorded 18 samples, mean = 3.2 (flags = 0x41)
0  O                                                                         (0 = 0.0%)
1  -------O                                                                  (7 = 38.9%) {0.0%}
2  ---O                                                                      (3 = 16.7%) {38.9%}
3  --O                                                                       (2 = 11.1%) {55.6%}
4  -O                                                                        (1 = 5.6%) {66.7%}
5  -O                                                                        (1 = 5.6%) {72.2%}
6  -O                                                                        (1 = 5.6%) {77.8%}
7  -O                                                                        (1 = 5.6%) {83.3%}
8  -O                                                                        (1 = 5.6%) {88.9%}
9  -O                                                                        (1 = 5.6%) {94.4%}
10 ... 

Histogram: Net.QuicSession.QuicVersion recorded 18 samples (flags = 0x41)
80  ------------------O                                                       (18 = 100.0%)

Histogram: Net.QuicSession.ReceivedSettings.CountPlusOne recorded 9 samples, mean = 3.0 (flags = 0x41)
0  ... 
3  ---------O                                                                (9 = 100.0%) {0.0%}
4  ... 

Histogram: Net.QuicSession.ReceivedSettings.MaxHeaderListSize2 recorded 9 samples, mean = 131072.0 (flags = 0x41)
0       ... 
110434  ---------O                                                                (9 = 100.0%) {0.0%}
145450  ... 

Histogram: Net.QuicSession.ReceivedSettings.ReservedCountPlusOne recorded 9 samples, mean = 2.0 (flags = 0x41)
0  ... 
2  ---------O                                                                (9 = 100.0%) {0.0%}
3  ... 

Histogram: Net.QuicSession.RstStreamErrorCodeClient recorded 3 samples (flags = 0x41)
6  ---O                                                                      (3 = 100.0%)

Histogram: Net.QuicSession.RstStreamErrorCodeServer recorded 12 samples (flags = 0x41)
6   ---O                                                                      (3 = 25.0%)
20  ---------O                                                                (9 = 75.0%)

Histogram: Net.QuicSession.SendPacketSize.0RTT recorded 3 samples, mean = 424.0 (flags = 0x41)
0    ... 
77   -O                                                                        (1 = 33.3%) {0.0%}
87   -O                                                                        (1 = 33.3%) {33.3%}
99   ... 
991  -O                                                                        (1 = 33.3%) {66.7%}
1126 ... 

Histogram: Net.QuicSession.SendPacketSize.ForwardSecure recorded 1769 samples, mean = 86.5 (flags = 0x41)
0     ... 
41    --------------O                                                           (210 = 11.9%) {0.0%}
47    ------------------------------------------------------------------------O (1062 = 60.0%) {11.9%}
53    ----------------------------O                                             (407 = 23.0%) {71.9%}
60    -O                                                                        (18 = 1.0%) {94.9%}
68    O                                                                         (1 = 0.1%) {95.9%}
77    -O                                                                        (8 = 0.5%) {96.0%}
87    O                                                                         (1 = 0.1%) {96.4%}
99    O                                                                         (0 = 0.0%) {96.5%}
113   O                                                                         (2 = 0.1%) {96.5%}
128   O                                                                         (1 = 0.1%) {96.6%}
145   O                                                                         (0 = 0.0%) {96.7%}
165   O                                                                         (1 = 0.1%) {96.7%}
188   O                                                                         (1 = 0.1%) {96.7%}
214   O                                                                         (2 = 0.1%) {96.8%}
243   ... 
461   O                                                                         (2 = 0.1%) {96.9%}
524   O                                                                         (0 = 0.0%) {97.0%}
595   O                                                                         (2 = 0.1%) {97.0%}
676   O                                                                         (1 = 0.1%) {97.1%}
768   O                                                                         (0 = 0.0%) {97.2%}
872   O                                                                         (2 = 0.1%) {97.2%}
991   O                                                                         (2 = 0.1%) {97.3%}
1126  ---O                                                                      (46 = 2.6%) {97.4%}
1279  ... 

Histogram: Net.QuicSession.SendPacketSize.Handshake recorded 20 samples, mean = 69.2 (flags = 0x41)
0   ... 
47  ------O                                                                   (6 = 30.0%) {0.0%}
53  ----O                                                                     (4 = 20.0%) {30.0%}
60  ... 
77  --------O                                                                 (8 = 40.0%) {50.0%}
87  --O                                                                       (2 = 10.0%) {90.0%}
99  ... 

Histogram: Net.QuicSession.SendPacketSize.Initial recorded 100 samples, mean = 661.7 (flags = 0x41)
0     ... 
47    -----------------O                                                        (17 = 17.0%) {0.0%}
53    ------O                                                                   (6 = 6.0%) {17.0%}
60    --O                                                                       (2 = 2.0%) {23.0%}
68    ... 
128   ---------O                                                                (9 = 9.0%) {25.0%}
145   ... 
524   -----------O                                                              (11 = 11.0%) {34.0%}
595   ----------------O                                                         (16 = 16.0%) {45.0%}
676   O                                                                         (0 = 0.0%) {61.0%}
768   -O                                                                        (1 = 1.0%) {61.0%}
872   -O                                                                        (1 = 1.0%) {62.0%}
991   O                                                                         (0 = 0.0%) {63.0%}
1126  -------------------------------------O                                    (37 = 37.0%) {63.0%}
1279  ... 

Histogram: Net.QuicSession.ServerSideMtu recorded 9 samples (flags = 0x41)
1200  ---------O                                                                (9 = 100.0%)

Histogram: Net.QuicSession.SmoothedRTT recorded 18 samples, mean = 188.2 (flags = 0x41)
0    ... 
96   ---------O                                                                (9 = 50.0%) {0.0%}
114  ... 
190  --O                                                                       (2 = 11.1%) {50.0%}
226  ---O                                                                      (3 = 16.7%) {61.1%}
268  --O                                                                       (2 = 11.1%) {77.8%}
318  O                                                                         (0 = 0.0%) {88.9%}
378  --O                                                                       (2 = 11.1%) {88.9%}
449  ... 

Histogram: Net.QuicSession.StopSendingErrorCodeClient recorded 13 samples (flags = 0x41)
6   ---O                                                                      (3 = 23.1%)
20  ----------O                                                               (10 = 76.9%)

Histogram: Net.QuicSession.StreamFlowControlBlocked recorded 26 samples, mean = 1.0 (flags = 0x41)
0  -O                                                                        (1 = 3.8%)
1  -------------------------O                                                (25 = 96.2%) {3.8%}
2  O                                                                         (0 = 0.0%) {100.0%}

Histogram: Net.QuicSession.StreamFrameDuplicatedLongConnection recorded 3 samples, mean = 75.7 (flags = 0x41)
0    -O                                                                        (1 = 33.3%)
1    ... 
26   -O                                                                        (1 = 33.3%) {33.3%}
28   ... 
194  -O                                                                        (1 = 33.3%) {66.7%}
208  ... 

Histogram: Net.QuicSession.StreamFrameDuplicatedShortConnection recorded 4 samples, mean = 31.8 (flags = 0x41)
0   --O                                                                       (2 = 50.0%)
1   ... 
46  -O                                                                        (1 = 25.0%) {50.0%}
49  ... 
76  -O                                                                        (1 = 25.0%) {75.0%}
82  ... 

Histogram: Net.QuicSession.TimeFromResolveHostToConfirmConnection recorded 18 samples, mean = 2572.2 (flags = 0x41)
0     ... 
17    -O                                                                        (1 = 5.6%) {0.0%}
20    ... 
190   -O                                                                        (1 = 5.6%) {5.6%}
226   -O                                                                        (1 = 5.6%) {11.1%}
268   --O                                                                       (2 = 11.1%) {16.7%}
318   ... 
633   -O                                                                        (1 = 5.6%) {27.8%}
752   ... 
1062  -O                                                                        (1 = 5.6%) {33.3%}
1262  ... 
1782  -O                                                                        (1 = 5.6%) {38.9%}
2117  ... 
3553  ---------O                                                                (9 = 50.0%) {44.4%}
4222  O                                                                         (0 = 0.0%) {94.4%}
5017  -O                                                                        (1 = 5.6%) {94.4%}
5961  ... 

Histogram: Net.QuicSession.TooManyOpenStreams recorded 18 samples, mean = 0.0 (flags = 0x41)
0  ------------------O                                                       (18 = 100.0%)
1  ... 

Histogram: Net.QuicSession.TooSmallInitialSentPacket recorded 63 samples, mean = 874.0 (flags = 0x41)
0     ... 
271   -O                                                                        (1 = 1.6%) {0.0%}
307   O                                                                         (0 = 0.0%) {1.6%}
348   -O                                                                        (1 = 1.6%) {1.6%}
394   ... 
505   --------O                                                                 (8 = 12.7%) {3.2%}
571   ---------------O                                                          (15 = 23.8%) {15.9%}
646   ----O                                                                     (4 = 6.3%) {39.7%}
731   ... 
1060  ----------------------------------O                                       (34 = 54.0%) {46.0%}
1200  O                                                                         (0 = 0.0%) {100.0%}

Histogram: Net.QuicSession.UndecryptablePacketsReceived recorded 18 samples, mean = 6.8 (flags = 0x41)
0    ---------------O                                                          (15 = 83.3%)
1    -O                                                                        (1 = 5.6%) {83.3%}
2    ... 
5    -O                                                                        (1 = 5.6%) {88.9%}
7    ... 
113  -O                                                                        (1 = 5.6%) {94.4%}
149  ... 

Histogram: Net.QuicSession.UndecryptablePacketsReceivedWithDecrypter recorded 18 samples, mean = 6.1 (flags = 0x41)
0   -----------------O                                                        (17 = 94.4%)
1   ... 
86  -O                                                                        (1 = 5.6%) {94.4%}
113 ... 

Histogram: Net.QuicSession.ValidConnectionTime recorded 1 samples, mean = 0.0 (flags = 0x41)
0  -O                                                                        (1 = 100.0%)
1  ... 

Histogram: Net.QuicSession.VerifyProofTime recorded 9 samples, mean = 83.1 (flags = 0x41)
0    ----O                                                                     (4 = 44.4%)
1    ... 
20   --O                                                                       (2 = 22.2%) {44.4%}
24   --O                                                                       (2 = 22.2%) {66.7%}
29   ... 
633  -O                                                                        (1 = 11.1%) {88.9%}
752  ... 

Histogram: Net.QuicSession.ZeroRttReason recorded 9 samples, mean = 4.3 (flags = 0x41)
0  ... 
2  --O                                                                       (2 = 22.2%) {0.0%}
3  ... 
5  -------O                                                                  (7 = 77.8%) {22.2%}
6  ... 

Histogram: Net.QuicSession.ZeroRttReasonNonGoogle recorded 9 samples, mean = 4.3 (flags = 0x41)
0  ... 
2  --O                                                                       (2 = 22.2%) {0.0%}
3  ... 
5  -------O                                                                  (7 = 77.8%) {22.2%}
6  ... 

Histogram: Net.QuicSession.ZeroRttState recorded 9 samples, mean = 1.6 (flags = 0x41)
0  --O                                                                       (2 = 22.2%)
1  O                                                                         (0 = 0.0%) {22.2%}
2  -------O                                                                  (7 = 77.8%) {22.2%}
3  O                                                                         (0 = 0.0%) {100.0%}

Histogram: Net.QuicStreamFactory.DoConnectFailureLocation recorded 9 samples, mean = 5.0 (flags = 0x41)
0  ... 
5  ---------O                                                                (9 = 100.0%) {0.0%}
6  O                                                                         (0 = 0.0%) {100.0%}

Histogram: Net.RestrictedCookieManager.CookiePartitionKeyOK recorded 1 samples, mean = 1.0 (flags = 0x41)
0  O                                                                         (0 = 0.0%)
1  -O                                                                        (1 = 100.0%) {0.0%}
2  O                                                                         (0 = 0.0%) {100.0%}

Histogram: Net.RestrictedCookieManager.GetCookiesString.Count30Seconds recorded 1364 samples, mean = 0.0 (flags = 0x41)
0  ------------------------------------------------------------------------O (1362 = 99.9%)
1  O                                                                         (1 = 0.1%) {99.9%}
2  O                                                                         (0 = 0.0%) {99.9%}
3  O                                                                         (1 = 0.1%) {99.9%}
4  ... 

Histogram: Net.RestrictedCookieManager.PartitionedCookiesInScript recorded 2 samples, mean = 1.0 (flags = 0x41)
0  O                                                                         (0 = 0.0%)
1  --O                                                                       (2 = 100.0%) {0.0%}
2  ... 

Histogram: Net.RestrictedCookieManager.SetPartitionedCookie recorded 1 samples, mean = 1.0 (flags = 0x41)
0  O                                                                         (0 = 0.0%)
1  -O                                                                        (1 = 100.0%) {0.0%}
2  O                                                                         (0 = 0.0%) {100.0%}

Histogram: Net.RestrictedCookieManager.SiteForCookiesOK recorded 5 samples, mean = 1.0 (flags = 0x41)
0  O                                                                         (0 = 0.0%)
1  -----O                                                                    (5 = 100.0%) {0.0%}
2  O                                                                         (0 = 0.0%) {100.0%}

Histogram: Net.RestrictedCookieManager.TopFrameOriginOK recorded 5 samples, mean = 1.0 (flags = 0x41)
0  O                                                                         (0 = 0.0%)
1  -----O                                                                    (5 = 100.0%) {0.0%}
2  O                                                                         (0 = 0.0%) {100.0%}

Histogram: Net.SSLHandshakeDetails recorded 11 samples, mean = 6.1 (flags = 0x41)
0  ... 
6  ----------O                                                               (10 = 90.9%) {0.0%}
7  -O                                                                        (1 = 9.1%) {90.9%}
8  ... 

Histogram: Net.SSLNegotiatedAlpnProtocol recorded 11 samples, mean = 1.9 (flags = 0x41)
0  O                                                                         (0 = 0.0%)
1  -O                                                                        (1 = 9.1%) {0.0%}
2  ----------O                                                               (10 = 90.9%) {9.1%}
3  ... 

Histogram: Net.SSLRenegotiationInfoSupported recorded 11 samples, mean = 1.0 (flags = 0x41)
0  O                                                                         (0 = 0.0%)
1  -----------O                                                              (11 = 100.0%) {0.0%}
2  O                                                                         (0 = 0.0%) {100.0%}

Histogram: Net.SSLSignatureAlgorithm recorded 11 samples (flags = 0x41)
1027  ------O                                                                   (6 = 54.5%)
2052  -----O                                                                    (5 = 45.5%)

Histogram: Net.SSLVersion recorded 11 samples, mean = 6.0 (flags = 0x41)
0  ... 
6  -----------O                                                              (11 = 100.0%) {0.0%}
7  ... 

Histogram: Net.SSL_CipherSuite recorded 11 samples (flags = 0x41)
4865  -----------O                                                              (11 = 100.0%)

Histogram: Net.SSL_Connection_Error recorded 11 samples (flags = 0x41)
0  -----------O                                                              (11 = 100.0%)

Histogram: Net.SSL_Connection_Latency_2 recorded 11 samples, mean = 1132.3 (flags = 0x41)
0     ... 
56    -O                                                                        (1 = 9.1%) {0.0%}
62    ... 
83    --O                                                                       (2 = 18.2%) {9.1%}
92    ... 
200   -O                                                                        (1 = 9.1%) {27.3%}
221   -O                                                                        (1 = 9.1%) {36.4%}
244   --O                                                                       (2 = 18.2%) {45.5%}
269   --O                                                                       (2 = 18.2%) {63.6%}
297   ... 
4653  -O                                                                        (1 = 9.1%) {81.8%}
5134  O                                                                         (0 = 0.0%) {90.9%}
5665  -O                                                                        (1 = 9.1%) {90.9%}
6250  ... 

Histogram: Net.SSL_KeyExchange.ECDHE recorded 11 samples (flags = 0x41)
29     -----O                                                                    (5 = 45.5%)
25497  ------O                                                                   (6 = 54.5%)

Histogram: Net.SharedDictionaryStorageOnDisk.IsMetadataReadyOnFirstUse recorded 2 samples, mean = 1.0 (flags = 0x41)
0  O                                                                         (0 = 0.0%)
1  --O                                                                       (2 = 100.0%) {0.0%}
2  O                                                                         (0 = 0.0%) {100.0%}

Histogram: Net.SharedDictionaryStorageOnDisk.MetadataReadTime.Empty recorded 2 samples, mean = 0.0 (flags = 0x41)
0  --O                                                                       (2 = 100.0%)
1  ... 

Histogram: Net.SharedDictionaryStore.DeleteExpiredDictionaries.Error recorded 2 samples, mean = 0.0 (flags = 0x41)
0  --O                                                                       (2 = 100.0%)
1  ... 

Histogram: Net.SharedDictionaryStore.GetDictionaries.Error recorded 2 samples, mean = 0.0 (flags = 0x41)
0  --O                                                                       (2 = 100.0%)
1  ... 

Histogram: Net.SharedDictionaryStore.ProcessEviction.Error recorded 1 samples, mean = 0.0 (flags = 0x41)
0  -O                                                                        (1 = 100.0%)
1  ... 

Histogram: Net.SpdyHeadersCompressionPercentage recorded 44 samples, mean = 82.8 (flags = 0x41)
0   ... 
31  -O                                                                        (1 = 2.3%) {0.0%}
32  O                                                                         (0 = 0.0%) {2.3%}
33  -O                                                                        (1 = 2.3%) {2.3%}
34  -O                                                                        (1 = 2.3%) {4.5%}
35  ... 
37  -O                                                                        (1 = 2.3%) {6.8%}
38  ... 
40  -O                                                                        (1 = 2.3%) {9.1%}
41  ---O                                                                      (3 = 6.8%) {11.4%}
42  ... 
63  -O                                                                        (1 = 2.3%) {18.2%}
64  ... 
74  -O                                                                        (1 = 2.3%) {20.5%}
75  -O                                                                        (1 = 2.3%) {22.7%}
76  ... 
84  -O                                                                        (1 = 2.3%) {25.0%}
85  ... 
92  ----O                                                                     (4 = 9.1%) {27.3%}
93  O                                                                         (0 = 0.0%) {36.4%}
94  -O                                                                        (1 = 2.3%) {36.4%}
95  -----O                                                                    (5 = 11.4%) {38.6%}
96  ----------------------O                                                   (22 = 50.0%) {50.0%}
97  ... 

Histogram: Net.SpdyResponseCode recorded 44 samples (flags = 0x41)
200  ---------------------------------------O                                  (39 = 88.6%)
204  -O                                                                        (1 = 2.3%)
302  -O                                                                        (1 = 2.3%)
304  --O                                                                       (2 = 4.5%)
403  -O                                                                        (1 = 2.3%)

Histogram: Net.SpdySession.AcceptChForOrigin recorded 44 samples, mean = 0.0 (flags = 0x41)
0  --------------------------------------------O                             (44 = 100.0%)
1  ... 

Histogram: Net.SpdySession.ClosedOnError recorded 8 samples (flags = 0x41)
0  --------O                                                                 (8 = 100.0%)

Histogram: Net.SpdySession.CreateStreamWithSocketConnected recorded 44 samples, mean = 1.0 (flags = 0x41)
0  O                                                                         (0 = 0.0%)
1  --------------------------------------------O                             (44 = 100.0%) {0.0%}
2  O                                                                         (0 = 0.0%) {100.0%}

Histogram: Net.SpdySession.GoAwayReceived recorded 8 samples (flags = 0x41)
0  --------O                                                                 (8 = 100.0%)

Histogram: Net.SpdySession.OnSettings.ActiveStreamCount2 recorded 8 samples, mean = 0.8 (flags = 0x41)
0  --O                                                                       (2 = 25.0%)
1  ------O                                                                   (6 = 75.0%) {25.0%}
2  ... 

Histogram: Net.SpdySession.OnSettings.CreatedAndActiveStreamCount2 recorded 8 samples, mean = 0.8 (flags = 0x41)
0  --O                                                                       (2 = 25.0%)
1  ------O                                                                   (6 = 75.0%) {25.0%}
2  ... 

Histogram: Net.SpdySession.OnSettings.CreatedStreamCount2 recorded 8 samples, mean = 0.0 (flags = 0x41)
0  --------O                                                                 (8 = 100.0%)
1  ... 

Histogram: Net.SpdySession.OnSettings.PendingStreamCount2 recorded 8 samples, mean = 0.0 (flags = 0x41)
0  --------O                                                                 (8 = 100.0%)
1  ... 

Histogram: Net.SpdySession.ServerSupportsWebSocket recorded 8 samples, mean = 0.0 (flags = 0x41)
0  --------O                                                                 (8 = 100.0%)
1  ... 

Histogram: Net.SpdySessionGet recorded 46 samples, mean = 1.3 (flags = 0x41)
0  O                                                                         (0 = 0.0%)
1  --------------------------------------O                                   (38 = 82.6%) {0.0%}
2  O                                                                         (0 = 0.0%) {82.6%}
3  --------O                                                                 (8 = 17.4%) {82.6%}
4  O                                                                         (0 = 0.0%) {100.0%}

Histogram: Net.SpdyStreamsAbandonedPerSession recorded 8 samples, mean = 0.0 (flags = 0x41)
0  --------O                                                                 (8 = 100.0%)
1  ... 

Histogram: Net.SpdyStreamsPerSession recorded 8 samples, mean = 5.5 (flags = 0x41)
0   O                                                                         (0 = 0.0%)
1   --O                                                                       (2 = 25.0%) {0.0%}
2   ----O                                                                     (4 = 50.0%) {25.0%}
3   ... 
5   -O                                                                        (1 = 12.5%) {75.0%}
6   ... 
27  -O                                                                        (1 = 12.5%) {87.5%}
30  ... 

Histogram: Net.TCP_Connection_Latency recorded 12 samples, mean = 255.8 (flags = 0x41)
0     ... 
54    --O                                                                       (2 = 16.7%) {0.0%}
61    -O                                                                        (1 = 8.3%) {16.7%}
69    ... 
164   -O                                                                        (1 = 8.3%) {25.0%}
186   ---O                                                                      (3 = 25.0%) {33.3%}
211   ----O                                                                     (4 = 33.3%) {58.3%}
239   ... 
1206  -O                                                                        (1 = 8.3%) {91.7%}
1365  ... 

Histogram: Net.TcpConnectAttempt.Latency.Error recorded 54 samples, mean = 21035.8 (flags = 0x41)
0      ... 
18951  ------------------------------------------------------O                   (54 = 100.0%) {0.0%}
23255  ... 

Histogram: Net.TcpConnectAttempt.Latency.Success recorded 12 samples, mean = 255.7 (flags = 0x41)
0     ... 
50    --O                                                                       (2 = 16.7%) {0.0%}
61    -O                                                                        (1 = 8.3%) {16.7%}
75    ... 
171   ----O                                                                     (4 = 33.3%) {25.0%}
210   ----O                                                                     (4 = 33.3%) {58.3%}
258   ... 
1081  -O                                                                        (1 = 8.3%) {91.7%}
1326  ... 

Histogram: Net.UDPSocketWinClose recorded 469 samples, mean = 0.0 (flags = 0x41)
0  ------------------------------------------------------------------------O (469 = 100.0%)
1  ... 

Histogram: Net.URLLoaderThrottle.OnReceiveResponseTime recorded 64 samples, mean = 0.2 (flags = 0x41)
0  -------------------------------------------------------------O            (61 = 95.3%)
1  ... 
5  --O                                                                       (2 = 3.1%) {95.3%}
6  -O                                                                        (1 = 1.6%) {98.4%}
7  ... 

Histogram: Net.URLLoaderThrottleExecutionTime.BeforeWillProcessResponse recorded 338 samples, mean = 0.0 (flags = 0x41)
0  ------------------------------------------------------------------------O (338 = 100.0%)
1  ... 

Histogram: Net.URLLoaderThrottleExecutionTime.WillOnCompleteWithError recorded 20 samples, mean = 0.0 (flags = 0x41)
0  --------------------O                                                     (20 = 100.0%)
1  ... 

Histogram: Net.URLLoaderThrottleExecutionTime.WillProcessResponse recorded 338 samples, mean = 0.0 (flags = 0x41)
0  ------------------------------------------------------------------------O (338 = 100.0%)
1  ... 

Histogram: Net.URLLoaderThrottleExecutionTime.WillRedirectRequest recorded 26 samples, mean = 0.0 (flags = 0x41)
0  --------------------------O                                               (26 = 100.0%)
1  ... 

Histogram: Net.URLLoaderThrottleExecutionTime.WillStartRequest recorded 358 samples, mean = 0.0 (flags = 0x41)
0  ------------------------------------------------------------------------O (358 = 100.0%)
1  ... 

Histogram: Net.URLRequest.ReferrerHasInformativePath.CrossOrigin recorded 54 samples, mean = 0.0 (flags = 0x41)
0  ------------------------------------------------------O                   (54 = 100.0%)
1  ... 

Histogram: Net.URLRequest.ReferrerHasInformativePath.SameOrigin recorded 24 samples, mean = 1.0 (flags = 0x41)
0  O                                                                         (0 = 0.0%)
1  ------------------------O                                                 (24 = 100.0%) {0.0%}
2  O                                                                         (0 = 0.0%) {100.0%}

Histogram: Net.URLRequest.ReferrerPolicyForRequest.CrossOrigin recorded 54 samples, mean = 1.5 (flags = 0x41)
0  O                                                                         (0 = 0.0%)
1  -------------------------------------------O                              (43 = 79.6%) {0.0%}
2  O                                                                         (0 = 0.0%) {79.6%}
3  ---------O                                                                (9 = 16.7%) {79.6%}
4  O                                                                         (0 = 0.0%) {96.3%}
5  --O                                                                       (2 = 3.7%) {96.3%}
6  ... 

Histogram: Net.URLRequest.ReferrerPolicyForRequest.SameOrigin recorded 24 samples, mean = 2.7 (flags = 0x41)
0  O                                                                         (0 = 0.0%)
1  --------------O                                                           (14 = 58.3%) {0.0%}
2  ... 
5  ----------O                                                               (10 = 41.7%) {58.3%}
6  ... 

Histogram: Network.Mdns.Googlecast recorded 11 samples, mean = 0.0 (flags = 0x41)
0  -----------O                                                              (11 = 100.0%)
1  ... 

Histogram: NetworkService.DeletedOldCacheData recorded 1 samples, mean = 0.0 (flags = 0x41)
0  -O                                                                        (1 = 100.0%)
1  ... 

Histogram: NetworkService.GrantSandboxResult recorded 3 samples, mean = 9.0 (flags = 0x41)
0   ... 
7   -O                                                                        (1 = 33.3%) {0.0%}
8   ... 
10  --O                                                                       (2 = 66.7%) {33.3%}
11  ... 

Histogram: NetworkService.NetworkLoaderCompletionTime2.DiskCache recorded 2 samples, mean = 426.5 (flags = 0x41)
0    ... 
68   -O                                                                        (1 = 50.0%) {0.0%}
81   ... 
752  -O                                                                        (1 = 50.0%) {50.0%}
894  ... 

Histogram: NetworkService.NetworkLoaderCompletionTime2.Network recorded 56 samples, mean = 910.3 (flags = 0x41)
0      ... 
57     --O                                                                       (2 = 3.6%) {0.0%}
68     O                                                                         (0 = 0.0%) {3.6%}
81     --O                                                                       (2 = 3.6%) {3.6%}
96     O                                                                         (0 = 0.0%) {7.1%}
114    -----O                                                                    (5 = 8.9%) {7.1%}
135    -O                                                                        (1 = 1.8%) {16.1%}
160    -O                                                                        (1 = 1.8%) {17.9%}
190    ---O                                                                      (3 = 5.4%) {19.6%}
226    --------O                                                                 (8 = 14.3%) {25.0%}
268    -O                                                                        (1 = 1.8%) {39.3%}
318    ----------O                                                               (10 = 17.9%) {41.1%}
378    --O                                                                       (2 = 3.6%) {58.9%}
449    --O                                                                       (2 = 3.6%) {62.5%}
533    ----------O                                                               (10 = 17.9%) {66.1%}
633    --O                                                                       (2 = 3.6%) {83.9%}
752    O                                                                         (0 = 0.0%) {87.5%}
894    -O                                                                        (1 = 1.8%) {87.5%}
1062   O                                                                         (0 = 0.0%) {89.3%}
1262   -O                                                                        (1 = 1.8%) {89.3%}
1500   O                                                                         (0 = 0.0%) {91.1%}
1782   -O                                                                        (1 = 1.8%) {91.1%}
2117   -O                                                                        (1 = 1.8%) {92.9%}
2516   ... 
5961   -O                                                                        (1 = 1.8%) {94.6%}
7083   ... 
10000  --O                                                                       (2 = 3.6%) {96.4%}

Histogram: NetworkService.TimeToGrantCacheAccess recorded 1 samples, mean = 22.0 (flags = 0x41)
0   ... 
20  -O                                                                        (1 = 100.0%) {0.0%}
24  ... 

Histogram: NetworkService.TimeToGrantDataAccess recorded 2 samples, mean = 2.0 (flags = 0x41)
0  O                                                                         (0 = 0.0%)
1  -O                                                                        (1 = 50.0%) {0.0%}
2  O                                                                         (0 = 0.0%) {50.0%}
3  -O                                                                        (1 = 50.0%) {50.0%}
4  ... 

Histogram: NetworkService.TimeToGrantSharedDictionaryAccess recorded 1 samples, mean = 3.0 (flags = 0x41)
0  ... 
3  -O                                                                        (1 = 100.0%) {0.0%}
4  ... 

Histogram: NetworkedProfile.Check recorded 1 samples, mean = 4.0 (flags = 0x41)
0  ... 
4  -O                                                                        (1 = 100.0%) {0.0%}
5  ... 

Histogram: NewTabPage.MostVisited.DeciScore.0.Local recorded 2 samples, mean = 187.0 (flags = 0x41)
0    ... 
149  --O                                                                       (2 = 100.0%) {0.0%}
196  ... 

Histogram: NewTabPage.MostVisited.DeciScore.1.Local recorded 2 samples, mean = 187.0 (flags = 0x41)
0    ... 
149  --O                                                                       (2 = 100.0%) {0.0%}
196  ... 

Histogram: Notifications.UsingSystemNotificationCenter recorded 1 samples, mean = 0.0 (flags = 0x41)
0  -O                                                                        (1 = 100.0%)
1  ... 

Histogram: Notifications.Windows.GetDisplayedStatus recorded 1 samples, mean = 0.0 (flags = 0x41)
0  -O                                                                        (1 = 100.0%)
1  ... 

Histogram: Notifications.Windows.GetSettingStatusStartup recorded 1 samples, mean = 1.0 (flags = 0x41)
0  O                                                                         (0 = 0.0%)
1  -O                                                                        (1 = 100.0%) {0.0%}
2  O                                                                         (0 = 0.0%) {100.0%}

Histogram: Notifications.Windows.HistoryStatus recorded 1 samples, mean = 0.0 (flags = 0x41)
0  -O                                                                        (1 = 100.0%)
1  ... 

Histogram: Notifications.Windows.SetReadyCallbackStatus2 recorded 1 samples, mean = 3.0 (flags = 0x41)
0  ... 
3  -O                                                                        (1 = 100.0%) {0.0%}
4  ... 

Histogram: Notifications.Windows.StartMenuShortcutStatus recorded 1 samples, mean = 2.0 (flags = 0x41)
0  ... 
2  -O                                                                        (1 = 100.0%) {0.0%}
3  ... 

Histogram: OSCrypt.AppBoundEncryption.SupportLevel recorded 1 samples, mean = 1.0 (flags = 0x41)
0  O                                                                         (0 = 0.0%)
1  -O                                                                        (1 = 100.0%) {0.0%}
2  ... 

Histogram: OSCrypt.AppBoundProvider.KeyRetrieval.Status recorded 1 samples, mean = 1.0 (flags = 0x41)
0  O                                                                         (0 = 0.0%)
1  -O                                                                        (1 = 100.0%) {0.0%}
2  ... 

Histogram: OSCrypt.AsyncInitialization.Result recorded 1 samples, mean = 1.0 (flags = 0x41)
0  O                                                                         (0 = 0.0%)
1  -O                                                                        (1 = 100.0%) {0.0%}
2  O                                                                         (0 = 0.0%) {100.0%}

Histogram: OSCrypt.AsyncInitialization.Time recorded 1 samples, mean = 1.0 (flags = 0x41)
0  O                                                                         (0 = 0.0%)
1  -O                                                                        (1 = 100.0%) {0.0%}
2  ... 

Histogram: OSCrypt.DPAPIProvider.Status recorded 1 samples, mean = 0.0 (flags = 0x41)
0  -O                                                                        (1 = 100.0%)
1  ... 

Histogram: OSCrypt.Win.Decrypt.Result recorded 1 samples, mean = 1.0 (flags = 0x41)
0  O                                                                         (0 = 0.0%)
1  -O                                                                        (1 = 100.0%) {0.0%}
2  O                                                                         (0 = 0.0%) {100.0%}

Histogram: OSCrypt.Win.Decrypt.Time recorded 1 samples, mean = 0.0 (flags = 0x41)
0  -O                                                                        (1 = 100.0%)
1  ... 

Histogram: Omnibox.TemplateUrl.RlzPresent recorded 694 samples, mean = 0.0 (flags = 0x41)
0  ------------------------------------------------------------------------O (694 = 100.0%)
1  ... 

Histogram: Omnibox.TemplateUrl.SearchClientPresent recorded 694 samples, mean = 0.0 (flags = 0x41)
0  ------------------------------------------------------------------------O (694 = 100.0%)
1  ... 

Histogram: OptimizationGuide.ApplyDecision.AboutThisSite recorded 2 samples, mean = 8.0 (flags = 0x41)
0  ... 
8  --O                                                                       (2 = 100.0%) {0.0%}
9  ... 

Histogram: OptimizationGuide.ApplyDecision.V8CompileHints recorded 2 samples, mean = 8.0 (flags = 0x41)
0  ... 
8  --O                                                                       (2 = 100.0%) {0.0%}
9  ... 

Histogram: OptimizationGuide.HintCacheLevelDBStore.Status recorded 3 samples, mean = 1.3 (flags = 0x41)
0  -O                                                                        (1 = 33.3%)
1  -O                                                                        (1 = 33.3%) {33.3%}
2  O                                                                         (0 = 0.0%) {66.7%}
3  -O                                                                        (1 = 33.3%) {66.7%}
4  O                                                                         (0 = 0.0%) {100.0%}

Histogram: OptimizationGuide.HintsManager.HintCacheInitialized recorded 1 samples, mean = 1.0 (flags = 0x40)
0  O                                                                         (0 = 0.0%)
1  -O                                                                        (1 = 100.0%) {0.0%}
2  O                                                                         (0 = 0.0%) {100.0%}

Histogram: OptimizationGuide.LoadedHint.Result recorded 7 samples, mean = 0.0 (flags = 0x40)
0  -------O                                                                  (7 = 100.0%)
1  ... 

Histogram: OptimizationGuide.ModelExecution.FeatureCurrentlyEnabledResult.Compose recorded 1 samples, mean = 1.0 (flags = 0x41)
0  O                                                                         (0 = 0.0%)
1  -O                                                                        (1 = 100.0%) {0.0%}
2  ... 

Histogram: OptimizationGuide.ModelExecution.FeatureCurrentlyEnabledResult.HistorySearch recorded 2 samples, mean = 3.0 (flags = 0x41)
0  ... 
3  --O                                                                       (2 = 100.0%) {0.0%}
4  ... 

Histogram: OptimizationGuide.ModelExecution.FeatureCurrentlyEnabledResult.TabOrganization recorded 1 samples, mean = 3.0 (flags = 0x41)
0  ... 
3  -O                                                                        (1 = 100.0%) {0.0%}
4  ... 

Histogram: OptimizationGuide.ModelExecution.FeatureCurrentlyEnabledResult.WallpaperSearch recorded 1 samples, mean = 1.0 (flags = 0x41)
0  O                                                                         (0 = 0.0%)
1  -O                                                                        (1 = 100.0%) {0.0%}
2  ... 

Histogram: OptimizationGuide.ModelExecution.FeatureEnabledAtStartup.Compose recorded 1 samples, mean = 0.0 (flags = 0x41)
0  -O                                                                        (1 = 100.0%)
1  ... 

Histogram: OptimizationGuide.ModelExecution.FeatureEnabledAtStartup.HistorySearch recorded 1 samples, mean = 0.0 (flags = 0x41)
0  -O                                                                        (1 = 100.0%)
1  ... 

Histogram: OptimizationGuide.ModelExecution.FeatureEnabledAtStartup.TabOrganization recorded 1 samples, mean = 0.0 (flags = 0x41)
0  -O                                                                        (1 = 100.0%)
1  ... 

Histogram: OptimizationGuide.ModelExecution.FeatureEnabledAtStartup.WallpaperSearch recorded 1 samples, mean = 0.0 (flags = 0x41)
0  -O                                                                        (1 = 100.0%)
1  ... 

Histogram: OptimizationGuide.ModelExecution.OnDeviceModelInstallCriteria.AtRegistration.All recorded 1 samples, mean = 0.0 (flags = 0x41)
0  -O                                                                        (1 = 100.0%)
1  ... 

Histogram: OptimizationGuide.ModelExecution.OnDeviceModelInstallCriteria.AtRegistration.DeviceCapability recorded 1 samples, mean = 0.0 (flags = 0x41)
0  -O                                                                        (1 = 100.0%)
1  ... 

Histogram: OptimizationGuide.ModelExecution.OnDeviceModelInstallCriteria.AtRegistration.DiskSpace recorded 1 samples, mean = 1.0 (flags = 0x41)
0  O                                                                         (0 = 0.0%)
1  -O                                                                        (1 = 100.0%) {0.0%}
2  O                                                                         (0 = 0.0%) {100.0%}

Histogram: OptimizationGuide.ModelExecution.OnDeviceModelInstallCriteria.AtRegistration.EnabledByEnterprisePolicy recorded 1 samples, mean = 1.0 (flags = 0x41)
0  O                                                                         (0 = 0.0%)
1  -O                                                                        (1 = 100.0%) {0.0%}
2  O                                                                         (0 = 0.0%) {100.0%}

Histogram: OptimizationGuide.ModelExecution.OnDeviceModelInstallCriteria.AtRegistration.EnabledByFeature recorded 1 samples, mean = 0.0 (flags = 0x41)
0  -O                                                                        (1 = 100.0%)
1  ... 

Histogram: OptimizationGuide.ModelExecution.OnDeviceModelInstallCriteria.AtRegistration.FeatureUse recorded 1 samples, mean = 0.0 (flags = 0x41)
0  -O                                                                        (1 = 100.0%)
1  ... 

Histogram: OptimizationGuide.ModelHandler.HandlerCreated.GeolocationPermissions recorded 1 samples, mean = 1.0 (flags = 0x41)
0  O                                                                         (0 = 0.0%)
1  -O                                                                        (1 = 100.0%) {0.0%}
2  O                                                                         (0 = 0.0%) {100.0%}

Histogram: OptimizationGuide.ModelHandler.HandlerCreated.NewTabPageHistoryClustersModuleRanking recorded 1 samples, mean = 1.0 (flags = 0x41)
0  O                                                                         (0 = 0.0%)
1  -O                                                                        (1 = 100.0%) {0.0%}
2  O                                                                         (0 = 0.0%) {100.0%}

Histogram: OptimizationGuide.ModelHandler.HandlerCreated.NotificationPermissions recorded 1 samples, mean = 1.0 (flags = 0x41)
0  O                                                                         (0 = 0.0%)
1  -O                                                                        (1 = 100.0%) {0.0%}
2  O                                                                         (0 = 0.0%) {100.0%}

Histogram: OptimizationGuide.ModelHandler.HandlerCreated.OmniboxUrlScoring recorded 1 samples, mean = 1.0 (flags = 0x41)
0  O                                                                         (0 = 0.0%)
1  -O                                                                        (1 = 100.0%) {0.0%}
2  O                                                                         (0 = 0.0%) {100.0%}

Histogram: OptimizationGuide.ModelHandler.HandlerCreated.PageTopicsV2 recorded 1 samples, mean = 1.0 (flags = 0x41)
0  O                                                                         (0 = 0.0%)
1  -O                                                                        (1 = 100.0%) {0.0%}
2  O                                                                         (0 = 0.0%) {100.0%}

Histogram: OptimizationGuide.PageContentAnnotations.AnnotateVisitResultCached recorded 10 samples, mean = 0.0 (flags = 0x41)
0  ----------O                                                               (10 = 100.0%)
1  ... 

Histogram: OptimizationGuide.PageContentAnnotationsService.ContentAnnotated recorded 10 samples, mean = 0.0 (flags = 0x41)
0  ----------O                                                               (10 = 100.0%)
1  ... 

Histogram: OptimizationGuide.PredictionManager.DownloadServiceAvailabilityBlockedFetch recorded 2 samples, mean = 0.5 (flags = 0x41)
0  -O                                                                        (1 = 50.0%)
1  -O                                                                        (1 = 50.0%) {50.0%}
2  O                                                                         (0 = 0.0%) {100.0%}

Histogram: OptimizationGuide.PredictionManager.FirstModelFetchSinceServiceInit recorded 1 samples, mean = 13881.0 (flags = 0x41)
0      ... 
12916  -O                                                                        (1 = 100.0%) {0.0%}
16411  ... 

Histogram: OptimizationGuide.PredictionManager.ModelAvailableAtRegistration.ClientSidePhishing recorded 1 samples, mean = 0.0 (flags = 0x41)
0  -O                                                                        (1 = 100.0%)
1  ... 

Histogram: OptimizationGuide.PredictionManager.ModelAvailableAtRegistration.GeolocationPermissions recorded 1 samples, mean = 0.0 (flags = 0x41)
0  -O                                                                        (1 = 100.0%)
1  ... 

Histogram: OptimizationGuide.PredictionManager.ModelAvailableAtRegistration.LanguageDetection recorded 2 samples, mean = 0.0 (flags = 0x41)
0  --O                                                                       (2 = 100.0%)
1  ... 

Histogram: OptimizationGuide.PredictionManager.ModelAvailableAtRegistration.NewTabPageHistoryClustersModuleRanking recorded 1 samples, mean = 0.0 (flags = 0x41)
0  -O                                                                        (1 = 100.0%)
1  ... 

Histogram: OptimizationGuide.PredictionManager.ModelAvailableAtRegistration.NotificationPermissions recorded 1 samples, mean = 0.0 (flags = 0x41)
0  -O                                                                        (1 = 100.0%)
1  ... 

Histogram: OptimizationGuide.PredictionManager.ModelAvailableAtRegistration.OmniboxUrlScoring recorded 1 samples, mean = 0.0 (flags = 0x41)
0  -O                                                                        (1 = 100.0%)
1  ... 

Histogram: OptimizationGuide.PredictionManager.ModelAvailableAtRegistration.PageTopicsV2 recorded 1 samples, mean = 0.0 (flags = 0x41)
0  -O                                                                        (1 = 100.0%)
1  ... 

Histogram: OptimizationGuide.PredictionManager.ModelAvailableAtRegistration.TextSafety recorded 1 samples, mean = 0.0 (flags = 0x41)
0  -O                                                                        (1 = 100.0%)
1  ... 

Histogram: OptimizationGuide.PredictionManager.ModelAvailableAtRegistration.VisualSearchClassification recorded 1 samples, mean = 0.0 (flags = 0x41)
0  -O                                                                        (1 = 100.0%)
1  ... 

Histogram: OptimizationGuide.PredictionManager.ModelDeliveryEvents.ClientSidePhishing recorded 3 samples, mean = 6.0 (flags = 0x41)
0  ... 
3  -O                                                                        (1 = 33.3%) {0.0%}
4  ... 
7  -O                                                                        (1 = 33.3%) {33.3%}
8  -O                                                                        (1 = 33.3%) {66.7%}
9  ... 

Histogram: OptimizationGuide.PredictionManager.ModelDeliveryEvents.GeolocationPermissions recorded 3 samples, mean = 6.0 (flags = 0x41)
0  ... 
3  -O                                                                        (1 = 33.3%) {0.0%}
4  ... 
7  -O                                                                        (1 = 33.3%) {33.3%}
8  -O                                                                        (1 = 33.3%) {66.7%}
9  ... 

Histogram: OptimizationGuide.PredictionManager.ModelDeliveryEvents.LanguageDetection recorded 3 samples, mean = 6.0 (flags = 0x41)
0  ... 
3  -O                                                                        (1 = 33.3%) {0.0%}
4  ... 
7  -O                                                                        (1 = 33.3%) {33.3%}
8  -O                                                                        (1 = 33.3%) {66.7%}
9  ... 

Histogram: OptimizationGuide.PredictionManager.ModelDeliveryEvents.NewTabPageHistoryClustersModuleRanking recorded 3 samples, mean = 6.0 (flags = 0x41)
0  ... 
3  -O                                                                        (1 = 33.3%) {0.0%}
4  ... 
7  -O                                                                        (1 = 33.3%) {33.3%}
8  -O                                                                        (1 = 33.3%) {66.7%}
9  ... 

Histogram: OptimizationGuide.PredictionManager.ModelDeliveryEvents.NotificationPermissions recorded 3 samples, mean = 6.0 (flags = 0x41)
0  ... 
3  -O                                                                        (1 = 33.3%) {0.0%}
4  ... 
7  -O                                                                        (1 = 33.3%) {33.3%}
8  -O                                                                        (1 = 33.3%) {66.7%}
9  ... 

Histogram: OptimizationGuide.PredictionManager.ModelDeliveryEvents.OmniboxUrlScoring recorded 3 samples, mean = 6.0 (flags = 0x41)
0  ... 
3  -O                                                                        (1 = 33.3%) {0.0%}
4  ... 
7  -O                                                                        (1 = 33.3%) {33.3%}
8  -O                                                                        (1 = 33.3%) {66.7%}
9  ... 

Histogram: OptimizationGuide.PredictionManager.ModelDeliveryEvents.PageTopicsV2 recorded 3 samples, mean = 6.0 (flags = 0x41)
0  ... 
3  -O                                                                        (1 = 33.3%) {0.0%}
4  ... 
7  -O                                                                        (1 = 33.3%) {33.3%}
8  -O                                                                        (1 = 33.3%) {66.7%}
9  ... 

Histogram: OptimizationGuide.PredictionManager.ModelDeliveryEvents.TextSafety recorded 3 samples, mean = 6.0 (flags = 0x41)
0  ... 
3  -O                                                                        (1 = 33.3%) {0.0%}
4  ... 
7  -O                                                                        (1 = 33.3%) {33.3%}
8  -O                                                                        (1 = 33.3%) {66.7%}
9  ... 

Histogram: OptimizationGuide.PredictionManager.ModelDeliveryEvents.VisualSearchClassification recorded 3 samples, mean = 6.0 (flags = 0x41)
0  ... 
3  -O                                                                        (1 = 33.3%) {0.0%}
4  ... 
7  -O                                                                        (1 = 33.3%) {33.3%}
8  -O                                                                        (1 = 33.3%) {66.7%}
9  ... 

Histogram: OptimizationGuide.PredictionManager.RegistrationTimeSinceServiceInit.ClientSidePhishing recorded 1 samples, mean = 0.0 (flags = 0x41)
0  -O                                                                        (1 = 100.0%)
1  ... 

Histogram: OptimizationGuide.PredictionManager.RegistrationTimeSinceServiceInit.GeolocationPermissions recorded 1 samples, mean = 0.0 (flags = 0x41)
0  -O                                                                        (1 = 100.0%)
1  ... 

Histogram: OptimizationGuide.PredictionManager.RegistrationTimeSinceServiceInit.LanguageDetection recorded 2 samples, mean = 24.5 (flags = 0x41)
0   -O                                                                        (1 = 50.0%)
1   ... 
41  -O                                                                        (1 = 50.0%) {50.0%}
52  ... 

Histogram: OptimizationGuide.PredictionManager.RegistrationTimeSinceServiceInit.NewTabPageHistoryClustersModuleRanking recorded 1 samples, mean = 0.0 (flags = 0x41)
0  -O                                                                        (1 = 100.0%)
1  ... 

Histogram: OptimizationGuide.PredictionManager.RegistrationTimeSinceServiceInit.NotificationPermissions recorded 1 samples, mean = 0.0 (flags = 0x41)
0  -O                                                                        (1 = 100.0%)
1  ... 

Histogram: OptimizationGuide.PredictionManager.RegistrationTimeSinceServiceInit.OmniboxUrlScoring recorded 1 samples, mean = 0.0 (flags = 0x41)
0  -O                                                                        (1 = 100.0%)
1  ... 

Histogram: OptimizationGuide.PredictionManager.RegistrationTimeSinceServiceInit.PageTopicsV2 recorded 1 samples, mean = 0.0 (flags = 0x41)
0  -O                                                                        (1 = 100.0%)
1  ... 

Histogram: OptimizationGuide.PredictionManager.RegistrationTimeSinceServiceInit.TextSafety recorded 1 samples, mean = 0.0 (flags = 0x41)
0  -O                                                                        (1 = 100.0%)
1  ... 

Histogram: OptimizationGuide.PredictionManager.RegistrationTimeSinceServiceInit.VisualSearchClassification recorded 1 samples, mean = 0.0 (flags = 0x41)
0  -O                                                                        (1 = 100.0%)
1  ... 

Histogram: OptimizationGuide.PredictionManager.StoreInitialized recorded 1 samples, mean = 1.0 (flags = 0x40)
0  O                                                                         (0 = 0.0%)
1  -O                                                                        (1 = 100.0%) {0.0%}
2  O                                                                         (0 = 0.0%) {100.0%}

Histogram: OptimizationGuide.PredictionManager.SupportedModelEngineVersion recorded 2 samples, mean = 18.0 (flags = 0x40)
0   ... 
18  --O                                                                       (2 = 100.0%) {0.0%}
19  ... 

Histogram: OptimizationGuide.PredictionModelFetcher.GetModelsResponse.NetErrorCode recorded 1 samples (flags = 0x41)
118  -O                                                                        (1 = 100.0%)

Histogram: OptimizationGuide.PredictionModelFetcher.GetModelsResponse.NetErrorCode.ClientSidePhishing recorded 1 samples (flags = 0x41)
118  -O                                                                        (1 = 100.0%)

Histogram: OptimizationGuide.PredictionModelFetcher.GetModelsResponse.NetErrorCode.GeolocationPermissions recorded 1 samples (flags = 0x41)
118  -O                                                                        (1 = 100.0%)

Histogram: OptimizationGuide.PredictionModelFetcher.GetModelsResponse.NetErrorCode.LanguageDetection recorded 1 samples (flags = 0x41)
118  -O                                                                        (1 = 100.0%)

Histogram: OptimizationGuide.PredictionModelFetcher.GetModelsResponse.NetErrorCode.NewTabPageHistoryClustersModuleRanking recorded 1 samples (flags = 0x41)
118  -O                                                                        (1 = 100.0%)

Histogram: OptimizationGuide.PredictionModelFetcher.GetModelsResponse.NetErrorCode.NotificationPermissions recorded 1 samples (flags = 0x41)
118  -O                                                                        (1 = 100.0%)

Histogram: OptimizationGuide.PredictionModelFetcher.GetModelsResponse.NetErrorCode.OmniboxUrlScoring recorded 1 samples (flags = 0x41)
118  -O                                                                        (1 = 100.0%)

Histogram: OptimizationGuide.PredictionModelFetcher.GetModelsResponse.NetErrorCode.PageTopicsV2 recorded 1 samples (flags = 0x41)
118  -O                                                                        (1 = 100.0%)

Histogram: OptimizationGuide.PredictionModelFetcher.GetModelsResponse.NetErrorCode.TextSafety recorded 1 samples (flags = 0x41)
118  -O                                                                        (1 = 100.0%)

Histogram: OptimizationGuide.PredictionModelFetcher.GetModelsResponse.NetErrorCode.VisualSearchClassification recorded 1 samples (flags = 0x41)
118  -O                                                                        (1 = 100.0%)

Histogram: OptimizationGuide.ProcessingComponentAtShutdown recorded 1 samples, mean = 0.0 (flags = 0x41)
0  -O                                                                        (1 = 100.0%)
1  ... 

Histogram: OptimizationGuide.RemoteFetchingEnabled recorded 1 samples, mean = 0.0 (flags = 0x41)
0  -O                                                                        (1 = 100.0%)
1  ... 

Histogram: OriginTrials.PersistentOriginTrial.LevelDbInitSuccess recorded 1 samples, mean = 0.0 (flags = 0x41)
0  -O                                                                        (1 = 100.0%)
1  ... 

Histogram: PageActionController.ExtensionsWithPageActions recorded 1 samples, mean = 0.0 (flags = 0x41)
0  -O                                                                        (1 = 100.0%)
1  ... 

Histogram: PageContentAnnotations.AnnotateVisit.AnnotationRequestQueued recorded 9 samples, mean = 1.0 (flags = 0x40)
0  O                                                                         (0 = 0.0%)
1  ---------O                                                                (9 = 100.0%) {0.0%}
2  O                                                                         (0 = 0.0%) {100.0%}

Histogram: PageContentAnnotations.AnnotateVisit.AnnotationRequested recorded 10 samples, mean = 1.0 (flags = 0x40)
0  O                                                                         (0 = 0.0%)
1  ----------O                                                               (10 = 100.0%) {0.0%}
2  O                                                                         (0 = 0.0%) {100.0%}

Histogram: PageContentAnnotations.AnnotateVisit.BatchAnnotationStarted recorded 3 samples, mean = 1.0 (flags = 0x40)
0  O                                                                         (0 = 0.0%)
1  ---O                                                                      (3 = 100.0%) {0.0%}
2  O                                                                         (0 = 0.0%) {100.0%}

Histogram: PageLoad.Clients.Ads.AllPages.NonAdNetworkBytes recorded 1 samples, mean = 1400.0 (flags = 0x41)
0     ... 
1174  -O                                                                        (1 = 100.0%) {0.0%}
1529  ... 

Histogram: PageLoad.Clients.Ads.AllPages.PercentNetworkBytesAds recorded 1 samples, mean = 0.0 (flags = 0x41)
0  -O                                                                        (1 = 100.0%)
1  ... 

Histogram: PageLoad.Clients.Ads.AllPages.PercentTotalBytesAds recorded 1 samples, mean = 0.0 (flags = 0x41)
0  -O                                                                        (1 = 100.0%)
1  ... 

Histogram: PageLoad.Clients.Ads.AverageViewportAdDensity recorded 1 samples, mean = 0.0 (flags = 0x41)
0  -O                                                                        (1 = 100.0%)
1  ... 

Histogram: PageLoad.Clients.Ads.FrameCounts.AdFrames.Total recorded 1 samples, mean = 0.0 (flags = 0x41)
0  -O                                                                        (1 = 100.0%)
1  ... 

Histogram: PageLoad.Clients.Ads.NonVisible.FrameCounts.AdFrames.Total recorded 1 samples, mean = 0.0 (flags = 0x41)
0  -O                                                                        (1 = 100.0%)
1  ... 

Histogram: PageLoad.Clients.Ads.Visible.FrameCounts.AdFrames.Total recorded 1 samples, mean = 0.0 (flags = 0x41)
0  -O                                                                        (1 = 100.0%)
1  ... 

Histogram: PageLoad.Clients.Leakage2.AbandonReasonAt.LoaderStart recorded 1 samples, mean = 10.0 (flags = 0x41)
0   ... 
10  -O                                                                        (1 = 100.0%) {0.0%}
11  ... 

Histogram: PageLoad.Clients.Leakage2.LastMilestoneBeforeAbandon.NewReloadNavigation recorded 1 samples, mean = 1.0 (flags = 0x41)
0  O                                                                         (0 = 0.0%)
1  -O                                                                        (1 = 100.0%) {0.0%}
2  ... 

Histogram: PageLoad.Clients.Leakage2.LoaderStartToAbandon.NewReloadNavigation recorded 1 samples, mean = 7360.0 (flags = 0x41)
0     ... 
6697  -O                                                                        (1 = 100.0%) {0.0%}
7494  ... 

Histogram: PageLoad.Clients.Leakage2.NavigationStart recorded 2 samples, mean = 3937.0 (flags = 0x41)
0     ... 
451   -O                                                                        (1 = 50.0%) {0.0%}
505   ... 
6697  -O                                                                        (1 = 50.0%) {50.0%}
7494  ... 

Histogram: PageLoad.Clients.Leakage2.NavigationStartToCommitReceived recorded 1 samples, mean = 446.0 (flags = 0x41)
0    ... 
403  -O                                                                        (1 = 100.0%) {0.0%}
451  ... 

Histogram: PageLoad.Clients.Leakage2.NavigationStartToCommitSent recorded 1 samples, mean = 443.0 (flags = 0x41)
0    ... 
403  -O                                                                        (1 = 100.0%) {0.0%}
451  ... 

Histogram: PageLoad.Clients.Leakage2.NavigationStartToDOMContentLoaded recorded 1 samples, mean = 665.0 (flags = 0x41)
0    ... 
632  -O                                                                        (1 = 100.0%) {0.0%}
707  ... 

Histogram: PageLoad.Clients.Leakage2.NavigationStartToDidCommit recorded 1 samples, mean = 459.0 (flags = 0x41)
0    ... 
451  -O                                                                        (1 = 100.0%) {0.0%}
505  ... 

Histogram: PageLoad.Clients.Leakage2.NavigationStartToLoadStarted recorded 1 samples, mean = 2381.0 (flags = 0x41)
0     ... 
2176  -O                                                                        (1 = 100.0%) {0.0%}
2435  ... 

Histogram: PageLoad.Clients.Leakage2.NavigationStartToLoaderStart recorded 2 samples, mean = 29.5 (flags = 0x41)
0   -O                                                                        (1 = 50.0%)
10  ... 
54  -O                                                                        (1 = 50.0%) {50.0%}
60  ... 

Histogram: PageLoad.Clients.Leakage2.NavigationStartToNonRedirectResponseLoaderCallback recorded 1 samples, mean = 438.0 (flags = 0x41)
0    ... 
403  -O                                                                        (1 = 100.0%) {0.0%}
451  ... 

Histogram: PageLoad.Clients.Leakage2.NavigationStartToNonRedirectResponseStart recorded 1 samples, mean = 424.0 (flags = 0x41)
0    ... 
403  -O                                                                        (1 = 100.0%) {0.0%}
451  ... 

Histogram: PageLoad.Clients.Leakage2.NavigationStartToNonRedirectedRequestStart recorded 1 samples, mean = 40.0 (flags = 0x41)
0   ... 
38  -O                                                                        (1 = 100.0%) {0.0%}
43  ... 

Histogram: PageLoad.Clients.Leakage2.NavigationStartToParseStart recorded 1 samples, mean = 449.0 (flags = 0x41)
0    ... 
403  -O                                                                        (1 = 100.0%) {0.0%}
451  ... 

Histogram: PageLoad.Clients.Leakage2.RendererProcessCreatedBeforeNav recorded 2 samples, mean = 1.0 (flags = 0x41)
0  O                                                                         (0 = 0.0%)
1  --O                                                                       (2 = 100.0%) {0.0%}
2  O                                                                         (0 = 0.0%) {100.0%}

Histogram: PageLoad.Clients.LinkPreview.Usage recorded 1 samples, mean = 0.0 (flags = 0x41)
0  -O                                                                        (1 = 100.0%)
1  ... 

Histogram: PageLoad.Clients.MultiTabLoading.WithTabCount_0.DocumentTiming.NavigationToDOMContentLoadedEventFired recorded 1 samples, mean = 665.0 (flags = 0x41)
0    ... 
632  -O                                                                        (1 = 100.0%) {0.0%}
707  ... 

Histogram: PageLoad.Clients.MultiTabLoading.WithTabCount_0.DocumentTiming.NavigationToLoadEventFired recorded 1 samples, mean = 2381.0 (flags = 0x41)
0     ... 
2176  -O                                                                        (1 = 100.0%) {0.0%}
2435  ... 

Histogram: PageLoad.Clients.MultiTabLoading.With_0_OtherLoading.DocumentTiming.NavigationToDOMContentLoadedEventFired recorded 1 samples, mean = 665.0 (flags = 0x41)
0    ... 
632  -O                                                                        (1 = 100.0%) {0.0%}
707  ... 

Histogram: PageLoad.Clients.MultiTabLoading.With_0_OtherLoading.DocumentTiming.NavigationToLoadEventFired recorded 1 samples, mean = 2381.0 (flags = 0x41)
0     ... 
2176  -O                                                                        (1 = 100.0%) {0.0%}
2435  ... 

Histogram: PageLoad.Clients.PerformanceManager.LoadedIdleWithoutLCP recorded 1 samples, mean = 5209.0 (flags = 0x41)
0     ... 
4955  -O                                                                        (1 = 100.0%) {0.0%}
6296  ... 

Histogram: PageLoad.Clients.PerformanceManager.LoadedIdleWithoutLCP.Foreground recorded 1 samples, mean = 5209.0 (flags = 0x41)
0     ... 
4955  -O                                                                        (1 = 100.0%) {0.0%}
6296  ... 

Histogram: PageLoad.Clients.Protocol.QUIC.DocumentTiming.NavigationToDOMContentLoadedEventFired recorded 1 samples, mean = 665.0 (flags = 0x41)
0    ... 
632  -O                                                                        (1 = 100.0%) {0.0%}
707  ... 

Histogram: PageLoad.Clients.Protocol.QUIC.DocumentTiming.NavigationToLoadEventFired recorded 1 samples, mean = 2381.0 (flags = 0x41)
0     ... 
2176  -O                                                                        (1 = 100.0%) {0.0%}
2435  ... 

Histogram: PageLoad.Clients.Protocol.QUIC.ParseTiming.NavigationToParseStart recorded 1 samples, mean = 449.0 (flags = 0x41)
0    ... 
403  -O                                                                        (1 = 100.0%) {0.0%}
451  ... 

Histogram: PageLoad.Clients.SameOrigin.LayoutInstability.CumulativeShiftScore recorded 1 samples, mean = 0.0 (flags = 0x41)
0  -O                                                                        (1 = 100.0%)
1  ... 

Histogram: PageLoad.Clients.SameOrigin.LayoutInstability.CumulativeShiftScore.MainFrame recorded 1 samples, mean = 0.0 (flags = 0x41)
0  -O                                                                        (1 = 100.0%)
1  ... 

Histogram: PageLoad.Clients.Scheme.HTTPS.ParseTiming.NavigationToParseStart recorded 1 samples, mean = 449.0 (flags = 0x41)
0    ... 
403  -O                                                                        (1 = 100.0%) {0.0%}
451  ... 

Histogram: PageLoad.Clients.TPCD.CookieAccess.ThirdPartyCookieAllowMechanism3 recorded 1 samples, mean = 2.0 (flags = 0x41)
0  ... 
2  -O                                                                        (1 = 100.0%) {0.0%}
3  ... 

Histogram: PageLoad.Clients.TPCD.ThirdPartyCookieAccessBlockedByExperiment2 recorded 1 samples, mean = 0.0 (flags = 0x41)
0  -O                                                                        (1 = 100.0%)
1  ... 

Histogram: PageLoad.Clients.ThirdParty.Origins.CookieRead2 recorded 1 samples, mean = 0.0 (flags = 0x41)
0  -O                                                                        (1 = 100.0%)
1  ... 

Histogram: PageLoad.Cpu.TotalUsage recorded 1 samples, mean = 413.0 (flags = 0x41)
0    ... 
403  -O                                                                        (1 = 100.0%) {0.0%}
451  ... 

Histogram: PageLoad.Cpu.TotalUsageForegrounded recorded 1 samples, mean = 413.0 (flags = 0x41)
0    ... 
403  -O                                                                        (1 = 100.0%) {0.0%}
451  ... 

Histogram: PageLoad.DocumentTiming.NavigationToDOMContentLoadedEventFired recorded 1 samples, mean = 665.0 (flags = 0x41)
0    ... 
632  -O                                                                        (1 = 100.0%) {0.0%}
707  ... 

Histogram: PageLoad.DocumentTiming.NavigationToLoadEventFired recorded 1 samples, mean = 2381.0 (flags = 0x41)
0     ... 
2176  -O                                                                        (1 = 100.0%) {0.0%}
2435  ... 

Histogram: PageLoad.Experimental.NavigationTiming.FinalLoaderCallbackToNavigationCommitSent recorded 1 samples, mean = 5.0 (flags = 0x41)
0  -O                                                                        (1 = 100.0%)
10 ... 

Histogram: PageLoad.Experimental.NavigationTiming.FinalRequestStartToFinalResponseStart recorded 1 samples, mean = 383.0 (flags = 0x41)
0    ... 
360  -O                                                                        (1 = 100.0%) {0.0%}
403  ... 

Histogram: PageLoad.Experimental.NavigationTiming.FinalResponseStartToFinalLoaderCallback recorded 1 samples, mean = 14.0 (flags = 0x41)
0   ... 
13  -O                                                                        (1 = 100.0%) {0.0%}
15  ... 

Histogram: PageLoad.Experimental.NavigationTiming.FirstRequestStartToFirstResponseStart recorded 1 samples, mean = 383.0 (flags = 0x41)
0    ... 
360  -O                                                                        (1 = 100.0%) {0.0%}
403  ... 

Histogram: PageLoad.Experimental.NavigationTiming.FirstResponseStartToFirstLoaderCallback recorded 1 samples, mean = 14.0 (flags = 0x41)
0   ... 
13  -O                                                                        (1 = 100.0%) {0.0%}
15  ... 

Histogram: PageLoad.Experimental.NavigationTiming.NavigationStartToFinalLoaderCallback recorded 1 samples, mean = 438.0 (flags = 0x41)
0    ... 
403  -O                                                                        (1 = 100.0%) {0.0%}
451  ... 

Histogram: PageLoad.Experimental.NavigationTiming.NavigationStartToFinalRequestStart recorded 1 samples, mean = 40.0 (flags = 0x41)
0   ... 
38  -O                                                                        (1 = 100.0%) {0.0%}
43  ... 

Histogram: PageLoad.Experimental.NavigationTiming.NavigationStartToFinalResponseStart recorded 1 samples, mean = 424.0 (flags = 0x41)
0    ... 
403  -O                                                                        (1 = 100.0%) {0.0%}
451  ... 

Histogram: PageLoad.Experimental.NavigationTiming.NavigationStartToFirstLoaderCallback recorded 1 samples, mean = 438.0 (flags = 0x41)
0    ... 
403  -O                                                                        (1 = 100.0%) {0.0%}
451  ... 

Histogram: PageLoad.Experimental.NavigationTiming.NavigationStartToFirstRequestStart recorded 1 samples, mean = 40.0 (flags = 0x41)
0   ... 
38  -O                                                                        (1 = 100.0%) {0.0%}
43  ... 

Histogram: PageLoad.Experimental.NavigationTiming.NavigationStartToFirstResponseStart recorded 1 samples, mean = 424.0 (flags = 0x41)
0    ... 
403  -O                                                                        (1 = 100.0%) {0.0%}
451  ... 

Histogram: PageLoad.Experimental.NavigationTiming.NavigationStartToNavigationCommitSent recorded 1 samples, mean = 443.0 (flags = 0x41)
0    ... 
403  -O                                                                        (1 = 100.0%) {0.0%}
451  ... 

Histogram: PageLoad.Experimental.PageTiming.CachedResourceLoadTime. recorded 1 samples, mean = 782.0 (flags = 0x41)
0    ... 
729  -O                                                                        (1 = 100.0%) {0.0%}
926  ... 

Histogram: PageLoad.Experimental.PageTiming.CachedResourceLoadTime.style recorded 1 samples, mean = 70.0 (flags = 0x41)
0   ... 
66  -O                                                                        (1 = 100.0%) {0.0%}
84  ... 

Histogram: PageLoad.Experimental.PageTiming.CommitSentToFirstSubresourceLoadStart recorded 1 samples, mean = 84.0 (flags = 0x41)
0   ... 
84  -O                                                                        (1 = 100.0%) {0.0%}
94  ... 

Histogram: PageLoad.Experimental.PageTiming.NavigationToFirstSubresourceLoadStart recorded 1 samples, mean = 528.0 (flags = 0x41)
0    ... 
505  -O                                                                        (1 = 100.0%) {0.0%}
565  ... 

Histogram: PageLoad.Experimental.PageTiming.ResourceLoadTime. recorded 7 samples, mean = 1323.6 (flags = 0x41)
0     ... 
220   -O                                                                        (1 = 14.3%) {0.0%}
280   --O                                                                       (2 = 28.6%) {14.3%}
356   -O                                                                        (1 = 14.3%) {42.9%}
452   O                                                                         (0 = 0.0%) {57.1%}
574   -O                                                                        (1 = 14.3%) {57.1%}
729   O                                                                         (0 = 0.0%) {71.4%}
926   -O                                                                        (1 = 14.3%) {71.4%}
1177  ... 
4955  -O                                                                        (1 = 14.3%) {85.7%}
6296  ... 

Histogram: PageLoad.Experimental.PageTiming.ResourceLoadTime.document recorded 1 samples, mean = 384.0 (flags = 0x41)
0    ... 
356  -O                                                                        (1 = 100.0%) {0.0%}
452  ... 

Histogram: PageLoad.Experimental.PageTiming.ResourceLoadTime.font recorded 5 samples, mean = 171.4 (flags = 0x41)
0    ... 
66   -O                                                                        (1 = 20.0%) {0.0%}
84   ... 
136  -O                                                                        (1 = 20.0%) {20.0%}
173  --O                                                                       (2 = 40.0%) {40.0%}
220  -O                                                                        (1 = 20.0%) {80.0%}
280  ... 

Histogram: PageLoad.Experimental.PageTiming.ResourceLoadTime.image recorded 2 samples, mean = 329.5 (flags = 0x41)
0    ... 
220  -O                                                                        (1 = 50.0%) {0.0%}
280  O                                                                         (0 = 0.0%) {50.0%}
356  -O                                                                        (1 = 50.0%) {50.0%}
452  ... 

Histogram: PageLoad.Experimental.PageTiming.ResourceLoadTime.manifest recorded 1 samples, mean = 598.0 (flags = 0x41)
0    ... 
574  -O                                                                        (1 = 100.0%) {0.0%}
729  ... 

Histogram: PageLoad.Experimental.PageTiming.ResourceLoadTime.script recorded 26 samples, mean = 116.9 (flags = 0x41)
0    ... 
52   -----------O                                                              (11 = 42.3%) {0.0%}
66   ------O                                                                   (6 = 23.1%) {42.3%}
84   -O                                                                        (1 = 3.8%) {65.4%}
107  ----O                                                                     (4 = 15.4%) {69.2%}
136  -O                                                                        (1 = 3.8%) {84.6%}
173  -O                                                                        (1 = 3.8%) {88.5%}
220  ... 
356  -O                                                                        (1 = 3.8%) {92.3%}
452  -O                                                                        (1 = 3.8%) {96.2%}
574  ... 

Histogram: PageLoad.Experimental.PageTiming.ResourceLoadTime.style recorded 6 samples, mean = 105.0 (flags = 0x41)
0    ... 
52   -O                                                                        (1 = 16.7%) {0.0%}
66   -O                                                                        (1 = 16.7%) {16.7%}
84   O                                                                         (0 = 0.0%) {33.3%}
107  ----O                                                                     (4 = 66.7%) {33.3%}
136  ... 

Histogram: PageLoad.Experimental.PageVisitFinalStatus recorded 1 samples, mean = 1.0 (flags = 0x41)
0  O                                                                         (0 = 0.0%)
1  -O                                                                        (1 = 100.0%) {0.0%}
2  ... 

Histogram: PageLoad.Experimental.PageVisitType2 recorded 1 samples, mean = 3.0 (flags = 0x41)
0  ... 
3  -O                                                                        (1 = 100.0%) {0.0%}
4  ... 

Histogram: PageLoad.Experimental.PaintTiming.FirstEligibleToPaintToFirstPaint recorded 1 samples, mean = 456.0 (flags = 0x41)
0    ... 
451  -O                                                                        (1 = 100.0%) {0.0%}
505  ... 

Histogram: PageLoad.Experimental.TotalForegroundDuration recorded 1 samples, mean = 40878088.0 (flags = 0x41)
0        ... 
3600000  -O                                                                        (1 = 100.0%) {0.0%}

Histogram: PageLoad.Experimental.TotalForegroundDuration.AllVisit recorded 1 samples, mean = 40878088.0 (flags = 0x41)
0        ... 
3600000  -O                                                                        (1 = 100.0%) {0.0%}

Histogram: PageLoad.Experimental.TotalForegroundDuration.TerminalVisit recorded 1 samples, mean = 40878088.0 (flags = 0x41)
0        ... 
3600000  -O                                                                        (1 = 100.0%) {0.0%}

Histogram: PageLoad.Expermental.SoftNavigations.Count recorded 1 samples, mean = 0.0 (flags = 0x41)
0  -O                                                                        (1 = 100.0%)
1  ... 

Histogram: PageLoad.Internal.ErrorCode recorded 124 samples, mean = 12.7 (flags = 0x41)
0   O                                                                         (0 = 0.0%)
1   ------------------------O                                                 (27 = 21.8%) {0.0%}
2   -O                                                                        (1 = 0.8%) {21.8%}
3   ... 
16  ------------------------------------------------------------------------O (81 = 65.3%) {22.6%}
17  -------------O                                                            (15 = 12.1%) {87.9%}
18  O                                                                         (0 = 0.0%) {100.0%}

Histogram: PageLoad.Internal.PageLoadTimingStatus recorded 22 samples, mean = 0.0 (flags = 0x41)
0  ----------------------O                                                   (22 = 100.0%)
1  ... 

Histogram: PageLoad.Internal.PageLoadTimingStatus.AtTimingCallbackDispatch recorded 5 samples, mean = 0.0 (flags = 0x41)
0  -----O                                                                    (5 = 100.0%)
1  ... 

Histogram: PageLoad.Internal.PageType recorded 3 samples, mean = 0.0 (flags = 0x41)
0  ---O                                                                      (3 = 100.0%)
1  ... 

Histogram: PageLoad.Internal.SuppressedEventsBeforeMissingFirstPaint recorded 2 samples, mean = 0.0 (flags = 0x41)
0  --O                                                                       (2 = 100.0%)
1  ... 

Histogram: PageLoad.Internal.SuppressedEventsCountBeforePaint3 recorded 2 samples, mean = 0.0 (flags = 0x41)
0  --O                                                                       (2 = 100.0%)
1  ... 

Histogram: PageLoad.Internal.SuppressedEventsTimingBeforePaint3 recorded 2 samples, mean = 0.0 (flags = 0x41)
0  --O                                                                       (2 = 100.0%)
1  ... 

Histogram: PageLoad.Internal.SuppressedInteractionsCountBeforePaint3 recorded 2 samples, mean = 0.0 (flags = 0x41)
0  --O                                                                       (2 = 100.0%)
1  ... 

Histogram: PageLoad.LayoutInstability.CumulativeShiftScore recorded 1 samples, mean = 0.0 (flags = 0x41)
0  -O                                                                        (1 = 100.0%)
1  ... 

Histogram: PageLoad.LayoutInstability.CumulativeShiftScore.MainFrame recorded 1 samples, mean = 0.0 (flags = 0x41)
0  -O                                                                        (1 = 100.0%)
1  ... 

Histogram: PageLoad.LayoutInstability.MaxCumulativeShiftScore.SessionWindow.Gap1000ms.Max5000ms recorded 1 samples, mean = 0.0 (flags = 0x41)
0  -O                                                                        (1 = 100.0%)
1  ... 

Histogram: PageLoad.LayoutInstability.MaxCumulativeShiftScore.SessionWindow.Gap1000ms.Max5000ms2 recorded 1 samples, mean = 0.0 (flags = 0x41)
0  -O                                                                        (1 = 100.0%)
1  ... 

Histogram: PageLoad.PageTiming.ForegroundDuration recorded 1 samples, mean = 40878088.0 (flags = 0x41)
0        ... 
3600000  -O                                                                        (1 = 100.0%) {0.0%}

Histogram: PageLoad.PageTiming.ForegroundDuration.AfterPaint recorded 1 samples, mean = 40876792.0 (flags = 0x41)
0        ... 
3600000  -O                                                                        (1 = 100.0%) {0.0%}

Histogram: PageLoad.PageTiming.ForegroundDuration.NoCommit recorded 1 samples, mean = 98.0 (flags = 0x41)
0   ... 
92  -O                                                                        (1 = 100.0%) {0.0%}
105 ... 

Histogram: PageLoad.PageTiming.ForegroundDuration.WithPaint recorded 1 samples, mean = 40878088.0 (flags = 0x41)
0        ... 
3600000  -O                                                                        (1 = 100.0%) {0.0%}

Histogram: PageLoad.PaintTiming.NavigationToFirstPaint recorded 1 samples, mean = 1298.0 (flags = 0x41)
0     ... 
1240  -O                                                                        (1 = 100.0%) {0.0%}
1388  ... 

Histogram: PageLoad.ParseTiming.NavigationToParseStart recorded 1 samples, mean = 449.0 (flags = 0x41)
0    ... 
403  -O                                                                        (1 = 100.0%) {0.0%}
451  ... 

Histogram: PageLoad.ParseTiming.NavigationToParseStart.LoadType.NewNavigation recorded 1 samples, mean = 449.0 (flags = 0x41)
0    ... 
403  -O                                                                        (1 = 100.0%) {0.0%}
451  ... 

Histogram: PageLoad.ParseTiming.ParseBlockedOnScriptExecution recorded 1 samples, mean = 3.0 (flags = 0x41)
0  -O                                                                        (1 = 100.0%)
10 ... 

Histogram: PageLoad.ParseTiming.ParseBlockedOnScriptExecutionFromDocumentWrite recorded 1 samples, mean = 0.0 (flags = 0x41)
0  -O                                                                        (1 = 100.0%)
10 ... 

Histogram: PageLoad.ParseTiming.ParseBlockedOnScriptLoad recorded 1 samples, mean = 202.0 (flags = 0x41)
0    ... 
184  -O                                                                        (1 = 100.0%) {0.0%}
206  ... 

Histogram: PaintHolding.CommitTrigger2 recorded 2 samples, mean = 3.0 (flags = 0x41)
0  ... 
3  --O                                                                       (2 = 100.0%) {0.0%}
4  ... 

Histogram: PasswordManager.AccountStore.InaccessiblePasswords3 recorded 1 samples, mean = 0.0 (flags = 0x41)
0  -O                                                                        (1 = 100.0%)
1  ... 

Histogram: PasswordManager.AccountStore.LoginDatabaseEncryptionStatus recorded 1 samples, mean = 0.0 (flags = 0x41)
0  -O                                                                        (1 = 100.0%)
1  ... 

Histogram: PasswordManager.AffiliationDatabase.DatabaseSize recorded 1 samples, mean = 52.0 (flags = 0x41)
0  -O                                                                        (1 = 100.0%)
1000... 

Histogram: PasswordManager.BubbleSuppression.AccountsInStatisticsTable2 recorded 1 samples, mean = 0.0 (flags = 0x41)
0  -O                                                                        (1 = 100.0%)
1  ... 

Histogram: PasswordManager.GetAllLogins.TimeSinceInit recorded 2 samples, mean = 30196.0 (flags = 0x41)
0      ... 
26495  --O                                                                       (2 = 100.0%) {0.0%}
33665  ... 

Histogram: PasswordManager.GetAutofillableLogins.TimeSinceInit recorded 2 samples, mean = 14556.5 (flags = 0x41)
0      ... 
12916  --O                                                                       (2 = 100.0%) {0.0%}
16411  ... 

Histogram: PasswordManager.LoginDatabaseInit2 recorded 2 samples, mean = 0.0 (flags = 0x41)
0  --O                                                                       (2 = 100.0%)
1  ... 

Histogram: PasswordManager.OnEncryptorReceived.Success recorded 2 samples, mean = 1.0 (flags = 0x41)
0  O                                                                         (0 = 0.0%)
1  --O                                                                       (2 = 100.0%) {0.0%}
2  O                                                                         (0 = 0.0%) {100.0%}

Histogram: PasswordManager.PasswordStore.InitTime recorded 2 samples, mean = 7885.0 (flags = 0x41)
0     ... 
7083  --O                                                                       (2 = 100.0%) {0.0%}
8416  ... 

Histogram: PasswordManager.PasswordStoreBackend.GetAllLoginsAsync recorded 4 samples, mean = 1.0 (flags = 0x41)
0  --O                                                                       (2 = 50.0%)
1  O                                                                         (0 = 0.0%) {50.0%}
2  --O                                                                       (2 = 50.0%) {50.0%}
3  ... 

Histogram: PasswordManager.PasswordStoreBackend.GetAllLoginsAsync.Latency recorded 2 samples, mean = 0.0 (flags = 0x41)
0  --O                                                                       (2 = 100.0%)
1  ... 

Histogram: PasswordManager.PasswordStoreBackend.GetAllLoginsAsync.Success recorded 2 samples, mean = 1.0 (flags = 0x41)
0  O                                                                         (0 = 0.0%)
1  --O                                                                       (2 = 100.0%) {0.0%}
2  O                                                                         (0 = 0.0%) {100.0%}

Histogram: PasswordManager.PasswordStoreBackend.GetAutofillableLoginsAsync recorded 4 samples, mean = 1.0 (flags = 0x41)
0  --O                                                                       (2 = 50.0%)
1  O                                                                         (0 = 0.0%) {50.0%}
2  --O                                                                       (2 = 50.0%) {50.0%}
3  ... 

Histogram: PasswordManager.PasswordStoreBackend.GetAutofillableLoginsAsync.Latency recorded 2 samples, mean = 9.0 (flags = 0x41)
0  ... 
8  --O                                                                       (2 = 100.0%) {0.0%}
10 ... 

Histogram: PasswordManager.PasswordStoreBackend.GetAutofillableLoginsAsync.Success recorded 2 samples, mean = 1.0 (flags = 0x41)
0  O                                                                         (0 = 0.0%)
1  --O                                                                       (2 = 100.0%) {0.0%}
2  O                                                                         (0 = 0.0%) {100.0%}

Histogram: PasswordManager.PasswordStoreBuiltInBackend.GetAllLoginsAsync recorded 4 samples, mean = 1.0 (flags = 0x41)
0  --O                                                                       (2 = 50.0%)
1  O                                                                         (0 = 0.0%) {50.0%}
2  --O                                                                       (2 = 50.0%) {50.0%}
3  ... 

Histogram: PasswordManager.PasswordStoreBuiltInBackend.GetAllLoginsAsync.Latency recorded 2 samples, mean = 0.0 (flags = 0x41)
0  --O                                                                       (2 = 100.0%)
1  ... 

Histogram: PasswordManager.PasswordStoreBuiltInBackend.GetAllLoginsAsync.Success recorded 2 samples, mean = 1.0 (flags = 0x41)
0  O                                                                         (0 = 0.0%)
1  --O                                                                       (2 = 100.0%) {0.0%}
2  O                                                                         (0 = 0.0%) {100.0%}

Histogram: PasswordManager.PasswordStoreBuiltInBackend.GetAutofillableLoginsAsync recorded 4 samples, mean = 1.0 (flags = 0x41)
0  --O                                                                       (2 = 50.0%)
1  O                                                                         (0 = 0.0%) {50.0%}
2  --O                                                                       (2 = 50.0%) {50.0%}
3  ... 

Histogram: PasswordManager.PasswordStoreBuiltInBackend.GetAutofillableLoginsAsync.Latency recorded 2 samples, mean = 9.0 (flags = 0x41)
0  ... 
8  --O                                                                       (2 = 100.0%) {0.0%}
10 ... 

Histogram: PasswordManager.PasswordStoreBuiltInBackend.GetAutofillableLoginsAsync.Success recorded 2 samples, mean = 1.0 (flags = 0x41)
0  O                                                                         (0 = 0.0%)
1  --O                                                                       (2 = 100.0%) {0.0%}
2  O                                                                         (0 = 0.0%) {100.0%}

Histogram: PasswordManager.ProfileStore.InaccessiblePasswords3 recorded 1 samples, mean = 0.0 (flags = 0x41)
0  -O                                                                        (1 = 100.0%)
1  ... 

Histogram: PasswordManager.ProfileStore.LoginDatabaseEncryptionStatus recorded 1 samples, mean = 0.0 (flags = 0x41)
0  -O                                                                        (1 = 100.0%)
1  ... 

Histogram: PasswordManager.SavedGaiaPasswordHashCount2 recorded 1 samples, mean = 0.0 (flags = 0x41)
0  -O                                                                        (1 = 100.0%)
1  ... 

Histogram: PasswordManager.SyncMetadataReadError2 recorded 2 samples, mean = 0.0 (flags = 0x41)
0  --O                                                                       (2 = 100.0%)
1  ... 

Histogram: PaymentRequest.IsCanMakePaymentAllowedByPref.Startup recorded 1 samples, mean = 1.0 (flags = 0x41)
0  O                                                                         (0 = 0.0%)
1  -O                                                                        (1 = 100.0%) {0.0%}
2  O                                                                         (0 = 0.0%) {100.0%}

Histogram: PerformanceManager.LoadingNotQuiescentPageCount.All recorded 1364 samples, mean = 0.0 (flags = 0x41)
0  ------------------------------------------------------------------------O (1364 = 100.0%)
1  ... 

Histogram: PerformanceManager.LoadingNotQuiescentPageCount.Hidden recorded 1364 samples, mean = 0.0 (flags = 0x41)
0  ------------------------------------------------------------------------O (1364 = 100.0%)
1  ... 

Histogram: PerformanceManager.LoadingNotQuiescentPageCount.MixedVisibility recorded 1364 samples, mean = 0.0 (flags = 0x41)
0  ------------------------------------------------------------------------O (1364 = 100.0%)
1  ... 

Histogram: PerformanceManager.LoadingNotQuiescentPageCount.Visible recorded 1364 samples, mean = 0.0 (flags = 0x41)
0  ------------------------------------------------------------------------O (1364 = 100.0%)
1  ... 

Histogram: PerformanceManager.QuiescentPageCount recorded 1364 samples, mean = 1.0 (flags = 0x41)
0  O                                                                         (0 = 0.0%)
1  ------------------------------------------------------------------------O (1364 = 100.0%) {0.0%}
2  ... 

Histogram: PerformanceManager.SiteDB.DatabaseInit recorded 1 samples, mean = 0.0 (flags = 0x41)
0  -O                                                                        (1 = 100.0%)
1  ... 

Histogram: PerformanceManager.SiteDB.OnDiskSize recorded 1 samples, mean = 1.0 (flags = 0x41)
0  -O                                                                        (1 = 100.0%)
1000... 

Histogram: PerformanceManager.SiteDB.WriteCompleted.WriteSiteDataIntoStore recorded 1 samples, mean = 1.0 (flags = 0x41)
0  O                                                                         (0 = 0.0%)
1  -O                                                                        (1 = 100.0%) {0.0%}
2  O                                                                         (0 = 0.0%) {100.0%}

Histogram: PerformanceManager.SiteDB.WriteScheduled.WriteSiteDataIntoStore recorded 1 samples, mean = 1.0 (flags = 0x41)
0  O                                                                         (0 = 0.0%)
1  -O                                                                        (1 = 100.0%) {0.0%}
2  O                                                                         (0 = 0.0%) {100.0%}

Histogram: PerformanceManager.TabRevisitTracker.TimeToClose2 recorded 1 samples, mean = 40949.0 (flags = 0x41)
0      ... 
39453  -O                                                                        (1 = 100.0%) {0.0%}
41514  ... 

Histogram: PerformanceManager.UserTuning.BatterySaverModeEnabledPercent recorded 1 samples, mean = 0.0 (flags = 0x41)
0  -O                                                                        (1 = 100.0%)
1  ... 

Histogram: PerformanceManager.UserTuning.MemorySaverModeEnabledPercent recorded 1 samples, mean = 0.0 (flags = 0x41)
0  -O                                                                        (1 = 100.0%)
1  ... 

Histogram: PerformanceMonitor.AverageCPU8.BrowserProcess recorded 340 samples, mean = 3497.1 (flags = 0x41)
0      ... 
674    ------------------------------------------------------------------------O (162 = 47.6%) {0.0%}
814    ---------------------O                                                    (48 = 14.1%) {47.6%}
983    ----------------O                                                         (37 = 10.9%) {61.8%}
1187   ... 
3043   O                                                                         (1 = 0.3%) {72.6%}
3673   O                                                                         (1 = 0.3%) {72.9%}
4434   -O                                                                        (2 = 0.6%) {73.2%}
5353   O                                                                         (0 = 0.0%) {73.8%}
6462   O                                                                         (1 = 0.3%) {73.8%}
7801   -----------O                                                              (25 = 7.4%) {74.1%}
9417   -------------------O                                                      (43 = 12.6%) {81.5%}
11368  ----O                                                                     (9 = 2.6%) {94.1%}
13724  ---O                                                                      (6 = 1.8%) {96.8%}
16567  --O                                                                       (5 = 1.5%) {98.5%}
20000  O                                                                         (0 = 0.0%) {100.0%}

Histogram: PerformanceMonitor.AverageCPU8.GPUProcess recorded 340 samples, mean = 38.9 (flags = 0x41)
0     ... 
5     -O                                                                        (1 = 0.3%) {0.0%}
6     -O                                                                        (1 = 0.3%) {0.3%}
7     ------------------------------------------------------------------------O (95 = 27.9%) {0.6%}
8     -------------------------------------------------------O                  (72 = 21.2%) {28.5%}
10    -----------------------O                                                  (31 = 9.1%) {49.7%}
12    -----------O                                                              (14 = 4.1%) {58.8%}
15    ------O                                                                   (8 = 2.4%) {62.9%}
18    ----O                                                                     (5 = 1.5%) {65.3%}
22    ---------------------------------O                                        (43 = 12.6%) {66.8%}
27    ---------------------------O                                              (36 = 10.6%) {79.4%}
33    ---------------------O                                                    (28 = 8.2%) {90.0%}
40    ---O                                                                      (4 = 1.2%) {98.2%}
48    O                                                                         (0 = 0.0%) {99.4%}
58    -O                                                                        (1 = 0.3%) {99.4%}
70    ... 
7801  -O                                                                        (1 = 0.3%) {99.7%}
9417  ... 

Histogram: PerformanceMonitor.AverageCPU8.NetworkProcess recorded 340 samples, mean = 1.4 (flags = 0x41)
0   O                                                                         (0 = 0.0%)
1   ------------------------------------------------------------------------O (297 = 87.4%) {0.0%}
2   --O                                                                       (10 = 2.9%) {87.4%}
3   ---O                                                                      (11 = 3.2%) {90.3%}
4   ---O                                                                      (14 = 4.1%) {93.5%}
5   -O                                                                        (5 = 1.5%) {97.6%}
6   O                                                                         (1 = 0.3%) {99.1%}
7   ... 
15  O                                                                         (1 = 0.3%) {99.4%}
18  ... 
33  O                                                                         (1 = 0.3%) {99.7%}
40  ... 

Histogram: PerformanceMonitor.AverageCPU8.OtherProcess recorded 340 samples, mean = 0.0 (flags = 0x41)
0  ------------------------------------------------------------------------O (340 = 100.0%)
1  ... 

Histogram: PerformanceMonitor.AverageCPU8.RendererExtensionEventProcess recorded 340 samples, mean = 0.0 (flags = 0x41)
0  ------------------------------------------------------------------------O (340 = 100.0%)
1  ... 

Histogram: PerformanceMonitor.AverageCPU8.RendererExtensionPersistentProcess recorded 340 samples, mean = 0.0 (flags = 0x41)
0  ------------------------------------------------------------------------O (340 = 100.0%)
1  ... 

Histogram: PerformanceMonitor.AverageCPU8.RendererProcess recorded 340 samples, mean = 1.7 (flags = 0x41)
0    ------------------------------------------------------------------------O (338 = 99.4%)
1    ... 
8    O                                                                         (1 = 0.3%) {99.4%}
10   ... 
558  O                                                                         (1 = 0.3%) {99.7%}
674  ... 

Histogram: PerformanceMonitor.AverageCPU8.Total recorded 340 samples, mean = 3516.7 (flags = 0x41)
0      ... 
674    ------------------------------------------------------------------------O (158 = 46.5%) {0.0%}
814    ----------------------O                                                   (48 = 14.1%) {46.5%}
983    ------------------O                                                       (40 = 11.8%) {60.6%}
1187   O                                                                         (1 = 0.3%) {72.4%}
1433   ... 
3043   O                                                                         (1 = 0.3%) {72.6%}
3673   O                                                                         (1 = 0.3%) {72.9%}
4434   -O                                                                        (2 = 0.6%) {73.2%}
5353   O                                                                         (0 = 0.0%) {73.8%}
6462   O                                                                         (1 = 0.3%) {73.8%}
7801   ----------O                                                               (23 = 6.8%) {74.1%}
9417   ---------------------O                                                    (45 = 13.2%) {80.9%}
11368  ----O                                                                     (9 = 2.6%) {94.1%}
13724  ---O                                                                      (6 = 1.8%) {96.8%}
16567  --O                                                                       (5 = 1.5%) {98.5%}
20000  O                                                                         (0 = 0.0%) {100.0%}

Histogram: PerformanceMonitor.AverageCPU8.Total.ZeroWindow recorded 340 samples, mean = 3516.7 (flags = 0x41)
0      ... 
674    ------------------------------------------------------------------------O (158 = 46.5%) {0.0%}
814    ----------------------O                                                   (48 = 14.1%) {46.5%}
983    ------------------O                                                       (40 = 11.8%) {60.6%}
1187   O                                                                         (1 = 0.3%) {72.4%}
1433   ... 
3043   O                                                                         (1 = 0.3%) {72.6%}
3673   O                                                                         (1 = 0.3%) {72.9%}
4434   -O                                                                        (2 = 0.6%) {73.2%}
5353   O                                                                         (0 = 0.0%) {73.8%}
6462   O                                                                         (1 = 0.3%) {73.8%}
7801   ----------O                                                               (23 = 6.8%) {74.1%}
9417   ---------------------O                                                    (45 = 13.2%) {80.9%}
11368  ----O                                                                     (9 = 2.6%) {94.1%}
13724  ---O                                                                      (6 = 1.8%) {96.8%}
16567  --O                                                                       (5 = 1.5%) {98.5%}
20000  O                                                                         (0 = 0.0%) {100.0%}

Histogram: PerformanceMonitor.AverageCPU8.UtilityProcess recorded 340 samples, mean = 5.8 (flags = 0x41)
0     ------------------------------------------------------------------------O (339 = 99.7%)
1     ... 
1730  O                                                                         (1 = 0.3%) {99.7%}
2088  ... 

Histogram: PerformanceMonitor.HasPreciseCPUUsage recorded 12 samples, mean = 1.0 (flags = 0x41)
0  O                                                                         (0 = 0.0%)
1  ------------O                                                             (12 = 100.0%) {0.0%}
2  O                                                                         (0 = 0.0%) {100.0%}

Histogram: PerformanceMonitor.UsageScenario.LongInterval recorded 340 samples, mean = 13.0 (flags = 0x41)
0   ... 
13  ------------------------------------------------------------------------O (340 = 100.0%) {0.0%}
14  ... 

Histogram: Permissions.API.CreatedPermissionStatusObjects recorded 1 samples, mean = 0.0 (flags = 0x41)
0  -O                                                                        (1 = 100.0%)
1  ... 

Histogram: Permissions.Experimental.PrimaryMainNavigationFinished.AudioCapture.TopLevelHeaderPolicy recorded 2 samples, mean = 2.5 (flags = 0x41)
0  -O                                                                        (1 = 50.0%)
1  ... 
5  -O                                                                        (1 = 50.0%) {50.0%}
6  O                                                                         (0 = 0.0%) {100.0%}

Histogram: Permissions.Experimental.PrimaryMainNavigationFinished.Geolocation.TopLevelHeaderPolicy recorded 2 samples, mean = 2.5 (flags = 0x41)
0  -O                                                                        (1 = 50.0%)
1  ... 
5  -O                                                                        (1 = 50.0%) {50.0%}
6  O                                                                         (0 = 0.0%) {100.0%}

Histogram: Permissions.Experimental.PrimaryMainNavigationFinished.VideoCapture.TopLevelHeaderPolicy recorded 2 samples, mean = 2.5 (flags = 0x41)
0  -O                                                                        (1 = 50.0%)
1  ... 
5  -O                                                                        (1 = 50.0%) {50.0%}
6  O                                                                         (0 = 0.0%) {100.0%}

Histogram: Permissions.QuietNotificationPrompts.RegularProfile.IsEnabledInPrefs recorded 1 samples, mean = 0.0 (flags = 0x41)
0  -O                                                                        (1 = 100.0%)
1  ... 

Histogram: Platform.IntelMaxMicroArchitecture recorded 1 samples, mean = 10.0 (flags = 0x41)
0   ... 
10  -O                                                                        (1 = 100.0%) {0.0%}
11  ... 

Histogram: Power.BatteryDischargeGranularityIsOrdered recorded 1024 samples, mean = 1.0 (flags = 0x41)
0  O                                                                         (0 = 0.0%)
1  ------------------------------------------------------------------------O (1024 = 100.0%) {0.0%}
2  O                                                                         (0 = 0.0%) {100.0%}

Histogram: Power.BatteryDischargeMode5 recorded 682 samples, mean = 1.0 (flags = 0x41)
0  O                                                                         (0 = 0.0%)
1  ------------------------------------------------------------------------O (682 = 100.0%) {0.0%}
2  ... 

Histogram: Power.BatteryDischargeMode5.Initial recorded 1 samples, mean = 1.0 (flags = 0x41)
0  O                                                                         (0 = 0.0%)
1  -O                                                                        (1 = 100.0%) {0.0%}
2  ... 

Histogram: Power.BatteryDischargeMode5.Periodic recorded 681 samples, mean = 1.0 (flags = 0x41)
0  O                                                                         (0 = 0.0%)
1  ------------------------------------------------------------------------O (681 = 100.0%) {0.0%}
2  ... 

Histogram: Power.BatteryDischargeMode5.TenMinutes recorded 67 samples, mean = 1.0 (flags = 0x41)
0  O                                                                         (0 = 0.0%)
1  -------------------------------------------------------------------O      (67 = 100.0%) {0.0%}
2  ... 

Histogram: Power.BatteryDischargeMode5.ZeroWindow recorded 682 samples, mean = 1.0 (flags = 0x41)
0  O                                                                         (0 = 0.0%)
1  ------------------------------------------------------------------------O (682 = 100.0%) {0.0%}
2  ... 

Histogram: Power.BatteryDischargeMode5.ZeroWindow.Initial recorded 1 samples, mean = 1.0 (flags = 0x41)
0  O                                                                         (0 = 0.0%)
1  -O                                                                        (1 = 100.0%) {0.0%}
2  ... 

Histogram: Power.BatteryDischargeMode5.ZeroWindow.Periodic recorded 681 samples, mean = 1.0 (flags = 0x41)
0  O                                                                         (0 = 0.0%)
1  ------------------------------------------------------------------------O (681 = 100.0%) {0.0%}
2  ... 

Histogram: Power.HasPreciseBatteryDischargeGranularity recorded 682 samples, mean = 0.0 (flags = 0x41)
0  ------------------------------------------------------------------------O (682 = 100.0%)
1  ... 

Histogram: Prefs.JSonStore.SetValueKey recorded 65 samples (flags = 0x41)
174384190   --O                                                                       (2 = 3.1%)
372921139   ---O                                                                      (3 = 4.6%)
852125461   --O                                                                       (2 = 3.1%)
1526276751  ---O                                                                      (3 = 4.6%)
1923415074  -----------------------------------------------O                          (47 = 72.3%)
1927273959  -O                                                                        (1 = 1.5%)
1936820420  --O                                                                       (2 = 3.1%)
1956100443  ---O                                                                      (3 = 4.6%)
2056672062  -O                                                                        (1 = 1.5%)
2082524502  -O                                                                        (1 = 1.5%)

Histogram: Privacy.CookieControlsSetting.RegularProfile recorded 1 samples, mean = 2.0 (flags = 0x41)
0  ... 
2  -O                                                                        (1 = 100.0%) {0.0%}
3  O                                                                         (0 = 0.0%) {100.0%}

Histogram: Privacy.DIPS.BounceCategoryServer.Block3PC recorded 1 samples, mean = 0.0 (flags = 0x41)
0  -O                                                                        (1 = 100.0%)
1  ... 

Histogram: Privacy.DIPS.ClearedSitesCount.Block3PC recorded 12 samples, mean = 0.0 (flags = 0x41)
0  ------------O                                                             (12 = 100.0%)
1  ... 

Histogram: Privacy.DIPS.DIPSErrorCodes recorded 8 samples, mean = 2.2 (flags = 0x41)
0  -----O                                                                    (5 = 62.5%)
1  ... 
6  ---O                                                                      (3 = 37.5%) {62.5%}
7  ... 

Histogram: Privacy.DIPS.Database.Operation.FilterSitesWithProtectiveEventTime recorded 1 samples, mean = 0.0 (flags = 0x41)
0  -O                                                                        (1 = 100.0%)
1  ... 

Histogram: Privacy.DIPS.Database.Operation.GetSitesThatBouncedWithStateTime recorded 12 samples, mean = 0.0 (flags = 0x41)
0  ------------O                                                             (12 = 100.0%)
1  ... 

Histogram: Privacy.DIPS.Database.Operation.InitTime recorded 1 samples, mean = 3.0 (flags = 0x41)
0  ... 
3  -O                                                                        (1 = 100.0%) {0.0%}
4  ... 

Histogram: Privacy.DIPS.Database.Operation.ReadPopupTime recorded 1 samples, mean = 0.0 (flags = 0x41)
0  -O                                                                        (1 = 100.0%)
1  ... 

Histogram: Privacy.DIPS.Database.Operation.ReadTime recorded 6 samples, mean = 0.0 (flags = 0x41)
0  ------O                                                                   (6 = 100.0%)
1  ... 

Histogram: Privacy.DIPS.Database.Operation.RemoveRowsTime recorded 1 samples, mean = 3.0 (flags = 0x41)
0  ... 
3  -O                                                                        (1 = 100.0%) {0.0%}
4  ... 

Histogram: Privacy.DIPS.Database.Operation.WriteTime recorded 3 samples, mean = 8.7 (flags = 0x41)
0   ... 
3   -O                                                                        (1 = 33.3%) {0.0%}
4   -O                                                                        (1 = 33.3%) {33.3%}
5   ... 
17  -O                                                                        (1 = 33.3%) {66.7%}
20  ... 

Histogram: Privacy.DIPS.DatabaseEntryCount recorded 1 samples, mean = 1.0 (flags = 0x41)
0  O                                                                         (0 = 0.0%)
1  -O                                                                        (1 = 100.0%) {0.0%}
2  ... 

Histogram: Privacy.DIPS.DatabaseHealthMetricsTime recorded 1 samples, mean = 0.0 (flags = 0x41)
0  -O                                                                        (1 = 100.0%)
1  ... 

Histogram: Privacy.DIPS.DatabaseInit recorded 1 samples, mean = 1.0 (flags = 0x41)
0  O                                                                         (0 = 0.0%)
1  -O                                                                        (1 = 100.0%) {0.0%}
2  ... 

Histogram: Privacy.DIPS.DatabaseSize recorded 1 samples, mean = 36.0 (flags = 0x41)
0  -O                                                                        (1 = 100.0%)
1000... 

Histogram: Privacy.DoNotTrackSetting2 recorded 1 samples, mean = 0.0 (flags = 0x41)
0  -O                                                                        (1 = 100.0%)
1  ... 

Histogram: Privacy.ThirdPartyCookieBlockingSetting.RegularProfile recorded 1 samples, mean = 0.0 (flags = 0x41)
0  -O                                                                        (1 = 100.0%)
1  ... 

Histogram: PrivacyBudget.Identifiability.FinchConfigValidationResult recorded 1 samples, mean = 1.0 (flags = 0x41)
0  O                                                                         (0 = 0.0%)
1  -O                                                                        (1 = 100.0%) {0.0%}
2  O                                                                         (0 = 0.0%) {100.0%}

Histogram: PrivacyBudget.Identifiability.RecordedSample recorded 161 samples, mean = 0.7 (flags = 0x41)
0  ------------------------------------------------------------------------O (125 = 77.6%)
1  ... 
3  ---------------------O                                                    (36 = 22.4%) {77.6%}
4  O                                                                         (0 = 0.0%) {100.0%}

Histogram: PrivacySandbox.NoticeRequirement.IsVariationCountryEmpty recorded 3 samples, mean = 1.0 (flags = 0x41)
0  O                                                                         (0 = 0.0%)
1  ---O                                                                      (3 = 100.0%) {0.0%}
2  O                                                                         (0 = 0.0%) {100.0%}

Histogram: PrivacySandbox.NoticeRequirement.IsVariationServiceReady recorded 3 samples, mean = 1.0 (flags = 0x41)
0  O                                                                         (0 = 0.0%)
1  ---O                                                                      (3 = 100.0%) {0.0%}
2  O                                                                         (0 = 0.0%) {100.0%}

Histogram: PrivacySandbox.TrackingProtection.OnboardingStartup.State recorded 1 samples, mean = 0.0 (flags = 0x41)
0  -O                                                                        (1 = 100.0%)
1  ... 

Histogram: PrivacySandbox.TrackingProtection.SilentOnboardingStartup.State recorded 1 samples, mean = 0.0 (flags = 0x41)
0  -O                                                                        (1 = 100.0%)
1  ... 

Histogram: Profile.AppCount recorded 1 samples, mean = 0.0 (flags = 0x41)
0  -O                                                                        (1 = 100.0%)
1  ... 

Histogram: Profile.BookmarksSize recorded 1 samples, mean = 0.0 (flags = 0x41)
0  -O                                                                        (1 = 100.0%)
1  ... 

Histogram: Profile.CookiesSize recorded 1 samples, mean = 0.0 (flags = 0x41)
0  -O                                                                        (1 = 100.0%)
1  ... 

Histogram: Profile.Destroyer.OffTheRecord recorded 1 samples, mean = 1.0 (flags = 0x41)
0  O                                                                         (0 = 0.0%)
1  -O                                                                        (1 = 100.0%) {0.0%}
2  ... 

Histogram: Profile.DidDestroyProfileBeforeShutdown recorded 1 samples, mean = 0.0 (flags = 0x41)
0  -O                                                                        (1 = 100.0%)
1  ... 

Histogram: Profile.ExtensionSize recorded 1 samples, mean = 0.0 (flags = 0x41)
0  -O                                                                        (1 = 100.0%)
1  ... 

Histogram: Profile.FaviconsSize recorded 1 samples, mean = 0.0 (flags = 0x41)
0  -O                                                                        (1 = 100.0%)
1  ... 

Histogram: Profile.HistorySize recorded 1 samples, mean = 0.0 (flags = 0x41)
0  -O                                                                        (1 = 100.0%)
1  ... 

Histogram: Profile.KeepAliveLeakAtShutdown recorded 2 samples, mean = 3.5 (flags = 0x41)
0  -O                                                                        (1 = 50.0%)
1  ... 
7  -O                                                                        (1 = 50.0%) {50.0%}
8  ... 

Histogram: Profile.LiveProfileCount recorded 22 samples, mean = 1.0 (flags = 0x41)
0  O                                                                         (0 = 0.0%)
1  ----------------------O                                                   (22 = 100.0%) {0.0%}
2  ... 

Histogram: Profile.TopSitesSize recorded 1 samples, mean = 0.0 (flags = 0x41)
0  -O                                                                        (1 = 100.0%)
1  ... 

Histogram: Profile.TotalHistorySize recorded 1 samples, mean = 0.0 (flags = 0x41)
0  -O                                                                        (1 = 100.0%)
1  ... 

Histogram: Profile.TotalSize recorded 1 samples, mean = 0.0 (flags = 0x41)
0  -O                                                                        (1 = 100.0%)
1  ... 

Histogram: Profile.TotalSizeRecursive recorded 1 samples, mean = 16.0 (flags = 0x41)
0   ... 
14  -O                                                                        (1 = 100.0%) {0.0%}
17  ... 

Histogram: Profile.TriggeredReset recorded 1 samples, mean = 0.0 (flags = 0x41)
0  -O                                                                        (1 = 100.0%)
1  ... 

Histogram: Profile.VisitedLinksSize recorded 1 samples, mean = 0.0 (flags = 0x41)
0  -O                                                                        (1 = 100.0%)
1  ... 

Histogram: Profile.WebDataSize recorded 1 samples, mean = 0.0 (flags = 0x41)
0  -O                                                                        (1 = 100.0%)
1  ... 

Histogram: Profile.ZombieProfileCount recorded 22 samples, mean = 0.0 (flags = 0x41)
0  ----------------------O                                                   (22 = 100.0%)
1  ... 

Histogram: ProfilePicker.StartupMode.CreateInitialProfile recorded 1 samples, mean = 0.0 (flags = 0x41)
0  -O                                                                        (1 = 100.0%)
1  ... 

Histogram: ProfilePicker.StartupMode.GetStartupProfile recorded 1 samples, mean = 0.0 (flags = 0x41)
0  -O                                                                        (1 = 100.0%)
1  ... 

Histogram: ProfilePicker.StartupReason.GetStartupProfile recorded 1 samples, mean = 27.0 (flags = 0x41)
0   ... 
27  -O                                                                        (1 = 100.0%) {0.0%}
28  ... 

Histogram: ProtoDB.DestroySuccess.DownloadDB recorded 3 samples, mean = 1.0 (flags = 0x41)
0  O                                                                         (0 = 0.0%)
1  ---O                                                                      (3 = 100.0%) {0.0%}
2  O                                                                         (0 = 0.0%) {100.0%}

Histogram: ProtoDB.DestroySuccess.DownloadService recorded 1 samples, mean = 1.0 (flags = 0x41)
0  O                                                                         (0 = 0.0%)
1  -O                                                                        (1 = 100.0%) {0.0%}
2  O                                                                         (0 = 0.0%) {100.0%}

Histogram: ProtoDB.DestroySuccess.PreviewsHintCacheStore recorded 1 samples, mean = 1.0 (flags = 0x41)
0  O                                                                         (0 = 0.0%)
1  -O                                                                        (1 = 100.0%) {0.0%}
2  O                                                                         (0 = 0.0%) {100.0%}

Histogram: ProtoDB.InitStatus.BudgetManager recorded 1 samples, mean = 4.0 (flags = 0x41)
0  ... 
4  -O                                                                        (1 = 100.0%) {0.0%}
5  ... 

Histogram: ProtoDB.InitStatus.CartDatabase recorded 1 samples, mean = 4.0 (flags = 0x41)
0  ... 
4  -O                                                                        (1 = 100.0%) {0.0%}
5  ... 

Histogram: ProtoDB.InitStatus.ClientCertificatesDatabase recorded 1 samples, mean = 4.0 (flags = 0x41)
0  ... 
4  -O                                                                        (1 = 100.0%) {0.0%}
5  ... 

Histogram: ProtoDB.InitStatus.CommerceParcelTrackingDatabase recorded 1 samples, mean = 4.0 (flags = 0x41)
0  ... 
4  -O                                                                        (1 = 100.0%) {0.0%}
5  ... 

Histogram: ProtoDB.InitStatus.CommerceSubscriptionDatabase recorded 1 samples, mean = 4.0 (flags = 0x41)
0  ... 
4  -O                                                                        (1 = 100.0%) {0.0%}
5  ... 

Histogram: ProtoDB.InitStatus.CouponDatabase recorded 1 samples, mean = 4.0 (flags = 0x41)
0  ... 
4  -O                                                                        (1 = 100.0%) {0.0%}
5  ... 

Histogram: ProtoDB.InitStatus.DiscountsDatabase recorded 1 samples, mean = 4.0 (flags = 0x41)
0  ... 
4  -O                                                                        (1 = 100.0%) {0.0%}
5  ... 

Histogram: ProtoDB.InitStatus.DownloadDB recorded 3 samples, mean = 4.0 (flags = 0x41)
0  ... 
4  ---O                                                                      (3 = 100.0%) {0.0%}
5  ... 

Histogram: ProtoDB.InitStatus.DownloadService recorded 2 samples, mean = 4.0 (flags = 0x41)
0  ... 
4  --O                                                                       (2 = 100.0%) {0.0%}
5  ... 

Histogram: ProtoDB.InitStatus.FeatureEngagementTrackerAvailabilityStore recorded 1 samples, mean = 4.0 (flags = 0x41)
0  ... 
4  -O                                                                        (1 = 100.0%) {0.0%}
5  ... 

Histogram: ProtoDB.InitStatus.FeatureEngagementTrackerEventStore recorded 1 samples, mean = 4.0 (flags = 0x41)
0  ... 
4  -O                                                                        (1 = 100.0%) {0.0%}
5  ... 

Histogram: ProtoDB.InitStatus.Metadata recorded 4 samples, mean = 5.0 (flags = 0x41)
0  ... 
5  ----O                                                                     (4 = 100.0%) {0.0%}
6  O                                                                         (0 = 0.0%) {100.0%}

Histogram: ProtoDB.InitStatus.PersistentOriginTrials recorded 1 samples, mean = 4.0 (flags = 0x41)
0  ... 
4  -O                                                                        (1 = 100.0%) {0.0%}
5  ... 

Histogram: ProtoDB.InitStatus.PreviewsHintCacheStore recorded 1 samples, mean = 4.0 (flags = 0x41)
0  ... 
4  -O                                                                        (1 = 100.0%) {0.0%}
5  ... 

Histogram: ProtoDB.InitStatus.SegmentInfoDatabase recorded 1 samples, mean = 4.0 (flags = 0x41)
0  ... 
4  -O                                                                        (1 = 100.0%) {0.0%}
5  ... 

Histogram: ProtoDB.InitStatus.SignalDatabase recorded 1 samples, mean = 4.0 (flags = 0x41)
0  ... 
4  -O                                                                        (1 = 100.0%) {0.0%}
5  ... 

Histogram: ProtoDB.InitStatus.SignalStorageConfigDatabase recorded 1 samples, mean = 4.0 (flags = 0x41)
0  ... 
4  -O                                                                        (1 = 100.0%) {0.0%}
5  ... 

Histogram: ProtoDB.InitStatus.StrikeService recorded 4 samples, mean = 4.0 (flags = 0x41)
0  ... 
4  ----O                                                                     (4 = 100.0%) {0.0%}
5  ... 

Histogram: ProtoDB.SharedDbInitStatus recorded 77 samples, mean = 9.4 (flags = 0x41)
0   ---------------------------O                                              (27 = 35.1%)
1   ... 
3   -----------------------O                                                  (23 = 29.9%) {35.1%}
4   ... 
24  -----------------------O                                                  (23 = 29.9%) {64.9%}
25  O                                                                         (0 = 0.0%) {94.8%}
26  ----O                                                                     (4 = 5.2%) {94.8%}
27  ... 

Histogram: Quota.AvailableDiskSpace recorded 34 samples, mean = 435178.7 (flags = 0x41)
0       ... 
412711  ----------------------------------O                                       (34 = 100.0%) {0.0%}
481447  ... 

Histogram: Quota.AvailableDiskSpace2 recorded 11 samples, mean = 435178.4 (flags = 0x41)
0       ... 
412711  -----------O                                                              (11 = 100.0%) {0.0%}
481447  ... 

Histogram: Quota.EvictedBucketsPerHour recorded 11 samples, mean = 0.0 (flags = 0x41)
0  -----------O                                                              (11 = 100.0%)
1  ... 

Histogram: Quota.EvictionRoundsPerHour recorded 11 samples, mean = 2.0 (flags = 0x41)
0  ... 
2  -----------O                                                              (11 = 100.0%) {0.0%}
3  ... 

Histogram: Quota.GlobalTemporaryPoolSize recorded 23 samples, mean = 819198.9 (flags = 0x41)
0       ... 
764286  -----------------------O                                                  (23 = 100.0%) {0.0%}
891576  ... 

Histogram: Quota.GlobalUsageOfTemporaryStorage recorded 11 samples, mean = 0.0 (flags = 0x41)
0  -----------O                                                              (11 = 100.0%)
1  ... 

Histogram: Quota.PercentDiskAvailable recorded 34 samples, mean = 42.0 (flags = 0x41)
0   ... 
42  ----------------------------------O                                       (34 = 100.0%) {0.0%}
43  ... 

Histogram: Quota.PercentDiskAvailable2 recorded 11 samples, mean = 42.0 (flags = 0x41)
0   ... 
42  -----------O                                                              (11 = 100.0%) {0.0%}
43  ... 

Histogram: Quota.PercentUsedForTemporaryStorage2 recorded 11 samples, mean = 0.0 (flags = 0x41)
0  -----------O                                                              (11 = 100.0%)
1  ... 

Histogram: Quota.SkippedEvictionRoundsPerHour recorded 11 samples, mean = 2.0 (flags = 0x41)
0  ... 
2  -----------O                                                              (11 = 100.0%) {0.0%}
3  ... 

Histogram: Quota.StorageKeyNonceCount recorded 11 samples, mean = 0.0 (flags = 0x41)
0  -----------O                                                              (11 = 100.0%)
1  ... 

Histogram: Quota.TotalBucketCount recorded 11 samples, mean = 0.0 (flags = 0x41)
0  -----------O                                                              (11 = 100.0%)
1  ... 

Histogram: Quota.TotalDiskSpace recorded 34 samples, mean = 1023999.1 (flags = 0x41)
0       ... 
891576  ----------------------------------O                                       (34 = 100.0%) {0.0%}
1040066 ... 

Histogram: Quota.TotalDiskSpaceIsZero recorded 23 samples, mean = 0.0 (flags = 0x41)
0  -----------------------O                                                  (23 = 100.0%)
1  ... 

Histogram: Renderer.BrowserLaunchToRunLoopStart recorded 3 samples, mean = 68.3 (flags = 0x41)
0   ... 
57  -O                                                                        (1 = 33.3%) {0.0%}
68  --O                                                                       (2 = 66.7%) {33.3%}
81  ... 

Histogram: Renderer.Core.Timing.Performance.SwapsPerPerformanceEntryInsertion recorded 71 samples, mean = 0.8 (flags = 0x41)
0  -----------------------------------O                                      (35 = 49.3%)
1  -----------------------------O                                            (29 = 40.8%) {49.3%}
2  -O                                                                        (1 = 1.4%) {90.1%}
3  --O                                                                       (2 = 2.8%) {91.5%}
4  O                                                                         (0 = 0.0%) {94.4%}
5  ---O                                                                      (3 = 4.2%) {94.4%}
6  O                                                                         (0 = 0.0%) {98.6%}
7  -O                                                                        (1 = 1.4%) {98.6%}
8  ... 

Histogram: Renderer.CriticalFonts.BlockingResourcesLoadTime recorded 1 samples, mean = 779.0 (flags = 0x41)
0    ... 
752  -O                                                                        (1 = 100.0%) {0.0%}
894  ... 

Histogram: Renderer.CriticalFonts.CriticalFontDelay recorded 1 samples, mean = 0.0 (flags = 0x41)
0  -O                                                                        (1 = 100.0%)
1  ... 

Histogram: Renderer.CriticalFonts.PreloadedFontsLoadTime recorded 1 samples, mean = 779.0 (flags = 0x41)
0    ... 
752  -O                                                                        (1 = 100.0%) {0.0%}
894  ... 

Histogram: Renderer.Font.PrimaryFont.DomContentLoaded recorded 2 samples, mean = 0.0 (flags = 0x41)
0  --O                                                                       (2 = 100.0%)
1  ... 

Histogram: Renderer.Font.PrimaryFont.DomContentLoaded.Style recorded 2 samples, mean = 0.0 (flags = 0x41)
0  --O                                                                       (2 = 100.0%)
1  ... 

Histogram: Renderer.Font.SystemFallback.DomContentLoaded recorded 2 samples, mean = 0.0 (flags = 0x41)
0  --O                                                                       (2 = 100.0%)
1  ... 

Histogram: Renderer.Preload.UnusedResource recorded 4 samples, mean = 1.0 (flags = 0x41)
0  O                                                                         (0 = 0.0%)
1  ----O                                                                     (4 = 100.0%) {0.0%}
2  ... 

Histogram: Renderer.Preload.UnusedResource2 recorded 4 samples, mean = 1.0 (flags = 0x41)
0  O                                                                         (0 = 0.0%)
1  ----O                                                                     (4 = 100.0%) {0.0%}
2  ... 

Histogram: Renderer.Preload.UnusedResource2.LinkPreload recorded 4 samples, mean = 1.0 (flags = 0x41)
0  O                                                                         (0 = 0.0%)
1  ----O                                                                     (4 = 100.0%) {0.0%}
2  ... 

Histogram: Renderer.Preload.UnusedResourceCount recorded 4 samples, mean = 1.0 (flags = 0x41)
0  O                                                                         (0 = 0.0%)
1  ----O                                                                     (4 = 100.0%) {0.0%}
2  ... 

Histogram: Renderer.ProcessLifetime3 recorded 6 samples, mean = 13656289.0 (flags = 0x41)
0         ... 
3582      -O                                                                        (1 = 16.7%) {0.0%}
4023      ... 
6399      -O                                                                        (1 = 16.7%) {16.7%}
7186      ... 
51612     -O                                                                        (1 = 16.7%) {33.3%}
57959     -O                                                                        (1 = 16.7%) {50.0%}
65087     ... 
38363179  --O                                                                       (2 = 33.3%) {66.7%}
43081012  ... 

Histogram: Renderer.ProcessLifetime3.Empty recorded 1 samples, mean = 40877652.0 (flags = 0x41)
0         ... 
38363179  -O                                                                        (1 = 100.0%) {0.0%}
43081012  ... 

Histogram: Renderer.ProcessLifetime3.MainFrame recorded 2 samples, mean = 20497848.0 (flags = 0x41)
0         ... 
57959     -O                                                                        (1 = 50.0%) {0.0%}
65087     ... 
38363179  -O                                                                        (1 = 50.0%) {50.0%}
43081012  ... 

Histogram: Renderer.ProcessLifetime3.Speculative recorded 2 samples, mean = 5320.5 (flags = 0x41)
0     ... 
3582  -O                                                                        (1 = 50.0%) {0.0%}
4023  ... 
6399  -O                                                                        (1 = 50.0%) {50.0%}
7186  ... 

Histogram: Renderer.ProcessLifetime3.Subframe_NoAd recorded 1 samples, mean = 53752.0 (flags = 0x41)
0      ... 
51612  -O                                                                        (1 = 100.0%) {0.0%}
57959  ... 

Histogram: Renderer.ReduceSubresourceResponseIPC.DidNotifyBrowser recorded 59 samples, mean = 1.0 (flags = 0x41)
0  O                                                                         (0 = 0.0%)
1  -----------------------------------------------------------O              (59 = 100.0%) {0.0%}
2  O                                                                         (0 = 0.0%) {100.0%}

Histogram: Renderer.RenderThreadImpl.Init recorded 3 samples, mean = 7.7 (flags = 0x41)
0  ... 
7  -O                                                                        (1 = 33.3%) {0.0%}
8  --O                                                                       (2 = 66.7%) {33.3%}
10 ... 

Histogram: Renderer4.GpuRasterizationEnabled recorded 3 samples, mean = 1.0 (flags = 0x41)
0  O                                                                         (0 = 0.0%)
1  ---O                                                                      (3 = 100.0%) {0.0%}
2  O                                                                         (0 = 0.0%) {100.0%}

Histogram: RendererScheduler.RendererMainThreadLoad5 recorded 81950 samples, mean = 0.0 (flags = 0x41)
0    ------------------------------------------------------------------------O (81859 = 99.9%)
1    O                                                                         (42 = 0.1%) {99.9%}
2    O                                                                         (18 = 0.0%) {99.9%}
3    O                                                                         (7 = 0.0%) {100.0%}
4    O                                                                         (8 = 0.0%) {100.0%}
5    O                                                                         (3 = 0.0%) {100.0%}
6    O                                                                         (0 = 0.0%) {100.0%}
7    O                                                                         (1 = 0.0%) {100.0%}
8    O                                                                         (0 = 0.0%) {100.0%}
9    O                                                                         (1 = 0.0%) {100.0%}
10   ... 
14   O                                                                         (1 = 0.0%) {100.0%}
15   ... 
19   O                                                                         (1 = 0.0%) {100.0%}
20   O                                                                         (1 = 0.0%) {100.0%}
21   ... 
58   O                                                                         (1 = 0.0%) {100.0%}
59   ... 
76   O                                                                         (1 = 0.0%) {100.0%}
77   O                                                                         (0 = 0.0%) {100.0%}
78   O                                                                         (1 = 0.0%) {100.0%}
79   ... 
100  O                                                                         (5 = 0.0%) {100.0%}
101  O                                                                         (0 = 0.0%) {100.0%}

Histogram: RendererScheduler.RendererMainThreadLoad5.Background recorded 40952 samples, mean = 0.0 (flags = 0x41)
0  ------------------------------------------------------------------------O (40951 = 100.0%)
1  O                                                                         (1 = 0.0%) {100.0%}
2  ... 

Histogram: RendererScheduler.RendererMainThreadLoad5.Background.AfterFifthMinute recorded 40578 samples, mean = 0.0 (flags = 0x41)
0  ------------------------------------------------------------------------O (40578 = 100.0%)
1  ... 

Histogram: RendererScheduler.RendererMainThreadLoad5.Background.AfterFirstMinute recorded 40818 samples, mean = 0.0 (flags = 0x41)
0  ------------------------------------------------------------------------O (40818 = 100.0%)
1  ... 

Histogram: RendererScheduler.RendererMainThreadLoad5.Background.AfterTenthMinute recorded 40278 samples, mean = 0.0 (flags = 0x41)
0  ------------------------------------------------------------------------O (40278 = 100.0%)
1  ... 

Histogram: RendererScheduler.RendererMainThreadLoad5.Foreground recorded 40930 samples, mean = 0.0 (flags = 0x41)
0    ------------------------------------------------------------------------O (40898 = 99.9%)
1    O                                                                         (22 = 0.1%) {99.9%}
2    ... 
10   O                                                                         (1 = 0.0%) {100.0%}
11   ... 
17   O                                                                         (1 = 0.0%) {100.0%}
18   ... 
20   O                                                                         (1 = 0.0%) {100.0%}
21   ... 
62   O                                                                         (1 = 0.0%) {100.0%}
63   ... 
76   O                                                                         (1 = 0.0%) {100.0%}
77   ... 
100  O                                                                         (5 = 0.0%) {100.0%}
101  O                                                                         (0 = 0.0%) {100.0%}

Histogram: RendererScheduler.RendererMainThreadLoad5.Foreground.AfterFirstMinute recorded 40818 samples, mean = 0.0 (flags = 0x41)
0  ------------------------------------------------------------------------O (40818 = 100.0%)
1  ... 

Histogram: ReportingAndNEL.NumberOfLoadedNELPolicies recorded 1 samples, mean = 0.0 (flags = 0x41)
0  -O                                                                        (1 = 100.0%)
1  ... 

Histogram: ReportingAndNEL.NumberOfLoadedNELPolicies2 recorded 1 samples, mean = 0.0 (flags = 0x41)
0  -O                                                                        (1 = 100.0%)
1  ... 

Histogram: ReportingAndNEL.TimeInitializeDB recorded 1 samples, mean = 3.0 (flags = 0x41)
0  ... 
3  -O                                                                        (1 = 100.0%) {0.0%}
4  ... 

Histogram: ResourceScheduler.RequestQueuingDuration.Priority1 recorded 10 samples, mean = 0.0 (flags = 0x41)
0  ----------O                                                               (10 = 100.0%)
1  ... 

Histogram: ResourceScheduler.RequestQueuingDuration.Priority2 recorded 32 samples, mean = 244.8 (flags = 0x41)
0    ---------O                                                                (9 = 28.1%)
1    ... 
107  ----O                                                                     (4 = 12.5%) {28.1%}
136  O                                                                         (0 = 0.0%) {40.6%}
173  -----O                                                                    (5 = 15.6%) {40.6%}
220  ---O                                                                      (3 = 9.4%) {56.2%}
280  -O                                                                        (1 = 3.1%) {65.6%}
356  --O                                                                       (2 = 6.2%) {68.8%}
452  -------O                                                                  (7 = 21.9%) {75.0%}
574  -O                                                                        (1 = 3.1%) {96.9%}
729  ... 

Histogram: ResourceScheduler.RequestQueuingDuration.Priority3 recorded 1 samples, mean = 31.0 (flags = 0x41)
0   ... 
25  -O                                                                        (1 = 100.0%) {0.0%}
32  ... 

Histogram: ResourceScheduler.RequestQueuingDuration.Priority4 recorded 16 samples, mean = 0.0 (flags = 0x41)
0  ----------------O                                                         (16 = 100.0%)
1  ... 

Histogram: ResourceScheduler.RequestQueuingDuration.Priority5 recorded 19 samples, mean = 0.0 (flags = 0x41)
0  -------------------O                                                      (19 = 100.0%)
1  ... 

Histogram: SBClientPhishing.Classifier.Event recorded 4 samples, mean = 1.0 (flags = 0x41)
0  O                                                                         (0 = 0.0%)
1  ----O                                                                     (4 = 100.0%) {0.0%}
2  ... 

Histogram: SBClientPhishing.HighConfidenceAllowlistCheckDuration recorded 2 samples, mean = 66.5 (flags = 0x41)
0   ... 
66  --O                                                                       (2 = 100.0%) {0.0%}
84  ... 

Histogram: SBClientPhishing.ImageEmbedder.Event recorded 4 samples, mean = 1.0 (flags = 0x41)
0  O                                                                         (0 = 0.0%)
1  ----O                                                                     (4 = 100.0%) {0.0%}
2  ... 

Histogram: SBClientPhishing.LoadReportTimesFromPrefAtServiceCreationSuccessful recorded 1 samples, mean = 1.0 (flags = 0x41)
0  O                                                                         (0 = 0.0%)
1  -O                                                                        (1 = 100.0%) {0.0%}
2  O                                                                         (0 = 0.0%) {100.0%}

Histogram: SBClientPhishing.MatchHighConfidenceAllowlist recorded 2 samples, mean = 3.0 (flags = 0x41)
0  ... 
3  --O                                                                       (2 = 100.0%) {0.0%}
4  O                                                                         (0 = 0.0%) {100.0%}

Histogram: SBClientPhishing.MatchHighConfidenceAllowlist.TriggerModel recorded 2 samples, mean = 3.0 (flags = 0x41)
0  ... 
3  --O                                                                       (2 = 100.0%) {0.0%}
4  O                                                                         (0 = 0.0%) {100.0%}

Histogram: SBClientPhishing.PreClassificationCheckResult recorded 2 samples, mean = 3.0 (flags = 0x41)
0  ... 
3  --O                                                                       (2 = 100.0%) {0.0%}
4  ... 

Histogram: SBIRS.DroppedIncident recorded 2 samples, mean = 1.0 (flags = 0x41)
0  O                                                                         (0 = 0.0%)
1  --O                                                                       (2 = 100.0%) {0.0%}
2  ... 

Histogram: SBIRS.ReceivedIncident recorded 2 samples, mean = 1.0 (flags = 0x41)
0  O                                                                         (0 = 0.0%)
1  --O                                                                       (2 = 100.0%) {0.0%}
2  ... 

Histogram: SSL.Experimental.SubresourceResponse recorded 59 samples, mean = 0.0 (flags = 0x41)
0  -----------------------------------------------------------O              (59 = 100.0%)
1  ... 

Histogram: SafeBrowsing.AsyncCheck.CommittedNavigationIdsSize recorded 11 samples, mean = 3.3 (flags = 0x41)
0  -O                                                                        (1 = 9.1%)
1  ---O                                                                      (3 = 27.3%) {9.1%}
2  -O                                                                        (1 = 9.1%) {36.4%}
3  -O                                                                        (1 = 9.1%) {45.5%}
4  -O                                                                        (1 = 9.1%) {54.5%}
5  -O                                                                        (1 = 9.1%) {63.6%}
6  --O                                                                       (2 = 18.2%) {72.7%}
7  -O                                                                        (1 = 9.1%) {90.9%}
8  ... 

Histogram: SafeBrowsing.BrowserThrottle.CheckerOnIOLifetime recorded 2 samples, mean = 3775.0 (flags = 0x41)
0     ... 
356   -O                                                                        (1 = 50.0%) {0.0%}
452   ... 
6296  -O                                                                        (1 = 50.0%) {50.0%}
8000  ... 

Histogram: SafeBrowsing.BrowserThrottle.IntervalBetweenStartAndProcess recorded 2 samples, mean = 3775.0 (flags = 0x41)
0     ... 
378   -O                                                                        (1 = 50.0%) {0.0%}
449   ... 
7083  -O                                                                        (1 = 50.0%) {50.0%}
8416  ... 

Histogram: SafeBrowsing.BrowserThrottle.IntervalBetweenStartAndProcess.FromNetwork recorded 2 samples, mean = 3775.0 (flags = 0x41)
0     ... 
378   -O                                                                        (1 = 50.0%) {0.0%}
449   ... 
7083  -O                                                                        (1 = 50.0%) {50.0%}
8416  ... 

Histogram: SafeBrowsing.BrowserThrottle.IsCheckCompletedOnProcessResponse recorded 6 samples, mean = 1.0 (flags = 0x41)
0  O                                                                         (0 = 0.0%)
1  ------O                                                                   (6 = 100.0%) {0.0%}
2  O                                                                         (0 = 0.0%) {100.0%}

Histogram: SafeBrowsing.BrowserThrottle.RequestDestination recorded 6 samples, mean = 12.2 (flags = 0x41)
0   ... 
3   --O                                                                       (2 = 33.3%) {0.0%}
4   ... 
7   -O                                                                        (1 = 16.7%) {33.3%}
8   ... 
20  ---O                                                                      (3 = 50.0%) {50.0%}
21  ... 

Histogram: SafeBrowsing.BrowserThrottle.RequestDestination.Checked recorded 2 samples, mean = 3.0 (flags = 0x41)
0  ... 
3  --O                                                                       (2 = 100.0%) {0.0%}
4  ... 

Histogram: SafeBrowsing.BrowserThrottle.RequestDestination.Skipped recorded 4 samples, mean = 16.8 (flags = 0x41)
0   ... 
7   -O                                                                        (1 = 25.0%) {0.0%}
8   ... 
20  ---O                                                                      (3 = 75.0%) {25.0%}
21  ... 

Histogram: SafeBrowsing.BrowserThrottle.TotalDelay2.FromNetwork recorded 2 samples, mean = 0.0 (flags = 0x41)
0  --O                                                                       (2 = 100.0%)
1  ... 

Histogram: SafeBrowsing.BrowserThrottle.TotalDelay2.HashPrefixDatabaseCheck recorded 3 samples, mean = 0.0 (flags = 0x41)
0  ---O                                                                      (3 = 100.0%)
1  ... 

Histogram: SafeBrowsing.BrowserThrottle.WillProcessResponseCount recorded 6 samples, mean = 1.0 (flags = 0x41)
0  O                                                                         (0 = 0.0%)
1  ------O                                                                   (6 = 100.0%) {0.0%}
2  ... 

Histogram: SafeBrowsing.CheckBrowseUrl.HasLocalMatch recorded 3 samples, mean = 1.0 (flags = 0x41)
0  O                                                                         (0 = 0.0%)
1  ---O                                                                      (3 = 100.0%) {0.0%}
2  O                                                                         (0 = 0.0%) {100.0%}

Histogram: SafeBrowsing.CheckUrl.Action recorded 3 samples, mean = 0.0 (flags = 0x41)
0  ---O                                                                      (3 = 100.0%)
1  ... 

Histogram: SafeBrowsing.CheckUrl.FirstRequestThreatType2 recorded 1 samples, mean = 1.0 (flags = 0x41)
0  O                                                                         (0 = 0.0%)
1  -O                                                                        (1 = 100.0%) {0.0%}
2  ... 

Histogram: SafeBrowsing.CheckUrl.FirstRequestThreatType2.LocalPVer4 recorded 1 samples, mean = 1.0 (flags = 0x41)
0  O                                                                         (0 = 0.0%)
1  -O                                                                        (1 = 100.0%) {0.0%}
2  ... 

Histogram: SafeBrowsing.CheckUrl.FirstRequestTimedOut recorded 1 samples, mean = 0.0 (flags = 0x41)
0  -O                                                                        (1 = 100.0%)
1  ... 

Histogram: SafeBrowsing.CheckUrl.FirstRequestTimedOut.LocalPVer4 recorded 1 samples, mean = 0.0 (flags = 0x41)
0  -O                                                                        (1 = 100.0%)
1  ... 

Histogram: SafeBrowsing.CheckUrl.IsDocumentCheckPrefetch recorded 3 samples, mean = 0.0 (flags = 0x41)
0  ---O                                                                      (3 = 100.0%)
1  ... 

Histogram: SafeBrowsing.CheckUrl.TimeTaken.HashDatabase recorded 3 samples, mean = 2108.7 (flags = 0x41)
0     -O                                                                        (1 = 33.3%)
1     ... 
3     -O                                                                        (1 = 33.3%) {33.3%}
4     ... 
5961  -O                                                                        (1 = 33.3%) {66.7%}
7083  ... 

Histogram: SafeBrowsing.CheckUrl.Timeout recorded 3 samples, mean = 0.0 (flags = 0x41)
0  ---O                                                                      (3 = 100.0%)
1  ... 

Histogram: SafeBrowsing.CheckUrl.UrlScheme recorded 3 samples, mean = 10.0 (flags = 0x41)
0   ... 
10  ---O                                                                      (3 = 100.0%) {0.0%}
11  ... 

Histogram: SafeBrowsing.ClientSidePhishingDetection.AllowlistMatchResult recorded 2 samples, mean = 1.0 (flags = 0x41)
0  O                                                                         (0 = 0.0%)
1  --O                                                                       (2 = 100.0%) {0.0%}
2  ... 

Histogram: SafeBrowsing.FileTypeUpdate.ResourceBundleResult recorded 1 samples (flags = 0x41)
1  -O                                                                        (1 = 100.0%)

Histogram: SafeBrowsing.FileTypeUpdate.ResourceBundleVersion recorded 1 samples (flags = 0x41)
66  -O                                                                        (1 = 100.0%)

Histogram: SafeBrowsing.HPRT.Cache.FullHashCount recorded 24 samples, mean = 0.0 (flags = 0x41)
0  ------------------------O                                                 (24 = 100.0%)
1  ... 

Histogram: SafeBrowsing.HPRT.Cache.HashPrefixCount recorded 24 samples, mean = 0.0 (flags = 0x41)
0  ------------------------O                                                 (24 = 100.0%)
1  ... 

Histogram: SafeBrowsing.HPRT.Ineligible.FeatureOff recorded 6 samples, mean = 0.0 (flags = 0x41)
0  ------O                                                                   (6 = 100.0%)
1  ... 

Histogram: SafeBrowsing.HPRT.Ineligible.IneligibleForLocation recorded 6 samples, mean = 0.0 (flags = 0x41)
0  ------O                                                                   (6 = 100.0%)
1  ... 

Histogram: SafeBrowsing.HPRT.Ineligible.IneligibleForSessionOrLocation recorded 6 samples, mean = 1.0 (flags = 0x41)
0  O                                                                         (0 = 0.0%)
1  ------O                                                                   (6 = 100.0%) {0.0%}
2  O                                                                         (0 = 0.0%) {100.0%}

Histogram: SafeBrowsing.HPRT.Ineligible.NoGoogleChromeBranding recorded 6 samples, mean = 1.0 (flags = 0x41)
0  O                                                                         (0 = 0.0%)
1  ------O                                                                   (6 = 100.0%) {0.0%}
2  O                                                                         (0 = 0.0%) {100.0%}

Histogram: SafeBrowsing.HPRT.Ineligible.NotAllowedByPolicy recorded 6 samples, mean = 0.0 (flags = 0x41)
0  ------O                                                                   (6 = 100.0%)
1  ... 

Histogram: SafeBrowsing.HPRT.Ineligible.NotStandardProtection recorded 6 samples, mean = 0.0 (flags = 0x41)
0  ------O                                                                   (6 = 100.0%)
1  ... 

Histogram: SafeBrowsing.HPRT.Ineligible.OffTheRecord recorded 6 samples, mean = 0.0 (flags = 0x41)
0  ------O                                                                   (6 = 100.0%)
1  ... 

Histogram: SafeBrowsing.HasCookieAtStartup2 recorded 1 samples, mean = 0.0 (flags = 0x41)
0  -O                                                                        (1 = 100.0%)
1  ... 

Histogram: SafeBrowsing.PageLoadToken.TokenCount recorded 24 samples, mean = 0.0 (flags = 0x41)
0  ------------------------O                                                 (24 = 100.0%)
1  ... 

Histogram: SafeBrowsing.Pref.Enhanced recorded 1 samples, mean = 0.0 (flags = 0x41)
0  -O                                                                        (1 = 100.0%)
1  ... 

Histogram: SafeBrowsing.Pref.Enhanced.RegularProfile recorded 1 samples, mean = 0.0 (flags = 0x41)
0  -O                                                                        (1 = 100.0%)
1  ... 

Histogram: SafeBrowsing.Pref.Extended recorded 1 samples, mean = 0.0 (flags = 0x41)
0  -O                                                                        (1 = 100.0%)
1  ... 

Histogram: SafeBrowsing.Pref.General recorded 1 samples, mean = 1.0 (flags = 0x41)
0  O                                                                         (0 = 0.0%)
1  -O                                                                        (1 = 100.0%) {0.0%}
2  O                                                                         (0 = 0.0%) {100.0%}

Histogram: SafeBrowsing.RT.CacheManager.CleanUpTime recorded 24 samples, mean = 0.0 (flags = 0x41)
0  ------------------------O                                                 (24 = 100.0%)
1  ... 

Histogram: SafeBrowsing.RT.CanCheckDatabase recorded 3 samples, mean = 1.0 (flags = 0x41)
0  O                                                                         (0 = 0.0%)
1  ---O                                                                      (3 = 100.0%) {0.0%}
2  O                                                                         (0 = 0.0%) {100.0%}

Histogram: SafeBrowsing.RT.ConsumerVersionReason recorded 12 samples, mean = 1.0 (flags = 0x41)
0  ------O                                                                   (6 = 50.0%)
1  O                                                                         (0 = 0.0%) {50.0%}
2  ------O                                                                   (6 = 50.0%) {50.0%}
3  ... 

Histogram: SafeBrowsing.RendererThrottle.IsCheckCompletedOnProcessResponse recorded 58 samples, mean = 1.0 (flags = 0x41)
0  O                                                                         (0 = 0.0%)
1  ----------------------------------------------------------O               (58 = 100.0%) {0.0%}
2  O                                                                         (0 = 0.0%) {100.0%}

Histogram: SafeBrowsing.RendererThrottle.RequestDestination recorded 62 samples, mean = 9.1 (flags = 0x41)
0   -------------O                                                            (13 = 21.0%)
1   ... 
5   ---------O                                                                (9 = 14.5%) {21.0%}
6   ... 
8   ----O                                                                     (4 = 6.5%) {35.5%}
9   -O                                                                        (1 = 1.6%) {41.9%}
10  ... 
13  ----------------------------O                                             (28 = 45.2%) {43.5%}
14  ... 
16  -------O                                                                  (7 = 11.3%) {88.7%}
17  ... 

Histogram: SafeBrowsing.V4Database.Size recorded 1 samples, mean = 0.0 (flags = 0x41)
0  -O                                                                        (1 = 100.0%)
1  ... 

Histogram: SafeBrowsing.V4Database.Size.ChromeExtMalware recorded 1 samples, mean = 0.0 (flags = 0x41)
0  -O                                                                        (1 = 100.0%)
1  ... 

Histogram: SafeBrowsing.V4Database.Size.UrlBilling recorded 1 samples, mean = 0.0 (flags = 0x41)
0  -O                                                                        (1 = 100.0%)
1  ... 

Histogram: SafeBrowsing.V4Database.Size.UrlCsdDownloadAllowlist recorded 1 samples, mean = 0.0 (flags = 0x41)
0  -O                                                                        (1 = 100.0%)
1  ... 

Histogram: SafeBrowsing.V4Database.Size.UrlMalBin recorded 1 samples, mean = 0.0 (flags = 0x41)
0  -O                                                                        (1 = 100.0%)
1  ... 

Histogram: SafeBrowsing.V4Database.Size.UrlMalware recorded 1 samples, mean = 0.0 (flags = 0x41)
0  -O                                                                        (1 = 100.0%)
1  ... 

Histogram: SafeBrowsing.V4Database.Size.UrlSoceng recorded 1 samples, mean = 0.0 (flags = 0x41)
0  -O                                                                        (1 = 100.0%)
1  ... 

Histogram: SafeBrowsing.V4Database.Size.UrlUws recorded 1 samples, mean = 0.0 (flags = 0x41)
0  -O                                                                        (1 = 100.0%)
1  ... 

Histogram: SafeBrowsing.V4Database.SizeLinear recorded 1 samples, mean = 0.0 (flags = 0x41)
0  -O                                                                        (1 = 100.0%)
1  ... 

Histogram: SafeBrowsing.V4Database.SizeLinear.ChromeExtMalware recorded 1 samples, mean = 0.0 (flags = 0x41)
0  -O                                                                        (1 = 100.0%)
1  ... 

Histogram: SafeBrowsing.V4Database.SizeLinear.UrlMalBin recorded 1 samples, mean = 0.0 (flags = 0x41)
0  -O                                                                        (1 = 100.0%)
1  ... 

Histogram: SafeBrowsing.V4Database.SizeLinear.UrlSoceng recorded 1 samples, mean = 0.0 (flags = 0x41)
0  -O                                                                        (1 = 100.0%)
1  ... 

Histogram: SafeBrowsing.V4DatabaseInitializationTime recorded 1 samples, mean = 7926.0 (flags = 0x41)
0     ... 
7083  -O                                                                        (1 = 100.0%) {0.0%}
8416  ... 

Histogram: SafeBrowsing.V4Store.IsStoreValid recorded 7 samples, mean = 0.0 (flags = 0x41)
0  -------O                                                                  (7 = 100.0%)
1  ... 

Histogram: SafeBrowsing.V4Store.IsStoreValid.ChromeExtMalware recorded 1 samples, mean = 0.0 (flags = 0x41)
0  -O                                                                        (1 = 100.0%)
1  ... 

Histogram: SafeBrowsing.V4Store.IsStoreValid.UrlBilling recorded 1 samples, mean = 0.0 (flags = 0x41)
0  -O                                                                        (1 = 100.0%)
1  ... 

Histogram: SafeBrowsing.V4Store.IsStoreValid.UrlCsdDownloadAllowlist recorded 1 samples, mean = 0.0 (flags = 0x41)
0  -O                                                                        (1 = 100.0%)
1  ... 

Histogram: SafeBrowsing.V4Store.IsStoreValid.UrlMalBin recorded 1 samples, mean = 0.0 (flags = 0x41)
0  -O                                                                        (1 = 100.0%)
1  ... 

Histogram: SafeBrowsing.V4Store.IsStoreValid.UrlMalware recorded 1 samples, mean = 0.0 (flags = 0x41)
0  -O                                                                        (1 = 100.0%)
1  ... 

Histogram: SafeBrowsing.V4Store.IsStoreValid.UrlSoceng recorded 1 samples, mean = 0.0 (flags = 0x41)
0  -O                                                                        (1 = 100.0%)
1  ... 

Histogram: SafeBrowsing.V4Store.IsStoreValid.UrlUws recorded 1 samples, mean = 0.0 (flags = 0x41)
0  -O                                                                        (1 = 100.0%)
1  ... 

Histogram: SafeBrowsing.V4Store.ReadyOnStartup recorded 7 samples, mean = 0.0 (flags = 0x41)
0  -------O                                                                  (7 = 100.0%)
1  ... 

Histogram: SafeBrowsing.V4StoreRead.Result recorded 7 samples, mean = 2.0 (flags = 0x41)
0  ... 
2  -------O                                                                  (7 = 100.0%) {0.0%}
3  ... 

Histogram: Scheduler.Experimental.Renderer.UkmRecordingStatus recorded 3 samples, mean = 0.0 (flags = 0x41)
0  ---O                                                                      (3 = 100.0%)
1  ... 

Histogram: Scheduling.MessagePumpTimeKeeper.BrowserIO recorded 0 samples (flags = 0x41)
0 ... 

Histogram: Scheduling.MessagePumpTimeKeeper.BrowserUI recorded 0 samples (flags = 0x41)
0 ... 

Histogram: Scheduling.ThreadController.ActiveIntervalDuration.Any.BrowserUI recorded 73 samples, mean = 0.0 (flags = 0x41)
0  ------------------------------------------------------------------------O (73 = 100.0%)
1  ... 

Histogram: Scheduling.ThreadController.ActiveIntervalDuration.Any.Other recorded 466 samples, mean = 0.1 (flags = 0x41)
0  ------------------------------------------------------------------------O (460 = 98.7%)
1  ... 
3  O                                                                         (1 = 0.2%) {98.7%}
4  O                                                                         (0 = 0.0%) {98.9%}
5  O                                                                         (2 = 0.4%) {98.9%}
6  O                                                                         (0 = 0.0%) {99.4%}
7  O                                                                         (1 = 0.2%) {99.4%}
8  O                                                                         (2 = 0.4%) {99.6%}
10 ... 

Histogram: Scheduling.ThreadController.ActiveIntervalDuration.Medium.Other recorded 6 samples, mean = 6.2 (flags = 0x41)
0  ... 
3  -O                                                                        (1 = 16.7%) {0.0%}
4  O                                                                         (0 = 0.0%) {16.7%}
5  --O                                                                       (2 = 33.3%) {16.7%}
6  O                                                                         (0 = 0.0%) {50.0%}
7  -O                                                                        (1 = 16.7%) {50.0%}
8  -O                                                                        (1 = 16.7%) {66.7%}
9  -O                                                                        (1 = 16.7%) {83.3%}
10 ... 

Histogram: Scheduling.ThreadController.ActiveIntervalDuration.Short.BrowserUI recorded 73 samples, mean = 0.5 (flags = 0x41)
0  ----------------------------------------O                                 (40 = 54.8%)
1  ------------------------------O                                           (30 = 41.1%) {54.8%}
2  ---O                                                                      (3 = 4.1%) {95.9%}
3  ... 

Histogram: Scheduling.ThreadController.ActiveIntervalDuration.Short.Other recorded 460 samples, mean = 52.1 (flags = 0x41)
0    ... 
2    --O                                                                       (3 = 0.7%) {0.0%}
3    ----O                                                                     (5 = 1.1%) {0.7%}
4    --------O                                                                 (11 = 2.4%) {1.7%}
5    --------O                                                                 (10 = 2.2%) {4.1%}
6    ---------------------------O                                              (36 = 7.8%) {6.3%}
7    ------------------------------------------------------------------------O (95 = 20.7%) {14.1%}
8    ------------------------------------O                                     (48 = 10.4%) {34.8%}
9    -------------------O                                                      (25 = 5.4%) {45.2%}
10   -----O                                                                    (6 = 1.3%) {50.7%}
11   -----O                                                                    (6 = 1.3%) {52.0%}
12   ----O                                                                     (5 = 1.1%) {53.3%}
13   ---O                                                                      (4 = 0.9%) {54.3%}
14   O                                                                         (0 = 0.0%) {55.2%}
15   --O                                                                       (2 = 0.4%) {55.2%}
16   -O                                                                        (1 = 0.2%) {55.7%}
17   --O                                                                       (3 = 0.7%) {55.9%}
18   --O                                                                       (2 = 0.4%) {56.5%}
19   O                                                                         (0 = 0.0%) {57.0%}
20   --O                                                                       (2 = 0.4%) {57.0%}
21   ----O                                                                     (5 = 1.1%) {57.4%}
22   -O                                                                        (1 = 0.2%) {58.5%}
23   O                                                                         (0 = 0.0%) {58.7%}
24   ---O                                                                      (4 = 0.9%) {58.7%}
25   ---O                                                                      (4 = 0.9%) {59.6%}
26   --O                                                                       (3 = 0.7%) {60.4%}
27   -O                                                                        (1 = 0.2%) {61.1%}
28   -O                                                                        (1 = 0.2%) {61.3%}
29   -O                                                                        (1 = 0.2%) {61.5%}
31   -----O                                                                    (6 = 1.3%) {61.7%}
33   ----------O                                                               (13 = 2.8%) {63.0%}
35   --------O                                                                 (11 = 2.4%) {65.9%}
37   --O                                                                       (3 = 0.7%) {68.3%}
39   ----O                                                                     (5 = 1.1%) {68.9%}
41   ---O                                                                      (4 = 0.9%) {70.0%}
43   ------O                                                                   (8 = 1.7%) {70.9%}
45   ------O                                                                   (8 = 1.7%) {72.6%}
47   --O                                                                       (3 = 0.7%) {74.3%}
49   ----O                                                                     (5 = 1.1%) {75.0%}
52   --O                                                                       (3 = 0.7%) {76.1%}
55   --O                                                                       (2 = 0.4%) {76.7%}
58   ---O                                                                      (4 = 0.9%) {77.2%}
61   --O                                                                       (3 = 0.7%) {78.0%}
64   ... 
70   --O                                                                       (2 = 0.4%) {78.7%}
74   O                                                                         (0 = 0.0%) {79.1%}
78   -O                                                                        (1 = 0.2%) {79.1%}
82   --O                                                                       (2 = 0.4%) {79.3%}
86   ---O                                                                      (4 = 0.9%) {79.8%}
90   -------O                                                                  (9 = 2.0%) {80.7%}
95   ---O                                                                      (4 = 0.9%) {82.6%}
100  ---O                                                                      (4 = 0.9%) {83.5%}
105  -----O                                                                    (6 = 1.3%) {84.3%}
110  ------O                                                                   (8 = 1.7%) {85.7%}
116  ------O                                                                   (8 = 1.7%) {87.4%}
122  -----O                                                                    (6 = 1.3%) {89.1%}
128  ----O                                                                     (5 = 1.1%) {90.4%}
135  --O                                                                       (3 = 0.7%) {91.5%}
142  ---O                                                                      (4 = 0.9%) {92.2%}
149  --O                                                                       (2 = 0.4%) {93.0%}
157  --O                                                                       (2 = 0.4%) {93.5%}
165  ... 
182  --O                                                                       (2 = 0.4%) {93.9%}
191  -O                                                                        (1 = 0.2%) {94.3%}
201  --O                                                                       (2 = 0.4%) {94.6%}
211  --O                                                                       (2 = 0.4%) {95.0%}
222  ---O                                                                      (4 = 0.9%) {95.4%}
233  -O                                                                        (1 = 0.2%) {96.3%}
245  -O                                                                        (1 = 0.2%) {96.5%}
258  -O                                                                        (1 = 0.2%) {96.7%}
271  ... 
315  -O                                                                        (1 = 0.2%) {97.0%}
331  -O                                                                        (1 = 0.2%) {97.2%}
348  O                                                                         (0 = 0.0%) {97.4%}
366  -O                                                                        (1 = 0.2%) {97.4%}
385  -O                                                                        (1 = 0.2%) {97.6%}
405  O                                                                         (0 = 0.0%) {97.8%}
426  --O                                                                       (2 = 0.4%) {97.8%}
448  O                                                                         (0 = 0.0%) {98.3%}
471  --O                                                                       (2 = 0.4%) {98.3%}
495  -O                                                                        (1 = 0.2%) {98.7%}
520  O                                                                         (0 = 0.0%) {98.9%}
547  -O                                                                        (1 = 0.2%) {98.9%}
575  -O                                                                        (1 = 0.2%) {99.1%}
605  ... 
703  --O                                                                       (2 = 0.4%) {99.3%}
739  ... 
817  -O                                                                        (1 = 0.2%) {99.8%}
859  ... 

Histogram: Scheduling.ThreadController.ActiveIntervalOffCpuDuration.Any.BrowserUI recorded 73 samples, mean = 0.0 (flags = 0x41)
0  ------------------------------------------------------------------------O (73 = 100.0%)
1  ... 

Histogram: Scheduling.ThreadController.ActiveIntervalOffCpuDuration.Any.Other recorded 466 samples, mean = 0.0 (flags = 0x41)
0  ------------------------------------------------------------------------O (466 = 100.0%)
1  ... 

Histogram: Scheduling.ThreadController.ActiveIntervalOffCpuDuration.Medium.Other recorded 6 samples, mean = 0.0 (flags = 0x41)
0  ------O                                                                   (6 = 100.0%)
1  ... 

Histogram: Scheduling.ThreadController.ActiveIntervalOffCpuDuration.Short.BrowserUI recorded 73 samples, mean = 0.4 (flags = 0x41)
0  -----------------------------------------------O                          (47 = 64.4%)
1  -------------------------O                                                (25 = 34.2%) {64.4%}
2  -O                                                                        (1 = 1.4%) {98.6%}
3  ... 

Histogram: Scheduling.ThreadController.ActiveIntervalOffCpuDuration.Short.Other recorded 460 samples, mean = 5.2 (flags = 0x41)
0    ---------------------------O                                              (84 = 18.3%)
1    ------------------------------------------------------------------------O (225 = 48.9%) {18.3%}
2    ---------------------O                                                    (66 = 14.3%) {67.2%}
3    ----O                                                                     (11 = 2.4%) {81.5%}
4    -O                                                                        (4 = 0.9%) {83.9%}
5    -O                                                                        (2 = 0.4%) {84.8%}
6    -O                                                                        (2 = 0.4%) {85.2%}
7    -O                                                                        (2 = 0.4%) {85.7%}
8    O                                                                         (1 = 0.2%) {86.1%}
9    O                                                                         (0 = 0.0%) {86.3%}
10   -O                                                                        (2 = 0.4%) {86.3%}
11   -O                                                                        (2 = 0.4%) {86.7%}
12   --O                                                                       (5 = 1.1%) {87.2%}
13   --O                                                                       (5 = 1.1%) {88.3%}
14   --O                                                                       (5 = 1.1%) {89.3%}
15   --O                                                                       (5 = 1.1%) {90.4%}
16   --O                                                                       (5 = 1.1%) {91.5%}
17   -O                                                                        (2 = 0.4%) {92.6%}
18   -O                                                                        (2 = 0.4%) {93.0%}
19   -O                                                                        (2 = 0.4%) {93.5%}
20   O                                                                         (1 = 0.2%) {93.9%}
21   O                                                                         (1 = 0.2%) {94.1%}
22   -O                                                                        (2 = 0.4%) {94.3%}
23   O                                                                         (0 = 0.0%) {94.8%}
24   O                                                                         (1 = 0.2%) {94.8%}
25   O                                                                         (1 = 0.2%) {95.0%}
26   O                                                                         (0 = 0.0%) {95.2%}
27   O                                                                         (1 = 0.2%) {95.2%}
28   O                                                                         (1 = 0.2%) {95.4%}
29   -O                                                                        (2 = 0.4%) {95.7%}
31   O                                                                         (1 = 0.2%) {96.1%}
33   -O                                                                        (4 = 0.9%) {96.3%}
35   O                                                                         (0 = 0.0%) {97.2%}
37   O                                                                         (1 = 0.2%) {97.2%}
39   O                                                                         (1 = 0.2%) {97.4%}
41   O                                                                         (1 = 0.2%) {97.6%}
43   ... 
52   O                                                                         (1 = 0.2%) {97.8%}
55   O                                                                         (1 = 0.2%) {98.0%}
58   O                                                                         (1 = 0.2%) {98.3%}
61   O                                                                         (1 = 0.2%) {98.5%}
64   ... 
78   O                                                                         (1 = 0.2%) {98.7%}
82   ... 
90   O                                                                         (1 = 0.2%) {98.9%}
95   ... 
110  O                                                                         (1 = 0.2%) {99.1%}
116  O                                                                         (1 = 0.2%) {99.3%}
122  O                                                                         (0 = 0.0%) {99.6%}
128  O                                                                         (1 = 0.2%) {99.6%}
135  ... 
149  O                                                                         (1 = 0.2%) {99.8%}
157  ... 

Histogram: Scheduling.ThreadController.ActiveIntervalOnCpuDuration.Any.BrowserUI recorded 73 samples, mean = 0.0 (flags = 0x41)
0  ------------------------------------------------------------------------O (73 = 100.0%)
1  ... 

Histogram: Scheduling.ThreadController.ActiveIntervalOnCpuDuration.Any.Other recorded 466 samples, mean = 0.1 (flags = 0x41)
0  ------------------------------------------------------------------------O (460 = 98.7%)
1  ... 
3  O                                                                         (1 = 0.2%) {98.7%}
4  O                                                                         (0 = 0.0%) {98.9%}
5  O                                                                         (2 = 0.4%) {98.9%}
6  O                                                                         (0 = 0.0%) {99.4%}
7  O                                                                         (2 = 0.4%) {99.4%}
8  O                                                                         (1 = 0.2%) {99.8%}
10 ... 

Histogram: Scheduling.ThreadController.ActiveIntervalOnCpuDuration.Medium.Other recorded 6 samples, mean = 6.0 (flags = 0x41)
0  ... 
3  -O                                                                        (1 = 16.7%) {0.0%}
4  O                                                                         (0 = 0.0%) {16.7%}
5  --O                                                                       (2 = 33.3%) {16.7%}
6  O                                                                         (0 = 0.0%) {50.0%}
7  --O                                                                       (2 = 33.3%) {50.0%}
8  O                                                                         (0 = 0.0%) {83.3%}
9  -O                                                                        (1 = 16.7%) {83.3%}
10 ... 

Histogram: Scheduling.ThreadController.ActiveIntervalOnCpuDuration.Short.BrowserUI recorded 73 samples, mean = 0.1 (flags = 0x41)
0  -----------------------------------------------------------------O        (65 = 89.0%)
1  -------O                                                                  (7 = 9.6%) {89.0%}
2  -O                                                                        (1 = 1.4%) {98.6%}
3  ... 

Histogram: Scheduling.ThreadController.ActiveIntervalOnCpuDuration.Short.Other recorded 460 samples, mean = 46.9 (flags = 0x41)
0    --O                                                                       (3 = 0.7%)
1    -O                                                                        (1 = 0.2%) {0.7%}
2    --O                                                                       (3 = 0.7%) {0.9%}
3    -------O                                                                  (12 = 2.6%) {1.5%}
4    --------O                                                                 (13 = 2.8%) {4.1%}
5    --------------O                                                           (22 = 4.8%) {7.0%}
6    ------------------------------------------------------------------------O (116 = 25.2%) {11.7%}
7    -----------------------------------O                                      (57 = 12.4%) {37.0%}
8    -------O                                                                  (12 = 2.6%) {49.3%}
9    -------O                                                                  (11 = 2.4%) {52.0%}
10   -O                                                                        (2 = 0.4%) {54.3%}
11   --O                                                                       (4 = 0.9%) {54.8%}
12   --O                                                                       (3 = 0.7%) {55.7%}
13   -O                                                                        (1 = 0.2%) {56.3%}
14   -O                                                                        (2 = 0.4%) {56.5%}
15   -O                                                                        (1 = 0.2%) {57.0%}
16   -O                                                                        (1 = 0.2%) {57.2%}
17   -O                                                                        (2 = 0.4%) {57.4%}
18   O                                                                         (0 = 0.0%) {57.8%}
19   -O                                                                        (1 = 0.2%) {57.8%}
20   ----O                                                                     (6 = 1.3%) {58.0%}
21   -O                                                                        (1 = 0.2%) {59.3%}
22   -O                                                                        (1 = 0.2%) {59.6%}
23   --O                                                                       (3 = 0.7%) {59.8%}
24   --O                                                                       (3 = 0.7%) {60.4%}
25   --O                                                                       (3 = 0.7%) {61.1%}
26   -O                                                                        (1 = 0.2%) {61.7%}
27   O                                                                         (0 = 0.0%) {62.0%}
28   -O                                                                        (1 = 0.2%) {62.0%}
29   -O                                                                        (2 = 0.4%) {62.2%}
31   ------O                                                                   (10 = 2.2%) {62.6%}
33   ---------O                                                                (14 = 3.0%) {64.8%}
35   ----O                                                                     (6 = 1.3%) {67.8%}
37   --O                                                                       (4 = 0.9%) {69.1%}
39   ----O                                                                     (6 = 1.3%) {70.0%}
41   ---O                                                                      (5 = 1.1%) {71.3%}
43   -------O                                                                  (11 = 2.4%) {72.4%}
45   --O                                                                       (3 = 0.7%) {74.8%}
47   O                                                                         (0 = 0.0%) {75.4%}
49   ------O                                                                   (9 = 2.0%) {75.4%}
52   -O                                                                        (1 = 0.2%) {77.4%}
55   ---O                                                                      (5 = 1.1%) {77.6%}
58   --O                                                                       (3 = 0.7%) {78.7%}
61   --O                                                                       (3 = 0.7%) {79.3%}
64   -O                                                                        (1 = 0.2%) {80.0%}
67   -O                                                                        (1 = 0.2%) {80.2%}
70   ----O                                                                     (7 = 1.5%) {80.4%}
74   --O                                                                       (4 = 0.9%) {82.0%}
78   ----O                                                                     (7 = 1.5%) {82.8%}
82   ---O                                                                      (5 = 1.1%) {84.3%}
86   --O                                                                       (3 = 0.7%) {85.4%}
90   -----O                                                                    (8 = 1.7%) {86.1%}
95   --O                                                                       (4 = 0.9%) {87.8%}
100  ---O                                                                      (5 = 1.1%) {88.7%}
105  -O                                                                        (1 = 0.2%) {89.8%}
110  ----O                                                                     (6 = 1.3%) {90.0%}
116  --O                                                                       (3 = 0.7%) {91.3%}
122  --O                                                                       (4 = 0.9%) {92.0%}
128  -O                                                                        (2 = 0.4%) {92.8%}
135  --O                                                                       (3 = 0.7%) {93.3%}
142  -O                                                                        (1 = 0.2%) {93.9%}
149  -O                                                                        (1 = 0.2%) {94.1%}
157  -O                                                                        (2 = 0.4%) {94.3%}
165  ... 
182  -O                                                                        (1 = 0.2%) {94.8%}
191  -O                                                                        (1 = 0.2%) {95.0%}
201  O                                                                         (0 = 0.0%) {95.2%}
211  --O                                                                       (3 = 0.7%) {95.2%}
222  --O                                                                       (3 = 0.7%) {95.9%}
233  O                                                                         (0 = 0.0%) {96.5%}
245  -O                                                                        (2 = 0.4%) {96.5%}
258  ... 
315  -O                                                                        (1 = 0.2%) {97.0%}
331  -O                                                                        (1 = 0.2%) {97.2%}
348  O                                                                         (0 = 0.0%) {97.4%}
366  -O                                                                        (1 = 0.2%) {97.4%}
385  -O                                                                        (1 = 0.2%) {97.6%}
405  O                                                                         (0 = 0.0%) {97.8%}
426  -O                                                                        (2 = 0.4%) {97.8%}
448  O                                                                         (0 = 0.0%) {98.3%}
471  -O                                                                        (2 = 0.4%) {98.3%}
495  -O                                                                        (2 = 0.4%) {98.7%}
520  O                                                                         (0 = 0.0%) {99.1%}
547  -O                                                                        (1 = 0.2%) {99.1%}
575  ... 
669  -O                                                                        (1 = 0.2%) {99.3%}
703  -O                                                                        (1 = 0.2%) {99.6%}
739  O                                                                         (0 = 0.0%) {99.8%}
777  -O                                                                        (1 = 0.2%) {99.8%}
817  ... 

Histogram: Scheduling.ThreadController.ActiveIntervalOnCpuPercentage.Any.BrowserUI recorded 73 samples, mean = 65.1 (flags = 0x41)
0    -------------------------O                                                (25 = 34.2%)
1    ... 
50   -O                                                                        (1 = 1.4%) {34.2%}
51   ... 
100  -----------------------------------------------O                          (47 = 64.4%) {35.6%}
101  O                                                                         (0 = 0.0%) {100.0%}

Histogram: Scheduling.ThreadController.ActiveIntervalOnCpuPercentage.Any.Other recorded 466 samples, mean = 87.5 (flags = 0x41)
0    ---O                                                                      (3 = 0.6%)
1    ... 
12   -O                                                                        (1 = 0.2%) {0.6%}
13   ... 
23   -O                                                                        (1 = 0.2%) {0.9%}
24   ... 
33   -O                                                                        (1 = 0.2%) {1.1%}
34   --O                                                                       (2 = 0.4%) {1.3%}
35   ... 
46   -O                                                                        (1 = 0.2%) {1.7%}
47   O                                                                         (0 = 0.0%) {1.9%}
48   -O                                                                        (1 = 0.2%) {1.9%}
49   O                                                                         (0 = 0.0%) {2.1%}
50   -O                                                                        (1 = 0.2%) {2.1%}
51   ... 
55   -O                                                                        (1 = 0.2%) {2.4%}
56   ... 
58   -O                                                                        (1 = 0.2%) {2.6%}
59   -O                                                                        (1 = 0.2%) {2.8%}
60   ---O                                                                      (4 = 0.9%) {3.0%}
61   O                                                                         (0 = 0.0%) {3.9%}
62   -O                                                                        (1 = 0.2%) {3.9%}
63   -O                                                                        (1 = 0.2%) {4.1%}
64   --O                                                                       (2 = 0.4%) {4.3%}
65   -O                                                                        (1 = 0.2%) {4.7%}
66   -----O                                                                    (6 = 1.3%) {4.9%}
67   ... 
69   -O                                                                        (1 = 0.2%) {6.2%}
70   -O                                                                        (1 = 0.2%) {6.4%}
71   ----O                                                                     (5 = 1.1%) {6.7%}
72   --O                                                                       (2 = 0.4%) {7.7%}
73   --O                                                                       (2 = 0.4%) {8.2%}
74   O                                                                         (0 = 0.0%) {8.6%}
75   -------------------O                                                      (22 = 4.7%) {8.6%}
76   -O                                                                        (1 = 0.2%) {13.3%}
77   ----------O                                                               (12 = 2.6%) {13.5%}
78   -O                                                                        (1 = 0.2%) {16.1%}
79   O                                                                         (0 = 0.0%) {16.3%}
80   ---------O                                                                (10 = 2.1%) {16.3%}
81   -----O                                                                    (6 = 1.3%) {18.5%}
82   ---O                                                                      (4 = 0.9%) {19.7%}
83   ---------------O                                                          (17 = 3.6%) {20.6%}
84   ------O                                                                   (7 = 1.5%) {24.2%}
85   ---------------------------------------------------------------------O    (81 = 17.4%) {25.8%}
86   ----O                                                                     (5 = 1.1%) {43.1%}
87   --------------------------------O                                         (37 = 7.9%) {44.2%}
88   --------O                                                                 (9 = 1.9%) {52.1%}
89   -O                                                                        (1 = 0.2%) {54.1%}
90   -----O                                                                    (6 = 1.3%) {54.3%}
91   ---O                                                                      (3 = 0.6%) {55.6%}
92   ----O                                                                     (5 = 1.1%) {56.2%}
93   ---O                                                                      (4 = 0.9%) {57.3%}
94   -----O                                                                    (6 = 1.3%) {58.2%}
95   --------------O                                                           (16 = 3.4%) {59.4%}
96   ----------O                                                               (12 = 2.6%) {62.9%}
97   ------------------------O                                                 (28 = 6.0%) {65.5%}
98   -----------------O                                                        (20 = 4.3%) {71.5%}
99   -------------------------O                                                (29 = 6.2%) {75.8%}
100  ------------------------------------------------------------------------O (84 = 18.0%) {82.0%}
101  O                                                                         (0 = 0.0%) {100.0%}

Histogram: Scheduling.ThreadController.ActiveIntervalOnCpuPercentage.Medium.Other recorded 6 samples, mean = 93.5 (flags = 0x41)
0   ... 
77  -O                                                                        (1 = 16.7%) {0.0%}
78  ... 
89  -O                                                                        (1 = 16.7%) {16.7%}
90  ... 
98  -O                                                                        (1 = 16.7%) {33.3%}
99  ---O                                                                      (3 = 50.0%) {50.0%}
100 ... 

Histogram: Scheduling.ThreadController.ActiveIntervalOnCpuPercentage.Short.BrowserUI recorded 73 samples, mean = 65.1 (flags = 0x41)
0    -------------------------O                                                (25 = 34.2%)
1    ... 
50   -O                                                                        (1 = 1.4%) {34.2%}
51   ... 
100  -----------------------------------------------O                          (47 = 64.4%) {35.6%}
101  O                                                                         (0 = 0.0%) {100.0%}

Histogram: Scheduling.ThreadController.ActiveIntervalOnCpuPercentage.Short.Other recorded 460 samples, mean = 87.4 (flags = 0x41)
0    ---O                                                                      (3 = 0.7%)
1    ... 
12   -O                                                                        (1 = 0.2%) {0.7%}
13   ... 
23   -O                                                                        (1 = 0.2%) {0.9%}
24   ... 
33   -O                                                                        (1 = 0.2%) {1.1%}
34   --O                                                                       (2 = 0.4%) {1.3%}
35   ... 
46   -O                                                                        (1 = 0.2%) {1.7%}
47   O                                                                         (0 = 0.0%) {2.0%}
48   -O                                                                        (1 = 0.2%) {2.0%}
49   O                                                                         (0 = 0.0%) {2.2%}
50   -O                                                                        (1 = 0.2%) {2.2%}
51   ... 
55   -O                                                                        (1 = 0.2%) {2.4%}
56   ... 
58   -O                                                                        (1 = 0.2%) {2.6%}
59   -O                                                                        (1 = 0.2%) {2.8%}
60   ---O                                                                      (4 = 0.9%) {3.0%}
61   O                                                                         (0 = 0.0%) {3.9%}
62   -O                                                                        (1 = 0.2%) {3.9%}
63   -O                                                                        (1 = 0.2%) {4.1%}
64   --O                                                                       (2 = 0.4%) {4.3%}
65   -O                                                                        (1 = 0.2%) {4.8%}
66   -----O                                                                    (6 = 1.3%) {5.0%}
67   ... 
69   -O                                                                        (1 = 0.2%) {6.3%}
70   -O                                                                        (1 = 0.2%) {6.5%}
71   ----O                                                                     (5 = 1.1%) {6.7%}
72   --O                                                                       (2 = 0.4%) {7.8%}
73   --O                                                                       (2 = 0.4%) {8.3%}
74   O                                                                         (0 = 0.0%) {8.7%}
75   -------------------O                                                      (22 = 4.8%) {8.7%}
76   -O                                                                        (1 = 0.2%) {13.5%}
77   ---------O                                                                (11 = 2.4%) {13.7%}
78   -O                                                                        (1 = 0.2%) {16.1%}
79   O                                                                         (0 = 0.0%) {16.3%}
80   ---------O                                                                (10 = 2.2%) {16.3%}
81   -----O                                                                    (6 = 1.3%) {18.5%}
82   ---O                                                                      (4 = 0.9%) {19.8%}
83   ---------------O                                                          (17 = 3.7%) {20.7%}
84   ------O                                                                   (7 = 1.5%) {24.3%}
85   ---------------------------------------------------------------------O    (81 = 17.6%) {25.9%}
86   ----O                                                                     (5 = 1.1%) {43.5%}
87   --------------------------------O                                         (37 = 8.0%) {44.6%}
88   --------O                                                                 (9 = 2.0%) {52.6%}
89   O                                                                         (0 = 0.0%) {54.6%}
90   -----O                                                                    (6 = 1.3%) {54.6%}
91   ---O                                                                      (3 = 0.7%) {55.9%}
92   ----O                                                                     (5 = 1.1%) {56.5%}
93   ---O                                                                      (4 = 0.9%) {57.6%}
94   -----O                                                                    (6 = 1.3%) {58.5%}
95   --------------O                                                           (16 = 3.5%) {59.8%}
96   ----------O                                                               (12 = 2.6%) {63.3%}
97   ------------------------O                                                 (28 = 6.1%) {65.9%}
98   ----------------O                                                         (19 = 4.1%) {72.0%}
99   ----------------------O                                                   (26 = 5.7%) {76.1%}
100  ------------------------------------------------------------------------O (84 = 18.3%) {81.7%}
101  O                                                                         (0 = 0.0%) {100.0%}

Histogram: Scheduling.ThreadController.IdleDuration.Any.BrowserUI recorded 73 samples, mean = 0.0 (flags = 0x41)
0  ------------------------------------------------------------------------O (73 = 100.0%)
1  ... 

Histogram: Scheduling.ThreadController.IdleDuration.Any.Other recorded 221 samples, mean = 1984.3 (flags = 0x41)
0      --------------------------------------------------------O                 (56 = 25.3%)
1      -O                                                                        (1 = 0.5%) {25.3%}
2      O                                                                         (0 = 0.0%) {25.8%}
3      -O                                                                        (1 = 0.5%) {25.8%}
4      O                                                                         (0 = 0.0%) {26.2%}
5      -O                                                                        (1 = 0.5%) {26.2%}
6      ... 
12     -O                                                                        (1 = 0.5%) {26.7%}
14     --O                                                                       (2 = 0.9%) {27.1%}
17     ... 
48     --O                                                                       (2 = 0.9%) {28.1%}
57     -O                                                                        (1 = 0.5%) {29.0%}
68     O                                                                         (0 = 0.0%) {29.4%}
81     ------------------------O                                                 (24 = 10.9%) {29.4%}
96     ------------------------------O                                           (30 = 13.6%) {40.3%}
114    O                                                                         (0 = 0.0%) {53.8%}
135    --O                                                                       (2 = 0.9%) {53.8%}
160    O                                                                         (0 = 0.0%) {54.8%}
190    -O                                                                        (1 = 0.5%) {54.8%}
226    O                                                                         (0 = 0.0%) {55.2%}
268    -O                                                                        (1 = 0.5%) {55.2%}
318    O                                                                         (0 = 0.0%) {55.7%}
378    --O                                                                       (2 = 0.9%) {55.7%}
449    -O                                                                        (1 = 0.5%) {56.6%}
533    -O                                                                        (1 = 0.5%) {57.0%}
633    -O                                                                        (1 = 0.5%) {57.5%}
752    O                                                                         (0 = 0.0%) {57.9%}
894    -------------------------------------------------O                        (49 = 22.2%) {57.9%}
1062   O                                                                         (0 = 0.0%) {80.1%}
1262   -O                                                                        (1 = 0.5%) {80.1%}
1500   O                                                                         (0 = 0.0%) {80.5%}
1782   -O                                                                        (1 = 0.5%) {80.5%}
2117   ---O                                                                      (3 = 1.4%) {81.0%}
2516   ... 
3553   -------------------------------O                                          (31 = 14.0%) {82.4%}
4222   ... 
10000  --------O                                                                 (8 = 3.6%) {96.4%}

Histogram: Scheduling.ThreadController.IdleDuration.Medium.Other recorded 39 samples, mean = 77.9 (flags = 0x41)
0   O                                                                         (0 = 0.0%)
1   -O                                                                        (1 = 2.6%) {0.0%}
2   O                                                                         (0 = 0.0%) {2.6%}
3   -O                                                                        (1 = 2.6%) {2.6%}
4   O                                                                         (0 = 0.0%) {5.1%}
5   -O                                                                        (1 = 2.6%) {5.1%}
6   ... 
13  -O                                                                        (1 = 2.6%) {7.7%}
14  ... 
16  --O                                                                       (2 = 5.1%) {10.3%}
17  ... 
53  --O                                                                       (2 = 5.1%) {15.4%}
54  ... 
62  -O                                                                        (1 = 2.6%) {20.5%}
63  ... 
91  ----O                                                                     (4 = 10.3%) {23.1%}
92  -------O                                                                  (7 = 17.9%) {33.3%}
93  --------O                                                                 (8 = 20.5%) {51.3%}
94  ----O                                                                     (4 = 10.3%) {71.8%}
95  -O                                                                        (1 = 2.6%) {82.1%}
96  ... 
98  ------O                                                                   (6 = 15.4%) {84.6%}
100 O                                                                         (0 = 0.0%) {100.0%}

Histogram: Scheduling.ThreadController.IdleDuration.Short.BrowserUI recorded 73 samples, mean = 3.6 (flags = 0x41)
0   ... 
2   ------------------------------------------------O                         (48 = 65.8%) {0.0%}
3   ------------------O                                                       (18 = 24.7%) {65.8%}
4   ---O                                                                      (3 = 4.1%) {90.4%}
5   ... 
9   -O                                                                        (1 = 1.4%) {94.5%}
10  -O                                                                        (1 = 1.4%) {95.9%}
11  ... 
17  -O                                                                        (1 = 1.4%) {97.3%}
18  ... 
61  -O                                                                        (1 = 1.4%) {98.6%}
64  ... 

Histogram: Scheduling.ThreadController.IdleDuration.Short.Other recorded 56 samples, mean = 83.7 (flags = 0x41)
0    ... 
14   -O                                                                        (1 = 1.8%) {0.0%}
15   O                                                                         (0 = 0.0%) {1.8%}
16   --O                                                                       (2 = 3.6%) {1.8%}
17   --O                                                                       (2 = 3.6%) {5.4%}
18   ---O                                                                      (3 = 5.4%) {8.9%}
19   ... 
21   -O                                                                        (1 = 1.8%) {14.3%}
22   O                                                                         (0 = 0.0%) {16.1%}
23   -O                                                                        (1 = 1.8%) {16.1%}
24   -O                                                                        (1 = 1.8%) {17.9%}
25   ... 
27   -O                                                                        (1 = 1.8%) {19.6%}
28   O                                                                         (0 = 0.0%) {21.4%}
29   -O                                                                        (1 = 1.8%) {21.4%}
31   -O                                                                        (1 = 1.8%) {23.2%}
33   -O                                                                        (1 = 1.8%) {25.0%}
35   -----O                                                                    (5 = 8.9%) {26.8%}
37   --O                                                                       (2 = 3.6%) {35.7%}
39   ----O                                                                     (4 = 7.1%) {39.3%}
41   --O                                                                       (2 = 3.6%) {46.4%}
43   ----O                                                                     (4 = 7.1%) {50.0%}
45   --O                                                                       (2 = 3.6%) {57.1%}
47   --O                                                                       (2 = 3.6%) {60.7%}
49   ---O                                                                      (3 = 5.4%) {64.3%}
52   -O                                                                        (1 = 1.8%) {69.6%}
55   --O                                                                       (2 = 3.6%) {71.4%}
58   -O                                                                        (1 = 1.8%) {75.0%}
61   -O                                                                        (1 = 1.8%) {76.8%}
64   ... 
78   -O                                                                        (1 = 1.8%) {78.6%}
82   ... 
90   -O                                                                        (1 = 1.8%) {80.4%}
95   ... 
116  --O                                                                       (2 = 3.6%) {82.1%}
122  ... 
142  -O                                                                        (1 = 1.8%) {85.7%}
149  ... 
173  --O                                                                       (2 = 3.6%) {87.5%}
182  -O                                                                        (1 = 1.8%) {91.1%}
191  ... 
258  -O                                                                        (1 = 1.8%) {92.9%}
271  ... 
315  -O                                                                        (1 = 1.8%) {94.6%}
331  ... 
471  -O                                                                        (1 = 1.8%) {96.4%}
495  ... 
904  -O                                                                        (1 = 1.8%) {98.2%}
951  ... 

Histogram: Search.ChoiceReprompt recorded 1 samples, mean = 6.0 (flags = 0x41)
0  ... 
6  -O                                                                        (1 = 100.0%) {0.0%}
7  O                                                                         (0 = 0.0%) {100.0%}

Histogram: Search.SearchProviderOverrideStatus recorded 1 samples, mean = 0.0 (flags = 0x41)
0  -O                                                                        (1 = 100.0%)
1  ... 

Histogram: Security.GwpAsan.Activated.Malloc.Browser recorded 1 samples, mean = 0.0 (flags = 0x41)
0  -O                                                                        (1 = 100.0%)
1  ... 

Histogram: Security.GwpAsan.Activated.PartitionAlloc.Browser recorded 1 samples, mean = 0.0 (flags = 0x41)
0  -O                                                                        (1 = 100.0%)
1  ... 

Histogram: Security.HttpsFirstMode.SettingEnabledAtStartup recorded 1 samples, mean = 0.0 (flags = 0x41)
0  -O                                                                        (1 = 100.0%)
1  ... 

Histogram: Security.JSONParser.ChromiumExtensionUsage recorded 1 samples, mean = 1.0 (flags = 0x41)
0  O                                                                         (0 = 0.0%)
1  -O                                                                        (1 = 100.0%) {0.0%}
2  ... 

Histogram: Security.JSONParser.ParsingTime recorded 16 samples, mean = 64.3 (flags = 0x41)
0    -O                                                                        (1 = 6.2%)
1    -O                                                                        (1 = 6.2%) {6.2%}
2    O                                                                         (0 = 0.0%) {12.5%}
3    -O                                                                        (1 = 6.2%) {12.5%}
4    -O                                                                        (1 = 6.2%) {18.8%}
5    --O                                                                       (2 = 12.5%) {25.0%}
7    O                                                                         (0 = 0.0%) {37.5%}
9    --O                                                                       (2 = 12.5%) {37.5%}
12   -O                                                                        (1 = 6.2%) {50.0%}
16   O                                                                         (0 = 0.0%) {56.2%}
21   -O                                                                        (1 = 6.2%) {56.2%}
28   --O                                                                       (2 = 12.5%) {62.5%}
37   O                                                                         (0 = 0.0%) {75.0%}
49   -O                                                                        (1 = 6.2%) {75.0%}
65   -O                                                                        (1 = 6.2%) {81.2%}
86   O                                                                         (0 = 0.0%) {87.5%}
113  -O                                                                        (1 = 6.2%) {87.5%}
149  ... 
590  -O                                                                        (1 = 6.2%) {93.8%}
777  ... 

Histogram: Security.NavigationRequestSecurityLevel recorded 4 samples, mean = 1.0 (flags = 0x41)
0  O                                                                         (0 = 0.0%)
1  ----O                                                                     (4 = 100.0%) {0.0%}
2  ... 

Histogram: Security.PageEndReason.SECURE recorded 1 samples, mean = 6.0 (flags = 0x41)
0  ... 
6  -O                                                                        (1 = 100.0%) {0.0%}
7  ... 

Histogram: Security.PageEndReason.SafetyTip_None recorded 1 samples, mean = 6.0 (flags = 0x41)
0  ... 
6  -O                                                                        (1 = 100.0%) {0.0%}
7  ... 

Histogram: Security.PrivateNetworkAccess.CheckResult recorded 65 samples, mean = 4.2 (flags = 0x41)
0   --O                                                                       (2 = 3.1%)
1   -------------------------------------------O                              (43 = 66.2%) {3.1%}
2   -O                                                                        (1 = 1.5%) {69.2%}
3   ... 
12  -------------------O                                                      (19 = 29.2%) {70.8%}
13  O                                                                         (0 = 0.0%) {100.0%}

Histogram: Security.SCTAuditing.NumPersistedReportsLoaded recorded 1 samples, mean = 0.0 (flags = 0x41)
0  -O                                                                        (1 = 100.0%)
1  ... 

Histogram: Security.SafetyTips.GetReputationStatusWithEngagedSitesTime recorded 2 samples, mean = 0.0 (flags = 0x41)
0  --O                                                                       (2 = 100.0%)
1  ... 

Histogram: Security.SafetyTips.ReputationCheckComplete.DidFinishNavigation recorded 2 samples, mean = 1.0 (flags = 0x41)
0  O                                                                         (0 = 0.0%)
1  --O                                                                       (2 = 100.0%) {0.0%}
2  ... 

Histogram: Security.SafetyTips.SafetyTipShown recorded 2 samples, mean = 1.0 (flags = 0x41)
0  O                                                                         (0 = 0.0%)
1  --O                                                                       (2 = 100.0%) {0.0%}
2  ... 

Histogram: Security.SafetyTips.StatusWithInitiator.SameOrigin recorded 1 samples, mean = 1.0 (flags = 0x41)
0  O                                                                         (0 = 0.0%)
1  -O                                                                        (1 = 100.0%) {0.0%}
2  ... 

Histogram: Security.SafetyTips.StatusWithInitiator.Unknown recorded 1 samples, mean = 1.0 (flags = 0x41)
0  O                                                                         (0 = 0.0%)
1  -O                                                                        (1 = 100.0%) {0.0%}
2  ... 

Histogram: Security.SecurityLevel.OnCommit recorded 1 samples, mean = 3.0 (flags = 0x41)
0  ... 
3  -O                                                                        (1 = 100.0%) {0.0%}
4  ... 

Histogram: Security.SecurityLevel.OnComplete recorded 1 samples, mean = 3.0 (flags = 0x41)
0  ... 
3  -O                                                                        (1 = 100.0%) {0.0%}
4  ... 

Histogram: Security.SiteEngagement.SECURE recorded 1 samples, mean = 13.0 (flags = 0x41)
0   ... 
13  -O                                                                        (1 = 100.0%) {0.0%}
14  ... 

Histogram: Security.SiteEngagement.SafetyTip_None recorded 1 samples, mean = 13.0 (flags = 0x41)
0   ... 
13  -O                                                                        (1 = 100.0%) {0.0%}
14  ... 

Histogram: Security.TimeOnPage2.SECURE recorded 1 samples, mean = 40878088.0 (flags = 0x41)
0        ... 
3600000  -O                                                                        (1 = 100.0%) {0.0%}

Histogram: Security.TimeOnPage2.SafetyTip_None recorded 1 samples, mean = 40878088.0 (flags = 0x41)
0        ... 
3600000  -O                                                                        (1 = 100.0%) {0.0%}

Histogram: SegmentationPlatform.Database.UpdateUrlForUkmSource recorded 11 samples, mean = 0.6 (flags = 0x41)
0  --------O                                                                 (8 = 72.7%)
1  -O                                                                        (1 = 9.1%) {72.7%}
2  -O                                                                        (1 = 9.1%) {81.8%}
3  O                                                                         (0 = 0.0%) {90.9%}
4  -O                                                                        (1 = 9.1%) {90.9%}
5  ... 

Histogram: SegmentationPlatform.Init.ProcessCreationToServiceCreationLatency recorded 1 samples, mean = 19489800.0 (flags = 0x41)
0       ... 
180000  -O                                                                        (1 = 100.0%) {0.0%}

Histogram: SegmentationPlatform.SelectionFailedReason.ChromeLowUserEngagement recorded 2 samples, mean = 13.5 (flags = 0x41)
0   ... 
10  -O                                                                        (1 = 50.0%) {0.0%}
11  ... 
17  -O                                                                        (1 = 50.0%) {50.0%}
18  ... 

Histogram: SegmentationPlatform.SelectionFailedReason.ComposePromotion recorded 2 samples, mean = 13.5 (flags = 0x41)
0   ... 
10  -O                                                                        (1 = 50.0%) {0.0%}
11  ... 
17  -O                                                                        (1 = 50.0%) {50.0%}
18  ... 

Histogram: SegmentationPlatform.SelectionFailedReason.CrossDeviceUser recorded 2 samples, mean = 13.0 (flags = 0x41)
0   ... 
10  -O                                                                        (1 = 50.0%) {0.0%}
11  ... 
16  -O                                                                        (1 = 50.0%) {50.0%}
17  ... 

Histogram: SegmentationPlatform.SelectionFailedReason.DatabaseApiClients recorded 2 samples, mean = 13.5 (flags = 0x41)
0   ... 
10  -O                                                                        (1 = 50.0%) {0.0%}
11  ... 
17  -O                                                                        (1 = 50.0%) {50.0%}
18  ... 

Histogram: SegmentationPlatform.SelectionFailedReason.DeviceSwitcher recorded 2 samples, mean = 13.5 (flags = 0x41)
0   ... 
10  -O                                                                        (1 = 50.0%) {0.0%}
11  ... 
17  -O                                                                        (1 = 50.0%) {50.0%}
18  ... 

Histogram: SegmentationPlatform.SelectionFailedReason.PasswordManagerUser recorded 2 samples, mean = 13.5 (flags = 0x41)
0   ... 
10  -O                                                                        (1 = 50.0%) {0.0%}
11  ... 
17  -O                                                                        (1 = 50.0%) {50.0%}
18  ... 

Histogram: SegmentationPlatform.SelectionFailedReason.ResumeHeavyUser recorded 2 samples, mean = 13.5 (flags = 0x41)
0   ... 
10  -O                                                                        (1 = 50.0%) {0.0%}
11  ... 
17  -O                                                                        (1 = 50.0%) {50.0%}
18  ... 

Histogram: SegmentationPlatform.SelectionFailedReason.SearchUser recorded 2 samples, mean = 13.5 (flags = 0x41)
0   ... 
10  -O                                                                        (1 = 50.0%) {0.0%}
11  ... 
17  -O                                                                        (1 = 50.0%) {50.0%}
18  ... 

Histogram: SegmentationPlatform.SelectionFailedReason.ShoppingUser recorded 2 samples, mean = 13.0 (flags = 0x41)
0   ... 
10  -O                                                                        (1 = 50.0%) {0.0%}
11  ... 
16  -O                                                                        (1 = 50.0%) {50.0%}
17  ... 

Histogram: SegmentationPlatform.SelectionFailedReason.URLVisitResumptionRanker recorded 2 samples, mean = 13.5 (flags = 0x41)
0   ... 
10  -O                                                                        (1 = 50.0%) {0.0%}
11  ... 
17  -O                                                                        (1 = 50.0%) {50.0%}
18  ... 

Histogram: SegmentationPlatform.SelectionFailedReason.WebAppInstallationPromo recorded 2 samples, mean = 13.5 (flags = 0x41)
0   ... 
10  -O                                                                        (1 = 50.0%) {0.0%}
11  ... 
17  -O                                                                        (1 = 50.0%) {50.0%}
18  ... 

Histogram: SegmentationPlatform.SyncSessions.TabsCountAtStartup recorded 1 samples, mean = 0.0 (flags = 0x41)
0  -O                                                                        (1 = 100.0%)
1  ... 

Histogram: SegmentationPlatform.UkmDatabase.InitTime recorded 1 samples, mean = 13.0 (flags = 0x41)
0   ... 
12  -O                                                                        (1 = 100.0%) {0.0%}
14  ... 

Histogram: ServiceWorker.CountUse.CallerInterface recorded 5 samples, mean = 0.8 (flags = 0x41)
0  -O                                                                        (1 = 20.0%)
1  ----O                                                                     (4 = 80.0%) {20.0%}
2  ... 

Histogram: ServiceWorker.CountUse.DedicatedWorker.WebFeature recorded 4 samples (flags = 0x41)
593   -O                                                                        (1 = 25.0%)
1075  -O                                                                        (1 = 25.0%)
2723  -O                                                                        (1 = 25.0%)
3279  -O                                                                        (1 = 25.0%)

Histogram: ServiceWorker.CountUse.WebFeature recorded 5 samples (flags = 0x41)
593   -O                                                                        (1 = 20.0%)
1075  -O                                                                        (1 = 20.0%)
1441  -O                                                                        (1 = 20.0%)
2723  -O                                                                        (1 = 20.0%)
3279  -O                                                                        (1 = 20.0%)

Histogram: ServiceWorker.FindRegistrationForClientUrl.IsCalledForNavigation recorded 7 samples, mean = 0.1 (flags = 0x41)
0  ------O                                                                   (6 = 85.7%)
1  -O                                                                        (1 = 14.3%) {85.7%}
2  O                                                                         (0 = 0.0%) {100.0%}

Histogram: ServiceWorker.FindRegistrationForClientUrl.SkippedMojoCall.OnNavigation recorded 1 samples, mean = 0.0 (flags = 0x41)
0  -O                                                                        (1 = 100.0%)
1  ... 

Histogram: ServiceWorker.OnBrowserStartup.SkipServiceWorkerOnFirstNavigation recorded 1 samples, mean = 0.0 (flags = 0x41)
0  -O                                                                        (1 = 100.0%)
1  ... 

Histogram: ServiceWorker.RegisteredStorageKeyCount recorded 1 samples, mean = 0.0 (flags = 0x41)
0  -O                                                                        (1 = 100.0%)
1  ... 

Histogram: ServiceWorker.SkipCallingFindRegistrationForClientUrl recorded 3 samples, mean = 1.0 (flags = 0x41)
0  O                                                                         (0 = 0.0%)
1  ---O                                                                      (3 = 100.0%) {0.0%}
2  O                                                                         (0 = 0.0%) {100.0%}

Histogram: ServiceWorker.Storage.ReadInitialDataFromDB.Time recorded 1 samples, mean = 0.0 (flags = 0x41)
0  -O                                                                        (1 = 100.0%)
1  ... 

Histogram: ServiceWorker.Storage.RegisteredStorageKeyCacheInitialization.Time recorded 1 samples, mean = 7549.0 (flags = 0x41)
0     ... 
6296  -O                                                                        (1 = 100.0%) {0.0%}
8000  ... 

Histogram: SessionRestore.UnrecoverableWriteErrorCount recorded 1 samples, mean = 0.0 (flags = 0x41)
0  -O                                                                        (1 = 100.0%)
1  ... 

Histogram: SessionStorageContext.CommitResult recorded 3 samples, mean = 0.0 (flags = 0x41)
0  ---O                                                                      (3 = 100.0%)
1  ... 

Histogram: Settings.AdvancedSpellcheck.OnStartup2 recorded 1 samples, mean = 0.0 (flags = 0x41)
0  -O                                                                        (1 = 100.0%)
1  ... 

Histogram: Settings.AutocompleteSearches.OnStartup2 recorded 1 samples, mean = 1.0 (flags = 0x41)
0  O                                                                         (0 = 0.0%)
1  -O                                                                        (1 = 100.0%) {0.0%}
2  O                                                                         (0 = 0.0%) {100.0%}

Histogram: Settings.FingerprintingProtection.Enabled recorded 1 samples, mean = 0.0 (flags = 0x41)
0  -O                                                                        (1 = 100.0%)
1  ... 

Histogram: Settings.FirstPartySets.State recorded 1 samples, mean = 0.0 (flags = 0x41)
0  -O                                                                        (1 = 100.0%)
1  ... 

Histogram: Settings.IpProtection.Enabled recorded 1 samples, mean = 0.0 (flags = 0x41)
0  -O                                                                        (1 = 100.0%)
1  ... 

Histogram: Settings.PreloadStatus.OnStartup3 recorded 1 samples, mean = 1.0 (flags = 0x41)
0  O                                                                         (0 = 0.0%)
1  -O                                                                        (1 = 100.0%) {0.0%}
2  ... 

Histogram: Settings.PrivacySandbox.AdMeasurement.Enabled recorded 1 samples, mean = 0.0 (flags = 0x41)
0  -O                                                                        (1 = 100.0%)
1  ... 

Histogram: Settings.PrivacySandbox.Fledge.Enabled recorded 1 samples, mean = 0.0 (flags = 0x41)
0  -O                                                                        (1 = 100.0%)
1  ... 

Histogram: Settings.PrivacySandbox.Topics.Enabled recorded 1 samples, mean = 0.0 (flags = 0x41)
0  -O                                                                        (1 = 100.0%)
1  ... 

Histogram: Settings.ShowHomeButton2 recorded 1 samples, mean = 0.0 (flags = 0x41)
0  -O                                                                        (1 = 100.0%)
1  ... 

Histogram: Settings.StartupPageLoadSettings2 recorded 1 samples, mean = 5.0 (flags = 0x41)
0  ... 
5  -O                                                                        (1 = 100.0%) {0.0%}
6  ... 

Histogram: Settings.TrackedPreferenceChanged.FromRegistry recorded 2 samples, mean = 10.0 (flags = 0x41)
0   ... 
5   -O                                                                        (1 = 50.0%) {0.0%}
6   ... 
15  -O                                                                        (1 = 50.0%) {50.0%}
16  ... 

Histogram: Settings.TrackedPreferenceUnchanged recorded 18 samples, mean = 14.5 (flags = 0x41)
0   -O                                                                        (1 = 5.6%)
1   -O                                                                        (1 = 5.6%) {5.6%}
2   -O                                                                        (1 = 5.6%) {11.1%}
3   -O                                                                        (1 = 5.6%) {16.7%}
4   -O                                                                        (1 = 5.6%) {22.2%}
5   -O                                                                        (1 = 5.6%) {27.8%}
6   -O                                                                        (1 = 5.6%) {33.3%}
7   -O                                                                        (1 = 5.6%) {38.9%}
8   ... 
11  -O                                                                        (1 = 5.6%) {44.4%}
12  ... 
14  -O                                                                        (1 = 5.6%) {50.0%}
15  -O                                                                        (1 = 5.6%) {55.6%}
16  ... 
18  -O                                                                        (1 = 5.6%) {61.1%}
19  ... 
23  -O                                                                        (1 = 5.6%) {66.7%}
24  -O                                                                        (1 = 5.6%) {72.2%}
25  ... 
29  -O                                                                        (1 = 5.6%) {77.8%}
30  ... 
32  -O                                                                        (1 = 5.6%) {83.3%}
33  -O                                                                        (1 = 5.6%) {88.9%}
34  -O                                                                        (1 = 5.6%) {94.4%}
35  O                                                                         (0 = 0.0%) {100.0%}

Histogram: Settings.TrackedPreferenceUnchanged.FromRegistry recorded 16 samples, mean = 15.1 (flags = 0x41)
0   -O                                                                        (1 = 6.2%)
1   -O                                                                        (1 = 6.2%) {6.2%}
2   -O                                                                        (1 = 6.2%) {12.5%}
3   -O                                                                        (1 = 6.2%) {18.8%}
4   -O                                                                        (1 = 6.2%) {25.0%}
5   O                                                                         (0 = 0.0%) {31.2%}
6   -O                                                                        (1 = 6.2%) {31.2%}
7   -O                                                                        (1 = 6.2%) {37.5%}
8   ... 
11  -O                                                                        (1 = 6.2%) {43.8%}
12  ... 
14  -O                                                                        (1 = 6.2%) {50.0%}
15  ... 
18  -O                                                                        (1 = 6.2%) {56.2%}
19  ... 
23  -O                                                                        (1 = 6.2%) {62.5%}
24  -O                                                                        (1 = 6.2%) {68.8%}
25  ... 
29  -O                                                                        (1 = 6.2%) {75.0%}
30  ... 
32  -O                                                                        (1 = 6.2%) {81.2%}
33  -O                                                                        (1 = 6.2%) {87.5%}
34  -O                                                                        (1 = 6.2%) {93.8%}
35  O                                                                         (0 = 0.0%) {100.0%}

Histogram: Settings.TrackingProtection.Enabled recorded 1 samples, mean = 0.0 (flags = 0x41)
0  -O                                                                        (1 = 100.0%)
1  ... 

Histogram: SharedDictionary.TimeInitializeDB recorded 1 samples, mean = 5.0 (flags = 0x41)
0  ... 
5  -O                                                                        (1 = 100.0%) {0.0%}
6  ... 

Histogram: Signin.APIKeyMatchesFeatureOnStartup recorded 5 samples, mean = 0.0 (flags = 0x41)
0  -----O                                                                    (5 = 100.0%)
1  ... 

Histogram: Signin.AccountTracker.CountOfLoadedAccounts recorded 1 samples, mean = 0.0 (flags = 0x41)
0  -O                                                                        (1 = 100.0%)
1  ... 

Histogram: Signin.ExplicitSigninMigration recorded 1 samples, mean = 0.0 (flags = 0x41)
0  -O                                                                        (1 = 100.0%)
1  ... 

Histogram: Signin.HadPreviousSyncAccount.SignedOutOnProfileLoad recorded 1 samples, mean = 0.0 (flags = 0x41)
0  -O                                                                        (1 = 100.0%)
1  ... 

Histogram: Signin.HadPreviousSyncAccount.SyncOffOnProfileLoad recorded 1 samples, mean = 0.0 (flags = 0x41)
0  -O                                                                        (1 = 100.0%)
1  ... 

Histogram: Signin.ListAccountsFailure recorded 1 samples, mean = 3.0 (flags = 0x41)
0  ... 
3  -O                                                                        (1 = 100.0%) {0.0%}
4  ... 

Histogram: Signin.ListAccountsRetry recorded 7 samples, mean = 3.0 (flags = 0x41)
0  ... 
3  -------O                                                                  (7 = 100.0%) {0.0%}
4  ... 

Histogram: Signin.PAMInitialize.PrimaryAccountPrefs recorded 1 samples, mean = 2.0 (flags = 0x41)
0  ... 
2  -O                                                                        (1 = 100.0%) {0.0%}
3  ... 

Histogram: Signin.SigninAllowed recorded 1 samples, mean = 0.0 (flags = 0x41)
0  -O                                                                        (1 = 100.0%)
1  ... 

Histogram: Signin.TokenTable.GetAllTokensSqlStatementValidity recorded 1 samples, mean = 1.0 (flags = 0x41)
0  O                                                                         (0 = 0.0%)
1  -O                                                                        (1 = 100.0%) {0.0%}
2  O                                                                         (0 = 0.0%) {100.0%}

Histogram: SimpleCache.App.CacheSizeOnInit recorded 1 samples, mean = 0.0 (flags = 0x41)
0  -O                                                                        (1 = 100.0%)
1000... 

Histogram: SimpleCache.App.ConsistencyResult recorded 1 samples, mean = 0.0 (flags = 0x41)
0  -O                                                                        (1 = 100.0%)
1  ... 

Histogram: SimpleCache.App.CreationToIndex recorded 1 samples, mean = 12.0 (flags = 0x41)
0   ... 
12  -O                                                                        (1 = 100.0%) {0.0%}
14  ... 

Histogram: SimpleCache.App.IndexFileStateOnLoad recorded 1 samples, mean = 2.0 (flags = 0x41)
0  ... 
2  -O                                                                        (1 = 100.0%) {0.0%}
3  ... 

Histogram: SimpleCache.App.IndexInitializeMethod recorded 1 samples, mean = 1.0 (flags = 0x41)
0  O                                                                         (0 = 0.0%)
1  -O                                                                        (1 = 100.0%) {0.0%}
2  ... 

Histogram: SimpleCache.App.IndexNumEntriesOnInit recorded 1 samples, mean = 0.0 (flags = 0x41)
0  -O                                                                        (1 = 100.0%)
1  ... 

Histogram: SimpleCache.App.MaxCacheSizeOnInit recorded 1 samples, mean = 0.0 (flags = 0x41)
0  -O                                                                        (1 = 100.0%)
1000... 

Histogram: SimpleCache.Code.CacheSizeOnInit recorded 1 samples, mean = 4528.0 (flags = 0x41)
0     ... 
4153  -O                                                                        (1 = 100.0%) {0.0%}
4727  ... 

Histogram: SimpleCache.Code.ConsistencyResult recorded 1 samples, mean = 0.0 (flags = 0x41)
0  -O                                                                        (1 = 100.0%)
1  ... 

Histogram: SimpleCache.Code.CreationToIndex recorded 1 samples, mean = 11.0 (flags = 0x41)
0   ... 
10  -O                                                                        (1 = 100.0%) {0.0%}
12  ... 

Histogram: SimpleCache.Code.DiskCloseLatency recorded 26 samples, mean = 0.0 (flags = 0x41)
0  --------------------------O                                               (26 = 100.0%)
1  ... 

Histogram: SimpleCache.Code.DiskCreateLatency recorded 24 samples, mean = 0.0 (flags = 0x40)
0  ------------------------O                                                 (24 = 100.0%)
1  ... 

Histogram: SimpleCache.Code.DiskDoomLatency recorded 1 samples, mean = 0.0 (flags = 0x41)
0  -O                                                                        (1 = 100.0%)
1  ... 

Histogram: SimpleCache.Code.DiskOpenLatency recorded 2 samples, mean = 6.0 (flags = 0x41)
0  ... 
5  -O                                                                        (1 = 50.0%) {0.0%}
6  O                                                                         (0 = 0.0%) {50.0%}
7  -O                                                                        (1 = 50.0%) {50.0%}
8  ... 

Histogram: SimpleCache.Code.EntryCreationTime recorded 26 samples, mean = 0.5 (flags = 0x41)
0  ------------------------O                                                 (24 = 92.3%)
1  ... 
5  -O                                                                        (1 = 3.8%) {92.3%}
6  O                                                                         (0 = 0.0%) {96.2%}
7  -O                                                                        (1 = 3.8%) {96.2%}
8  ... 

Histogram: SimpleCache.Code.HeaderSize recorded 25 samples, mean = 36.0 (flags = 0x41)
0   ... 
34  -------------------------O                                                (25 = 100.0%) {0.0%}
40  ... 

Histogram: SimpleCache.Code.IndexFileStateOnLoad recorded 1 samples, mean = 2.0 (flags = 0x41)
0  ... 
2  -O                                                                        (1 = 100.0%) {0.0%}
3  ... 

Histogram: SimpleCache.Code.IndexInitializeMethod recorded 1 samples, mean = 1.0 (flags = 0x41)
0  O                                                                         (0 = 0.0%)
1  -O                                                                        (1 = 100.0%) {0.0%}
2  ... 

Histogram: SimpleCache.Code.IndexNumEntriesOnInit recorded 1 samples, mean = 84.0 (flags = 0x41)
0   ... 
76  -O                                                                        (1 = 100.0%) {0.0%}
95  ... 

Histogram: SimpleCache.Code.MaxCacheSizeOnInit recorded 1 samples, mean = 327680.0 (flags = 0x41)
0       ... 
297881  -O                                                                        (1 = 100.0%) {0.0%}
339058  ... 

Histogram: SimpleCache.Code.OpenEntryIndexState recorded 53 samples, mean = 1.0 (flags = 0x41)
0  O                                                                         (0 = 0.0%)
1  ---------------------------------------------------O                      (51 = 96.2%) {0.0%}
2  --O                                                                       (2 = 3.8%) {96.2%}
3  O                                                                         (0 = 0.0%) {100.0%}

Histogram: SimpleCache.Code.SyncCheckEOFResult recorded 2 samples, mean = 0.0 (flags = 0x40)
0  --O                                                                       (2 = 100.0%)
1  ... 

Histogram: SimpleCache.Code.SyncCloseResult recorded 26 samples, mean = 0.0 (flags = 0x40)
0  --------------------------O                                               (26 = 100.0%)
1  ... 

Histogram: SimpleCache.Code.SyncOpenPrefetchMode recorded 2 samples, mean = 0.0 (flags = 0x41)
0  --O                                                                       (2 = 100.0%)
1  ... 

Histogram: SimpleCache.Code.SyncOpenResult recorded 2 samples, mean = 0.0 (flags = 0x40)
0  --O                                                                       (2 = 100.0%)
1  ... 

Histogram: SiteEngagementService.EngagementScore recorded 1 samples, mean = 14.0 (flags = 0x41)
0   ... 
14  -O                                                                        (1 = 100.0%) {0.0%}
15  ... 

Histogram: SiteEngagementService.EngagementType recorded 1 samples, mean = 0.0 (flags = 0x41)
0  -O                                                                        (1 = 100.0%)
1  ... 

Histogram: SiteEngagementService.MeanEngagement recorded 1 samples, mean = 14.0 (flags = 0x41)
0   ... 
14  -O                                                                        (1 = 100.0%) {0.0%}
15  ... 

Histogram: SiteEngagementService.MedianEngagement recorded 1 samples, mean = 14.0 (flags = 0x41)
0   ... 
14  -O                                                                        (1 = 100.0%) {0.0%}
15  ... 

Histogram: SiteEngagementService.OriginsEngaged recorded 1 samples, mean = 1.0 (flags = 0x41)
0  O                                                                         (0 = 0.0%)
1  -O                                                                        (1 = 100.0%) {0.0%}
2  ... 

Histogram: SiteIsolatedCodeCache.JS.Behaviour recorded 54 samples, mean = 2.4 (flags = 0x41)
0  -O                                                                        (1 = 1.9%)
1  ---------------------------O                                              (27 = 50.0%) {1.9%}
2  -O                                                                        (1 = 1.9%) {51.9%}
3  -O                                                                        (1 = 1.9%) {53.7%}
4  ------------------------O                                                 (24 = 44.4%) {55.6%}
5  ... 

Histogram: SiteIsolatedCodeCache.JS.FetchCodeCache recorded 1 samples, mean = 7.0 (flags = 0x41)
0  ... 
7  -O                                                                        (1 = 100.0%) {0.0%}
8  ... 

Histogram: SiteIsolatedCodeCache.JS.Hit recorded 28 samples, mean = 0.0 (flags = 0x41)
0  ---------------------------O                                              (27 = 96.4%)
1  -O                                                                        (1 = 3.6%) {96.4%}
2  O                                                                         (0 = 0.0%) {100.0%}

Histogram: SiteIsolatedCodeCache.JS.PotentialMemoryBackedCodeCacheHit recorded 28 samples, mean = 0.0 (flags = 0x41)
0  ----------------------------O                                             (28 = 100.0%)
1  ... 

Histogram: SiteIsolatedCodeCache.JS.PotentialMemoryBackedCodeCacheSize2 recorded 136 samples, mean = 29505.0 (flags = 0x41)
0      ... 
26179  ------------------------------------------------------------------------O (136 = 100.0%) {0.0%}
37599  ... 

Histogram: SiteIsolatedCodeCache.WASM.Behaviour recorded 12 samples, mean = 1.0 (flags = 0x41)
0  O                                                                         (0 = 0.0%)
1  ------------O                                                             (12 = 100.0%) {0.0%}
2  ... 

Histogram: SiteIsolation.BrowsingInstance.MaxCountPerProcess recorded 6 samples, mean = 0.8 (flags = 0x41)
0  -O                                                                        (1 = 16.7%)
1  -----O                                                                    (5 = 83.3%) {16.7%}
2  ... 

Histogram: SiteIsolation.NewProcessUsedForNavigationWhenSameSiteProcessExists recorded 2 samples, mean = 0.0 (flags = 0x41)
0  --O                                                                       (2 = 100.0%)
1  ... 

Histogram: SiteIsolation.ProcessPerSiteWithMainFrameThreshold.IsDevToolsUser recorded 1 samples, mean = 0.0 (flags = 0x41)
0  -O                                                                        (1 = 100.0%)
1  ... 

Histogram: SiteIsolation.ReusePendingOrCommittedSite.CouldReuse2 recorded 2 samples, mean = 0.0 (flags = 0x41)
0  --O                                                                       (2 = 100.0%)
1  ... 

Histogram: SiteIsolation.ReusePendingOrCommittedSite.TimeSinceReusableProcessDestroyed recorded 2 samples, mean = 20000.0 (flags = 0x41)
0      ... 
20000  --O                                                                       (2 = 100.0%) {0.0%}

Histogram: Skia.SubmitRenderPasses recorded 31 samples, mean = 0.6 (flags = 0x41)
0  ----------------------O                                                   (22 = 71.0%)
1  ----O                                                                     (4 = 12.9%) {71.0%}
2  --O                                                                       (2 = 6.5%) {83.9%}
3  -O                                                                        (1 = 3.2%) {90.3%}
4  --O                                                                       (2 = 6.5%) {93.5%}
5  ... 

Histogram: Sql.Statement.Affiliation.VMSteps recorded 15 samples, mean = 15.5 (flags = 0x41)
0   ... 
3   ----O                                                                     (4 = 26.7%) {0.0%}
4   O                                                                         (0 = 0.0%) {26.7%}
5   -O                                                                        (1 = 6.7%) {26.7%}
6   -O                                                                        (1 = 6.7%) {33.3%}
7   ... 
12  -----O                                                                    (5 = 33.3%) {40.0%}
14  ... 
20  -O                                                                        (1 = 6.7%) {73.3%}
24  O                                                                         (0 = 0.0%) {80.0%}
29  -O                                                                        (1 = 6.7%) {80.0%}
34  O                                                                         (0 = 0.0%) {86.7%}
40  -O                                                                        (1 = 6.7%) {86.7%}
48  -O                                                                        (1 = 6.7%) {93.3%}
57  ... 

Histogram: Sql.Statement.BrowsingTopics.VMSteps recorded 12 samples, mean = 8.0 (flags = 0x41)
0   ... 
3   ----O                                                                     (4 = 33.3%) {0.0%}
4   O                                                                         (0 = 0.0%) {33.3%}
5   -O                                                                        (1 = 8.3%) {33.3%}
6   ... 
8   --O                                                                       (2 = 16.7%) {41.7%}
10  O                                                                         (0 = 0.0%) {58.3%}
12  -----O                                                                    (5 = 41.7%) {58.3%}
14  ... 

Histogram: Sql.Statement.Cookie.VMSteps recorded 44 samples, mean = 23.7 (flags = 0x41)
0   ... 
3   ----------O                                                               (10 = 22.7%) {0.0%}
4   O                                                                         (0 = 0.0%) {22.7%}
5   --O                                                                       (2 = 4.5%) {22.7%}
6   O                                                                         (0 = 0.0%) {27.3%}
7   -O                                                                        (1 = 2.3%) {27.3%}
8   O                                                                         (0 = 0.0%) {29.5%}
10  -O                                                                        (1 = 2.3%) {29.5%}
12  ----------O                                                               (10 = 22.7%) {31.8%}
14  ... 
20  --O                                                                       (2 = 4.5%) {54.5%}
24  -------O                                                                  (7 = 15.9%) {59.1%}
29  O                                                                         (0 = 0.0%) {75.0%}
34  -O                                                                        (1 = 2.3%) {75.0%}
40  O                                                                         (0 = 0.0%) {77.3%}
48  --O                                                                       (2 = 4.5%) {77.3%}
57  --------O                                                                 (8 = 18.2%) {81.8%}
68  ... 

Histogram: Sql.Statement.DIPS.VMSteps recorded 77 samples, mean = 15.2 (flags = 0x41)
0   ... 
3   --O                                                                       (2 = 2.6%) {0.0%}
4   O                                                                         (0 = 0.0%) {2.6%}
5   -O                                                                        (1 = 1.3%) {2.6%}
6   ... 
8   ---------------O                                                          (15 = 19.5%) {3.9%}
10  -O                                                                        (1 = 1.3%) {23.4%}
12  ----------------------O                                                   (22 = 28.6%) {24.7%}
14  --O                                                                       (2 = 2.6%) {53.2%}
17  --------------O                                                           (14 = 18.2%) {55.8%}
20  -----------------O                                                        (17 = 22.1%) {74.0%}
24  -O                                                                        (1 = 1.3%) {96.1%}
29  --O                                                                       (2 = 2.6%) {97.4%}
34  ... 

Histogram: Sql.Statement.FirstPartySets.VMSteps recorded 31 samples, mean = 9.2 (flags = 0x41)
0   ... 
3   ----------O                                                               (10 = 32.3%) {0.0%}
4   O                                                                         (0 = 0.0%) {32.3%}
5   -O                                                                        (1 = 3.2%) {32.3%}
6   ... 
8   ----O                                                                     (4 = 12.9%) {35.5%}
10  ---O                                                                      (3 = 9.7%) {48.4%}
12  -----------O                                                              (11 = 35.5%) {58.1%}
14  ... 
20  -O                                                                        (1 = 3.2%) {93.5%}
24  -O                                                                        (1 = 3.2%) {96.8%}
29  ... 

Histogram: Sql.Statement.History.VMSteps recorded 718 samples, mean = 18.7 (flags = 0x41)
0    ... 
3    ---O                                                                      (10 = 1.4%) {0.0%}
4    O                                                                         (0 = 0.0%) {1.4%}
5    O                                                                         (1 = 0.1%) {1.4%}
6    -O                                                                        (2 = 0.3%) {1.5%}
7    O                                                                         (0 = 0.0%) {1.8%}
8    -O                                                                        (4 = 0.6%) {1.8%}
10   --O                                                                       (6 = 0.8%) {2.4%}
12   ------------------------------------------------------------------------O (258 = 35.9%) {3.2%}
14   -O                                                                        (3 = 0.4%) {39.1%}
17   -----------------------------------------O                                (146 = 20.3%) {39.6%}
20   ---------------------------------------------------------------------O    (249 = 34.7%) {59.9%}
24   ----O                                                                     (13 = 1.8%) {94.6%}
29   -O                                                                        (3 = 0.4%) {96.4%}
34   O                                                                         (1 = 0.1%) {96.8%}
40   -O                                                                        (2 = 0.3%) {96.9%}
48   O                                                                         (1 = 0.1%) {97.2%}
57   O                                                                         (1 = 0.1%) {97.4%}
68   ----O                                                                     (13 = 1.8%) {97.5%}
81   O                                                                         (1 = 0.1%) {99.3%}
96   O                                                                         (1 = 0.1%) {99.4%}
114  O                                                                         (0 = 0.0%) {99.6%}
135  -O                                                                        (3 = 0.4%) {99.6%}
160  ... 

Histogram: Sql.Statement.OptOutBlacklist.VMSteps recorded 4 samples, mean = 10.8 (flags = 0x41)
0   ... 
5   -O                                                                        (1 = 25.0%) {0.0%}
6   O                                                                         (0 = 0.0%) {25.0%}
7   -O                                                                        (1 = 25.0%) {25.0%}
8   O                                                                         (0 = 0.0%) {50.0%}
10  -O                                                                        (1 = 25.0%) {50.0%}
12  ... 
20  -O                                                                        (1 = 25.0%) {75.0%}
24  ... 

Histogram: Sql.Statement.Passwords.VMSteps recorded 51 samples, mean = 24.6 (flags = 0x41)
0   ... 
3   ----O                                                                     (4 = 7.8%) {0.0%}
4   O                                                                         (0 = 0.0%) {7.8%}
5   --O                                                                       (2 = 3.9%) {7.8%}
6   ------O                                                                   (6 = 11.8%) {11.8%}
7   ----O                                                                     (4 = 7.8%) {23.5%}
8   ---O                                                                      (3 = 5.9%) {31.4%}
10  O                                                                         (0 = 0.0%) {37.3%}
12  ------------O                                                             (12 = 23.5%) {37.3%}
14  --O                                                                       (2 = 3.9%) {60.8%}
17  O                                                                         (0 = 0.0%) {64.7%}
20  --O                                                                       (2 = 3.9%) {64.7%}
24  ... 
34  --O                                                                       (2 = 3.9%) {68.6%}
40  ----O                                                                     (4 = 7.8%) {72.5%}
48  O                                                                         (0 = 0.0%) {80.4%}
57  ----O                                                                     (4 = 7.8%) {80.4%}
68  ------O                                                                   (6 = 11.8%) {88.2%}
81  ... 

Histogram: Sql.Statement.Predictor.VMSteps recorded 17 samples, mean = 16.5 (flags = 0x41)
0   ... 
3   --O                                                                       (2 = 11.8%) {0.0%}
4   O                                                                         (0 = 0.0%) {11.8%}
5   -O                                                                        (1 = 5.9%) {11.8%}
6   -O                                                                        (1 = 5.9%) {17.6%}
7   O                                                                         (0 = 0.0%) {23.5%}
8   -O                                                                        (1 = 5.9%) {23.5%}
10  ----O                                                                     (4 = 23.5%) {29.4%}
12  -O                                                                        (1 = 5.9%) {52.9%}
14  -O                                                                        (1 = 5.9%) {58.8%}
17  O                                                                         (0 = 0.0%) {64.7%}
20  --O                                                                       (2 = 11.8%) {64.7%}
24  -O                                                                        (1 = 5.9%) {76.5%}
29  -O                                                                        (1 = 5.9%) {82.4%}
34  O                                                                         (0 = 0.0%) {88.2%}
40  -O                                                                        (1 = 5.9%) {88.2%}
48  -O                                                                        (1 = 5.9%) {94.1%}
57  ... 

Histogram: Sql.Statement.Quota.VMSteps recorded 60 samples, mean = 8.3 (flags = 0x41)
0   ... 
3   ----O                                                                     (4 = 6.7%) {0.0%}
4   O                                                                         (0 = 0.0%) {6.7%}
5   -O                                                                        (1 = 1.7%) {6.7%}
6   -----------O                                                              (11 = 18.3%) {8.3%}
7   O                                                                         (0 = 0.0%) {26.7%}
8   -----------------------O                                                  (23 = 38.3%) {26.7%}
10  -----------O                                                              (11 = 18.3%) {65.0%}
12  ----------O                                                               (10 = 16.7%) {83.3%}
14  ... 

Histogram: Sql.Statement.ReportingAndNEL.VMSteps recorded 12 samples, mean = 13.8 (flags = 0x41)
0   ... 
3   --O                                                                       (2 = 16.7%) {0.0%}
4   O                                                                         (0 = 0.0%) {16.7%}
5   -O                                                                        (1 = 8.3%) {16.7%}
6   -O                                                                        (1 = 8.3%) {25.0%}
7   ... 
12  -----O                                                                    (5 = 41.7%) {33.3%}
14  ... 
20  -O                                                                        (1 = 8.3%) {75.0%}
24  O                                                                         (0 = 0.0%) {83.3%}
29  -O                                                                        (1 = 8.3%) {83.3%}
34  -O                                                                        (1 = 8.3%) {91.7%}
40  ... 

Histogram: Sql.Statement.SharedDictionary.VMSteps recorded 21 samples, mean = 9.3 (flags = 0x41)
0   ... 
3   --------O                                                                 (8 = 38.1%) {0.0%}
4   O                                                                         (0 = 0.0%) {38.1%}
5   -O                                                                        (1 = 4.8%) {38.1%}
6   ... 
8   -O                                                                        (1 = 4.8%) {42.9%}
10  O                                                                         (0 = 0.0%) {47.6%}
12  --------O                                                                 (8 = 38.1%) {47.6%}
14  O                                                                         (0 = 0.0%) {85.7%}
17  --O                                                                       (2 = 9.5%) {85.7%}
20  -O                                                                        (1 = 4.8%) {95.2%}
24  ... 

Histogram: Sql.Statement.SharedStorage.VMSteps recorded 3 samples, mean = 7.7 (flags = 0x41)
0   ... 
5   -O                                                                        (1 = 33.3%) {0.0%}
6   ... 
8   -O                                                                        (1 = 33.3%) {33.3%}
10  -O                                                                        (1 = 33.3%) {66.7%}
12  ... 

Histogram: Sql.Statement.Thumbnail.VMSteps recorded 84 samples, mean = 16.8 (flags = 0x41)
0   ... 
3   ----------O                                                               (10 = 11.9%) {0.0%}
4   O                                                                         (0 = 0.0%) {11.9%}
5   -O                                                                        (1 = 1.2%) {11.9%}
6   ... 
8   -----O                                                                    (5 = 6.0%) {13.1%}
10  -----O                                                                    (5 = 6.0%) {19.0%}
12  --------------------O                                                     (20 = 23.8%) {25.0%}
14  -------O                                                                  (7 = 8.3%) {48.8%}
17  -----O                                                                    (5 = 6.0%) {57.1%}
20  --------------O                                                           (14 = 16.7%) {63.1%}
24  -O                                                                        (1 = 1.2%) {79.8%}
29  ---------------O                                                          (15 = 17.9%) {81.0%}
34  -O                                                                        (1 = 1.2%) {98.8%}
40  ... 

Histogram: Sql.Statement.TopSites.VMSteps recorded 13 samples, mean = 12.7 (flags = 0x41)
0   ... 
3   --O                                                                       (2 = 15.4%) {0.0%}
4   O                                                                         (0 = 0.0%) {15.4%}
5   -O                                                                        (1 = 7.7%) {15.4%}
6   ... 
12  ---------O                                                                (9 = 69.2%) {23.1%}
14  ... 
40  -O                                                                        (1 = 7.7%) {92.3%}
48  ... 

Histogram: Sql.Statement.TrustTokens.VMSteps recorded 16 samples, mean = 14.1 (flags = 0x41)
0   ... 
3   --O                                                                       (2 = 12.5%) {0.0%}
4   O                                                                         (0 = 0.0%) {12.5%}
5   -O                                                                        (1 = 6.2%) {12.5%}
6   ---O                                                                      (3 = 18.8%) {18.8%}
7   ... 
10  -O                                                                        (1 = 6.2%) {37.5%}
12  -----O                                                                    (5 = 31.2%) {43.8%}
14  ... 
20  -O                                                                        (1 = 6.2%) {75.0%}
24  O                                                                         (0 = 0.0%) {81.2%}
29  -O                                                                        (1 = 6.2%) {81.2%}
34  --O                                                                       (2 = 12.5%) {87.5%}
40  ... 

Histogram: Sql.Statement.UKMMetrics.VMSteps recorded 47 samples, mean = 12.9 (flags = 0x41)
0   ... 
3   -------O                                                                  (7 = 14.9%) {0.0%}
4   O                                                                         (0 = 0.0%) {14.9%}
5   -O                                                                        (1 = 2.1%) {14.9%}
6   O                                                                         (0 = 0.0%) {17.0%}
7   -O                                                                        (1 = 2.1%) {17.0%}
8   -----------O                                                              (11 = 23.4%) {19.1%}
10  O                                                                         (0 = 0.0%) {42.6%}
12  ------------O                                                             (12 = 25.5%) {42.6%}
14  O                                                                         (0 = 0.0%) {68.1%}
17  -O                                                                        (1 = 2.1%) {68.1%}
20  ------------O                                                             (12 = 25.5%) {70.2%}
24  O                                                                         (0 = 0.0%) {95.7%}
29  -O                                                                        (1 = 2.1%) {95.7%}
34  O                                                                         (0 = 0.0%) {97.9%}
40  -O                                                                        (1 = 2.1%) {97.9%}
48  ... 

Histogram: Sql.Statement.Web.VMSteps recorded 116 samples, mean = 53.1 (flags = 0x41)
0    ... 
3    --------O                                                                 (8 = 6.9%) {0.0%}
4    -O                                                                        (1 = 0.9%) {6.9%}
5    -O                                                                        (1 = 0.9%) {7.8%}
6    ------------O                                                             (12 = 10.3%) {8.6%}
7    ----------O                                                               (10 = 8.6%) {19.0%}
8    ------O                                                                   (6 = 5.2%) {27.6%}
10   ---------O                                                                (9 = 7.8%) {32.8%}
12   --------------O                                                           (14 = 12.1%) {40.5%}
14   -O                                                                        (1 = 0.9%) {52.6%}
17   ---O                                                                      (3 = 2.6%) {53.4%}
20   -O                                                                        (1 = 0.9%) {56.0%}
24   -O                                                                        (1 = 0.9%) {56.9%}
29   --O                                                                       (2 = 1.7%) {57.8%}
34   --O                                                                       (2 = 1.7%) {59.5%}
40   --O                                                                       (2 = 1.7%) {61.2%}
48   ---O                                                                      (3 = 2.6%) {62.9%}
57   ----O                                                                     (4 = 3.4%) {65.5%}
68   ----O                                                                     (4 = 3.4%) {69.0%}
81   --O                                                                       (2 = 1.7%) {72.4%}
96   -------O                                                                  (7 = 6.0%) {74.1%}
114  -----O                                                                    (5 = 4.3%) {80.2%}
135  -------O                                                                  (7 = 6.0%) {84.5%}
160  -----O                                                                    (5 = 4.3%) {90.5%}
190  ------O                                                                   (6 = 5.2%) {94.8%}
226  ... 

Histogram: Sql.vfs.SyncTime recorded 137 samples, mean = 0.2 (flags = 0x41)
0   ------------------------------------------------------------------------O (128 = 93.4%)
1   -----O                                                                    (8 = 5.8%) {93.4%}
2   ... 
24  -O                                                                        (1 = 0.7%) {99.3%}
29  ... 

Histogram: Stability.Counts2 recorded 14 samples, mean = 19.9 (flags = 0x43)
0   ... 
2   ----O                                                                     (4 = 28.6%) {0.0%}
3   ... 
15  -O                                                                        (1 = 7.1%) {28.6%}
16  ... 
26  ------O                                                                   (6 = 42.9%) {35.7%}
27  ... 
33  ---O                                                                      (3 = 21.4%) {78.6%}
34  O                                                                         (0 = 0.0%) {100.0%}

Histogram: Stability.Experimental.PageLoads recorded 4 samples, mean = 17.0 (flags = 0x41)
0   ... 
17  ----O                                                                     (4 = 100.0%) {0.0%}
18  O                                                                         (0 = 0.0%) {100.0%}

Histogram: Startup.AfterStartupTaskCount recorded 1 samples, mean = 2.0 (flags = 0x41)
0  ... 
2  -O                                                                        (1 = 100.0%) {0.0%}
3  ... 

Histogram: Startup.AfterStartupTaskDelayedUntilTime recorded 1 samples, mean = 54778.0 (flags = 0x41)
0      ... 
51267  -O                                                                        (1 = 100.0%) {0.0%}
69459  ... 

Histogram: Startup.BrowserMainRunnerImplInitializeLongTime recorded 1 samples, mean = 376.0 (flags = 0x41)
0    ... 
372  -O                                                                        (1 = 100.0%) {0.0%}
429  ... 

Histogram: Startup.BrowserMessageLoopFirstIdle recorded 1 samples, mean = 40950456.0 (flags = 0x41)
0        ... 
3600000  -O                                                                        (1 = 100.0%) {0.0%}

Histogram: Startup.BrowserMessageLoopStartTime recorded 1 samples, mean = 558.0 (flags = 0x41)
0    ... 
495  -O                                                                        (1 = 100.0%) {0.0%}
571  ... 

Histogram: Startup.CreateFirstProfile recorded 1 samples, mean = 177.0 (flags = 0x41)
0    ... 
160  -O                                                                        (1 = 100.0%) {0.0%}
217  ... 

Histogram: Startup.FirstWebContents.FinishReason recorded 1 samples, mean = 6.0 (flags = 0x41)
0  ... 
6  -O                                                                        (1 = 100.0%) {0.0%}
7  ... 

Histogram: Startup.LoadTime.ApplicationStartToChromeMain recorded 1 samples, mean = 0.0 (flags = 0x41)
0  -O                                                                        (1 = 100.0%)
1  ... 

Histogram: Startup.LoadTime.ProcessCreateToApplicationStart recorded 1 samples, mean = 40355.0 (flags = 0x41)
0      ... 
37840  -O                                                                        (1 = 100.0%) {0.0%}
51267  ... 

Histogram: Startup.LoadTime.RecordedProcessCreation recorded 1 samples, mean = 1.0 (flags = 0x1)
0  O                                                                         (0 = 0.0%)
1  -O                                                                        (1 = 100.0%) {0.0%}
2  O                                                                         (0 = 0.0%) {100.0%}

Histogram: Startup.PreMainMessageLoopRunImplLongTime recorded 1 samples, mean = 239.0 (flags = 0x41)
0    ... 
210  -O                                                                        (1 = 100.0%) {0.0%}
242  ... 

Histogram: Startup.Renderer.LoadTime.ApplicationStartToRendererStartRunLoop recorded 3 samples, mean = 15.0 (flags = 0x41)
0   ... 
13  --O                                                                       (2 = 66.7%) {0.0%}
16  -O                                                                        (1 = 33.3%) {66.7%}
20  ... 

Histogram: Startup.Renderer.LoadTime.ChromeMainToRendererStartRunLoop recorded 3 samples, mean = 15.0 (flags = 0x41)
0   ... 
13  --O                                                                       (2 = 66.7%) {0.0%}
16  -O                                                                        (1 = 33.3%) {66.7%}
20  ... 

Histogram: Startup.Renderer.LoadTime.ProcessCreationToRendererStartRunLoop recorded 3 samples, mean = 66.7 (flags = 0x41)
0   ... 
52  -O                                                                        (1 = 33.3%) {0.0%}
66  --O                                                                       (2 = 66.7%) {33.3%}
84  ... 

Histogram: Startup.Temperature recorded 1 samples, mean = 3.0 (flags = 0x41)
0  ... 
3  -O                                                                        (1 = 100.0%) {0.0%}
4  O                                                                         (0 = 0.0%) {100.0%}

Histogram: Storage.Blob.CreateDirectoryResult recorded 1 samples, mean = 0.0 (flags = 0x41)
0  -O                                                                        (1 = 100.0%)
1  ... 

Histogram: Storage.SessionStorage.RendererAreaCacheHit recorded 4 samples, mean = 0.5 (flags = 0x41)
0  ---O                                                                      (3 = 75.0%)
1  O                                                                         (0 = 0.0%) {75.0%}
2  -O                                                                        (1 = 25.0%) {75.0%}
3  O                                                                         (0 = 0.0%) {100.0%}

Histogram: Storage.SharedStorage.Database.Timing.OpenImpl recorded 1 samples, mean = 2.0 (flags = 0x41)
0  ... 
2  -O                                                                        (1 = 100.0%) {0.0%}
3  ... 

Histogram: Storage.SharedStorage.OnShutdown.NumSqlErrors recorded 1 samples, mean = 0.0 (flags = 0x41)
0  -O                                                                        (1 = 100.0%)
1  ... 

Histogram: Storage.SharedStorage.OnShutdown.RecoveryFromInitFailureAttempted recorded 1 samples, mean = 0.0 (flags = 0x41)
0  -O                                                                        (1 = 100.0%)
1  ... 

Histogram: Storage.SharedStorage.OnShutdown.RecoveryOnDiskAttempted recorded 1 samples, mean = 0.0 (flags = 0x41)
0  -O                                                                        (1 = 100.0%)
1  ... 

Histogram: Storage.SharedStorage.Worklet.NumPerPage recorded 1 samples, mean = 0.0 (flags = 0x41)
0  -O                                                                        (1 = 100.0%)
1  ... 

Histogram: Storage.SharedStorage.Worklet.SelectURL.CallsPerPage recorded 1 samples, mean = 0.0 (flags = 0x41)
0  -O                                                                        (1 = 100.0%)
1  ... 

Histogram: Style.InvalidationTime recorded 2 samples, mean = 39.0 (flags = 0x41)
0   ... 
21  -O                                                                        (1 = 50.0%) {0.0%}
29  O                                                                         (0 = 0.0%) {50.0%}
40  -O                                                                        (1 = 50.0%) {50.0%}
55  ... 

Histogram: Style.RebuildLayoutTreeTime recorded 17 samples, mean = 303.8 (flags = 0x41)
0     ... 
15    --O                                                                       (2 = 11.8%) {0.0%}
21    --O                                                                       (2 = 11.8%) {11.8%}
29    -O                                                                        (1 = 5.9%) {23.5%}
40    -O                                                                        (1 = 5.9%) {29.4%}
55    ----O                                                                     (4 = 23.5%) {35.3%}
76    -O                                                                        (1 = 5.9%) {58.8%}
105   O                                                                         (0 = 0.0%) {64.7%}
146   -O                                                                        (1 = 5.9%) {64.7%}
203   -O                                                                        (1 = 5.9%) {70.6%}
282   -O                                                                        (1 = 5.9%) {76.5%}
391   O                                                                         (0 = 0.0%) {82.4%}
542   -O                                                                        (1 = 5.9%) {82.4%}
752   O                                                                         (0 = 0.0%) {88.2%}
1043  -O                                                                        (1 = 5.9%) {88.2%}
1447  -O                                                                        (1 = 5.9%) {94.1%}
2008  ... 

Histogram: Style.RecalcTime recorded 24 samples, mean = 1406.5 (flags = 0x41)
0     -O                                                                        (1 = 4.2%)
1     ... 
3     -O                                                                        (1 = 4.2%) {4.2%}
4     ... 
8     -O                                                                        (1 = 4.2%) {8.3%}
11    ... 
29    -O                                                                        (1 = 4.2%) {12.5%}
40    ---O                                                                      (3 = 12.5%) {16.7%}
55    ---O                                                                      (3 = 12.5%) {29.2%}
76    --O                                                                       (2 = 8.3%) {41.7%}
105   O                                                                         (0 = 0.0%) {50.0%}
146   --O                                                                       (2 = 8.3%) {50.0%}
203   O                                                                         (0 = 0.0%) {58.3%}
282   -O                                                                        (1 = 4.2%) {58.3%}
391   ... 
752   -O                                                                        (1 = 4.2%) {62.5%}
1043  --O                                                                       (2 = 8.3%) {66.7%}
1447  O                                                                         (0 = 0.0%) {75.0%}
2008  -O                                                                        (1 = 4.2%) {75.0%}
2786  -O                                                                        (1 = 4.2%) {79.2%}
3865  ---O                                                                      (3 = 12.5%) {83.3%}
5362  O                                                                         (0 = 0.0%) {95.8%}
7439  -O                                                                        (1 = 4.2%) {95.8%}
10321 ... 

Histogram: SubresourceFilter.Experimental.ReadyToCommitResultsInCommit2 recorded 1 samples, mean = 1.0 (flags = 0x41)
0  O                                                                         (0 = 0.0%)
1  -O                                                                        (1 = 100.0%) {0.0%}
2  O                                                                         (0 = 0.0%) {100.0%}

Histogram: SubresourceFilter.MainFrameLoad.RulesetIsAvailableAnyActivationLevel recorded 2 samples, mean = 0.0 (flags = 0x41)
0  --O                                                                       (2 = 100.0%)
1  ... 

Histogram: SubresourceFilter.PageLoad.ActivationDecision recorded 2 samples, mean = 1.0 (flags = 0x41)
0  O                                                                         (0 = 0.0%)
1  --O                                                                       (2 = 100.0%) {0.0%}
2  ... 

Histogram: SubresourceFilter.PageLoad.ActivationList recorded 2 samples, mean = 0.0 (flags = 0x41)
0  --O                                                                       (2 = 100.0%)
1  ... 

Histogram: SubresourceFilter.PageLoad.ActivationState recorded 3 samples, mean = 0.0 (flags = 0x41)
0  ---O                                                                      (3 = 100.0%)
1  ... 

Histogram: SubresourceFilter.PageLoad.SafeBrowsingDelay recorded 2 samples, mean = 0.0 (flags = 0x41)
0  --O                                                                       (2 = 100.0%)
1  ... 

Histogram: SubresourceFilter.SafeBrowsing.TotalCheckTime recorded 4 samples, mean = 0.0 (flags = 0x41)
0  ----O                                                                     (4 = 100.0%)
1  ... 

Histogram: Sync.ModelTypeErrorSite.DEVICE_INFO recorded 1 samples, mean = 0.0 (flags = 0x41)
0  -O                                                                        (1 = 100.0%)
1  ... 

Histogram: Sync.ModelTypeErrorSite.READING_LIST recorded 2 samples, mean = 0.0 (flags = 0x41)
0  --O                                                                       (2 = 100.0%)
1  ... 

Histogram: Sync.ModelTypeErrorSite.SEND_TAB_TO_SELF recorded 1 samples, mean = 0.0 (flags = 0x41)
0  -O                                                                        (1 = 100.0%)
1  ... 

Histogram: Sync.ModelTypeErrorSite.WEB_APP recorded 1 samples, mean = 0.0 (flags = 0x41)
0  -O                                                                        (1 = 100.0%)
1  ... 

Histogram: Sync.ModelTypeStoreBackendError.Init recorded 1 samples, mean = 5.0 (flags = 0x41)
0  ... 
5  -O                                                                        (1 = 100.0%) {0.0%}
6  O                                                                         (0 = 0.0%) {100.0%}

Histogram: Sync.ModelTypeStoreBackendInitializationSuccess recorded 1 samples, mean = 0.0 (flags = 0x41)
0  -O                                                                        (1 = 100.0%)
1  ... 

Histogram: Sync.PassphraseType2 recorded 1 samples, mean = 0.0 (flags = 0x41)
0  -O                                                                        (1 = 100.0%)
1  ... 

Histogram: Sync.SyncToSigninMigrationDecision recorded 1 samples, mean = 1.0 (flags = 0x41)
0  O                                                                         (0 = 0.0%)
1  -O                                                                        (1 = 100.0%) {0.0%}
2  ... 

Histogram: Sync.TrustedVaultFileReadStatus recorded 1 samples, mean = 0.0 (flags = 0x41)
0  -O                                                                        (1 = 100.0%)
1  ... 

Histogram: TabGroups.CollapsedGroupCountPerLoad recorded 2 samples, mean = 0.0 (flags = 0x41)
0  --O                                                                       (2 = 100.0%)
1  ... 

Histogram: TabGroups.UserCustomizedGroupCountPerLoad recorded 2 samples, mean = 0.0 (flags = 0x41)
0  --O                                                                       (2 = 100.0%)
1  ... 

Histogram: TabGroups.UserGroupCountPerLoad recorded 2 samples, mean = 0.0 (flags = 0x41)
0  --O                                                                       (2 = 100.0%)
1  ... 

Histogram: TabGroups.UserPinnedTabCountPerLoad recorded 2 samples, mean = 0.0 (flags = 0x41)
0  --O                                                                       (2 = 100.0%)
1  ... 

Histogram: Tabs.NewNavigationWithSameOriginTab recorded 1 samples, mean = 0.0 (flags = 0x41)
0  -O                                                                        (1 = 100.0%)
1  ... 

Histogram: Tabs.TabCount recorded 136 samples, mean = 0.0 (flags = 0x41)
0  ------------------------------------------------------------------------O (136 = 100.0%)
1  ... 

Histogram: Tabs.TabCount.PluggedIn recorded 136 samples, mean = 0.0 (flags = 0x41)
0  ------------------------------------------------------------------------O (136 = 100.0%)
1  ... 

Histogram: Tabs.TabCountPerLoad recorded 2 samples, mean = 0.0 (flags = 0x41)
0  --O                                                                       (2 = 100.0%)
1  ... 

Histogram: Tabs.WindowCount recorded 136 samples, mean = 0.0 (flags = 0x41)
0  ------------------------------------------------------------------------O (136 = 100.0%)
1  ... 

Histogram: Tabs.WindowCount.PluggedIn recorded 136 samples, mean = 0.0 (flags = 0x41)
0  ------------------------------------------------------------------------O (136 = 100.0%)
1  ... 

Histogram: ThirdPartyModules.InputMethodEditorsCount recorded 1 samples, mean = 0.0 (flags = 0x41)
0  -O                                                                        (1 = 100.0%)
1  ... 

Histogram: ThreadPool.UnnecessaryWakeup.Browser.Background recorded 3 samples, mean = 1.0 (flags = 0x41)
0  O                                                                         (0 = 0.0%)
1  ---O                                                                      (3 = 100.0%) {0.0%}
2  O                                                                         (0 = 0.0%) {100.0%}

Histogram: ThreadPool.UnnecessaryWakeup.Browser.Foreground recorded 226 samples, mean = 1.0 (flags = 0x41)
0  O                                                                         (0 = 0.0%)
1  ------------------------------------------------------------------------O (226 = 100.0%) {0.0%}
2  O                                                                         (0 = 0.0%) {100.0%}

Histogram: ThreadPool.UnnecessaryWakeup.ContentChild.Foreground recorded 74 samples, mean = 1.0 (flags = 0x41)
0  O                                                                         (0 = 0.0%)
1  ------------------------------------------------------------------------O (74 = 100.0%) {0.0%}
2  O                                                                         (0 = 0.0%) {100.0%}

Histogram: ThreadPool.UnnecessaryWakeup.GPU.Foreground recorded 2 samples, mean = 1.0 (flags = 0x41)
0  O                                                                         (0 = 0.0%)
1  --O                                                                       (2 = 100.0%) {0.0%}
2  O                                                                         (0 = 0.0%) {100.0%}

Histogram: ThreadPool.UnnecessaryWakeup.Renderer.Foreground recorded 444 samples, mean = 1.0 (flags = 0x41)
0  O                                                                         (0 = 0.0%)
1  ------------------------------------------------------------------------O (444 = 100.0%) {0.0%}
2  O                                                                         (0 = 0.0%) {100.0%}

Histogram: Translate.ApplicationStart.AlwaysTranslateLanguage.Count recorded 1 samples, mean = 0.0 (flags = 0x41)
0  -O                                                                        (1 = 100.0%)
1  ... 

Histogram: Translate.ApplicationStart.NeverTranslateLanguage recorded 1 samples (flags = 0x41)
-1898669966-O                                                                        (1 = 100.0%)

Histogram: Translate.ApplicationStart.NeverTranslateLanguage.Count recorded 1 samples, mean = 1.0 (flags = 0x41)
0  O                                                                         (0 = 0.0%)
1  -O                                                                        (1 = 100.0%) {0.0%}
2  ... 

Histogram: Translate.ApplicationStart.NeverTranslateSite.Count recorded 1 samples, mean = 0.0 (flags = 0x41)
0  -O                                                                        (1 = 100.0%)
1  ... 

Histogram: Translate.LanguageDetection.ContentLength recorded 2 samples, mean = 368.0 (flags = 0x41)
0    ... 
61   -O                                                                        (1 = 50.0%) {0.0%}
76   ... 
572  -O                                                                        (1 = 50.0%) {50.0%}
716  ... 

Histogram: Translate.LanguageDeterminedDuration recorded 2 samples, mean = 214.0 (flags = 0x41)
0    ... 
35   -O                                                                        (1 = 50.0%) {0.0%}
47   ... 
294  -O                                                                        (1 = 50.0%) {50.0%}
398  ... 

Histogram: Translate.PageLoad.FinalSourceLanguage recorded 1 samples (flags = 0x41)
350748440  -O                                                                        (1 = 100.0%)

Histogram: Translate.PageLoad.FinalState recorded 1 samples, mean = 1.0 (flags = 0x41)
0  O                                                                         (0 = 0.0%)
1  -O                                                                        (1 = 100.0%) {0.0%}
2  ... 

Histogram: Translate.PageLoad.FinalTargetLanguage recorded 1 samples (flags = 0x41)
-1898669966-O                                                                        (1 = 100.0%)

Histogram: Translate.PageLoad.InitialSourceLanguage recorded 1 samples (flags = 0x41)
350748440  -O                                                                        (1 = 100.0%)

Histogram: Translate.PageLoad.InitialState recorded 1 samples, mean = 1.0 (flags = 0x41)
0  O                                                                         (0 = 0.0%)
1  -O                                                                        (1 = 100.0%) {0.0%}
2  ... 

Histogram: Translate.PageLoad.InitialTargetLanguage recorded 1 samples (flags = 0x41)
-1898669966-O                                                                        (1 = 100.0%)

Histogram: Translate.PageLoad.InitialTargetLanguage.Origin recorded 1 samples, mean = 1.0 (flags = 0x41)
0  O                                                                         (0 = 0.0%)
1  -O                                                                        (1 = 100.0%) {0.0%}
2  ... 

Histogram: Translate.PageLoad.IsInitialSourceLanguageInUsersContentLanguages recorded 1 samples, mean = 0.0 (flags = 0x41)
0  -O                                                                        (1 = 100.0%)
1  ... 

Histogram: Translate.PageLoad.NumReversions recorded 1 samples, mean = 0.0 (flags = 0x41)
0  -O                                                                        (1 = 100.0%)
1  ... 

Histogram: Translate.PageLoad.NumTargetLanguageChanges recorded 1 samples, mean = 0.0 (flags = 0x41)
0  -O                                                                        (1 = 100.0%)
1  ... 

Histogram: Translate.PageLoad.NumTranslations recorded 1 samples, mean = 0.0 (flags = 0x41)
0  -O                                                                        (1 = 100.0%)
1  ... 

Histogram: Translate.PageLoad.Ranker.Decision recorded 1 samples, mean = 1.0 (flags = 0x41)
0  O                                                                         (0 = 0.0%)
1  -O                                                                        (1 = 100.0%) {0.0%}
2  ... 

Histogram: Translate.PageLoad.Ranker.Version recorded 1 samples (flags = 0x41)
0  -O                                                                        (1 = 100.0%)

Histogram: Translate.PageLoad.TriggerDecision recorded 1 samples, mean = 4.0 (flags = 0x41)
0  ... 
4  -O                                                                        (1 = 100.0%) {0.0%}
5  ... 

Histogram: Translate.Ranker.Model.Status2 recorded 2 samples, mean = 6.5 (flags = 0x41)
0  ... 
6  -O                                                                        (1 = 50.0%) {0.0%}
7  -O                                                                        (1 = 50.0%) {50.0%}
8  O                                                                         (0 = 0.0%) {100.0%}

Histogram: UI.DeviceScale recorded 1 samples (flags = 0x41)
150  -O                                                                        (1 = 100.0%)

Histogram: UKM.Entries.Dropped recorded 1227 samples, mean = 1.0 (flags = 0x41)
0  O                                                                         (0 = 0.0%)
1  ------------------------------------------------------------------------O (1227 = 100.0%) {0.0%}
2  ... 

Histogram: UKM.Entries.Dropped.ByEntryHash recorded 1227 samples (flags = 0x41)
58315124    O                                                                         (1 = 0.1%)
119435925   O                                                                         (1 = 0.1%)
151884176   O                                                                         (2 = 0.2%)
180190397   O                                                                         (1 = 0.1%)
181657211   -O                                                                        (3 = 0.2%)
182085608   O                                                                         (1 = 0.1%)
189164898   O                                                                         (1 = 0.1%)
251237400   O                                                                         (1 = 0.1%)
267473174   --O                                                                       (9 = 0.7%)
270025173   O                                                                         (1 = 0.1%)
277070773   -O                                                                        (3 = 0.2%)
385121421   O                                                                         (2 = 0.2%)
480593958   -O                                                                        (4 = 0.3%)
532600439   -O                                                                        (7 = 0.6%)
575234402   -----------------------------------------------O                          (223 = 18.2%)
624513781   O                                                                         (1 = 0.1%)
654949485   ---------------------O                                                    (99 = 8.1%)
661477988   O                                                                         (1 = 0.1%)
705322609   -O                                                                        (6 = 0.5%)
805578149   O                                                                         (2 = 0.2%)
810755299   O                                                                         (1 = 0.1%)
811745875   O                                                                         (2 = 0.2%)
828084724   ------------------------------------------------------------------------O (340 = 27.7%)
888761441   O                                                                         (1 = 0.1%)
902138984   ------------O                                                             (55 = 4.5%)
923024503   O                                                                         (2 = 0.2%)
986870865   -O                                                                        (4 = 0.3%)
1004547038  O                                                                         (2 = 0.2%)
1035062417  -O                                                                        (3 = 0.2%)
1078164680  O                                                                         (2 = 0.2%)
1149114043  O                                                                         (1 = 0.1%)
1151114193  O                                                                         (1 = 0.1%)
1262170432  -O                                                                        (7 = 0.6%)
1287422808  O                                                                         (1 = 0.1%)
1321082436  O                                                                         (2 = 0.2%)
1350795912  O                                                                         (1 = 0.1%)
1354891390  O                                                                         (2 = 0.2%)
1404242571  ------------------------------------------------------------------------O (341 = 27.8%)
1508320442  --O                                                                       (9 = 0.7%)
1545548559  -O                                                                        (3 = 0.2%)
1548358279  O                                                                         (1 = 0.1%)
1576109827  O                                                                         (2 = 0.2%)
1604233346  ----O                                                                     (19 = 1.5%)
1607081943  O                                                                         (2 = 0.2%)
1645426679  ----O                                                                     (18 = 1.5%)
1663717192  O                                                                         (1 = 0.1%)
1767609109  --O                                                                       (11 = 0.9%)
1790338714  O                                                                         (2 = 0.2%)
1832900131  -O                                                                        (4 = 0.3%)
1866365893  O                                                                         (1 = 0.1%)
1871083634  O                                                                         (1 = 0.1%)
1892405964  O                                                                         (2 = 0.2%)
1912194701  O                                                                         (1 = 0.1%)
1932752801  O                                                                         (1 = 0.1%)
1982793904  O                                                                         (2 = 0.2%)
2037740339  --O                                                                       (9 = 0.7%)
2066033668  O                                                                         (1 = 0.1%)

Histogram: UKM.PersistentLogRecall.Status recorded 1 samples, mean = 1.0 (flags = 0x41)
0  O                                                                         (0 = 0.0%)
1  -O                                                                        (1 = 100.0%) {0.0%}
2  ... 

Histogram: UKM.Sources.Dropped recorded 12 samples, mean = 1.0 (flags = 0x41)
0  O                                                                         (0 = 0.0%)
1  ------------O                                                             (12 = 100.0%) {0.0%}
2  ... 

Histogram: UKM.WebDXFeatureSets.Dropped recorded 2 samples, mean = 1.0 (flags = 0x41)
0  O                                                                         (0 = 0.0%)
1  --O                                                                       (2 = 100.0%) {0.0%}
2  ... 

Histogram: UMA.ChildProcess.Ping.Periodic recorded 225 samples, mean = 1.0 (flags = 0x41)
0  ------------------------------------------------------------------------O (75 = 33.3%)
1  ------------------------------------------------------------------------O (75 = 33.3%) {33.3%}
2  ------------------------------------------------------------------------O (75 = 33.3%) {66.7%}
3  O                                                                         (0 = 0.0%) {100.0%}

Histogram: UMA.ChildProcess.Ping.SharedMemorySetUp recorded 31 samples, mean = 1.0 (flags = 0x41)
0  -----------O                                                              (11 = 35.5%)
1  ----------O                                                               (10 = 32.3%) {35.5%}
2  ----------O                                                               (10 = 32.3%) {67.7%}
3  O                                                                         (0 = 0.0%) {100.0%}

Histogram: UMA.CleanExitBeaconConsistency3 recorded 1 samples, mean = 1.0 (flags = 0x41)
0  O                                                                         (0 = 0.0%)
1  -O                                                                        (1 = 100.0%) {0.0%}
2  ... 

Histogram: UMA.EntropySourceType recorded 1 samples, mean = 1.0 (flags = 0x41)
0  O                                                                         (0 = 0.0%)
1  -O                                                                        (1 = 100.0%) {0.0%}
2  ... 

Histogram: UMA.LocalHistogram recorded 12 samples, mean = 1.0 (flags = 0x40)
0  O                                                                         (0 = 0.0%)
1  ------------O                                                             (12 = 100.0%) {0.0%}
2  O                                                                         (0 = 0.0%) {100.0%}

Histogram: UMA.MachineIdState recorded 1 samples, mean = 3.0 (flags = 0x41)
0  ... 
3  -O                                                                        (1 = 100.0%) {0.0%}
4  O                                                                         (0 = 0.0%) {100.0%}

Histogram: UMA.MetricsService.Initialize.Time recorded 1 samples, mean = 224.0 (flags = 0x41)
0    ... 
196  -O                                                                        (1 = 100.0%) {0.0%}
258  ... 

Histogram: UMA.MetricsService.PendingOngoingLogOnDisable recorded 1 samples, mean = 0.0 (flags = 0x41)
0  -O                                                                        (1 = 100.0%)
1  ... 

Histogram: UMA.PersistentAllocator.BrowserMetrics.Errors recorded 0 samples (flags = 0x41)
0 ... 

Histogram: UMA.PersistentAllocator.BrowserMetrics.UsedPct recorded 0 samples (flags = 0x41)
0 ... 

Histogram: UMA.PersistentAllocator.EarlyHistograms.BrowserMetrics recorded 1 samples, mean = 1.0 (flags = 0x41)
0  O                                                                         (0 = 0.0%)
1  -O                                                                        (1 = 100.0%) {0.0%}
2  ... 

Histogram: UMA.PersistentAllocator.EarlyHistograms.GpuMetrics recorded 1 samples, mean = 25.0 (flags = 0x41)
0   ... 
25  -O                                                                        (1 = 100.0%) {0.0%}
26  ... 

Histogram: UMA.PersistentAllocator.EarlyHistograms.RendererMetrics recorded 6 samples, mean = 27.7 (flags = 0x41)
0   ... 
25  ---O                                                                      (3 = 50.0%) {0.0%}
26  ... 
30  ---O                                                                      (3 = 50.0%) {50.0%}
32  ... 

Histogram: UMA.PersistentAllocator.EarlyHistograms.UtilityMetrics recorded 3 samples, mean = 7.0 (flags = 0x41)
0  ... 
7  ---O                                                                      (3 = 100.0%) {0.0%}
8  ... 

Histogram: UMA.PersistentAllocator.FieldTrialAllocator.Errors recorded 0 samples (flags = 0x41)
0 ... 

Histogram: UMA.PersistentAllocator.FieldTrialAllocator.UsedPct recorded 11 samples, mean = 0.0 (flags = 0x41)
0  -----------O                                                              (11 = 100.0%)
1  ... 

Histogram: UMA.PersistentHistograms.InitResult recorded 1 samples, mean = 2.0 (flags = 0x41)
0  ... 
2  -O                                                                        (1 = 100.0%) {0.0%}
3  ... 

Histogram: UMA.Pseudo.PageLoad.LayoutInstability.CumulativeShiftScore recorded 1 samples, mean = 0.0 (flags = 0x41)
0  -O                                                                        (1 = 100.0%)
1  ... 

Histogram: UMA.Pseudo.PageLoad.LayoutInstability.MaxCumulativeShiftScore.SessionWindow.Gap1000ms.Max5000ms2 recorded 1 samples, mean = 0.0 (flags = 0x41)
0  -O                                                                        (1 = 100.0%)
1  ... 

Histogram: UnifiedConsent.MakeSearchesAndBrowsingBetter.OnProfileLoad recorded 1 samples, mean = 0.0 (flags = 0x41)
0  -O                                                                        (1 = 100.0%)
1  ... 

Histogram: V8.CollectSourcePositions recorded 9 samples, mean = 77.0 (flags = 0x41)
0    ... 
5    -O                                                                        (1 = 11.1%) {0.0%}
7    ... 
12   -O                                                                        (1 = 11.1%) {11.1%}
16   -O                                                                        (1 = 11.1%) {22.2%}
21   ... 
37   -O                                                                        (1 = 11.1%) {33.3%}
49   O                                                                         (0 = 0.0%) {44.4%}
65   -O                                                                        (1 = 11.1%) {44.4%}
86   -O                                                                        (1 = 11.1%) {55.6%}
113  --O                                                                       (2 = 22.2%) {66.7%}
149  -O                                                                        (1 = 11.1%) {88.9%}
196  ... 

Histogram: V8.CompileEvalMicroSeconds recorded 144 samples, mean = 22.6 (flags = 0x41)
0    ... 
3    -O                                                                        (1 = 0.7%) {0.0%}
4    --O                                                                       (2 = 1.4%) {0.7%}
5    -O                                                                        (1 = 0.7%) {2.1%}
7    O                                                                         (0 = 0.0%) {2.8%}
9    --O                                                                       (2 = 1.4%) {2.8%}
12   -O                                                                        (1 = 0.7%) {4.2%}
16   ---------------------------------------------------------------O          (63 = 43.8%) {4.9%}
21   -------------------------------------------------------------O            (61 = 42.4%) {48.6%}
28   -------O                                                                  (7 = 4.9%) {91.0%}
37   ----O                                                                     (4 = 2.8%) {95.8%}
49   -O                                                                        (1 = 0.7%) {98.6%}
65   ... 
113  -O                                                                        (1 = 0.7%) {99.3%}
149  ... 

Histogram: V8.CompileLazyMicroSeconds recorded 16 samples, mean = 1082.6 (flags = 0x41)
0     ... 
11    -O                                                                        (1 = 6.2%) {0.0%}
15    -O                                                                        (1 = 6.2%) {6.2%}
21    --O                                                                       (2 = 12.5%) {12.5%}
29    O                                                                         (0 = 0.0%) {25.0%}
40    --O                                                                       (2 = 12.5%) {25.0%}
55    -O                                                                        (1 = 6.2%) {37.5%}
76    O                                                                         (0 = 0.0%) {43.8%}
105   -O                                                                        (1 = 6.2%) {43.8%}
146   -O                                                                        (1 = 6.2%) {50.0%}
203   O                                                                         (0 = 0.0%) {56.2%}
282   -O                                                                        (1 = 6.2%) {56.2%}
391   O                                                                         (0 = 0.0%) {62.5%}
542   -O                                                                        (1 = 6.2%) {62.5%}
752   ---O                                                                      (3 = 18.8%) {68.8%}
1043  ... 
2786  -O                                                                        (1 = 6.2%) {87.5%}
3865  ... 
7439  -O                                                                        (1 = 6.2%) {93.8%}
10321 ... 

Histogram: V8.CompileMicroSeconds recorded 30 samples, mean = 114.5 (flags = 0x41)
0     O                                                                         (0 = 0.0%)
1     --------O                                                                 (8 = 26.7%) {0.0%}
2     ---O                                                                      (3 = 10.0%) {26.7%}
3     ... 
5     --O                                                                       (2 = 6.7%) {36.7%}
7     O                                                                         (0 = 0.0%) {43.3%}
9     ---O                                                                      (3 = 10.0%) {43.3%}
12    ----O                                                                     (4 = 13.3%) {53.3%}
16    -O                                                                        (1 = 3.3%) {66.7%}
21    --O                                                                       (2 = 6.7%) {70.0%}
28    -O                                                                        (1 = 3.3%) {76.7%}
37    ... 
86    -O                                                                        (1 = 3.3%) {80.0%}
113   --O                                                                       (2 = 6.7%) {83.3%}
149   O                                                                         (0 = 0.0%) {90.0%}
196   --O                                                                       (2 = 6.7%) {90.0%}
258   ... 
2336  -O                                                                        (1 = 3.3%) {96.7%}
3077  ... 

Histogram: V8.CompileScript.CacheBehaviour recorded 60 samples, mean = 9.0 (flags = 0x41)
0   O                                                                         (0 = 0.0%)
1   --O                                                                       (2 = 3.3%) {0.0%}
2   ... 
4   -------------------O                                                      (19 = 31.7%) {3.3%}
5   ... 
8   ---O                                                                      (3 = 5.0%) {35.0%}
9   ... 
12  ----------------------------O                                             (28 = 46.7%) {40.0%}
13  --------O                                                                 (8 = 13.3%) {86.7%}
14  ... 

Histogram: V8.CompileScriptMicroSeconds recorded 60 samples, mean = 213.6 (flags = 0x41)
0     O                                                                         (0 = 0.0%)
1     -O                                                                        (1 = 1.7%) {0.0%}
2     ----O                                                                     (4 = 6.7%) {1.7%}
3     ---O                                                                      (3 = 5.0%) {8.3%}
4     ----O                                                                     (4 = 6.7%) {13.3%}
5     -----O                                                                    (5 = 8.3%) {20.0%}
7     -----O                                                                    (5 = 8.3%) {28.3%}
9     ---------O                                                                (9 = 15.0%) {36.7%}
12    ---O                                                                      (3 = 5.0%) {51.7%}
16    ----O                                                                     (4 = 6.7%) {56.7%}
21    ------O                                                                   (6 = 10.0%) {63.3%}
28    ---O                                                                      (3 = 5.0%) {73.3%}
37    --O                                                                       (2 = 3.3%) {78.3%}
49    --O                                                                       (2 = 3.3%) {81.7%}
65    -O                                                                        (1 = 1.7%) {85.0%}
86    O                                                                         (0 = 0.0%) {86.7%}
113   -O                                                                        (1 = 1.7%) {86.7%}
149   O                                                                         (0 = 0.0%) {88.3%}
196   -O                                                                        (1 = 1.7%) {88.3%}
258   --O                                                                       (2 = 3.3%) {90.0%}
340   -O                                                                        (1 = 1.7%) {93.3%}
448   O                                                                         (0 = 0.0%) {95.0%}
590   -O                                                                        (1 = 1.7%) {95.0%}
777   ... 
4053  -O                                                                        (1 = 1.7%) {96.7%}
5338  -O                                                                        (1 = 1.7%) {98.3%}
7031  ... 

Histogram: V8.CompileScriptMicroSeconds.BackgroundThread recorded 28 samples, mean = 86982.9 (flags = 0x41)
0        ... 
65       -O                                                                        (1 = 3.6%) {0.0%}
86       -O                                                                        (1 = 3.6%) {3.6%}
113      -----O                                                                    (5 = 17.9%) {7.1%}
149      -O                                                                        (1 = 3.6%) {25.0%}
196      O                                                                         (0 = 0.0%) {28.6%}
258      -O                                                                        (1 = 3.6%) {28.6%}
340      --O                                                                       (2 = 7.1%) {32.1%}
448      --O                                                                       (2 = 7.1%) {39.3%}
590      -O                                                                        (1 = 3.6%) {46.4%}
777      --O                                                                       (2 = 7.1%) {50.0%}
1023     -O                                                                        (1 = 3.6%) {57.1%}
1347     O                                                                         (0 = 0.0%) {60.7%}
1774     --O                                                                       (2 = 7.1%) {60.7%}
2336     -O                                                                        (1 = 3.6%) {67.9%}
3077     -O                                                                        (1 = 3.6%) {71.4%}
4053     ... 
9260     -O                                                                        (1 = 3.6%) {75.0%}
12196    -O                                                                        (1 = 3.6%) {78.6%}
16063    -O                                                                        (1 = 3.6%) {82.1%}
21156    -O                                                                        (1 = 3.6%) {85.7%}
27864    ... 
191569   -O                                                                        (1 = 3.6%) {89.3%}
252312   ... 
576468   -O                                                                        (1 = 3.6%) {92.9%}
759255   O                                                                         (0 = 0.0%) {96.4%}
1000000  -O                                                                        (1 = 3.6%) {96.4%}

Histogram: V8.CompileScriptMicroSeconds.IsolateCacheHit recorded 2 samples, mean = 17.0 (flags = 0x41)
0   ... 
7   -O                                                                        (1 = 50.0%) {0.0%}
9   ... 
21  -O                                                                        (1 = 50.0%) {50.0%}
28  ... 

Histogram: V8.CompileScriptMicroSeconds.NoCache.InlineScript recorded 19 samples, mean = 302.6 (flags = 0x41)
0     ... 
4     -O                                                                        (1 = 5.3%) {0.0%}
5     -O                                                                        (1 = 5.3%) {5.3%}
7     O                                                                         (0 = 0.0%) {10.5%}
9     ----O                                                                     (4 = 21.1%) {10.5%}
12    ---O                                                                      (3 = 15.8%) {31.6%}
16    -O                                                                        (1 = 5.3%) {47.4%}
21    -O                                                                        (1 = 5.3%) {52.6%}
28    -O                                                                        (1 = 5.3%) {57.9%}
37    -O                                                                        (1 = 5.3%) {63.2%}
49    -O                                                                        (1 = 5.3%) {68.4%}
65    -O                                                                        (1 = 5.3%) {73.7%}
86    O                                                                         (0 = 0.0%) {78.9%}
113   -O                                                                        (1 = 5.3%) {78.9%}
149   O                                                                         (0 = 0.0%) {84.2%}
196   -O                                                                        (1 = 5.3%) {84.2%}
258   ... 
590   -O                                                                        (1 = 5.3%) {89.5%}
777   ... 
4053  -O                                                                        (1 = 5.3%) {94.7%}
5338  ... 

Histogram: V8.CompileScriptMicroSeconds.NoCache.Other recorded 11 samples, mean = 622.9 (flags = 0x41)
0     ... 
16    --O                                                                       (2 = 18.2%) {0.0%}
21    --O                                                                       (2 = 18.2%) {18.2%}
28    -O                                                                        (1 = 9.1%) {36.4%}
37    -O                                                                        (1 = 9.1%) {45.5%}
49    -O                                                                        (1 = 9.1%) {54.5%}
65    ... 
258   --O                                                                       (2 = 18.2%) {63.6%}
340   -O                                                                        (1 = 9.1%) {81.8%}
448   ... 
5338  -O                                                                        (1 = 9.1%) {90.9%}
7031  ... 

Histogram: V8.CompileScriptMicroSeconds.StreamingFinalization recorded 28 samples, mean = 8.2 (flags = 0x41)
0   O                                                                         (0 = 0.0%)
1   -O                                                                        (1 = 3.6%) {0.0%}
2   ---O                                                                      (3 = 10.7%) {3.6%}
3   ---O                                                                      (3 = 10.7%) {14.3%}
4   -O                                                                        (1 = 3.6%) {25.0%}
5   -------O                                                                  (7 = 25.0%) {28.6%}
7   ----O                                                                     (4 = 14.3%) {53.6%}
9   -----O                                                                    (5 = 17.9%) {67.9%}
12  O                                                                         (0 = 0.0%) {85.7%}
16  -O                                                                        (1 = 3.6%) {85.7%}
21  --O                                                                       (2 = 7.1%) {89.3%}
28  -O                                                                        (1 = 3.6%) {96.4%}
37  ... 

Histogram: V8.ErrorsThrownPerContext recorded 3 samples, mean = 0.0 (flags = 0x41)
0  ---O                                                                      (3 = 100.0%)
1  ... 

Histogram: V8.GC.Cycle.CollectionRate.Full recorded 13 samples, mean = 73.2 (flags = 0x41)
0   ... 
26  -O                                                                        (1 = 7.7%) {0.0%}
33  -O                                                                        (1 = 7.7%) {7.7%}
41  -O                                                                        (1 = 7.7%) {15.4%}
51  --O                                                                       (2 = 15.4%) {23.1%}
64  --O                                                                       (2 = 15.4%) {38.5%}
80  ------O                                                                   (6 = 46.2%) {53.8%}
100 O                                                                         (0 = 0.0%) {100.0%}

Histogram: V8.GC.Cycle.CollectionRate.Full.Cpp recorded 13 samples, mean = 84.1 (flags = 0x41)
0   ... 
33  -O                                                                        (1 = 7.7%) {0.0%}
41  O                                                                         (0 = 0.0%) {7.7%}
51  --O                                                                       (2 = 15.4%) {7.7%}
64  -O                                                                        (1 = 7.7%) {23.1%}
80  ---------O                                                                (9 = 69.2%) {30.8%}
100 O                                                                         (0 = 0.0%) {100.0%}

Histogram: V8.GC.Cycle.CollectionRate.Young recorded 106 samples, mean = 36.8 (flags = 0x41)
0   O                                                                         (0 = 0.0%)
1   -----O                                                                    (5 = 4.7%) {0.0%}
2   O                                                                         (0 = 0.0%) {4.7%}
3   -O                                                                        (1 = 0.9%) {4.7%}
4   ----O                                                                     (4 = 3.8%) {5.7%}
5   ---------------------------O                                              (27 = 25.5%) {9.4%}
6   -O                                                                        (1 = 0.9%) {34.9%}
7   ----O                                                                     (4 = 3.8%) {35.8%}
9   O                                                                         (0 = 0.0%) {39.6%}
11  ------O                                                                   (6 = 5.7%) {39.6%}
14  -----O                                                                    (5 = 4.7%) {45.3%}
17  --O                                                                       (2 = 1.9%) {50.0%}
21  --O                                                                       (2 = 1.9%) {51.9%}
26  --O                                                                       (2 = 1.9%) {53.8%}
33  ---O                                                                      (3 = 2.8%) {55.7%}
41  O                                                                         (0 = 0.0%) {58.5%}
51  ---------O                                                                (9 = 8.5%) {58.5%}
64  -----------------O                                                        (17 = 16.0%) {67.0%}
80  ------------------O                                                       (18 = 17.0%) {83.0%}
100 O                                                                         (0 = 0.0%) {100.0%}

Histogram: V8.GC.Cycle.CollectionWeight.Full recorded 13 samples, mean = 0.0 (flags = 0x41)
0  -------------O                                                            (13 = 100.0%)
1  ... 

Histogram: V8.GC.Cycle.CollectionWeight.Full.Cpp recorded 13 samples, mean = 0.0 (flags = 0x41)
0  -------------O                                                            (13 = 100.0%)
1  ... 

Histogram: V8.GC.Cycle.CollectionWeight.MainThread.Full recorded 13 samples, mean = 0.0 (flags = 0x41)
0  -------------O                                                            (13 = 100.0%)
1  ... 

Histogram: V8.GC.Cycle.CollectionWeight.MainThread.Full.Cpp recorded 13 samples, mean = 0.0 (flags = 0x41)
0  -------------O                                                            (13 = 100.0%)
1  ... 

Histogram: V8.GC.Cycle.Efficiency.Full recorded 13 samples, mean = 672.0 (flags = 0x41)
0     ... 
88    -O                                                                        (1 = 7.7%) {0.0%}
120   O                                                                         (0 = 0.0%) {7.7%}
163   -O                                                                        (1 = 7.7%) {7.7%}
222   -O                                                                        (1 = 7.7%) {15.4%}
302   ------O                                                                   (6 = 46.2%) {23.1%}
411   O                                                                         (0 = 0.0%) {69.2%}
559   -O                                                                        (1 = 7.7%) {69.2%}
760   -O                                                                        (1 = 7.7%) {76.9%}
1034  -O                                                                        (1 = 7.7%) {84.6%}
1407  ... 
2604  -O                                                                        (1 = 7.7%) {92.3%}
3542  ... 

Histogram: V8.GC.Cycle.Efficiency.Full.Cpp recorded 13 samples, mean = 137.0 (flags = 0x41)
0     ... 
2     -O                                                                        (1 = 7.7%) {0.0%}
3     ... 
7     --O                                                                       (2 = 15.4%) {7.7%}
10    -O                                                                        (1 = 7.7%) {23.1%}
14    --O                                                                       (2 = 15.4%) {30.8%}
19    O                                                                         (0 = 0.0%) {46.2%}
26    -O                                                                        (1 = 7.7%) {46.2%}
35    ---O                                                                      (3 = 23.1%) {53.8%}
48    O                                                                         (0 = 0.0%) {76.9%}
65    -O                                                                        (1 = 7.7%) {76.9%}
88    ... 
222   -O                                                                        (1 = 7.7%) {84.6%}
302   ... 
1034  -O                                                                        (1 = 7.7%) {92.3%}
1407  ... 

Histogram: V8.GC.Cycle.Efficiency.MainThread.Full recorded 13 samples, mean = 2305.1 (flags = 0x41)
0     ... 
302   -O                                                                        (1 = 7.7%) {0.0%}
411   O                                                                         (0 = 0.0%) {7.7%}
559   -O                                                                        (1 = 7.7%) {7.7%}
760   ----O                                                                     (4 = 30.8%) {15.4%}
1034  O                                                                         (0 = 0.0%) {46.2%}
1407  ---O                                                                      (3 = 23.1%) {46.2%}
1914  --O                                                                       (2 = 15.4%) {69.2%}
2604  ... 
6554  -O                                                                        (1 = 7.7%) {84.6%}
8915  -O                                                                        (1 = 7.7%) {92.3%}
12127 ... 

Histogram: V8.GC.Cycle.Efficiency.MainThread.Full.Cpp recorded 13 samples, mean = 259.5 (flags = 0x41)
0     ... 
7     -O                                                                        (1 = 7.7%) {0.0%}
10    ... 
19    -O                                                                        (1 = 7.7%) {7.7%}
26    ---O                                                                      (3 = 23.1%) {15.4%}
35    O                                                                         (0 = 0.0%) {38.5%}
48    -O                                                                        (1 = 7.7%) {38.5%}
65    -O                                                                        (1 = 7.7%) {46.2%}
88    -O                                                                        (1 = 7.7%) {53.8%}
120   --O                                                                       (2 = 15.4%) {61.5%}
163   O                                                                         (0 = 0.0%) {76.9%}
222   -O                                                                        (1 = 7.7%) {76.9%}
302   O                                                                         (0 = 0.0%) {84.6%}
411   -O                                                                        (1 = 7.7%) {84.6%}
559   ... 
1914  -O                                                                        (1 = 7.7%) {92.3%}
2604  ... 

Histogram: V8.GC.Cycle.Efficiency.MainThread.Young recorded 106 samples, mean = 4485.7 (flags = 0x41)
0      ... 
120    -O                                                                        (1 = 0.9%) {0.0%}
163    O                                                                         (0 = 0.0%) {0.9%}
222    -O                                                                        (1 = 0.9%) {0.9%}
302    O                                                                         (0 = 0.0%) {1.9%}
411    ---O                                                                      (3 = 2.8%) {1.9%}
559    -------O                                                                  (7 = 6.6%) {4.7%}
760    ------O                                                                   (6 = 5.7%) {11.3%}
1034   -----------O                                                              (11 = 10.4%) {17.0%}
1407   -------------O                                                            (13 = 12.3%) {27.4%}
1914   -------O                                                                  (7 = 6.6%) {39.6%}
2604   ---O                                                                      (3 = 2.8%) {46.2%}
3542   -----------------O                                                        (17 = 16.0%) {49.1%}
4818   -----------------O                                                        (17 = 16.0%) {65.1%}
6554   ------O                                                                   (6 = 5.7%) {81.1%}
8915   ------O                                                                   (6 = 5.7%) {86.8%}
12127  ---O                                                                      (3 = 2.8%) {92.5%}
16496  -----O                                                                    (5 = 4.7%) {95.3%}
22439  ... 

Histogram: V8.GC.Cycle.Efficiency.Young recorded 106 samples, mean = 3418.8 (flags = 0x41)
0      ... 
88     -O                                                                        (1 = 0.9%) {0.0%}
120    ... 
222    --O                                                                       (2 = 1.9%) {0.9%}
302    ------------O                                                             (12 = 11.3%) {2.8%}
411    ----------------O                                                         (16 = 15.1%) {14.2%}
559    -----O                                                                    (5 = 4.7%) {29.2%}
760    -----O                                                                    (5 = 4.7%) {34.0%}
1034   --------O                                                                 (8 = 7.5%) {38.7%}
1407   O                                                                         (0 = 0.0%) {46.2%}
1914   ------O                                                                   (6 = 5.7%) {46.2%}
2604   --------O                                                                 (8 = 7.5%) {51.9%}
3542   ----------------------O                                                   (22 = 20.8%) {59.4%}
4818   --------O                                                                 (8 = 7.5%) {80.2%}
6554   ----O                                                                     (4 = 3.8%) {87.7%}
8915   ---O                                                                      (3 = 2.8%) {91.5%}
12127  --O                                                                       (2 = 1.9%) {94.3%}
16496  ----O                                                                     (4 = 3.8%) {96.2%}
22439  ... 

Histogram: V8.GC.Cycle.Full recorded 13 samples, mean = 8.2 (flags = 0x41)
0   ... 
3   ----O                                                                     (4 = 30.8%) {0.0%}
4   -----O                                                                    (5 = 38.5%) {30.8%}
5   -O                                                                        (1 = 7.7%) {69.2%}
6   ... 
10  -O                                                                        (1 = 7.7%) {76.9%}
12  ... 
20  -O                                                                        (1 = 7.7%) {84.6%}
24  ... 
34  -O                                                                        (1 = 7.7%) {92.3%}
40  ... 

Histogram: V8.GC.Cycle.Full.Compact recorded 13 samples, mean = 1.0 (flags = 0x41)
0  ---------O                                                                (9 = 69.2%)
1  --O                                                                       (2 = 15.4%) {69.2%}
2  O                                                                         (0 = 0.0%) {84.6%}
3  -O                                                                        (1 = 7.7%) {84.6%}
4  ... 
8  -O                                                                        (1 = 7.7%) {92.3%}
10 ... 

Histogram: V8.GC.Cycle.Full.Compact.Cpp recorded 13 samples, mean = 0.2 (flags = 0x41)
0  ------------O                                                             (12 = 92.3%)
1  O                                                                         (0 = 0.0%) {92.3%}
2  -O                                                                        (1 = 7.7%) {92.3%}
3  ... 

Histogram: V8.GC.Cycle.Full.Cpp recorded 13 samples, mean = 2.3 (flags = 0x41)
0   ---------O                                                                (9 = 69.2%)
1   O                                                                         (0 = 0.0%) {69.2%}
2   -O                                                                        (1 = 7.7%) {69.2%}
3   ... 
6   -O                                                                        (1 = 7.7%) {76.9%}
7   ... 
10  -O                                                                        (1 = 7.7%) {84.6%}
12  -O                                                                        (1 = 7.7%) {92.3%}
14  ... 

Histogram: V8.GC.Cycle.Full.Mark recorded 13 samples, mean = 5.1 (flags = 0x41)
0   ... 
2   --------O                                                                 (8 = 61.5%) {0.0%}
3   --O                                                                       (2 = 15.4%) {61.5%}
4   ... 
7   -O                                                                        (1 = 7.7%) {76.9%}
8   ... 
17  -O                                                                        (1 = 7.7%) {84.6%}
20  -O                                                                        (1 = 7.7%) {92.3%}
24  ... 

Histogram: V8.GC.Cycle.Full.Mark.Cpp recorded 13 samples, mean = 1.2 (flags = 0x41)
0  ---------O                                                                (9 = 69.2%)
1  -O                                                                        (1 = 7.7%) {69.2%}
2  ... 
4  -O                                                                        (1 = 7.7%) {76.9%}
5  --O                                                                       (2 = 15.4%) {84.6%}
6  ... 

Histogram: V8.GC.Cycle.Full.Sweep recorded 13 samples, mean = 0.3 (flags = 0x41)
0  -----------O                                                              (11 = 84.6%)
1  -O                                                                        (1 = 7.7%) {84.6%}
2  O                                                                         (0 = 0.0%) {92.3%}
3  -O                                                                        (1 = 7.7%) {92.3%}
4  ... 

Histogram: V8.GC.Cycle.Full.Sweep.Cpp recorded 13 samples, mean = 0.8 (flags = 0x41)
0  ----------O                                                               (10 = 76.9%)
1  -O                                                                        (1 = 7.7%) {76.9%}
2  ... 
4  -O                                                                        (1 = 7.7%) {84.6%}
5  O                                                                         (0 = 0.0%) {92.3%}
6  -O                                                                        (1 = 7.7%) {92.3%}
7  ... 

Histogram: V8.GC.Cycle.Full.Weak recorded 13 samples, mean = 0.0 (flags = 0x41)
0  -------------O                                                            (13 = 100.0%)
1  ... 

Histogram: V8.GC.Cycle.Full.Weak.Cpp recorded 13 samples, mean = 0.0 (flags = 0x41)
0  -------------O                                                            (13 = 100.0%)
1  ... 

Histogram: V8.GC.Cycle.MainThread.Full recorded 13 samples, mean = 1.8 (flags = 0x41)
0  ----O                                                                     (4 = 30.8%)
1  -----O                                                                    (5 = 38.5%) {30.8%}
2  -O                                                                        (1 = 7.7%) {69.2%}
3  -O                                                                        (1 = 7.7%) {76.9%}
4  O                                                                         (0 = 0.0%) {84.6%}
5  -O                                                                        (1 = 7.7%) {84.6%}
6  ... 
8  -O                                                                        (1 = 7.7%) {92.3%}
10 ... 

Histogram: V8.GC.Cycle.MainThread.Full.Atomic recorded 13 samples, mean = 1.5 (flags = 0x41)
0  -----O                                                                    (5 = 38.5%)
1  ----O                                                                     (4 = 30.8%) {38.5%}
2  -O                                                                        (1 = 7.7%) {69.2%}
3  --O                                                                       (2 = 15.4%) {76.9%}
4  ... 
7  -O                                                                        (1 = 7.7%) {92.3%}
8  ... 

Histogram: V8.GC.Cycle.MainThread.Full.Atomic.Compact recorded 13 samples, mean = 0.2 (flags = 0x41)
0  -----------O                                                              (11 = 84.6%)
1  --O                                                                       (2 = 15.4%) {84.6%}
2  ... 

Histogram: V8.GC.Cycle.MainThread.Full.Atomic.Compact.Cpp recorded 13 samples, mean = 0.2 (flags = 0x41)
0  ------------O                                                             (12 = 92.3%)
1  O                                                                         (0 = 0.0%) {92.3%}
2  -O                                                                        (1 = 7.7%) {92.3%}
3  ... 

Histogram: V8.GC.Cycle.MainThread.Full.Atomic.Cpp recorded 13 samples, mean = 0.2 (flags = 0x41)
0  -----------O                                                              (11 = 84.6%)
1  -O                                                                        (1 = 7.7%) {84.6%}
2  -O                                                                        (1 = 7.7%) {92.3%}
3  ... 

Histogram: V8.GC.Cycle.MainThread.Full.Atomic.Mark recorded 13 samples, mean = 0.2 (flags = 0x41)
0  -----------O                                                              (11 = 84.6%)
1  --O                                                                       (2 = 15.4%) {84.6%}
2  ... 

Histogram: V8.GC.Cycle.MainThread.Full.Atomic.Mark.Cpp recorded 13 samples, mean = 0.1 (flags = 0x41)
0  ------------O                                                             (12 = 92.3%)
1  -O                                                                        (1 = 7.7%) {92.3%}
2  ... 

Histogram: V8.GC.Cycle.MainThread.Full.Atomic.Sweep recorded 13 samples, mean = 0.0 (flags = 0x41)
0  -------------O                                                            (13 = 100.0%)
1  ... 

Histogram: V8.GC.Cycle.MainThread.Full.Atomic.Sweep.Cpp recorded 13 samples, mean = 0.0 (flags = 0x41)
0  -------------O                                                            (13 = 100.0%)
1  ... 

Histogram: V8.GC.Cycle.MainThread.Full.Atomic.Weak recorded 13 samples, mean = 0.0 (flags = 0x41)
0  -------------O                                                            (13 = 100.0%)
1  ... 

Histogram: V8.GC.Cycle.MainThread.Full.Atomic.Weak.Cpp recorded 13 samples, mean = 0.0 (flags = 0x41)
0  -------------O                                                            (13 = 100.0%)
1  ... 

Histogram: V8.GC.Cycle.MainThread.Full.Compact recorded 13 samples, mean = 0.2 (flags = 0x41)
0  -----------O                                                              (11 = 84.6%)
1  --O                                                                       (2 = 15.4%) {84.6%}
2  ... 

Histogram: V8.GC.Cycle.MainThread.Full.Compact.Cpp recorded 13 samples, mean = 0.2 (flags = 0x41)
0  ------------O                                                             (12 = 92.3%)
1  O                                                                         (0 = 0.0%) {92.3%}
2  -O                                                                        (1 = 7.7%) {92.3%}
3  ... 

Histogram: V8.GC.Cycle.MainThread.Full.Cpp recorded 13 samples, mean = 1.0 (flags = 0x41)
0  ----------O                                                               (10 = 76.9%)
1  -O                                                                        (1 = 7.7%) {76.9%}
2  ... 
6  --O                                                                       (2 = 15.4%) {84.6%}
7  ... 

Histogram: V8.GC.Cycle.MainThread.Full.Incremental.Mark recorded 11 samples, mean = 0.3 (flags = 0x41)
0  ---------O                                                                (9 = 81.8%)
1  -O                                                                        (1 = 9.1%) {81.8%}
2  -O                                                                        (1 = 9.1%) {90.9%}
3  ... 

Histogram: V8.GC.Cycle.MainThread.Full.Incremental.Mark.Cpp recorded 13 samples, mean = 0.2 (flags = 0x41)
0  ------------O                                                             (12 = 92.3%)
1  O                                                                         (0 = 0.0%) {92.3%}
2  -O                                                                        (1 = 7.7%) {92.3%}
3  ... 

Histogram: V8.GC.Cycle.MainThread.Full.Incremental.Mark.StartStop recorded 11 samples, mean = 0.5 (flags = 0x41)
0  ---------O                                                                (9 = 81.8%)
1  O                                                                         (0 = 0.0%) {81.8%}
2  -O                                                                        (1 = 9.1%) {81.8%}
3  O                                                                         (0 = 0.0%) {90.9%}
4  -O                                                                        (1 = 9.1%) {90.9%}
5  ... 

Histogram: V8.GC.Cycle.MainThread.Full.Incremental.Sweep recorded 13 samples, mean = 0.0 (flags = 0x41)
0  -------------O                                                            (13 = 100.0%)
1  ... 

Histogram: V8.GC.Cycle.MainThread.Full.Incremental.Sweep.Cpp recorded 13 samples, mean = 0.5 (flags = 0x41)
0  -----------O                                                              (11 = 84.6%)
1  O                                                                         (0 = 0.0%) {84.6%}
2  -O                                                                        (1 = 7.7%) {84.6%}
3  O                                                                         (0 = 0.0%) {92.3%}
4  -O                                                                        (1 = 7.7%) {92.3%}
5  ... 

Histogram: V8.GC.Cycle.MainThread.Full.Mark recorded 13 samples, mean = 0.5 (flags = 0x41)
0  ----------O                                                               (10 = 76.9%)
1  -O                                                                        (1 = 7.7%) {76.9%}
2  -O                                                                        (1 = 7.7%) {84.6%}
3  O                                                                         (0 = 0.0%) {92.3%}
4  -O                                                                        (1 = 7.7%) {92.3%}
5  ... 

Histogram: V8.GC.Cycle.MainThread.Full.Mark.Cpp recorded 13 samples, mean = 0.2 (flags = 0x41)
0  -----------O                                                              (11 = 84.6%)
1  -O                                                                        (1 = 7.7%) {84.6%}
2  -O                                                                        (1 = 7.7%) {92.3%}
3  ... 

Histogram: V8.GC.Cycle.MainThread.Full.Sweep recorded 13 samples, mean = 0.0 (flags = 0x41)
0  -------------O                                                            (13 = 100.0%)
1  ... 

Histogram: V8.GC.Cycle.MainThread.Full.Sweep.Cpp recorded 13 samples, mean = 0.5 (flags = 0x41)
0  -----------O                                                              (11 = 84.6%)
1  O                                                                         (0 = 0.0%) {84.6%}
2  -O                                                                        (1 = 7.7%) {84.6%}
3  O                                                                         (0 = 0.0%) {92.3%}
4  -O                                                                        (1 = 7.7%) {92.3%}
5  ... 

Histogram: V8.GC.Cycle.MainThread.Full.Weak recorded 13 samples, mean = 0.0 (flags = 0x41)
0  -------------O                                                            (13 = 100.0%)
1  ... 

Histogram: V8.GC.Cycle.MainThread.Full.Weak.Cpp recorded 13 samples, mean = 0.0 (flags = 0x41)
0  -------------O                                                            (13 = 100.0%)
1  ... 

Histogram: V8.GC.Cycle.MainThread.Young recorded 106 samples, mean = 0.1 (flags = 0x41)
0  ------------------------------------------------------------------------O (100 = 94.3%)
1  ----O                                                                     (6 = 5.7%) {94.3%}
2  ... 

Histogram: V8.GC.Cycle.Memory.Freed.Full recorded 13 samples, mean = 4744.6 (flags = 0x41)
0      --O                                                                       (2 = 15.4%)
1      ... 
411    -O                                                                        (1 = 7.7%) {15.4%}
559    O                                                                         (0 = 0.0%) {23.1%}
760    -O                                                                        (1 = 7.7%) {23.1%}
1034   --O                                                                       (2 = 15.4%) {30.8%}
1407   --O                                                                       (2 = 15.4%) {46.2%}
1914   -O                                                                        (1 = 7.7%) {61.5%}
2604   -O                                                                        (1 = 7.7%) {69.2%}
3542   ... 
6554   -O                                                                        (1 = 7.7%) {76.9%}
8915   O                                                                         (0 = 0.0%) {84.6%}
12127  -O                                                                        (1 = 7.7%) {84.6%}
16496  O                                                                         (0 = 0.0%) {92.3%}
22439  -O                                                                        (1 = 7.7%) {92.3%}
30523  ... 

Histogram: V8.GC.Cycle.Memory.Freed.Full.Cpp recorded 13 samples, mean = 836.9 (flags = 0x41)
0     -----------O                                                              (11 = 84.6%)
1     ... 
4818  --O                                                                       (2 = 15.4%) {84.6%}
6554  ... 

Histogram: V8.GC.Cycle.Objects.After.Full recorded 13 samples, mean = 35392.8 (flags = 0x41)
0      ... 
1914   ----O                                                                     (4 = 30.8%) {0.0%}
2604   ... 
8915   -O                                                                        (1 = 7.7%) {30.8%}
12127  --O                                                                       (2 = 15.4%) {38.5%}
16496  ... 
30523  -O                                                                        (1 = 7.7%) {53.8%}
41520  -O                                                                        (1 = 7.7%) {61.5%}
56479  --O                                                                       (2 = 15.4%) {69.2%}
76827  --O                                                                       (2 = 15.4%) {84.6%}
104506 ... 

Histogram: V8.GC.Cycle.Objects.After.Full.Cpp recorded 13 samples, mean = 1281.6 (flags = 0x41)
0     ... 
302   -------O                                                                  (7 = 53.8%) {0.0%}
411   ----O                                                                     (4 = 30.8%) {53.8%}
559   ... 
4818  -O                                                                        (1 = 7.7%) {84.6%}
6554  -O                                                                        (1 = 7.7%) {92.3%}
8915  ... 

Histogram: V8.GC.Cycle.Objects.Before.Full recorded 13 samples, mean = 40366.8 (flags = 0x41)
0       ... 
3542    ---O                                                                      (3 = 23.1%) {0.0%}
4818    -O                                                                        (1 = 7.7%) {23.1%}
6554    ... 
12127   -O                                                                        (1 = 7.7%) {30.8%}
16496   -O                                                                        (1 = 7.7%) {38.5%}
22439   O                                                                         (0 = 0.0%) {46.2%}
30523   --O                                                                       (2 = 15.4%) {46.2%}
41520   -O                                                                        (1 = 7.7%) {61.5%}
56479   --O                                                                       (2 = 15.4%) {69.2%}
76827   -O                                                                        (1 = 7.7%) {84.6%}
104506  -O                                                                        (1 = 7.7%) {92.3%}
142157  ... 

Histogram: V8.GC.Cycle.Objects.Before.Full.Cpp recorded 13 samples, mean = 2587.7 (flags = 0x41)
0      ... 
302    -----O                                                                    (5 = 38.5%) {0.0%}
411    ----O                                                                     (4 = 30.8%) {38.5%}
559    --O                                                                       (2 = 15.4%) {69.2%}
760    ... 
6554   -O                                                                        (1 = 7.7%) {84.6%}
8915   ... 
16496  -O                                                                        (1 = 7.7%) {92.3%}
22439  ... 

Histogram: V8.GC.Cycle.Objects.Freed.Full recorded 13 samples, mean = 4973.6 (flags = 0x41)
0      ... 
559    -O                                                                        (1 = 7.7%) {0.0%}
760    O                                                                         (0 = 0.0%) {7.7%}
1034   --O                                                                       (2 = 15.4%) {7.7%}
1407   ---O                                                                      (3 = 23.1%) {23.1%}
1914   --O                                                                       (2 = 15.4%) {46.2%}
2604   -O                                                                        (1 = 7.7%) {61.5%}
3542   --O                                                                       (2 = 15.4%) {69.2%}
4818   ... 
12127  -O                                                                        (1 = 7.7%) {84.6%}
16496  O                                                                         (0 = 0.0%) {92.3%}
22439  -O                                                                        (1 = 7.7%) {92.3%}
30523  ... 

Histogram: V8.GC.Cycle.Objects.Freed.Full.Cpp recorded 13 samples, mean = 1305.7 (flags = 0x41)
0      ... 
2      -O                                                                        (1 = 7.7%) {0.0%}
3      O                                                                         (0 = 0.0%) {7.7%}
4      -O                                                                        (1 = 7.7%) {7.7%}
5      O                                                                         (0 = 0.0%) {15.4%}
7      ---O                                                                      (3 = 23.1%) {15.4%}
10     -O                                                                        (1 = 7.7%) {38.5%}
14     -O                                                                        (1 = 7.7%) {46.2%}
19     O                                                                         (0 = 0.0%) {53.8%}
26     -O                                                                        (1 = 7.7%) {53.8%}
35     -O                                                                        (1 = 7.7%) {61.5%}
48     ... 
120    -O                                                                        (1 = 7.7%) {69.2%}
163    O                                                                         (0 = 0.0%) {76.9%}
222    -O                                                                        (1 = 7.7%) {76.9%}
302    ... 
2604   -O                                                                        (1 = 7.7%) {84.6%}
3542   ... 
12127  -O                                                                        (1 = 7.7%) {92.3%}
16496  ... 

Histogram: V8.GC.Cycle.Reason.Full recorded 13 samples, mean = 12.5 (flags = 0x41)
0   ... 
9   ----------O                                                               (10 = 76.9%) {0.0%}
10  ... 
22  -O                                                                        (1 = 7.7%) {76.9%}
23  ... 
25  --O                                                                       (2 = 15.4%) {84.6%}
26  ... 

Histogram: V8.GC.Cycle.Reason.Young recorded 106 samples, mean = 5.0 (flags = 0x41)
0   O                                                                         (0 = 0.0%)
1   ----------------------------------------------------------------------O   (70 = 66.0%) {0.0%}
2   ... 
12  ---------------------------------O                                        (33 = 31.1%) {66.0%}
13  ... 
21  ---O                                                                      (3 = 2.8%) {97.2%}
22  ... 

Histogram: V8.GC.Cycle.Young recorded 106 samples, mean = 0.5 (flags = 0x41)
0  ------------------------------------------------------------------------O (83 = 78.3%)
1  ---------O                                                                (10 = 9.4%) {78.3%}
2  -----O                                                                    (6 = 5.7%) {87.7%}
3  -O                                                                        (1 = 0.9%) {93.4%}
4  O                                                                         (0 = 0.0%) {94.3%}
5  ---O                                                                      (4 = 3.8%) {94.3%}
6  --O                                                                       (2 = 1.9%) {98.1%}
7  ... 

Histogram: V8.GC.Event.MainThread.Full.Finalize.Incremental.ReduceMemory recorded 4 samples, mean = 3.0 (flags = 0x41)
0  O                                                                         (0 = 0.0%)
1  -O                                                                        (1 = 25.0%) {0.0%}
2  --O                                                                       (2 = 50.0%) {25.0%}
3  ... 
7  -O                                                                        (1 = 25.0%) {75.0%}
8  ... 

Histogram: V8.GC.Event.MainThread.Full.Finalize.Incremental.ReduceMemory.Foreground recorded 4 samples, mean = 3.0 (flags = 0x41)
0  O                                                                         (0 = 0.0%)
1  -O                                                                        (1 = 25.0%) {0.0%}
2  --O                                                                       (2 = 50.0%) {25.0%}
3  ... 
7  -O                                                                        (1 = 25.0%) {75.0%}
8  ... 

Histogram: V8.GC.Event.MainThread.Full.Finalize.Incremental.Regular recorded 9 samples, mean = 0.9 (flags = 0x41)
0  -----O                                                                    (5 = 55.6%)
1  --O                                                                       (2 = 22.2%) {55.6%}
2  O                                                                         (0 = 0.0%) {77.8%}
3  --O                                                                       (2 = 22.2%) {77.8%}
4  ... 

Histogram: V8.GC.Event.MainThread.Full.Finalize.Incremental.Regular.Foreground recorded 9 samples, mean = 0.9 (flags = 0x41)
0  -----O                                                                    (5 = 55.6%)
1  --O                                                                       (2 = 22.2%) {55.6%}
2  O                                                                         (0 = 0.0%) {77.8%}
3  --O                                                                       (2 = 22.2%) {77.8%}
4  ... 

Histogram: V8.GC.Event.MainThread.Full.Finalize.NonIncremental.Regular recorded 2 samples, mean = 1.0 (flags = 0x41)
0  O                                                                         (0 = 0.0%)
1  --O                                                                       (2 = 100.0%) {0.0%}
2  ... 

Histogram: V8.GC.Event.MainThread.Full.Finalize.NonIncremental.Regular.Foreground recorded 2 samples, mean = 1.0 (flags = 0x41)
0  O                                                                         (0 = 0.0%)
1  --O                                                                       (2 = 100.0%) {0.0%}
2  ... 

Histogram: V8.GC.Event.MainThread.Full.Incremental.Mark recorded 158 samples, mean = 0.0 (flags = 0x41)
0  ------------------------------------------------------------------------O (158 = 100.0%)
1  ... 

Histogram: V8.GC.Event.MainThread.Full.Incremental.Mark.Cpp recorded 182 samples, mean = 0.0 (flags = 0x41)
0  ------------------------------------------------------------------------O (182 = 100.0%)
1  ... 

Histogram: V8.GC.Event.MainThread.Full.Incremental.Sweep.Cpp recorded 281 samples, mean = 0.0 (flags = 0x41)
0  ------------------------------------------------------------------------O (279 = 99.3%)
1  O                                                                         (0 = 0.0%) {99.3%}
2  O                                                                         (1 = 0.4%) {99.3%}
3  O                                                                         (1 = 0.4%) {99.6%}
4  ... 

Histogram: V8.GC.TimeToCollectionOnBackground recorded 2 samples, mean = 88.5 (flags = 0x41)
0    ... 
15   -O                                                                        (1 = 50.0%) {0.0%}
21   ... 
146  -O                                                                        (1 = 50.0%) {50.0%}
203  ... 

Histogram: V8.GC.TimeToSafepoint recorded 138 samples, mean = 4.4 (flags = 0x41)
0    ------------------------------------------------------------------------O (75 = 54.3%)
1    ----------------------------------O                                       (35 = 25.4%) {54.3%}
2    ---O                                                                      (3 = 2.2%) {79.7%}
3    ------O                                                                   (6 = 4.3%) {81.9%}
4    -----O                                                                    (5 = 3.6%) {86.2%}
6    ... 
11   ---O                                                                      (3 = 2.2%) {89.9%}
15   ---O                                                                      (3 = 2.2%) {92.0%}
21   -O                                                                        (1 = 0.7%) {94.2%}
29   --O                                                                       (2 = 1.4%) {94.9%}
40   --O                                                                       (2 = 1.4%) {96.4%}
55   -O                                                                        (1 = 0.7%) {97.8%}
76   -O                                                                        (1 = 0.7%) {98.6%}
105  -O                                                                        (1 = 0.7%) {99.3%}
146  ... 

Histogram: V8.GCFinalizeMC.Clear recorded 9 samples, mean = 0.0 (flags = 0x41)
0  ---------O                                                                (9 = 100.0%)
1  ... 

Histogram: V8.GCFinalizeMC.Epilogue recorded 9 samples, mean = 0.0 (flags = 0x41)
0  ---------O                                                                (9 = 100.0%)
1  ... 

Histogram: V8.GCFinalizeMC.Evacuate recorded 9 samples, mean = 0.1 (flags = 0x41)
0  --------O                                                                 (8 = 88.9%)
1  -O                                                                        (1 = 11.1%) {88.9%}
2  ... 

Histogram: V8.GCFinalizeMC.Finish recorded 9 samples, mean = 0.0 (flags = 0x41)
0  ---------O                                                                (9 = 100.0%)
1  ... 

Histogram: V8.GCFinalizeMC.Mark recorded 9 samples, mean = 0.2 (flags = 0x41)
0  -------O                                                                  (7 = 77.8%)
1  --O                                                                       (2 = 22.2%) {77.8%}
2  ... 

Histogram: V8.GCFinalizeMC.Prologue recorded 9 samples, mean = 0.0 (flags = 0x41)
0  ---------O                                                                (9 = 100.0%)
1  ... 

Histogram: V8.GCFinalizeMC.Sweep recorded 9 samples, mean = 0.0 (flags = 0x41)
0  ---------O                                                                (9 = 100.0%)
1  ... 

Histogram: V8.GCIncrementalMarking recorded 163 samples, mean = 0.0 (flags = 0x41)
0  ------------------------------------------------------------------------O (162 = 99.4%)
1  O                                                                         (1 = 0.6%) {99.4%}
2  ... 

Histogram: V8.GCIncrementalMarkingReason recorded 13 samples, mean = 12.8 (flags = 0x41)
0   ... 
2   -O                                                                        (1 = 7.7%) {0.0%}
3   ... 
12  --------O                                                                 (8 = 61.5%) {7.7%}
13  ... 
17  ----O                                                                     (4 = 30.8%) {69.2%}
18  ... 

Histogram: V8.GCIncrementalMarkingStart recorded 13 samples, mean = 0.2 (flags = 0x41)
0  ------------O                                                             (12 = 92.3%)
1  O                                                                         (0 = 0.0%) {92.3%}
2  -O                                                                        (1 = 7.7%) {92.3%}
3  ... 

Histogram: V8.GCIncrementalMarkingSum recorded 9 samples, mean = 0.0 (flags = 0x41)
0  ---------O                                                                (9 = 100.0%)
1  ... 

Histogram: V8.GCMarkCompactReason recorded 13 samples, mean = 12.5 (flags = 0x41)
0   ... 
9   ----------O                                                               (10 = 76.9%) {0.0%}
10  ... 
22  -O                                                                        (1 = 7.7%) {76.9%}
23  ... 
25  --O                                                                       (2 = 15.4%) {84.6%}
26  ... 

Histogram: V8.GCScavenger.ScavengeMain recorded 106 samples, mean = 0.0 (flags = 0x41)
0  ------------------------------------------------------------------------O (106 = 100.0%)
1  ... 

Histogram: V8.GCScavenger.ScavengeRoots recorded 106 samples, mean = 0.0 (flags = 0x41)
0  ------------------------------------------------------------------------O (106 = 100.0%)
1  ... 

Histogram: V8.JSDispatchTableEntriesCount recorded 15 samples, mean = 0.0 (flags = 0x41)
0  ---------------O                                                          (15 = 100.0%)
1  ... 

Histogram: V8.LocalWindowProxy.CreateContextTime recorded 9 samples, mean = 2.7 (flags = 0x41)
0   -----O                                                                    (5 = 55.6%)
1   ---O                                                                      (3 = 33.3%) {55.6%}
2   ... 
20  -O                                                                        (1 = 11.1%) {88.9%}
24  ... 

Histogram: V8.LocalWindowProxy.InitializeTime recorded 9 samples, mean = 3.9 (flags = 0x41)
0   ---O                                                                      (3 = 33.3%)
1   --O                                                                       (2 = 22.2%) {33.3%}
2   --O                                                                       (2 = 22.2%) {55.6%}
3   -O                                                                        (1 = 11.1%) {77.8%}
4   ... 
24  -O                                                                        (1 = 11.1%) {88.9%}
29  ... 

Histogram: V8.MaglevOptimizeExecute recorded 666 samples, mean = 173.1 (flags = 0x41)
0     ... 
5     ------O                                                                   (7 = 1.1%) {0.0%}
6     --------O                                                                 (9 = 1.4%) {1.1%}
8     ------------------O                                                       (21 = 3.2%) {2.4%}
10    ----------------------------------O                                       (39 = 5.9%) {5.6%}
13    ----------------------------------------O                                 (45 = 6.8%) {11.4%}
16    ----------------------O                                                   (25 = 3.8%) {18.2%}
20    --------------------O                                                     (23 = 3.5%) {21.9%}
25    -------------------O                                                      (22 = 3.3%) {25.4%}
31    --------------------------------O                                         (36 = 5.4%) {28.7%}
39    ----------------------------------------O                                 (45 = 6.8%) {34.1%}
49    -------------------------------------------O                              (49 = 7.4%) {40.8%}
61    ------------------------------------------------------------------------O (82 = 12.3%) {48.2%}
76    ----------------------------------------O                                 (46 = 6.9%) {60.5%}
95    ------------------------------O                                           (34 = 5.1%) {67.4%}
119   ---------------------------------O                                        (38 = 5.7%) {72.5%}
149   ------------------------------O                                           (34 = 5.1%) {78.2%}
186   --------------------O                                                     (23 = 3.5%) {83.3%}
233   -------------O                                                            (15 = 2.3%) {86.8%}
292   -------O                                                                  (8 = 1.2%) {89.0%}
365   -----------O                                                              (13 = 2.0%) {90.2%}
457   ----------O                                                               (11 = 1.7%) {92.2%}
572   ------O                                                                   (7 = 1.1%) {93.8%}
716   -----O                                                                    (6 = 0.9%) {94.9%}
896   ----O                                                                     (5 = 0.8%) {95.8%}
1122  ------O                                                                   (7 = 1.1%) {96.5%}
1404  ----O                                                                     (5 = 0.8%) {97.6%}
1757  ------O                                                                   (7 = 1.1%) {98.3%}
2199  --O                                                                       (2 = 0.3%) {99.4%}
2753  ... 
4313  -O                                                                        (1 = 0.2%) {99.7%}
5399  -O                                                                        (1 = 0.2%) {99.8%}
6758  ... 

Histogram: V8.MaglevOptimizeFinalize recorded 666 samples, mean = 3.5 (flags = 0x41)
0    ------------------------------------------------------------------------O (160 = 24.0%)
1    ---------------------------------------------------------------------O    (154 = 23.1%) {24.0%}
2    --------------------------------------------O                             (97 = 14.6%) {47.1%}
3    ------------------------------O                                           (66 = 9.9%) {61.7%}
4    --------------------------O                                               (57 = 8.6%) {71.6%}
5    ---------------O                                                          (34 = 5.1%) {80.2%}
6    --------------O                                                           (32 = 4.8%) {85.3%}
8    --------O                                                                 (17 = 2.6%) {90.1%}
10   ---------O                                                                (20 = 3.0%) {92.6%}
13   ----O                                                                     (8 = 1.2%) {95.6%}
16   ---O                                                                      (6 = 0.9%) {96.8%}
20   --O                                                                       (5 = 0.8%) {97.7%}
25   -O                                                                        (3 = 0.5%) {98.5%}
31   --O                                                                       (4 = 0.6%) {98.9%}
39   O                                                                         (1 = 0.2%) {99.5%}
49   O                                                                         (1 = 0.2%) {99.7%}
61   ... 
149  O                                                                         (1 = 0.2%) {99.8%}
186  ... 

Histogram: V8.MaglevOptimizePrepare recorded 666 samples, mean = 0.1 (flags = 0x41)
0  ------------------------------------------------------------------------O (612 = 91.9%)
1  ------O                                                                   (53 = 8.0%) {91.9%}
2  O                                                                         (1 = 0.2%) {99.8%}
3  ... 

Histogram: V8.MaglevOptimizeTotalTime recorded 666 samples, mean = 14844.2 (flags = 0x41)
0       ... 
9       -O                                                                        (1 = 0.2%) {0.0%}
12      --O                                                                       (2 = 0.3%) {0.2%}
16      ----------------O                                                         (16 = 2.4%) {0.5%}
21      ------------------O                                                       (18 = 2.7%) {2.9%}
28      --------------------------O                                               (26 = 3.9%) {5.6%}
37      -----------------------------------------O                                (41 = 6.2%) {9.5%}
49      ------------------------------------------------------O                   (54 = 8.1%) {15.6%}
65      --------------------------------------------------------------------O     (68 = 10.2%) {23.7%}
86      ----------------------------------------------------------O               (58 = 8.7%) {33.9%}
113     --------------------------------------------------------------O           (62 = 9.3%) {42.6%}
149     -------------------------------------------------------O                  (55 = 8.3%) {52.0%}
196     ---------------------------------------------O                            (45 = 6.8%) {60.2%}
258     ------------------------O                                                 (24 = 3.6%) {67.0%}
340     -----------------------------------O                                      (35 = 5.3%) {70.6%}
448     -------------------O                                                      (19 = 2.9%) {75.8%}
590     -----------------O                                                        (17 = 2.6%) {78.7%}
777     ---------O                                                                (9 = 1.4%) {81.2%}
1023    ----------------------------O                                             (28 = 4.2%) {82.6%}
1347    ----------O                                                               (10 = 1.5%) {86.8%}
1774    --------O                                                                 (8 = 1.2%) {88.3%}
2336    ---O                                                                      (3 = 0.5%) {89.5%}
3077    O                                                                         (0 = 0.0%) {89.9%}
4053    ----O                                                                     (4 = 0.6%) {89.9%}
5338    ----O                                                                     (4 = 0.6%) {90.5%}
7031    -O                                                                        (1 = 0.2%) {91.1%}
9260    ---------------O                                                          (15 = 2.3%) {91.3%}
12196   -O                                                                        (1 = 0.2%) {93.5%}
16063   ------O                                                                   (6 = 0.9%) {93.7%}
21156   -O                                                                        (1 = 0.2%) {94.6%}
27864   --O                                                                       (2 = 0.3%) {94.7%}
36699   --O                                                                       (2 = 0.3%) {95.0%}
48336   O                                                                         (0 = 0.0%) {95.3%}
63662   ---O                                                                      (3 = 0.5%) {95.3%}
83848   -O                                                                        (1 = 0.2%) {95.8%}
110434  -------O                                                                  (7 = 1.1%) {95.9%}
145450  -----O                                                                    (5 = 0.8%) {97.0%}
191569  O                                                                         (0 = 0.0%) {97.7%}
252312  ---O                                                                      (3 = 0.5%) {97.7%}
332315  ---O                                                                      (3 = 0.5%) {98.2%}
437686  ---------O                                                                (9 = 1.4%) {98.6%}
576468  ... 

Histogram: V8.MemoryExternalFragmentationCodeSpace recorded 121 samples, mean = 39.4 (flags = 0x41)
0   ... 
7   -O                                                                        (1 = 0.8%) {0.0%}
8   -O                                                                        (1 = 0.8%) {0.8%}
9   ... 
16  -O                                                                        (1 = 0.8%) {1.7%}
17  ... 
19  -O                                                                        (1 = 0.8%) {2.5%}
20  O                                                                         (0 = 0.0%) {3.3%}
21  -O                                                                        (1 = 0.8%) {3.3%}
22  O                                                                         (0 = 0.0%) {4.1%}
23  -O                                                                        (1 = 0.8%) {4.1%}
24  ---O                                                                      (3 = 2.5%) {5.0%}
25  ---O                                                                      (3 = 2.5%) {7.4%}
26  -O                                                                        (1 = 0.8%) {9.9%}
27  O                                                                         (0 = 0.0%) {10.7%}
28  --O                                                                       (2 = 1.7%) {10.7%}
29  ------O                                                                   (6 = 5.0%) {12.4%}
30  -O                                                                        (1 = 0.8%) {17.4%}
31  --O                                                                       (2 = 1.7%) {18.2%}
32  ---O                                                                      (3 = 2.5%) {19.8%}
33  -----O                                                                    (5 = 4.1%) {22.3%}
34  ---O                                                                      (3 = 2.5%) {26.4%}
35  --------O                                                                 (8 = 6.6%) {28.9%}
36  ------O                                                                   (6 = 5.0%) {35.5%}
37  -----O                                                                    (5 = 4.1%) {40.5%}
38  -----------------------O                                                  (23 = 19.0%) {44.6%}
39  ---O                                                                      (3 = 2.5%) {63.6%}
40  --O                                                                       (2 = 1.7%) {66.1%}
41  ---O                                                                      (3 = 2.5%) {67.8%}
42  O                                                                         (0 = 0.0%) {70.2%}
43  -O                                                                        (1 = 0.8%) {70.2%}
44  ---O                                                                      (3 = 2.5%) {71.1%}
45  --O                                                                       (2 = 1.7%) {73.6%}
46  --O                                                                       (2 = 1.7%) {75.2%}
47  --O                                                                       (2 = 1.7%) {76.9%}
48  ----O                                                                     (4 = 3.3%) {78.5%}
49  --O                                                                       (2 = 1.7%) {81.8%}
50  -O                                                                        (1 = 0.8%) {83.5%}
51  -O                                                                        (1 = 0.8%) {84.3%}
52  -O                                                                        (1 = 0.8%) {85.1%}
53  --O                                                                       (2 = 1.7%) {86.0%}
54  -O                                                                        (1 = 0.8%) {87.6%}
55  ---O                                                                      (3 = 2.5%) {88.4%}
56  O                                                                         (0 = 0.0%) {90.9%}
57  --O                                                                       (2 = 1.7%) {90.9%}
58  -O                                                                        (1 = 0.8%) {92.6%}
59  -O                                                                        (1 = 0.8%) {93.4%}
60  -O                                                                        (1 = 0.8%) {94.2%}
61  -O                                                                        (1 = 0.8%) {95.0%}
62  -O                                                                        (1 = 0.8%) {95.9%}
63  ... 
68  -O                                                                        (1 = 0.8%) {96.7%}
69  ... 
74  -O                                                                        (1 = 0.8%) {97.5%}
75  -O                                                                        (1 = 0.8%) {98.3%}
76  ... 
86  -O                                                                        (1 = 0.8%) {99.2%}
87  ... 

Histogram: V8.MemoryExternalFragmentationLoSpace recorded 120 samples, mean = 2.0 (flags = 0x41)
0  ---------------------------------O                                        (34 = 28.3%)
1  --O                                                                       (2 = 1.7%) {28.3%}
2  ----------O                                                               (10 = 8.3%) {30.0%}
3  ------------------------------------------------------------------------O (74 = 61.7%) {38.3%}
4  ... 

Histogram: V8.MemoryExternalFragmentationOldSpace recorded 121 samples, mean = 20.6 (flags = 0x41)
0   ---O                                                                      (3 = 2.5%)
1   ----O                                                                     (4 = 3.3%) {2.5%}
2   ---O                                                                      (3 = 2.5%) {5.8%}
3   ------O                                                                   (6 = 5.0%) {8.3%}
4   -----O                                                                    (5 = 4.1%) {13.2%}
5   --O                                                                       (2 = 1.7%) {17.4%}
6   ------O                                                                   (6 = 5.0%) {19.0%}
7   ----O                                                                     (4 = 3.3%) {24.0%}
8   ------O                                                                   (6 = 5.0%) {27.3%}
9   -----O                                                                    (5 = 4.1%) {32.2%}
10  ----O                                                                     (4 = 3.3%) {36.4%}
11  --------O                                                                 (8 = 6.6%) {39.7%}
12  --O                                                                       (2 = 1.7%) {46.3%}
13  --O                                                                       (2 = 1.7%) {47.9%}
14  ----O                                                                     (4 = 3.3%) {49.6%}
15  --O                                                                       (2 = 1.7%) {52.9%}
16  ----O                                                                     (4 = 3.3%) {54.5%}
17  --O                                                                       (2 = 1.7%) {57.9%}
18  -O                                                                        (1 = 0.8%) {59.5%}
19  --O                                                                       (2 = 1.7%) {60.3%}
20  O                                                                         (0 = 0.0%) {62.0%}
21  -O                                                                        (1 = 0.8%) {62.0%}
22  O                                                                         (0 = 0.0%) {62.8%}
23  ---O                                                                      (3 = 2.5%) {62.8%}
24  -O                                                                        (1 = 0.8%) {65.3%}
25  --O                                                                       (2 = 1.7%) {66.1%}
26  ... 
29  --O                                                                       (2 = 1.7%) {67.8%}
30  -O                                                                        (1 = 0.8%) {69.4%}
31  --O                                                                       (2 = 1.7%) {70.2%}
32  ---O                                                                      (3 = 2.5%) {71.9%}
33  --O                                                                       (2 = 1.7%) {74.4%}
34  O                                                                         (0 = 0.0%) {76.0%}
35  -O                                                                        (1 = 0.8%) {76.0%}
36  -O                                                                        (1 = 0.8%) {76.9%}
37  -O                                                                        (1 = 0.8%) {77.7%}
38  -O                                                                        (1 = 0.8%) {78.5%}
39  --O                                                                       (2 = 1.7%) {79.3%}
40  O                                                                         (0 = 0.0%) {81.0%}
41  --O                                                                       (2 = 1.7%) {81.0%}
42  -O                                                                        (1 = 0.8%) {82.6%}
43  ----O                                                                     (4 = 3.3%) {83.5%}
44  --O                                                                       (2 = 1.7%) {86.8%}
45  -O                                                                        (1 = 0.8%) {88.4%}
46  -O                                                                        (1 = 0.8%) {89.3%}
47  O                                                                         (0 = 0.0%) {90.1%}
48  -O                                                                        (1 = 0.8%) {90.1%}
49  O                                                                         (0 = 0.0%) {90.9%}
50  --O                                                                       (2 = 1.7%) {90.9%}
51  ... 
53  -O                                                                        (1 = 0.8%) {92.6%}
54  O                                                                         (0 = 0.0%) {93.4%}
55  -O                                                                        (1 = 0.8%) {93.4%}
56  -O                                                                        (1 = 0.8%) {94.2%}
57  -O                                                                        (1 = 0.8%) {95.0%}
58  O                                                                         (0 = 0.0%) {95.9%}
59  -O                                                                        (1 = 0.8%) {95.9%}
60  O                                                                         (0 = 0.0%) {96.7%}
61  -O                                                                        (1 = 0.8%) {96.7%}
62  -O                                                                        (1 = 0.8%) {97.5%}
63  -O                                                                        (1 = 0.8%) {98.3%}
64  ... 
66  -O                                                                        (1 = 0.8%) {99.2%}
67  ... 

Histogram: V8.MemoryExternalFragmentationTotal recorded 121 samples, mean = 38.1 (flags = 0x41)
0   ... 
12  -O                                                                        (1 = 0.8%) {0.0%}
13  -O                                                                        (1 = 0.8%) {0.8%}
14  ---O                                                                      (3 = 2.5%) {1.7%}
15  --O                                                                       (2 = 1.7%) {4.1%}
16  --O                                                                       (2 = 1.7%) {5.8%}
17  -O                                                                        (1 = 0.8%) {7.4%}
18  --O                                                                       (2 = 1.7%) {8.3%}
19  --O                                                                       (2 = 1.7%) {9.9%}
20  O                                                                         (0 = 0.0%) {11.6%}
21  --O                                                                       (2 = 1.7%) {11.6%}
22  O                                                                         (0 = 0.0%) {13.2%}
23  -O                                                                        (1 = 0.8%) {13.2%}
24  -O                                                                        (1 = 0.8%) {14.0%}
25  O                                                                         (0 = 0.0%) {14.9%}
26  ---O                                                                      (3 = 2.5%) {14.9%}
27  -O                                                                        (1 = 0.8%) {17.4%}
28  O                                                                         (0 = 0.0%) {18.2%}
29  -----O                                                                    (5 = 4.1%) {18.2%}
30  ---O                                                                      (3 = 2.5%) {22.3%}
31  --O                                                                       (2 = 1.7%) {24.8%}
32  -O                                                                        (1 = 0.8%) {26.4%}
33  --O                                                                       (2 = 1.7%) {27.3%}
34  -----O                                                                    (5 = 4.1%) {28.9%}
35  -----O                                                                    (5 = 4.1%) {33.1%}
36  ----O                                                                     (4 = 3.3%) {37.2%}
37  ------O                                                                   (6 = 5.0%) {40.5%}
38  --------O                                                                 (8 = 6.6%) {45.5%}
39  ---------O                                                                (9 = 7.4%) {52.1%}
40  ------O                                                                   (6 = 5.0%) {59.5%}
41  --O                                                                       (2 = 1.7%) {64.5%}
42  ---O                                                                      (3 = 2.5%) {66.1%}
43  -O                                                                        (1 = 0.8%) {68.6%}
44  ------O                                                                   (6 = 5.0%) {69.4%}
45  -O                                                                        (1 = 0.8%) {74.4%}
46  ---O                                                                      (3 = 2.5%) {75.2%}
47  ----O                                                                     (4 = 3.3%) {77.7%}
48  -O                                                                        (1 = 0.8%) {81.0%}
49  -O                                                                        (1 = 0.8%) {81.8%}
50  ----O                                                                     (4 = 3.3%) {82.6%}
51  O                                                                         (0 = 0.0%) {86.0%}
52  --O                                                                       (2 = 1.7%) {86.0%}
53  --O                                                                       (2 = 1.7%) {87.6%}
54  -O                                                                        (1 = 0.8%) {89.3%}
55  O                                                                         (0 = 0.0%) {90.1%}
56  ---O                                                                      (3 = 2.5%) {90.1%}
57  -O                                                                        (1 = 0.8%) {92.6%}
58  --O                                                                       (2 = 1.7%) {93.4%}
59  ... 
63  -O                                                                        (1 = 0.8%) {95.0%}
64  -O                                                                        (1 = 0.8%) {95.9%}
65  -O                                                                        (1 = 0.8%) {96.7%}
66  ... 
69  -O                                                                        (1 = 0.8%) {97.5%}
70  -O                                                                        (1 = 0.8%) {98.3%}
71  ... 
75  -O                                                                        (1 = 0.8%) {99.2%}
76  ... 

Histogram: V8.MemoryHeapSampleCodeSpaceCommitted recorded 121 samples, mean = 882.2 (flags = 0x41)
0     ------------------------------------------------------------------------O (74 = 61.2%)
1000  -----------------------------------------O                                (42 = 34.7%) {61.2%}
1138  ... 
1474  ---O                                                                      (3 = 2.5%) {95.9%}
1678  --O                                                                       (2 = 1.7%) {98.3%}
1910  ... 

Histogram: V8.MemoryHeapSampleMaximumCommitted recorded 121 samples, mean = 28468.0 (flags = 0x41)
0       ... 
3649    --O                                                                       (2 = 1.7%) {0.0%}
4153    -O                                                                        (1 = 0.8%) {1.7%}
4727    --O                                                                       (2 = 1.7%) {2.5%}
5380    ---O                                                                      (3 = 2.5%) {4.1%}
6124    ------O                                                                   (6 = 5.0%) {6.6%}
6971    ---------O                                                                (9 = 7.4%) {11.6%}
7935    -------------------------------------------O                              (43 = 35.5%) {19.0%}
9032    --O                                                                       (2 = 1.7%) {54.5%}
10281   --O                                                                       (2 = 1.7%) {56.2%}
11702   ----O                                                                     (4 = 3.3%) {57.9%}
13320   O                                                                         (0 = 0.0%) {61.2%}
15161   -O                                                                        (1 = 0.8%) {61.2%}
17257   ---O                                                                      (3 = 2.5%) {62.0%}
19642   -O                                                                        (1 = 0.8%) {64.5%}
22357   -O                                                                        (1 = 0.8%) {65.3%}
25447   -O                                                                        (1 = 0.8%) {66.1%}
28965   ---O                                                                      (3 = 2.5%) {66.9%}
32969   --O                                                                       (2 = 1.7%) {69.4%}
37526   ---O                                                                      (3 = 2.5%) {71.1%}
42713   ---------O                                                                (9 = 7.4%) {73.6%}
48617   ------O                                                                   (6 = 5.0%) {81.0%}
55338   -O                                                                        (1 = 0.8%) {86.0%}
62988   --O                                                                       (2 = 1.7%) {86.8%}
71695   -O                                                                        (1 = 0.8%) {88.4%}
81606   ---O                                                                      (3 = 2.5%) {89.3%}
92887   --O                                                                       (2 = 1.7%) {91.7%}
105727  ---O                                                                      (3 = 2.5%) {93.4%}
120342  -----O                                                                    (5 = 4.1%) {95.9%}
136978  ... 

Histogram: V8.MemoryHeapSampleTotalCommitted recorded 121 samples, mean = 26271.8 (flags = 0x41)
0       ... 
3649    ----O                                                                     (4 = 3.3%) {0.0%}
4153    -----------O                                                              (11 = 9.1%) {3.3%}
4727    -------------O                                                            (13 = 10.7%) {12.4%}
5380    -------O                                                                  (7 = 5.8%) {23.1%}
6124    -----------------O                                                        (17 = 14.0%) {28.9%}
6971    ------------O                                                             (12 = 9.9%) {43.0%}
7935    --O                                                                       (2 = 1.7%) {52.9%}
9032    --O                                                                       (2 = 1.7%) {54.5%}
10281   ---O                                                                      (3 = 2.5%) {56.2%}
11702   ---O                                                                      (3 = 2.5%) {58.7%}
13320   -O                                                                        (1 = 0.8%) {61.2%}
15161   --O                                                                       (2 = 1.7%) {62.0%}
17257   ---O                                                                      (3 = 2.5%) {63.6%}
19642   -O                                                                        (1 = 0.8%) {66.1%}
22357   -O                                                                        (1 = 0.8%) {66.9%}
25447   -O                                                                        (1 = 0.8%) {67.8%}
28965   ---O                                                                      (3 = 2.5%) {68.6%}
32969   --O                                                                       (2 = 1.7%) {71.1%}
37526   -----O                                                                    (5 = 4.1%) {72.7%}
42713   ---------O                                                                (9 = 7.4%) {76.9%}
48617   --O                                                                       (2 = 1.7%) {84.3%}
55338   -O                                                                        (1 = 0.8%) {86.0%}
62988   --O                                                                       (2 = 1.7%) {86.8%}
71695   -O                                                                        (1 = 0.8%) {88.4%}
81606   ---O                                                                      (3 = 2.5%) {89.3%}
92887   --O                                                                       (2 = 1.7%) {91.7%}
105727  -----O                                                                    (5 = 4.1%) {93.4%}
120342  ---O                                                                      (3 = 2.5%) {97.5%}
136978  ... 

Histogram: V8.MemoryHeapSampleTotalUsed recorded 121 samples, mean = 18496.8 (flags = 0x41)
0       ... 
1474    -O                                                                        (1 = 0.8%) {0.0%}
1678    -O                                                                        (1 = 0.8%) {0.8%}
1910    -O                                                                        (1 = 0.8%) {1.7%}
2174    -------O                                                                  (7 = 5.8%) {2.5%}
2475    -------------O                                                            (13 = 10.7%) {8.3%}
2817    ---------------O                                                          (15 = 12.4%) {19.0%}
3206    -------O                                                                  (7 = 5.8%) {31.4%}
3649    ---------O                                                                (9 = 7.4%) {37.2%}
4153    ------O                                                                   (6 = 5.0%) {44.6%}
4727    ---O                                                                      (3 = 2.5%) {49.6%}
5380    ---O                                                                      (3 = 2.5%) {52.1%}
6124    ---O                                                                      (3 = 2.5%) {54.5%}
6971    ---O                                                                      (3 = 2.5%) {57.0%}
7935    --O                                                                       (2 = 1.7%) {59.5%}
9032    ---O                                                                      (3 = 2.5%) {61.2%}
10281   --O                                                                       (2 = 1.7%) {63.6%}
11702   -----O                                                                    (5 = 4.1%) {65.3%}
13320   --O                                                                       (2 = 1.7%) {69.4%}
15161   --O                                                                       (2 = 1.7%) {71.1%}
17257   --O                                                                       (2 = 1.7%) {72.7%}
19642   -O                                                                        (1 = 0.8%) {74.4%}
22357   --O                                                                       (2 = 1.7%) {75.2%}
25447   --------O                                                                 (8 = 6.6%) {76.9%}
28965   ---O                                                                      (3 = 2.5%) {83.5%}
32969   O                                                                         (0 = 0.0%) {86.0%}
37526   -O                                                                        (1 = 0.8%) {86.0%}
42713   O                                                                         (0 = 0.0%) {86.8%}
48617   --O                                                                       (2 = 1.7%) {86.8%}
55338   -O                                                                        (1 = 0.8%) {88.4%}
62988   --O                                                                       (2 = 1.7%) {89.3%}
71695   --O                                                                       (2 = 1.7%) {90.9%}
81606   ---O                                                                      (3 = 2.5%) {92.6%}
92887   ----O                                                                     (4 = 3.3%) {95.0%}
105727  --O                                                                       (2 = 1.7%) {98.3%}
120342  ... 

Histogram: V8.RegExpBacktracks recorded 266 samples, mean = 1.6 (flags = 0x41)
0    -------O                                                                  (22 = 8.3%)
1    ------------------------------------------------------------------------O (230 = 86.5%) {8.3%}
2    --O                                                                       (5 = 1.9%) {94.7%}
3    -O                                                                        (2 = 0.8%) {96.6%}
4    --O                                                                       (5 = 1.9%) {97.4%}
6    O                                                                         (0 = 0.0%) {99.2%}
9    O                                                                         (1 = 0.4%) {99.2%}
13   ... 
127  O                                                                         (1 = 0.4%) {99.6%}
185  ... 

Histogram: V8.SandboxedCodePointersCount recorded 15 samples, mean = 593.8 (flags = 0x41)
0     ... 
340   ----O                                                                     (4 = 26.7%) {0.0%}
395   --O                                                                       (2 = 13.3%) {26.7%}
459   ------O                                                                   (6 = 40.0%) {40.0%}
534   ... 
1136  ---O                                                                      (3 = 20.0%) {80.0%}
1321  ... 

Histogram: V8.SandboxedCppHeapPointersCount recorded 15 samples, mean = 9353.9 (flags = 0x41)
0      ... 
24     -O                                                                        (1 = 6.7%) {0.0%}
29     ... 
7152   -----------O                                                              (11 = 73.3%) {6.7%}
8499   -O                                                                        (1 = 6.7%) {80.0%}
10100  ... 
14263  -O                                                                        (1 = 6.7%) {86.7%}
16950  ... 
23937  -O                                                                        (1 = 6.7%) {93.3%}
28446  ... 

Histogram: V8.SandboxedExternalPointersCount recorded 136 samples, mean = 884.4 (flags = 0x41)
0      -------------------------------------------------------------------O      (67 = 49.3%)
1      -O                                                                        (1 = 0.7%) {49.3%}
2      ... 
14     -O                                                                        (1 = 0.7%) {50.0%}
17     -O                                                                        (1 = 0.7%) {50.7%}
20     -O                                                                        (1 = 0.7%) {51.5%}
24     -O                                                                        (1 = 0.7%) {52.2%}
29     ... 
81     -O                                                                        (1 = 0.7%) {52.9%}
96     --O                                                                       (2 = 1.5%) {53.7%}
114    -----O                                                                    (5 = 3.7%) {55.1%}
135    ------O                                                                   (6 = 4.4%) {58.8%}
160    ----O                                                                     (4 = 2.9%) {63.2%}
190    ---O                                                                      (3 = 2.2%) {66.2%}
226    ---O                                                                      (3 = 2.2%) {68.4%}
269    ---O                                                                      (3 = 2.2%) {70.6%}
320    -O                                                                        (1 = 0.7%) {72.8%}
380    -O                                                                        (1 = 0.7%) {73.5%}
452    -O                                                                        (1 = 0.7%) {74.3%}
537    -O                                                                        (1 = 0.7%) {75.0%}
638    -O                                                                        (1 = 0.7%) {75.7%}
758    --O                                                                       (2 = 1.5%) {76.5%}
901    --O                                                                       (2 = 1.5%) {77.9%}
1071   -----O                                                                    (5 = 3.7%) {79.4%}
1273   -O                                                                        (1 = 0.7%) {83.1%}
1513   --O                                                                       (2 = 1.5%) {83.8%}
1798   -----O                                                                    (5 = 3.7%) {85.3%}
2137   ... 
4261   -------O                                                                  (7 = 5.1%) {89.0%}
5064   ------O                                                                   (6 = 4.4%) {94.1%}
6018   ... 
12002  --O                                                                       (2 = 1.5%) {98.5%}
14263  ... 

Histogram: V8.SandboxedTrustedPointersCount recorded 15 samples, mean = 1263.7 (flags = 0x41)
0     ... 
459   --O                                                                       (2 = 13.3%) {0.0%}
534   -----O                                                                    (5 = 33.3%) {13.3%}
621   --O                                                                       (2 = 13.3%) {46.7%}
722   ---O                                                                      (3 = 20.0%) {60.0%}
840   ... 
3267  -O                                                                        (1 = 6.7%) {80.0%}
3799  --O                                                                       (2 = 13.3%) {86.7%}
4418  ... 

Histogram: V8.SnapshotDeserializeContextMicroSeconds recorded 13 samples, mean = 325.9 (flags = 0x41)
0    ... 
113  -O                                                                        (1 = 7.7%) {0.0%}
149  --O                                                                       (2 = 15.4%) {7.7%}
196  -O                                                                        (1 = 7.7%) {23.1%}
258  ---O                                                                      (3 = 23.1%) {30.8%}
340  ----O                                                                     (4 = 30.8%) {53.8%}
448  --O                                                                       (2 = 15.4%) {84.6%}
590  ... 

Histogram: V8.TurboFan1KTicks recorded 206 samples, mean = 16.2 (flags = 0x41)
0    ----O                                                                     (4 = 1.9%)
1    ----------------------------------------------------------------------O   (70 = 34.0%) {1.9%}
2    ----------O                                                               (10 = 4.9%) {35.9%}
3    ---------------O                                                          (15 = 7.3%) {40.8%}
4    -----O                                                                    (5 = 2.4%) {48.1%}
5    -----O                                                                    (5 = 2.4%) {50.5%}
6    --------O                                                                 (8 = 3.9%) {52.9%}
7    ------O                                                                   (6 = 2.9%) {56.8%}
8    -----O                                                                    (5 = 2.4%) {59.7%}
9    ---O                                                                      (3 = 1.5%) {62.1%}
10   ---O                                                                      (3 = 1.5%) {63.6%}
11   --O                                                                       (2 = 1.0%) {65.0%}
12   ---O                                                                      (3 = 1.5%) {66.0%}
13   ------O                                                                   (6 = 2.9%) {67.5%}
14   --O                                                                       (2 = 1.0%) {70.4%}
15   ----------O                                                               (10 = 4.9%) {71.4%}
16   ---O                                                                      (3 = 1.5%) {76.2%}
17   -O                                                                        (1 = 0.5%) {77.7%}
18   ---O                                                                      (3 = 1.5%) {78.2%}
19   -O                                                                        (1 = 0.5%) {79.6%}
20   ---O                                                                      (3 = 1.5%) {80.1%}
21   --O                                                                       (2 = 1.0%) {81.6%}
22   -O                                                                        (1 = 0.5%) {82.5%}
23   ... 
27   -O                                                                        (1 = 0.5%) {83.0%}
28   ---O                                                                      (3 = 1.5%) {83.5%}
29   -O                                                                        (1 = 0.5%) {85.0%}
30   O                                                                         (0 = 0.0%) {85.4%}
31   ---O                                                                      (3 = 1.5%) {85.4%}
33   ---O                                                                      (3 = 1.5%) {86.9%}
35   ---O                                                                      (3 = 1.5%) {88.3%}
37   -O                                                                        (1 = 0.5%) {89.8%}
39   --O                                                                       (2 = 1.0%) {90.3%}
41   -O                                                                        (1 = 0.5%) {91.3%}
43   O                                                                         (0 = 0.0%) {91.7%}
45   -O                                                                        (1 = 0.5%) {91.7%}
47   -O                                                                        (1 = 0.5%) {92.2%}
49   ... 
54   -O                                                                        (1 = 0.5%) {92.7%}
57   -O                                                                        (1 = 0.5%) {93.2%}
60   O                                                                         (0 = 0.0%) {93.7%}
63   -O                                                                        (1 = 0.5%) {93.7%}
66   -O                                                                        (1 = 0.5%) {94.2%}
69   -O                                                                        (1 = 0.5%) {94.7%}
72   --O                                                                       (2 = 1.0%) {95.1%}
76   ... 
92   -O                                                                        (1 = 0.5%) {96.1%}
97   O                                                                         (0 = 0.0%) {96.6%}
102  -O                                                                        (1 = 0.5%) {96.6%}
107  ... 
142  --O                                                                       (2 = 1.0%) {97.1%}
149  ... 
172  --O                                                                       (2 = 1.0%) {98.1%}
180  -O                                                                        (1 = 0.5%) {99.0%}
189  O                                                                         (0 = 0.0%) {99.5%}
198  -O                                                                        (1 = 0.5%) {99.5%}
208  ... 

Histogram: V8.TurboFanOptimizeConcurrentTotalTime recorded 199 samples, mean = 23129.8 (flags = 0x41)
0       ... 
146     -----O                                                                    (5 = 2.5%) {0.0%}
203     -------------O                                                            (13 = 6.5%) {2.5%}
282     ---------------------------O                                              (27 = 13.6%) {9.0%}
391     -------------------------------O                                          (31 = 15.6%) {22.6%}
542     -----------------O                                                        (17 = 8.5%) {38.2%}
752     --------------O                                                           (14 = 7.0%) {46.7%}
1043    -------------O                                                            (13 = 6.5%) {53.8%}
1447    ---------O                                                                (9 = 4.5%) {60.3%}
2008    -------------------------------O                                          (31 = 15.6%) {64.8%}
2786    -------O                                                                  (7 = 3.5%) {80.4%}
3865    -------O                                                                  (7 = 3.5%) {83.9%}
5362    --O                                                                       (2 = 1.0%) {87.4%}
7439    -O                                                                        (1 = 0.5%) {88.4%}
10321   -O                                                                        (1 = 0.5%) {88.9%}
14319   --O                                                                       (2 = 1.0%) {89.4%}
19866   ---O                                                                      (3 = 1.5%) {90.5%}
27562   ... 
53055   -O                                                                        (1 = 0.5%) {92.0%}
73609   ---O                                                                      (3 = 1.5%) {92.5%}
102126  ----O                                                                     (4 = 2.0%) {94.0%}
141691  O                                                                         (0 = 0.0%) {96.0%}
196583  --O                                                                       (2 = 1.0%) {96.0%}
272741  -O                                                                        (1 = 0.5%) {97.0%}
378403  ---O                                                                      (3 = 1.5%) {97.5%}
525000  --O                                                                       (2 = 1.0%) {99.0%}
728390  ... 

Histogram: V8.TurboFanOptimizeExecute recorded 199 samples, mean = 1293.4 (flags = 0x41)
0      ... 
113    -O                                                                        (1 = 0.5%) {0.0%}
149    -----------------O                                                        (17 = 8.5%) {0.5%}
196    --------------------------O                                               (26 = 13.1%) {9.0%}
258    -------------------------O                                                (25 = 12.6%) {22.1%}
340    ------------------------------O                                           (30 = 15.1%) {34.7%}
448    ------------------O                                                       (18 = 9.0%) {49.7%}
590    -----------O                                                              (11 = 5.5%) {58.8%}
777    ---------------O                                                          (15 = 7.5%) {64.3%}
1023   -------------O                                                            (13 = 6.5%) {71.9%}
1347   -----O                                                                    (5 = 2.5%) {78.4%}
1774   -------------------O                                                      (19 = 9.5%) {80.9%}
2336   ------O                                                                   (6 = 3.0%) {90.5%}
3077   --O                                                                       (2 = 1.0%) {93.5%}
4053   ----O                                                                     (4 = 2.0%) {94.5%}
5338   -O                                                                        (1 = 0.5%) {96.5%}
7031   -O                                                                        (1 = 0.5%) {97.0%}
9260   O                                                                         (0 = 0.0%) {97.5%}
12196  ---O                                                                      (3 = 1.5%) {97.5%}
16063  -O                                                                        (1 = 0.5%) {99.0%}
21156  -O                                                                        (1 = 0.5%) {99.5%}
27864  ... 

Histogram: V8.TurboFanOptimizeFinalize recorded 199 samples, mean = 13.9 (flags = 0x41)
0   O                                                                         (0 = 0.0%)
1   ----O                                                                     (4 = 2.0%) {0.0%}
2   -----------------------O                                                  (23 = 11.6%) {2.0%}
3   ------O                                                                   (6 = 3.0%) {13.6%}
4   -----------O                                                              (11 = 5.5%) {16.6%}
5   ------------------------------O                                           (30 = 15.1%) {22.1%}
7   ------------------------O                                                 (24 = 12.1%) {37.2%}
9   ---------------------O                                                    (21 = 10.6%) {49.2%}
12  --------------------O                                                     (20 = 10.1%) {59.8%}
16  -------------------O                                                      (19 = 9.5%) {69.8%}
21  -----------------------O                                                  (23 = 11.6%) {79.4%}
28  ---------O                                                                (9 = 4.5%) {91.0%}
37  ---O                                                                      (3 = 1.5%) {95.5%}
49  O                                                                         (0 = 0.0%) {97.0%}
65  ---O                                                                      (3 = 1.5%) {97.0%}
86  ---O                                                                      (3 = 1.5%) {98.5%}
113 ... 

Histogram: V8.TurboFanOptimizeForOnStackReplacementExecute recorded 7 samples, mean = 5903.3 (flags = 0x41)
0     ... 
340   -O                                                                        (1 = 14.3%) {0.0%}
448   ... 
1023  -O                                                                        (1 = 14.3%) {14.3%}
1347  ... 
4053  --O                                                                       (2 = 28.6%) {28.6%}
5338  O                                                                         (0 = 0.0%) {57.1%}
7031  -O                                                                        (1 = 14.3%) {57.1%}
9260  --O                                                                       (2 = 28.6%) {71.4%}
12196 ... 

Histogram: V8.TurboFanOptimizeForOnStackReplacementFinalize recorded 7 samples, mean = 45.4 (flags = 0x41)
0   ... 
4   -O                                                                        (1 = 14.3%) {0.0%}
5   ... 
16  -O                                                                        (1 = 14.3%) {14.3%}
21  O                                                                         (0 = 0.0%) {28.6%}
28  -O                                                                        (1 = 14.3%) {28.6%}
37  --O                                                                       (2 = 28.6%) {42.9%}
49  -O                                                                        (1 = 14.3%) {71.4%}
65  O                                                                         (0 = 0.0%) {85.7%}
86  -O                                                                        (1 = 14.3%) {85.7%}
113 ... 

Histogram: V8.TurboFanOptimizeForOnStackReplacementPrepare recorded 7 samples, mean = 4.6 (flags = 0x41)
0  ... 
2  -O                                                                        (1 = 14.3%) {0.0%}
3  O                                                                         (0 = 0.0%) {14.3%}
4  --O                                                                       (2 = 28.6%) {14.3%}
5  ---O                                                                      (3 = 42.9%) {42.9%}
7  -O                                                                        (1 = 14.3%) {85.7%}
9  ... 

Histogram: V8.TurboFanOptimizeForOnStackReplacementTotalTime recorded 7 samples, mean = 107538.6 (flags = 0x41)
0       ... 
391     -O                                                                        (1 = 14.3%) {0.0%}
542     ... 
1043    -O                                                                        (1 = 14.3%) {14.3%}
1447    ... 
3865    -O                                                                        (1 = 14.3%) {28.6%}
5362    ... 
10321   --O                                                                       (2 = 28.6%) {42.9%}
14319   ... 
196583  -O                                                                        (1 = 14.3%) {71.4%}
272741  O                                                                         (0 = 0.0%) {85.7%}
378403  -O                                                                        (1 = 14.3%) {85.7%}
525000  ... 

Histogram: V8.TurboFanOptimizePrepare recorded 199 samples, mean = 5.4 (flags = 0x41)
0   O                                                                         (0 = 0.0%)
1   --------O                                                                 (8 = 4.0%) {0.0%}
2   -------------------------------O                                          (31 = 15.6%) {4.0%}
3   --------------------------------------------O                             (44 = 22.1%) {19.6%}
4   -------------------------------------------------O                        (49 = 24.6%) {41.7%}
5   ------------O                                                             (12 = 6.0%) {66.3%}
7   ---------------O                                                          (15 = 7.5%) {72.4%}
9   -------------------------O                                                (25 = 12.6%) {79.9%}
12  -----------O                                                              (11 = 5.5%) {92.5%}
16  --O                                                                       (2 = 1.0%) {98.0%}
21  O                                                                         (0 = 0.0%) {99.0%}
28  --O                                                                       (2 = 1.0%) {99.0%}
37  ... 

Histogram: V8.TurboFanOptimizeTotalBackground recorded 199 samples, mean = 1293.4 (flags = 0x41)
0      ... 
105    -O                                                                        (1 = 0.5%) {0.0%}
146    --------------------O                                                     (20 = 10.1%) {0.5%}
203    ------------------------------O                                           (30 = 15.1%) {10.6%}
282    -------------------------------------O                                    (37 = 18.6%) {25.6%}
391    -----------------------O                                                  (23 = 11.6%) {44.2%}
542    ----------------O                                                         (16 = 8.0%) {55.8%}
752    ----------------O                                                         (16 = 8.0%) {63.8%}
1043   ---------------O                                                          (15 = 7.5%) {71.9%}
1447   -----------O                                                              (11 = 5.5%) {79.4%}
2008   ----------------O                                                         (16 = 8.0%) {84.9%}
2786   ---O                                                                      (3 = 1.5%) {93.0%}
3865   ----O                                                                     (4 = 2.0%) {94.5%}
5362   --O                                                                       (2 = 1.0%) {96.5%}
7439   O                                                                         (0 = 0.0%) {97.5%}
10321  --O                                                                       (2 = 1.0%) {97.5%}
14319  --O                                                                       (2 = 1.0%) {98.5%}
19866  -O                                                                        (1 = 0.5%) {99.5%}
27562  ... 

Histogram: V8.TurboFanOptimizeTotalForeground recorded 199 samples, mean = 19.3 (flags = 0x41)
0    ... 
3    ------O                                                                   (6 = 3.0%) {0.0%}
4    --------------O                                                           (14 = 7.0%) {3.0%}
6    -----------------O                                                        (17 = 8.5%) {10.1%}
8    ---------------------------------O                                        (33 = 16.6%) {18.6%}
11   ----------------------------O                                             (28 = 14.1%) {35.2%}
15   -------------------------------------O                                    (37 = 18.6%) {49.2%}
21   ---------------------------O                                              (27 = 13.6%) {67.8%}
29   ----------------------O                                                   (22 = 11.1%) {81.4%}
40   ---------O                                                                (9 = 4.5%) {92.5%}
55   -O                                                                        (1 = 0.5%) {97.0%}
76   ---O                                                                      (3 = 1.5%) {97.5%}
105  --O                                                                       (2 = 1.0%) {99.0%}
146  ... 

Histogram: V8.TurboFanOptimizeTotalTime recorded 199 samples, mean = 23129.8 (flags = 0x41)
0       ... 
146     -----O                                                                    (5 = 2.5%) {0.0%}
203     -------------O                                                            (13 = 6.5%) {2.5%}
282     ---------------------------O                                              (27 = 13.6%) {9.0%}
391     -------------------------------O                                          (31 = 15.6%) {22.6%}
542     -----------------O                                                        (17 = 8.5%) {38.2%}
752     --------------O                                                           (14 = 7.0%) {46.7%}
1043    -------------O                                                            (13 = 6.5%) {53.8%}
1447    ---------O                                                                (9 = 4.5%) {60.3%}
2008    -------------------------------O                                          (31 = 15.6%) {64.8%}
2786    -------O                                                                  (7 = 3.5%) {80.4%}
3865    -------O                                                                  (7 = 3.5%) {83.9%}
5362    --O                                                                       (2 = 1.0%) {87.4%}
7439    -O                                                                        (1 = 0.5%) {88.4%}
10321   -O                                                                        (1 = 0.5%) {88.9%}
14319   --O                                                                       (2 = 1.0%) {89.4%}
19866   ---O                                                                      (3 = 1.5%) {90.5%}
27562   ... 
53055   -O                                                                        (1 = 0.5%) {92.0%}
73609   ---O                                                                      (3 = 1.5%) {92.5%}
102126  ----O                                                                     (4 = 2.0%) {94.0%}
141691  O                                                                         (0 = 0.0%) {96.0%}
196583  --O                                                                       (2 = 1.0%) {96.0%}
272741  -O                                                                        (1 = 0.5%) {97.0%}
378403  ---O                                                                      (3 = 1.5%) {97.5%}
525000  --O                                                                       (2 = 1.0%) {99.0%}
728390  ... 

Histogram: Variations.ExtendedSafeMode.BeaconFileStateAtStartup recorded 1 samples, mean = 0.0 (flags = 0x41)
0  -O                                                                        (1 = 100.0%)
1  ... 

Histogram: Variations.ExtendedSafeMode.BeaconFileWrite recorded 2 samples, mean = 1.0 (flags = 0x41)
0  O                                                                         (0 = 0.0%)
1  --O                                                                       (2 = 100.0%) {0.0%}
2  O                                                                         (0 = 0.0%) {100.0%}

Histogram: Variations.ForcedFieldTrialsAtStartupForInternalsPage recorded 1 samples, mean = 0.0 (flags = 0x41)
0  -O                                                                        (1 = 100.0%)
1  ... 

Histogram: Variations.Headers.ExperimentCount recorded 92 samples, mean = 1.0 (flags = 0x41)
0  O                                                                         (0 = 0.0%)
1  ------------------------------------------------------------------------O (92 = 100.0%) {0.0%}
2  ... 

Histogram: Variations.Headers.HasLowEntropySourceValue recorded 92 samples, mean = 1.0 (flags = 0x41)
0  O                                                                         (0 = 0.0%)
1  ------------------------------------------------------------------------O (92 = 100.0%) {0.0%}
2  O                                                                         (0 = 0.0%) {100.0%}

Histogram: Variations.Headers.RequestContextCategory recorded 69 samples, mean = 3.9 (flags = 0x41)
0  --O                                                                       (2 = 2.9%)
1  ... 
4  -------------------------------------------------------------------O      (67 = 97.1%) {2.9%}
5  ... 

Histogram: Variations.Headers.URLValidationResult.Append recorded 69 samples, mean = 2.1 (flags = 0x41)
0  ... 
2  -----------------------------------------------------------------O        (65 = 94.2%) {0.0%}
3  -O                                                                        (1 = 1.4%) {94.2%}
4  ---O                                                                      (3 = 4.3%) {95.7%}
5  ... 

Histogram: Variations.Headers.URLValidationResult.Remove recorded 4 samples, mean = 2.0 (flags = 0x41)
0  ... 
2  ----O                                                                     (4 = 100.0%) {0.0%}
3  ... 

Histogram: Variations.Limits.VariationKeySize.Default recorded 23 samples, mean = 0.0 (flags = 0x41)
0  -----------------------O                                                  (23 = 100.0%)
1  ... 

Histogram: Variations.LoadPermanentConsistencyCountryResult recorded 1 samples, mean = 0.0 (flags = 0x41)
0  -O                                                                        (1 = 100.0%)
1  ... 

Histogram: Variations.PolicyRestriction recorded 1 samples, mean = 0.0 (flags = 0x41)
0  -O                                                                        (1 = 100.0%)
1  ... 

Histogram: Variations.SafeMode.Streak.Crashes recorded 1 samples (flags = 0x41)
0  -O                                                                        (1 = 100.0%)

Histogram: Variations.SafeMode.Streak.FetchFailures recorded 1 samples (flags = 0x41)
0  -O                                                                        (1 = 100.0%)

Histogram: Variations.SeedLoadResult recorded 1 samples, mean = 1.0 (flags = 0x41)
0  O                                                                         (0 = 0.0%)
1  -O                                                                        (1 = 100.0%) {0.0%}
2  ... 

Histogram: Variations.SeedUsage recorded 1 samples, mean = 2.0 (flags = 0x41)
0  ... 
2  -O                                                                        (1 = 100.0%) {0.0%}
3  ... 

Histogram: Variations.UserChannel recorded 1 samples (flags = 0x41)
-1 -O                                                                        (1 = 100.0%)

Histogram: Views.Browser.NumColorProvidersInitializedDuringOnNativeThemeUpdated recorded 5 samples, mean = 0.0 (flags = 0x41)
0  -----O                                                                    (5 = 100.0%)
1  ... 

Histogram: Views.Browser.TimeSpentInitializingColorProvider recorded 3 samples, mean = 0.7 (flags = 0x41)
0  --O                                                                       (2 = 66.7%)
1  O                                                                         (0 = 0.0%) {66.7%}
2  -O                                                                        (1 = 33.3%) {66.7%}
3  ... 

Histogram: Views.Browser.TimeSpentProcessingOnNativeThemeUpdatedEvent recorded 5 samples, mean = 0.0 (flags = 0x41)
0  -----O                                                                    (5 = 100.0%)
1  ... 

Histogram: Views.ColorProviderCacheSize recorded 3 samples, mean = 2.0 (flags = 0x41)
0  O                                                                         (0 = 0.0%)
1  -O                                                                        (1 = 33.3%) {0.0%}
2  -O                                                                        (1 = 33.3%) {33.3%}
3  -O                                                                        (1 = 33.3%) {66.7%}
4  ... 

Histogram: Viz.FrameSink.GpuBusyDuration recorded 1 samples, mean = 36299.0 (flags = 0x41)
0      ... 
33729  -O                                                                        (1 = 100.0%) {0.0%}
39071  ... 

Histogram: Viz.FrameSinkVideoCapturer.CaptureDuration recorded 3 samples, mean = 18.7 (flags = 0x41)
0   ... 
3   -O                                                                        (1 = 33.3%) {0.0%}
4   -O                                                                        (1 = 33.3%) {33.3%}
5   ... 
47  -O                                                                        (1 = 33.3%) {66.7%}
53  ... 

Histogram: Viz.FrameSinkVideoCapturer.CaptureSucceeded recorded 3 samples, mean = 1.0 (flags = 0x41)
0  O                                                                         (0 = 0.0%)
1  ---O                                                                      (3 = 100.0%) {0.0%}
2  O                                                                         (0 = 0.0%) {100.0%}

Histogram: Viz.FrameSinkVideoCapturer.FrameResurrected recorded 3 samples, mean = 0.0 (flags = 0x41)
0  ---O                                                                      (3 = 100.0%)
1  ... 

Histogram: Viz.FrameSinkVideoCapturer.RGBA.CaptureDuration recorded 3 samples, mean = 18.7 (flags = 0x41)
0   ... 
3   -O                                                                        (1 = 33.3%) {0.0%}
4   -O                                                                        (1 = 33.3%) {33.3%}
5   ... 
47  -O                                                                        (1 = 33.3%) {66.7%}
53  ... 

Histogram: Viz.FrameSinkVideoCapturer.RGBA.CaptureSucceeded recorded 3 samples, mean = 1.0 (flags = 0x41)
0  O                                                                         (0 = 0.0%)
1  ---O                                                                      (3 = 100.0%) {0.0%}
2  O                                                                         (0 = 0.0%) {100.0%}

Histogram: Viz.FrameSinkVideoCapturer.ReserveFrameDuration recorded 3 samples, mean = 10.0 (flags = 0x41)
0   --O                                                                       (2 = 66.7%)
1   ... 
30  -O                                                                        (1 = 33.3%) {66.7%}
33  ... 

Histogram: Viz.FrameSinkVideoCapturer.TotalDuration recorded 3 samples, mean = 18.7 (flags = 0x41)
0   ... 
3   -O                                                                        (1 = 33.3%) {0.0%}
4   -O                                                                        (1 = 33.3%) {33.3%}
5   ... 
47  -O                                                                        (1 = 33.3%) {66.7%}
53  ... 

Histogram: WebAuthentication.Windows.KeyCredentialManagerSupported recorded 1 samples, mean = 0.0 (flags = 0x41)
0  -O                                                                        (1 = 100.0%)
1  ... 

Histogram: WebContentsObserver.DOMContentLoaded recorded 7 samples, mean = 0.0 (flags = 0x41)
0  -------O                                                                  (7 = 100.0%)
1  ... 

Histogram: WebContentsObserver.DidChangeVisibleSecurityState recorded 5 samples, mean = 0.0 (flags = 0x41)
0  -----O                                                                    (5 = 100.0%)
1  ... 

Histogram: WebContentsObserver.DidFinishLoad recorded 7 samples, mean = 0.0 (flags = 0x41)
0  -------O                                                                  (7 = 100.0%)
1  ... 

Histogram: WebContentsObserver.DidFinishNavigation recorded 11 samples, mean = 0.7 (flags = 0x41)
0  ---------O                                                                (9 = 81.8%)
1  O                                                                         (0 = 0.0%) {81.8%}
2  -O                                                                        (1 = 9.1%) {81.8%}
3  ... 
6  -O                                                                        (1 = 9.1%) {90.9%}
7  ... 

Histogram: WebContentsObserver.DidFirstVisuallyNonEmptyPaint recorded 2 samples, mean = 0.0 (flags = 0x41)
0  --O                                                                       (2 = 100.0%)
1  ... 

Histogram: WebContentsObserver.DidRedirectNavigation recorded 1 samples, mean = 0.0 (flags = 0x41)
0  -O                                                                        (1 = 100.0%)
1  ... 

Histogram: WebContentsObserver.DidStartLoading recorded 4 samples, mean = 0.0 (flags = 0x41)
0  ----O                                                                     (4 = 100.0%)
1  ... 

Histogram: WebContentsObserver.DidStartNavigation recorded 11 samples, mean = 0.2 (flags = 0x41)
0  ----------O                                                               (10 = 90.9%)
1  O                                                                         (0 = 0.0%) {90.9%}
2  -O                                                                        (1 = 9.1%) {90.9%}
3  ... 

Histogram: WebContentsObserver.DidStartNavigation.MainFrame recorded 6 samples, mean = 0.3 (flags = 0x41)
0  -----O                                                                    (5 = 83.3%)
1  O                                                                         (0 = 0.0%) {83.3%}
2  -O                                                                        (1 = 16.7%) {83.3%}
3  ... 

Histogram: WebContentsObserver.DidStartNavigation.Subframe recorded 5 samples, mean = 0.0 (flags = 0x41)
0  -----O                                                                    (5 = 100.0%)
1  ... 

Histogram: WebContentsObserver.DidStopLoading recorded 4 samples, mean = 0.0 (flags = 0x41)
0  ----O                                                                     (4 = 100.0%)
1  ... 

Histogram: WebContentsObserver.DidUpdateNavigationHandleTiming recorded 11 samples, mean = 0.0 (flags = 0x41)
0  -----------O                                                              (11 = 100.0%)
1  ... 

Histogram: WebContentsObserver.LoadProgressChanged recorded 14 samples, mean = 0.0 (flags = 0x41)
0  --------------O                                                           (14 = 100.0%)
1  ... 

Histogram: WebContentsObserver.NavigationEntryChanged recorded 8 samples, mean = 0.0 (flags = 0x41)
0  --------O                                                                 (8 = 100.0%)
1  ... 

Histogram: WebContentsObserver.NavigationEntryCommitted recorded 5 samples, mean = 0.0 (flags = 0x41)
0  -----O                                                                    (5 = 100.0%)
1  ... 

Histogram: WebContentsObserver.PrimaryMainDocumentElementAvailable recorded 2 samples, mean = 0.0 (flags = 0x41)
0  --O                                                                       (2 = 100.0%)
1  ... 

Histogram: WebContentsObserver.RenderFrameCreated recorded 10 samples, mean = 0.3 (flags = 0x41)
0  --------O                                                                 (8 = 80.0%)
1  -O                                                                        (1 = 10.0%) {80.0%}
2  -O                                                                        (1 = 10.0%) {90.0%}
3  ... 

Histogram: WebContentsObserver.RenderFrameDeleted recorded 10 samples, mean = 0.2 (flags = 0x41)
0  --------O                                                                 (8 = 80.0%)
1  --O                                                                       (2 = 20.0%) {80.0%}
2  ... 

Histogram: WebContentsObserver.RenderViewReady recorded 3 samples, mean = 0.0 (flags = 0x41)
0  ---O                                                                      (3 = 100.0%)
1  ... 

Histogram: WebContentsObserver.TitleWasSet recorded 2 samples, mean = 0.0 (flags = 0x41)
0  --O                                                                       (2 = 100.0%)
1  ... 

Histogram: WebCore.Scripts.Async.StartedStreaming recorded 28 samples, mean = 1.0 (flags = 0x41)
0  O                                                                         (0 = 0.0%)
1  ----------------------------O                                             (28 = 100.0%) {0.0%}
2  O                                                                         (0 = 0.0%) {100.0%}

Histogram: WebCore.Scripts.Other.NotStreamingReason recorded 20 samples, mean = 11.0 (flags = 0x41)
0   ... 
11  --------------------O                                                     (20 = 100.0%) {0.0%}
12  ... 

Histogram: WebCore.Scripts.Other.StartedStreaming recorded 20 samples, mean = 0.0 (flags = 0x41)
0  --------------------O                                                     (20 = 100.0%)
1  ... 

Histogram: WebCore.Scripts.V8CodeCacheMetadata.Get recorded 53 samples, mean = 0.0 (flags = 0x41)
0  -----------------------------------------------------O                    (53 = 100.0%)
1  ... 

Histogram: WebCore.Scripts.V8CodeCacheMetadata.Set recorded 25 samples, mean = 0.0 (flags = 0x41)
0  -------------------------O                                                (25 = 100.0%)
1  ... 

Histogram: WebCore.Scripts.V8CompileHintsStatus recorded 53 samples, mean = 10.5 (flags = 0x41)
0   ... 
10  ----------------------------O                                             (28 = 52.8%) {0.0%}
11  -------------------------O                                                (25 = 47.2%) {52.8%}
12  ... 

Histogram: WebCore.Scripts.V8CrowdsourcedCompileHints.ModelQuality recorded 2 samples, mean = 0.0 (flags = 0x41)
0  --O                                                                       (2 = 100.0%)
1  ... 

Histogram: WebDatabase.InitResult recorded 2 samples, mean = 0.0 (flags = 0x41)
0  --O                                                                       (2 = 100.0%)
1  ... 

Histogram: WebFont.CacheHit recorded 5 samples, mean = 0.6 (flags = 0x41)
0  ----O                                                                     (4 = 80.0%)
1  ... 
3  -O                                                                        (1 = 20.0%) {80.0%}
4  O                                                                         (0 = 0.0%) {100.0%}

Histogram: WebFont.Clients.RenderBlockingFonts.ExpiredFonts recorded 1 samples, mean = 0.0 (flags = 0x41)
0  -O                                                                        (1 = 100.0%)
1  ... 

Histogram: WebFont.HadBlankText recorded 1 samples, mean = 0.0 (flags = 0x41)
0  -O                                                                        (1 = 100.0%)
1  ... 

Histogram: WebFont.LocalFontUsed recorded 1 samples, mean = 1.0 (flags = 0x41)
0  O                                                                         (0 = 0.0%)
1  -O                                                                        (1 = 100.0%) {0.0%}
2  O                                                                         (0 = 0.0%) {100.0%}

Histogram: WebRTC.Call.LifetimeInSeconds recorded 2 samples, mean = 6.0 (flags = 0x41)
0  ... 
6  --O                                                                       (2 = 100.0%) {0.0%}
8  ... 

Histogram: WebRTC.Call.NumberOfPauseEvents recorded 2 samples, mean = 0.0 (flags = 0x41)
0  --O                                                                       (2 = 100.0%)
1  ... 

Histogram: WebRTC.DataChannelAggregateType recorded 2 samples, mean = 3.0 (flags = 0x41)
0  ... 
3  --O                                                                       (2 = 100.0%) {0.0%}
4  O                                                                         (0 = 0.0%) {100.0%}

Histogram: WebRTC.DataChannelCounters recorded 6 samples, mean = 1.7 (flags = 0x41)
0  --O                                                                       (2 = 33.3%)
1  O                                                                         (0 = 0.0%) {33.3%}
2  --O                                                                       (2 = 33.3%) {33.3%}
3  --O                                                                       (2 = 33.3%) {66.7%}
4  ... 

Histogram: WebRTC.P2P.UDP.BatchingNumberOfReceivedPackets recorded 12 samples, mean = 1.1 (flags = 0x41)
0  O                                                                         (0 = 0.0%)
1  -----------O                                                              (11 = 91.7%) {0.0%}
2  -O                                                                        (1 = 8.3%) {91.7%}
3  ... 

Histogram: WebRTC.P2P.UDP.BatchingNumberOfSentPackets recorded 18 samples, mean = 1.0 (flags = 0x41)
0  O                                                                         (0 = 0.0%)
1  ------------------O                                                       (18 = 100.0%) {0.0%}
2  ... 

Histogram: WebRTC.PeerConnection.Duration.Signaling recorded 4 samples, mean = 602.8 (flags = 0x41)
0     ... 
2     -O                                                                        (1 = 25.0%) {0.0%}
3     -O                                                                        (1 = 25.0%) {25.0%}
4     ... 
542   -O                                                                        (1 = 25.0%) {50.0%}
752   ... 
1447  -O                                                                        (1 = 25.0%) {75.0%}
2008  ... 

Histogram: WebRTC.PeerConnection.Duration.Worker recorded 6 samples, mean = 3.2 (flags = 0x41)
0  -O                                                                        (1 = 16.7%)
1  ---O                                                                      (3 = 50.0%) {16.7%}
2  ... 
6  -O                                                                        (1 = 16.7%) {66.7%}
8  -O                                                                        (1 = 16.7%) {83.3%}
11 ... 

Histogram: WebRTC.PeerConnection.IPMetrics recorded 2 samples, mean = 1.0 (flags = 0x41)
0  O                                                                         (0 = 0.0%)
1  --O                                                                       (2 = 100.0%) {0.0%}
2  ... 

Histogram: WebRTC.PeerConnection.IPv4Interfaces recorded 2 samples, mean = 1.0 (flags = 0x41)
0  O                                                                         (0 = 0.0%)
1  --O                                                                       (2 = 100.0%) {0.0%}
2  ... 

Histogram: WebRTC.PeerConnection.IPv6Interfaces recorded 2 samples, mean = 2.0 (flags = 0x41)
0  ... 
2  --O                                                                       (2 = 100.0%) {0.0%}
3  ... 

Histogram: WebRTC.PeerConnection.Latency.Signaling recorded 31 samples, mean = 11.9 (flags = 0x41)
0   ... 
4   --O                                                                       (2 = 6.5%) {0.0%}
6   ----------O                                                               (10 = 32.3%) {6.5%}
8   -----------O                                                              (11 = 35.5%) {38.7%}
11  -----O                                                                    (5 = 16.1%) {74.2%}
15  O                                                                         (0 = 0.0%) {90.3%}
21  -O                                                                        (1 = 3.2%) {90.3%}
29  -O                                                                        (1 = 3.2%) {93.5%}
40  ... 
76  -O                                                                        (1 = 3.2%) {96.8%}
105 ... 

Histogram: WebRTC.PeerConnection.Latency.Worker recorded 31 samples, mean = 15.5 (flags = 0x41)
0    ... 
4    -O                                                                        (1 = 3.2%) {0.0%}
6    --------O                                                                 (8 = 25.8%) {3.2%}
8    ----------O                                                               (10 = 32.3%) {29.0%}
11   ---------O                                                                (9 = 29.0%) {61.3%}
15   -O                                                                        (1 = 3.2%) {90.3%}
21   -O                                                                        (1 = 3.2%) {93.5%}
29   ... 
146  -O                                                                        (1 = 3.2%) {96.8%}
203  ... 

Histogram: WebRTC.PeerConnection.UsagePattern recorded 2 samples (flags = 0x41)
42174  --O                                                                       (2 = 100.0%)

Histogram: WebRTC.PeerConnection.ValidBundledPayloadTypes recorded 2 samples, mean = 1.0 (flags = 0x41)
0  O                                                                         (0 = 0.0%)
1  --O                                                                       (2 = 100.0%) {0.0%}
2  O                                                                         (0 = 0.0%) {100.0%}

Histogram: WebRTC.webkitApiCount recorded 2 samples, mean = 3.0 (flags = 0x41)
0  ... 
3  --O                                                                       (2 = 100.0%) {0.0%}
4  ... 

Histogram: WebRTC.webkitApiCountPerSession recorded 2 samples, mean = 3.0 (flags = 0x41)
0  ... 
3  --O                                                                       (2 = 100.0%) {0.0%}
4  ... 

Histogram: Windows.AcLayersLoaded recorded 1 samples, mean = 0.0 (flags = 0x41)
0  -O                                                                        (1 = 100.0%)
1  ... 

Histogram: Windows.CetAvailable recorded 1 samples, mean = 1.0 (flags = 0x41)
0  O                                                                         (0 = 0.0%)
1  -O                                                                        (1 = 100.0%) {0.0%}
2  O                                                                         (0 = 0.0%) {100.0%}

Histogram: Windows.CetEnabled recorded 1 samples, mean = 0.0 (flags = 0x41)
0  -O                                                                        (1 = 100.0%)
1  ... 

Histogram: Windows.DisplayIdFromDeviceId recorded 66 samples, mean = 3.0 (flags = 0x41)
0  ... 
3  ------------------------------------------------------------------O       (66 = 100.0%) {0.0%}
4  O                                                                         (0 = 0.0%) {100.0%}

Histogram: Windows.DisplayIdFromDeviceKey recorded 66 samples, mean = 3.0 (flags = 0x41)
0  ... 
3  ------------------------------------------------------------------O       (66 = 100.0%) {0.0%}
4  O                                                                         (0 = 0.0%) {100.0%}

Histogram: Windows.Enclave.SGX.Available recorded 1 samples, mean = 0.0 (flags = 0x41)
0  -O                                                                        (1 = 100.0%)
1  ... 

Histogram: Windows.Enclave.SGX2.Available recorded 1 samples, mean = 0.0 (flags = 0x41)
0  -O                                                                        (1 = 100.0%)
1  ... 

Histogram: Windows.Enclave.VBS.Available recorded 1 samples, mean = 1.0 (flags = 0x41)
0  O                                                                         (0 = 0.0%)
1  -O                                                                        (1 = 100.0%) {0.0%}
2  O                                                                         (0 = 0.0%) {100.0%}

Histogram: Windows.Enclave.VBSBasic.Available recorded 1 samples, mean = 0.0 (flags = 0x41)
0  -O                                                                        (1 = 100.0%)
1  ... 

Histogram: Windows.HasHighResolutionTimeTicks recorded 1 samples, mean = 1.0 (flags = 0x41)
0  O                                                                         (0 = 0.0%)
1  -O                                                                        (1 = 100.0%) {0.0%}
2  O                                                                         (0 = 0.0%) {100.0%}

Histogram: Windows.HasThreadTicks recorded 1 samples, mean = 1.0 (flags = 0x41)
0  O                                                                         (0 = 0.0%)
1  -O                                                                        (1 = 100.0%) {0.0%}
2  O                                                                         (0 = 0.0%) {100.0%}

Histogram: Windows.HighResolutionTimerUsage recorded 408 samples, mean = 0.0 (flags = 0x41)
0  ------------------------------------------------------------------------O (407 = 99.8%)
1  O                                                                         (1 = 0.2%) {99.8%}
2  ... 

Histogram: Windows.HypervPresent recorded 1 samples, mean = 1.0 (flags = 0x41)
0  O                                                                         (0 = 0.0%)
1  -O                                                                        (1 = 100.0%) {0.0%}
2  O                                                                         (0 = 0.0%) {100.0%}

Histogram: Windows.LegacyDisplayIdAlgorithm recorded 148 samples, mean = 0.0 (flags = 0x41)
0  ------------------------------------------------------------------------O (148 = 100.0%)
1  ... 

Histogram: Windows.ParallelDllLoadingEnabled recorded 1 samples, mean = 1.0 (flags = 0x41)
0  O                                                                         (0 = 0.0%)
1  -O                                                                        (1 = 100.0%) {0.0%}
2  O                                                                         (0 = 0.0%) {100.0%}

Histogram: Windows.PatchLevel recorded 1 samples (flags = 0x41)
1717051855  -O                                                                        (1 = 100.0%)

Histogram: Windows.PatchLevelKernel32 recorded 1 samples (flags = 0x41)
1710498121  -O                                                                        (1 = 100.0%)

Histogram: Windows.ProcessorFamily recorded 1 samples (flags = 0x41)
775  -O                                                                        (1 = 100.0%)

Histogram: Windows.ProcessorVirtualizationFirmwareEnabled recorded 1 samples, mean = 0.0 (flags = 0x41)
0  -O                                                                        (1 = 100.0%)
1  ... 

Histogram: Worker.TopLevelScript.FetchClassicScriptTime recorded 1 samples, mean = 0.0 (flags = 0x41)
0  -O                                                                        (1 = 100.0%)
1  ... 

Histogram: Worker.TopLevelScript.Initialization2GlobalScopeCreation recorded 1 samples, mean = 0.0 (flags = 0x41)
0  -O                                                                        (1 = 100.0%)
1  ... 

Histogram: Worker.TopLevelScript.LoadStartedTime recorded 3 samples, mean = 277.7 (flags = 0x41)
0    ... 
48   --O                                                                       (2 = 66.7%) {0.0%}
57   ... 
633  -O                                                                        (1 = 33.3%) {66.7%}
752  ... 

Histogram: Worker.TopLevelScript.StartToWorkerScriptFetchFinishedTime recorded 1 samples, mean = 55.0 (flags = 0x41)
0   ... 
48  -O                                                                        (1 = 100.0%) {0.0%}
57  ... 


