[34752:33892:0606/120840.002:WARNING:chrome_main_delegate.cc(745)] This is Chrome version 128.0.6613.138 (not a warning)
[34752:33892:0606/120840.416:WARNING:account_consistency_mode_manager.cc(77)] Desktop Identity Consistency cannot be enabled as no OAuth client ID and client secret have been configured.
[32824:30228:0606/120848.501:WARNING:frame_impl.cc(430)] virtual CefFrameImpl::SendProcessMessage sent to detached frame 5-619D8ABA92D4441D3DA3B28153EAC935 will be ignored
[408:33060:0606/123329.926:VERBOSE1:network_delegate.cc(36)] NetworkDelegate::NotifyBeforeURLRequest: https://optimizationguide-pa.googleapis.com/v1:GetModels?key=dummytoken
[408:33060:0606/123624.620:VERBOSE1:network_delegate.cc(36)] NetworkDelegate::NotifyBeforeURLRequest: https://optimizationguide-pa.googleapis.com/v1:GetModels?key=dummytoken
[34752:33892:0606/123824.196:VERBOSE1:device_event_log_impl.cc(198)] [12:38:24.196] Display: EVENT: screen_win.cc:893 Displays updated, count: 1
[34752:33892:0606/123824.196:VERBOSE1:device_event_log_impl.cc(198)] [12:38:24.196] Display: EVENT: screen_win.cc:895 Display[1310152881] bounds=[0,0 1707x1067], workarea=[0,0 1707x1019], scale=1.5, rotation=0, panel_rotation=0 external detected
[34752:33892:0606/123840.543:VERBOSE1:device_event_log_impl.cc(198)] [12:38:40.542] Display: EVENT: screen_win.cc:893 Displays updated, count: 1
[34752:33892:0606/123840.543:VERBOSE1:device_event_log_impl.cc(198)] [12:38:40.542] Display: EVENT: screen_win.cc:895 Display[1310152881] bounds=[0,0 1707x1067], workarea=[0,0 1707x1019], scale=1.5, rotation=0, panel_rotation=0 external detected
[408:33060:0606/123922.471:VERBOSE1:network_delegate.cc(36)] NetworkDelegate::NotifyBeforeURLRequest: https://optimizationguide-pa.googleapis.com/v1:GetModels?key=dummytoken
[34752:33892:0606/123949.938:VERBOSE1:device_event_log_impl.cc(198)] [12:39:49.938] Display: EVENT: screen_win.cc:893 Displays updated, count: 1
[34752:33892:0606/123949.938:VERBOSE1:device_event_log_impl.cc(198)] [12:39:49.938] Display: EVENT: screen_win.cc:895 Display[1310152881] bounds=[0,0 1707x1067], workarea=[0,0 1707x1019], scale=1.5, rotation=0, panel_rotation=0 external detected
[34752:33892:0606/124027.966:VERBOSE1:device_event_log_impl.cc(198)] [12:40:27.966] Display: EVENT: screen_win.cc:893 Displays updated, count: 1
[34752:33892:0606/124027.966:VERBOSE1:device_event_log_impl.cc(198)] [12:40:27.966] Display: EVENT: screen_win.cc:895 Display[1310152881] bounds=[0,0 1707x1067], workarea=[0,0 1707x1019], scale=1.5, rotation=0, panel_rotation=0 external detected
[34752:33892:0606/124034.559:VERBOSE1:device_event_log_impl.cc(198)] [12:40:34.559] Display: EVENT: screen_win.cc:893 Displays updated, count: 1
[34752:33892:0606/124034.559:VERBOSE1:device_event_log_impl.cc(198)] [12:40:34.559] Display: EVENT: screen_win.cc:895 Display[1310152881] bounds=[0,0 1707x1067], workarea=[0,0 1707x1019], scale=1.5, rotation=0, panel_rotation=0 external detected
[34752:33892:0606/124052.151:VERBOSE1:device_event_log_impl.cc(198)] [12:40:52.151] Display: EVENT: screen_win.cc:893 Displays updated, count: 1
[34752:33892:0606/124052.151:VERBOSE1:device_event_log_impl.cc(198)] [12:40:52.152] Display: EVENT: screen_win.cc:895 Display[1310152881] bounds=[0,0 1707x1067], workarea=[0,0 1707x1019], scale=1.5, rotation=0, panel_rotation=0 external detected
[408:33060:0606/124215.566:VERBOSE1:network_delegate.cc(36)] NetworkDelegate::NotifyBeforeURLRequest: https://optimizationguide-pa.googleapis.com/v1:GetModels?key=dummytoken
[408:33060:0606/124458.973:VERBOSE1:network_delegate.cc(36)] NetworkDelegate::NotifyBeforeURLRequest: https://optimizationguide-pa.googleapis.com/v1:GetModels?key=dummytoken
[34752:33892:0606/124559.416:VERBOSE1:device_event_log_impl.cc(198)] [12:45:59.416] Display: EVENT: screen_win.cc:893 Displays updated, count: 1
[34752:33892:0606/124559.416:VERBOSE1:device_event_log_impl.cc(198)] [12:45:59.416] Display: EVENT: screen_win.cc:895 Display[1310152881] bounds=[0,0 1707x1067], workarea=[0,0 1707x1019], scale=1.5, rotation=0, panel_rotation=0 external detected
[408:33060:0606/124751.925:VERBOSE1:network_delegate.cc(36)] NetworkDelegate::NotifyBeforeURLRequest: https://optimizationguide-pa.googleapis.com/v1:GetModels?key=dummytoken
[408:33060:0606/125051.021:VERBOSE1:network_delegate.cc(36)] NetworkDelegate::NotifyBeforeURLRequest: https://optimizationguide-pa.googleapis.com/v1:GetModels?key=dummytoken
[34752:33892:0606/125257.395:VERBOSE1:device_event_log_impl.cc(198)] [12:52:57.394] Display: EVENT: screen_win.cc:893 Displays updated, count: 1
[34752:33892:0606/125257.395:VERBOSE1:device_event_log_impl.cc(198)] [12:52:57.394] Display: EVENT: screen_win.cc:895 Display[1310152881] bounds=[0,0 1707x1067], workarea=[0,0 1707x1019], scale=1.5, rotation=0, panel_rotation=0 external detected
[408:33060:0606/125322.892:VERBOSE1:network_delegate.cc(36)] NetworkDelegate::NotifyBeforeURLRequest: https://optimizationguide-pa.googleapis.com/v1:GetModels?key=dummytoken
[408:33060:0606/125619.253:VERBOSE1:network_delegate.cc(36)] NetworkDelegate::NotifyBeforeURLRequest: https://optimizationguide-pa.googleapis.com/v1:GetModels?key=dummytoken
[34752:33892:0606/125829.304:VERBOSE1:device_event_log_impl.cc(198)] [12:58:29.304] Display: EVENT: screen_win.cc:893 Displays updated, count: 1
[34752:33892:0606/125829.304:VERBOSE1:device_event_log_impl.cc(198)] [12:58:29.304] Display: EVENT: screen_win.cc:895 Display[1310152881] bounds=[0,0 1707x1067], workarea=[0,0 1707x1019], scale=1.5, rotation=0, panel_rotation=0 external detected
[408:33060:0606/125902.971:VERBOSE1:network_delegate.cc(36)] NetworkDelegate::NotifyBeforeURLRequest: https://optimizationguide-pa.googleapis.com/v1:GetModels?key=dummytoken
[34752:33892:0606/125908.626:VERBOSE1:device_event_log_impl.cc(198)] [12:59:08.627] Display: EVENT: screen_win.cc:893 Displays updated, count: 1
[34752:33892:0606/125908.626:VERBOSE1:device_event_log_impl.cc(198)] [12:59:08.627] Display: EVENT: screen_win.cc:895 Display[1310152881] bounds=[0,0 1707x1067], workarea=[0,0 1707x1019], scale=1.5, rotation=0, panel_rotation=0 external detected
[408:33060:0606/130147.994:VERBOSE1:network_delegate.cc(36)] NetworkDelegate::NotifyBeforeURLRequest: https://optimizationguide-pa.googleapis.com/v1:GetModels?key=dummytoken
[408:33060:0606/130427.352:VERBOSE1:network_delegate.cc(36)] NetworkDelegate::NotifyBeforeURLRequest: https://optimizationguide-pa.googleapis.com/v1:GetModels?key=dummytoken
[408:33060:0606/130717.045:VERBOSE1:network_delegate.cc(36)] NetworkDelegate::NotifyBeforeURLRequest: https://optimizationguide-pa.googleapis.com/v1:GetModels?key=dummytoken
[408:33060:0606/131006.731:VERBOSE1:network_delegate.cc(36)] NetworkDelegate::NotifyBeforeURLRequest: https://optimizationguide-pa.googleapis.com/v1:GetModels?key=dummytoken
[408:33060:0606/131254.091:VERBOSE1:network_delegate.cc(36)] NetworkDelegate::NotifyBeforeURLRequest: https://optimizationguide-pa.googleapis.com/v1:GetModels?key=dummytoken
[408:33060:0606/131537.649:VERBOSE1:network_delegate.cc(36)] NetworkDelegate::NotifyBeforeURLRequest: https://optimizationguide-pa.googleapis.com/v1:GetModels?key=dummytoken
[408:33060:0606/131821.005:VERBOSE1:network_delegate.cc(36)] NetworkDelegate::NotifyBeforeURLRequest: https://optimizationguide-pa.googleapis.com/v1:GetModels?key=dummytoken
[408:33060:0606/132052.027:VERBOSE1:network_delegate.cc(36)] NetworkDelegate::NotifyBeforeURLRequest: https://optimizationguide-pa.googleapis.com/v1:GetModels?key=dummytoken
[408:33060:0606/132338.054:VERBOSE1:network_delegate.cc(36)] NetworkDelegate::NotifyBeforeURLRequest: https://optimizationguide-pa.googleapis.com/v1:GetModels?key=dummytoken
[408:33060:0606/132628.090:VERBOSE1:network_delegate.cc(36)] NetworkDelegate::NotifyBeforeURLRequest: https://optimizationguide-pa.googleapis.com/v1:GetModels?key=dummytoken
[408:33060:0606/132913.786:VERBOSE1:network_delegate.cc(36)] NetworkDelegate::NotifyBeforeURLRequest: https://optimizationguide-pa.googleapis.com/v1:GetModels?key=dummytoken
[34752:33892:0606/132941.095:VERBOSE1:device_event_log_impl.cc(198)] [13:29:41.095] Display: EVENT: screen_win.cc:893 Displays updated, count: 1
[34752:33892:0606/132941.095:VERBOSE1:device_event_log_impl.cc(198)] [13:29:41.095] Display: EVENT: screen_win.cc:895 Display[1310152881] bounds=[0,0 1707x1067], workarea=[0,0 1707x1019], scale=1.5, rotation=0, panel_rotation=0 external detected
[34752:33892:0606/133149.771:VERBOSE1:device_event_log_impl.cc(198)] [13:31:49.771] Display: EVENT: screen_win.cc:893 Displays updated, count: 1
[34752:33892:0606/133149.771:VERBOSE1:device_event_log_impl.cc(198)] [13:31:49.771] Display: EVENT: screen_win.cc:895 Display[1310152881] bounds=[0,0 1707x1067], workarea=[0,0 1707x1019], scale=1.5, rotation=0, panel_rotation=0 external detected
[408:33060:0606/133203.858:VERBOSE1:network_delegate.cc(36)] NetworkDelegate::NotifyBeforeURLRequest: https://optimizationguide-pa.googleapis.com/v1:GetModels?key=dummytoken
[34752:33892:0606/133220.412:VERBOSE1:device_event_log_impl.cc(198)] [13:32:20.412] Display: EVENT: screen_win.cc:893 Displays updated, count: 1
[34752:33892:0606/133220.412:VERBOSE1:device_event_log_impl.cc(198)] [13:32:20.412] Display: EVENT: screen_win.cc:895 Display[1310152881] bounds=[0,0 1707x1067], workarea=[0,0 1707x1019], scale=1.5, rotation=0, panel_rotation=0 external detected
[408:33060:0606/133441.091:VERBOSE1:network_delegate.cc(36)] NetworkDelegate::NotifyBeforeURLRequest: https://optimizationguide-pa.googleapis.com/v1:GetModels?key=dummytoken
[34752:33892:0606/133453.273:VERBOSE1:device_event_log_impl.cc(198)] [13:34:53.273] Display: EVENT: screen_win.cc:893 Displays updated, count: 1
[34752:33892:0606/133453.273:VERBOSE1:device_event_log_impl.cc(198)] [13:34:53.273] Display: EVENT: screen_win.cc:895 Display[1310152881] bounds=[0,0 1707x1067], workarea=[0,0 1707x1019], scale=1.5, rotation=0, panel_rotation=0 external detected
[34752:33892:0606/133506.961:VERBOSE1:device_event_log_impl.cc(198)] [13:35:06.961] Display: EVENT: screen_win.cc:893 Displays updated, count: 1
[34752:33892:0606/133506.961:VERBOSE1:device_event_log_impl.cc(198)] [13:35:06.961] Display: EVENT: screen_win.cc:895 Display[1310152881] bounds=[0,0 1707x1067], workarea=[0,0 1707x1019], scale=1.5, rotation=0, panel_rotation=0 external detected
[408:33060:0606/133715.404:VERBOSE1:network_delegate.cc(36)] NetworkDelegate::NotifyBeforeURLRequest: https://optimizationguide-pa.googleapis.com/v1:GetModels?key=dummytoken
[408:33060:0606/134012.578:VERBOSE1:network_delegate.cc(36)] NetworkDelegate::NotifyBeforeURLRequest: https://optimizationguide-pa.googleapis.com/v1:GetModels?key=dummytoken
[408:33060:0606/134258.271:VERBOSE1:network_delegate.cc(36)] NetworkDelegate::NotifyBeforeURLRequest: https://optimizationguide-pa.googleapis.com/v1:GetModels?key=dummytoken
[408:33060:0606/134528.958:VERBOSE1:network_delegate.cc(36)] NetworkDelegate::NotifyBeforeURLRequest: https://optimizationguide-pa.googleapis.com/v1:GetModels?key=dummytoken
[408:33060:0606/134800.317:VERBOSE1:network_delegate.cc(36)] NetworkDelegate::NotifyBeforeURLRequest: https://optimizationguide-pa.googleapis.com/v1:GetModels?key=dummytoken
[34752:33892:0606/134938.662:VERBOSE1:device_event_log_impl.cc(198)] [13:49:38.662] Display: EVENT: screen_win.cc:893 Displays updated, count: 1
[34752:33892:0606/134938.662:VERBOSE1:device_event_log_impl.cc(198)] [13:49:38.662] Display: EVENT: screen_win.cc:895 Display[1310152881] bounds=[0,0 1707x1067], workarea=[0,0 1707x1019], scale=1.5, rotation=0, panel_rotation=0 external detected
[408:33060:0606/135052.671:VERBOSE1:network_delegate.cc(36)] NetworkDelegate::NotifyBeforeURLRequest: https://optimizationguide-pa.googleapis.com/v1:GetModels?key=dummytoken
[34752:33892:0606/135207.891:VERBOSE1:device_event_log_impl.cc(198)] [13:52:07.891] Display: EVENT: screen_win.cc:893 Displays updated, count: 1
[34752:33892:0606/135207.891:VERBOSE1:device_event_log_impl.cc(198)] [13:52:07.891] Display: EVENT: screen_win.cc:895 Display[1310152881] bounds=[0,0 1707x1067], workarea=[0,0 1707x1019], scale=1.5, rotation=0, panel_rotation=0 external detected
[408:33060:0606/135352.164:VERBOSE1:network_delegate.cc(36)] NetworkDelegate::NotifyBeforeURLRequest: https://optimizationguide-pa.googleapis.com/v1:GetModels?key=dummytoken
[34752:33892:0606/135408.540:VERBOSE1:device_event_log_impl.cc(198)] [13:54:08.541] Display: EVENT: screen_win.cc:893 Displays updated, count: 1
[34752:33892:0606/135408.540:VERBOSE1:device_event_log_impl.cc(198)] [13:54:08.541] Display: EVENT: screen_win.cc:895 Display[1310152881] bounds=[0,0 1707x1067], workarea=[0,0 1707x1019], scale=1.5, rotation=0, panel_rotation=0 external detected
[408:33060:0606/135640.473:VERBOSE1:network_delegate.cc(36)] NetworkDelegate::NotifyBeforeURLRequest: https://optimizationguide-pa.googleapis.com/v1:GetModels?key=dummytoken
[34752:33892:0606/135700.784:VERBOSE1:device_event_log_impl.cc(198)] [13:57:00.784] Display: EVENT: screen_win.cc:893 Displays updated, count: 1
[34752:33892:0606/135700.784:VERBOSE1:device_event_log_impl.cc(198)] [13:57:00.784] Display: EVENT: screen_win.cc:895 Display[1310152881] bounds=[0,0 1707x1067], workarea=[0,0 1707x1019], scale=1.5, rotation=0, panel_rotation=0 external detected
[34752:33892:0606/135846.329:VERBOSE1:device_event_log_impl.cc(198)] [13:58:46.329] Display: EVENT: screen_win.cc:893 Displays updated, count: 1
[34752:33892:0606/135846.329:VERBOSE1:device_event_log_impl.cc(198)] [13:58:46.330] Display: EVENT: screen_win.cc:895 Display[1310152881] bounds=[0,0 1707x1067], workarea=[0,0 1707x1019], scale=1.5, rotation=0, panel_rotation=0 external detected
[34752:33892:0606/135857.984:VERBOSE1:device_event_log_impl.cc(198)] [13:58:57.984] Display: EVENT: screen_win.cc:893 Displays updated, count: 1
[34752:33892:0606/135857.984:VERBOSE1:device_event_log_impl.cc(198)] [13:58:57.984] Display: EVENT: screen_win.cc:895 Display[1310152881] bounds=[0,0 1707x1067], workarea=[0,0 1707x1019], scale=1.5, rotation=0, panel_rotation=0 external detected
[408:33060:0606/135934.141:VERBOSE1:network_delegate.cc(36)] NetworkDelegate::NotifyBeforeURLRequest: https://optimizationguide-pa.googleapis.com/v1:GetModels?key=dummytoken
[34752:33892:0606/140032.806:VERBOSE1:device_event_log_impl.cc(198)] [14:00:32.807] Display: EVENT: screen_win.cc:893 Displays updated, count: 1
[34752:33892:0606/140032.806:VERBOSE1:device_event_log_impl.cc(198)] [14:00:32.807] Display: EVENT: screen_win.cc:895 Display[1310152881] bounds=[0,0 1707x1067], workarea=[0,0 1707x1019], scale=1.5, rotation=0, panel_rotation=0 external detected
[34752:33892:0606/140035.366:VERBOSE1:device_event_log_impl.cc(198)] [14:00:35.366] Display: EVENT: screen_win.cc:893 Displays updated, count: 1
[34752:33892:0606/140035.366:VERBOSE1:device_event_log_impl.cc(198)] [14:00:35.366] Display: EVENT: screen_win.cc:895 Display[1310152881] bounds=[0,0 1707x1067], workarea=[0,0 1707x1019], scale=1.5, rotation=0, panel_rotation=0 external detected
[34752:33892:0606/140105.899:VERBOSE1:device_event_log_impl.cc(198)] [14:01:05.899] Display: EVENT: screen_win.cc:893 Displays updated, count: 1
[34752:33892:0606/140105.899:VERBOSE1:device_event_log_impl.cc(198)] [14:01:05.899] Display: EVENT: screen_win.cc:895 Display[1310152881] bounds=[0,0 1707x1067], workarea=[0,0 1707x1019], scale=1.5, rotation=0, panel_rotation=0 external detected
[34752:33892:0606/140111.724:VERBOSE1:device_event_log_impl.cc(198)] [14:01:11.725] Display: EVENT: screen_win.cc:893 Displays updated, count: 1
[34752:33892:0606/140111.724:VERBOSE1:device_event_log_impl.cc(198)] [14:01:11.725] Display: EVENT: screen_win.cc:895 Display[1310152881] bounds=[0,0 1707x1067], workarea=[0,0 1707x1019], scale=1.5, rotation=0, panel_rotation=0 external detected
[408:33060:0606/140208.177:VERBOSE1:network_delegate.cc(36)] NetworkDelegate::NotifyBeforeURLRequest: https://optimizationguide-pa.googleapis.com/v1:GetModels?key=dummytoken
[34752:33892:0606/140239.039:VERBOSE1:device_event_log_impl.cc(198)] [14:02:39.039] Display: EVENT: screen_win.cc:893 Displays updated, count: 1
[34752:33892:0606/140239.039:VERBOSE1:device_event_log_impl.cc(198)] [14:02:39.039] Display: EVENT: screen_win.cc:895 Display[1310152881] bounds=[0,0 1707x1067], workarea=[0,0 1707x1019], scale=1.5, rotation=0, panel_rotation=0 external detected
[34752:33892:0606/140244.108:VERBOSE1:device_event_log_impl.cc(198)] [14:02:44.108] Display: EVENT: screen_win.cc:893 Displays updated, count: 1
[34752:33892:0606/140244.108:VERBOSE1:device_event_log_impl.cc(198)] [14:02:44.108] Display: EVENT: screen_win.cc:895 Display[1310152881] bounds=[0,0 1707x1067], workarea=[0,0 1707x1019], scale=1.5, rotation=0, panel_rotation=0 external detected
[34752:33892:0606/140306.557:VERBOSE1:device_event_log_impl.cc(198)] [14:03:06.558] Display: EVENT: screen_win.cc:893 Displays updated, count: 1
[34752:33892:0606/140306.557:VERBOSE1:device_event_log_impl.cc(198)] [14:03:06.558] Display: EVENT: screen_win.cc:895 Display[1310152881] bounds=[0,0 1707x1067], workarea=[0,0 1707x1019], scale=1.5, rotation=0, panel_rotation=0 external detected
[34752:33892:0606/140329.252:VERBOSE1:device_event_log_impl.cc(198)] [14:03:29.252] Display: EVENT: screen_win.cc:893 Displays updated, count: 1
[34752:33892:0606/140329.252:VERBOSE1:device_event_log_impl.cc(198)] [14:03:29.252] Display: EVENT: screen_win.cc:895 Display[1310152881] bounds=[0,0 1707x1067], workarea=[0,0 1707x1019], scale=1.5, rotation=0, panel_rotation=0 external detected
[408:33060:0606/140442.250:VERBOSE1:network_delegate.cc(36)] NetworkDelegate::NotifyBeforeURLRequest: https://optimizationguide-pa.googleapis.com/v1:GetModels?key=dummytoken
[34752:33892:0606/140506.040:VERBOSE1:device_event_log_impl.cc(198)] [14:05:06.041] Display: EVENT: screen_win.cc:893 Displays updated, count: 1
[34752:33892:0606/140506.040:VERBOSE1:device_event_log_impl.cc(198)] [14:05:06.041] Display: EVENT: screen_win.cc:895 Display[1310152881] bounds=[0,0 1707x1067], workarea=[0,0 1707x1019], scale=1.5, rotation=0, panel_rotation=0 external detected
[34752:33892:0606/140730.660:VERBOSE1:device_event_log_impl.cc(198)] [14:07:30.661] Display: EVENT: screen_win.cc:893 Displays updated, count: 1
[34752:33892:0606/140730.660:VERBOSE1:device_event_log_impl.cc(198)] [14:07:30.661] Display: EVENT: screen_win.cc:895 Display[1310152881] bounds=[0,0 1707x1067], workarea=[0,0 1707x1019], scale=1.5, rotation=0, panel_rotation=0 external detected
[408:33060:0606/140732.853:VERBOSE1:network_delegate.cc(36)] NetworkDelegate::NotifyBeforeURLRequest: https://optimizationguide-pa.googleapis.com/v1:GetModels?key=dummytoken
[34752:33892:0606/140817.323:VERBOSE1:device_event_log_impl.cc(198)] [14:08:17.323] Display: EVENT: screen_win.cc:893 Displays updated, count: 1
[34752:33892:0606/140817.323:VERBOSE1:device_event_log_impl.cc(198)] [14:08:17.323] Display: EVENT: screen_win.cc:895 Display[1310152881] bounds=[0,0 1707x1067], workarea=[0,0 1707x1019], scale=1.5, rotation=0, panel_rotation=0 external detected
[34752:33892:0606/140832.427:VERBOSE1:device_event_log_impl.cc(198)] [14:08:32.428] Display: EVENT: screen_win.cc:893 Displays updated, count: 1
[34752:33892:0606/140832.427:VERBOSE1:device_event_log_impl.cc(198)] [14:08:32.428] Display: EVENT: screen_win.cc:895 Display[1310152881] bounds=[0,0 1707x1067], workarea=[0,0 1707x1019], scale=1.5, rotation=0, panel_rotation=0 external detected
[34752:33892:0606/140839.927:VERBOSE1:device_event_log_impl.cc(198)] [14:08:39.927] Display: EVENT: screen_win.cc:893 Displays updated, count: 1
[34752:33892:0606/140839.927:VERBOSE1:device_event_log_impl.cc(198)] [14:08:39.927] Display: EVENT: screen_win.cc:895 Display[1310152881] bounds=[0,0 1707x1067], workarea=[0,0 1707x1019], scale=1.5, rotation=0, panel_rotation=0 external detected
[408:33060:0606/141025.186:VERBOSE1:network_delegate.cc(36)] NetworkDelegate::NotifyBeforeURLRequest: https://optimizationguide-pa.googleapis.com/v1:GetModels?key=dummytoken
[34752:33892:0606/141040.197:VERBOSE1:device_event_log_impl.cc(198)] [14:10:40.197] Display: EVENT: screen_win.cc:893 Displays updated, count: 1
[34752:33892:0606/141040.197:VERBOSE1:device_event_log_impl.cc(198)] [14:10:40.197] Display: EVENT: screen_win.cc:895 Display[1310152881] bounds=[0,0 1707x1067], workarea=[0,0 1707x1019], scale=1.5, rotation=0, panel_rotation=0 external detected
[34752:33892:0606/141054.331:VERBOSE1:device_event_log_impl.cc(198)] [14:10:54.331] Display: EVENT: screen_win.cc:893 Displays updated, count: 1
[34752:33892:0606/141054.331:VERBOSE1:device_event_log_impl.cc(198)] [14:10:54.332] Display: EVENT: screen_win.cc:895 Display[1310152881] bounds=[0,0 1707x1067], workarea=[0,0 1707x1019], scale=1.5, rotation=0, panel_rotation=0 external detected
[34752:33892:0606/141132.255:VERBOSE1:device_event_log_impl.cc(198)] [14:11:32.256] Display: EVENT: screen_win.cc:893 Displays updated, count: 1
[34752:33892:0606/141132.256:VERBOSE1:device_event_log_impl.cc(198)] [14:11:32.256] Display: EVENT: screen_win.cc:895 Display[1310152881] bounds=[0,0 1707x1067], workarea=[0,0 1707x1019], scale=1.5, rotation=0, panel_rotation=0 external detected
[34752:33892:0606/141208.715:VERBOSE1:device_event_log_impl.cc(198)] [14:12:08.715] Display: EVENT: screen_win.cc:893 Displays updated, count: 1
[34752:33892:0606/141208.715:VERBOSE1:device_event_log_impl.cc(198)] [14:12:08.716] Display: EVENT: screen_win.cc:895 Display[1310152881] bounds=[0,0 1707x1067], workarea=[0,0 1707x1019], scale=1.5, rotation=0, panel_rotation=0 external detected
[408:33060:0606/141256.270:VERBOSE1:network_delegate.cc(36)] NetworkDelegate::NotifyBeforeURLRequest: https://optimizationguide-pa.googleapis.com/v1:GetModels?key=dummytoken
[408:33060:0606/141549.974:VERBOSE1:network_delegate.cc(36)] NetworkDelegate::NotifyBeforeURLRequest: https://optimizationguide-pa.googleapis.com/v1:GetModels?key=dummytoken
[408:33060:0606/141838.659:VERBOSE1:network_delegate.cc(36)] NetworkDelegate::NotifyBeforeURLRequest: https://optimizationguide-pa.googleapis.com/v1:GetModels?key=dummytoken
[408:33060:0606/142114.015:VERBOSE1:network_delegate.cc(36)] NetworkDelegate::NotifyBeforeURLRequest: https://optimizationguide-pa.googleapis.com/v1:GetModels?key=dummytoken
[408:33060:0606/142400.377:VERBOSE1:network_delegate.cc(36)] NetworkDelegate::NotifyBeforeURLRequest: https://optimizationguide-pa.googleapis.com/v1:GetModels?key=dummytoken
[408:33060:0606/142632.402:VERBOSE1:network_delegate.cc(36)] NetworkDelegate::NotifyBeforeURLRequest: https://optimizationguide-pa.googleapis.com/v1:GetModels?key=dummytoken
[408:33060:0606/142919.092:VERBOSE1:network_delegate.cc(36)] NetworkDelegate::NotifyBeforeURLRequest: https://optimizationguide-pa.googleapis.com/v1:GetModels?key=dummytoken
[408:33060:0606/143204.945:VERBOSE1:network_delegate.cc(36)] NetworkDelegate::NotifyBeforeURLRequest: https://optimizationguide-pa.googleapis.com/v1:GetModels?key=dummytoken
[408:33060:0606/143459.035:VERBOSE1:network_delegate.cc(36)] NetworkDelegate::NotifyBeforeURLRequest: https://optimizationguide-pa.googleapis.com/v1:GetModels?key=dummytoken
[34752:33892:0606/143556.455:VERBOSE1:device_event_log_impl.cc(198)] [14:35:56.455] Display: EVENT: screen_win.cc:893 Displays updated, count: 1
[34752:33892:0606/143556.455:VERBOSE1:device_event_log_impl.cc(198)] [14:35:56.455] Display: EVENT: screen_win.cc:895 Display[1310152881] bounds=[0,0 1707x1067], workarea=[0,0 1707x1019], scale=1.5, rotation=0, panel_rotation=0 external detected
[408:33060:0606/143759.072:VERBOSE1:network_delegate.cc(36)] NetworkDelegate::NotifyBeforeURLRequest: https://optimizationguide-pa.googleapis.com/v1:GetModels?key=dummytoken
[408:33060:0606/144054.440:VERBOSE1:network_delegate.cc(36)] NetworkDelegate::NotifyBeforeURLRequest: https://optimizationguide-pa.googleapis.com/v1:GetModels?key=dummytoken
[34752:33892:0606/144113.769:VERBOSE1:device_event_log_impl.cc(198)] [14:41:13.769] Display: EVENT: screen_win.cc:893 Displays updated, count: 1
[34752:33892:0606/144113.769:VERBOSE1:device_event_log_impl.cc(198)] [14:41:13.769] Display: EVENT: screen_win.cc:895 Display[1310152881] bounds=[0,0 1707x1067], workarea=[0,0 1707x1019], scale=1.5, rotation=0, panel_rotation=0 external detected
[34752:33892:0606/144205.696:VERBOSE1:device_event_log_impl.cc(198)] [14:42:05.696] Display: EVENT: screen_win.cc:893 Displays updated, count: 1
[34752:33892:0606/144205.696:VERBOSE1:device_event_log_impl.cc(198)] [14:42:05.697] Display: EVENT: screen_win.cc:895 Display[1310152881] bounds=[0,0 1707x1067], workarea=[0,0 1707x1019], scale=1.5, rotation=0, panel_rotation=0 external detected
[34752:33892:0606/144206.656:VERBOSE1:device_event_log_impl.cc(198)] [14:42:06.656] Display: EVENT: screen_win.cc:893 Displays updated, count: 1
[34752:33892:0606/144206.656:VERBOSE1:device_event_log_impl.cc(198)] [14:42:06.656] Display: EVENT: screen_win.cc:895 Display[1310152881] bounds=[0,0 1707x1067], workarea=[0,0 1707x1019], scale=1.5, rotation=0, panel_rotation=0 external detected
[34752:33892:0606/144209.531:VERBOSE1:device_event_log_impl.cc(198)] [14:42:09.531] Display: EVENT: screen_win.cc:893 Displays updated, count: 1
[34752:33892:0606/144209.531:VERBOSE1:device_event_log_impl.cc(198)] [14:42:09.532] Display: EVENT: screen_win.cc:895 Display[1310152881] bounds=[0,0 1707x1067], workarea=[0,0 1707x1019], scale=1.5, rotation=0, panel_rotation=0 external detected
[408:33060:0606/144348.114:VERBOSE1:network_delegate.cc(36)] NetworkDelegate::NotifyBeforeURLRequest: https://optimizationguide-pa.googleapis.com/v1:GetModels?key=dummytoken
[34752:33892:0606/144406.474:VERBOSE1:device_event_log_impl.cc(198)] [14:44:06.474] Display: EVENT: screen_win.cc:893 Displays updated, count: 1
[34752:33892:0606/144406.474:VERBOSE1:device_event_log_impl.cc(198)] [14:44:06.474] Display: EVENT: screen_win.cc:895 Display[1310152881] bounds=[0,0 1707x1067], workarea=[0,0 1707x1019], scale=1.5, rotation=0, panel_rotation=0 external detected
[34752:33892:0606/144419.803:VERBOSE1:device_event_log_impl.cc(198)] [14:44:19.802] Display: EVENT: screen_win.cc:893 Displays updated, count: 1
[34752:33892:0606/144419.803:VERBOSE1:device_event_log_impl.cc(198)] [14:44:19.803] Display: EVENT: screen_win.cc:895 Display[1310152881] bounds=[0,0 1707x1067], workarea=[0,0 1707x1019], scale=1.5, rotation=0, panel_rotation=0 external detected
[34752:33892:0606/144451.020:VERBOSE1:device_event_log_impl.cc(198)] [14:44:51.019] Display: EVENT: screen_win.cc:893 Displays updated, count: 1
[34752:33892:0606/144451.020:VERBOSE1:device_event_log_impl.cc(198)] [14:44:51.019] Display: EVENT: screen_win.cc:895 Display[1310152881] bounds=[0,0 1707x1067], workarea=[0,0 1707x1019], scale=1.5, rotation=0, panel_rotation=0 external detected
[34752:33892:0606/144452.508:VERBOSE1:device_event_log_impl.cc(198)] [14:44:52.508] Display: EVENT: screen_win.cc:893 Displays updated, count: 1
[34752:33892:0606/144452.508:VERBOSE1:device_event_log_impl.cc(198)] [14:44:52.508] Display: EVENT: screen_win.cc:895 Display[1310152881] bounds=[0,0 1707x1067], workarea=[0,0 1707x1019], scale=1.5, rotation=0, panel_rotation=0 external detected
[408:33060:0606/144630.530:VERBOSE1:network_delegate.cc(36)] NetworkDelegate::NotifyBeforeURLRequest: https://optimizationguide-pa.googleapis.com/v1:GetModels?key=dummytoken
[408:33060:0606/144922.230:VERBOSE1:network_delegate.cc(36)] NetworkDelegate::NotifyBeforeURLRequest: https://optimizationguide-pa.googleapis.com/v1:GetModels?key=dummytoken
[408:33060:0606/145212.920:VERBOSE1:network_delegate.cc(36)] NetworkDelegate::NotifyBeforeURLRequest: https://optimizationguide-pa.googleapis.com/v1:GetModels?key=dummytoken
[408:33060:0606/145445.288:VERBOSE1:network_delegate.cc(36)] NetworkDelegate::NotifyBeforeURLRequest: https://optimizationguide-pa.googleapis.com/v1:GetModels?key=dummytoken
[408:33060:0606/145733.652:VERBOSE1:network_delegate.cc(36)] NetworkDelegate::NotifyBeforeURLRequest: https://optimizationguide-pa.googleapis.com/v1:GetModels?key=dummytoken
[34752:33892:0606/145848.056:VERBOSE1:device_event_log_impl.cc(198)] [14:58:48.057] Display: EVENT: screen_win.cc:893 Displays updated, count: 1
[34752:33892:0606/145848.056:VERBOSE1:device_event_log_impl.cc(198)] [14:58:48.057] Display: EVENT: screen_win.cc:895 Display[1310152881] bounds=[0,0 1707x1067], workarea=[0,0 1707x1019], scale=1.5, rotation=0, panel_rotation=0 external detected
[408:33060:0606/150022.513:VERBOSE1:network_delegate.cc(36)] NetworkDelegate::NotifyBeforeURLRequest: https://optimizationguide-pa.googleapis.com/v1:GetModels?key=dummytoken
[408:33060:0606/150256.706:VERBOSE1:network_delegate.cc(36)] NetworkDelegate::NotifyBeforeURLRequest: https://optimizationguide-pa.googleapis.com/v1:GetModels?key=dummytoken
[34752:33892:0606/150257.148:VERBOSE1:device_event_log_impl.cc(198)] [15:02:57.148] Display: EVENT: screen_win.cc:893 Displays updated, count: 1
[34752:33892:0606/150257.148:VERBOSE1:device_event_log_impl.cc(198)] [15:02:57.148] Display: EVENT: screen_win.cc:895 Display[1310152881] bounds=[0,0 1707x1067], workarea=[0,0 1707x1019], scale=1.5, rotation=0, panel_rotation=0 external detected
[34752:33892:0606/150313.918:VERBOSE1:device_event_log_impl.cc(198)] [15:03:13.917] Display: EVENT: screen_win.cc:893 Displays updated, count: 1
[34752:33892:0606/150313.918:VERBOSE1:device_event_log_impl.cc(198)] [15:03:13.918] Display: EVENT: screen_win.cc:895 Display[1310152881] bounds=[0,0 1707x1067], workarea=[0,0 1707x1019], scale=1.5, rotation=0, panel_rotation=0 external detected
[34752:33892:0606/150342.279:VERBOSE1:device_event_log_impl.cc(198)] [15:03:42.279] Display: EVENT: screen_win.cc:893 Displays updated, count: 1
[34752:33892:0606/150342.279:VERBOSE1:device_event_log_impl.cc(198)] [15:03:42.279] Display: EVENT: screen_win.cc:895 Display[1310152881] bounds=[0,0 1707x1067], workarea=[0,0 1707x1019], scale=1.5, rotation=0, panel_rotation=0 external detected
[408:33060:0606/150534.538:VERBOSE1:network_delegate.cc(36)] NetworkDelegate::NotifyBeforeURLRequest: https://optimizationguide-pa.googleapis.com/v1:GetModels?key=dummytoken
[408:33060:0606/150819.562:VERBOSE1:network_delegate.cc(36)] NetworkDelegate::NotifyBeforeURLRequest: https://optimizationguide-pa.googleapis.com/v1:GetModels?key=dummytoken
[408:33060:0606/151110.197:VERBOSE1:network_delegate.cc(36)] NetworkDelegate::NotifyBeforeURLRequest: https://optimizationguide-pa.googleapis.com/v1:GetModels?key=dummytoken
[34752:33892:0606/151228.515:VERBOSE1:device_event_log_impl.cc(198)] [15:12:28.514] Display: EVENT: screen_win.cc:893 Displays updated, count: 1
[34752:33892:0606/151228.515:VERBOSE1:device_event_log_impl.cc(198)] [15:12:28.514] Display: EVENT: screen_win.cc:895 Display[1310152881] bounds=[0,0 1707x1067], workarea=[0,0 1707x1019], scale=1.5, rotation=0, panel_rotation=0 external detected
[34752:33892:0606/151232.156:VERBOSE1:device_event_log_impl.cc(198)] [15:12:32.156] Display: EVENT: screen_win.cc:893 Displays updated, count: 1
[34752:33892:0606/151232.156:VERBOSE1:device_event_log_impl.cc(198)] [15:12:32.156] Display: EVENT: screen_win.cc:895 Display[1310152881] bounds=[0,0 1707x1067], workarea=[0,0 1707x1019], scale=1.5, rotation=0, panel_rotation=0 external detected
[408:33060:0606/151357.607:VERBOSE1:network_delegate.cc(36)] NetworkDelegate::NotifyBeforeURLRequest: https://optimizationguide-pa.googleapis.com/v1:GetModels?key=dummytoken
[34752:33892:0606/151456.693:VERBOSE1:device_event_log_impl.cc(198)] [15:14:56.693] Display: EVENT: screen_win.cc:893 Displays updated, count: 1
[34752:33892:0606/151456.694:VERBOSE1:device_event_log_impl.cc(198)] [15:14:56.693] Display: EVENT: screen_win.cc:895 Display[1310152881] bounds=[0,0 1707x1067], workarea=[0,0 1707x1019], scale=1.5, rotation=0, panel_rotation=0 external detected
[34752:33892:0606/151501.554:VERBOSE1:device_event_log_impl.cc(198)] [15:15:01.553] Display: EVENT: screen_win.cc:893 Displays updated, count: 1
[34752:33892:0606/151501.554:VERBOSE1:device_event_log_impl.cc(198)] [15:15:01.553] Display: EVENT: screen_win.cc:895 Display[1310152881] bounds=[0,0 1707x1067], workarea=[0,0 1707x1019], scale=1.5, rotation=0, panel_rotation=0 external detected
[408:33060:0606/151631.236:VERBOSE1:network_delegate.cc(36)] NetworkDelegate::NotifyBeforeURLRequest: https://optimizationguide-pa.googleapis.com/v1:GetModels?key=dummytoken
[408:33060:0606/151923.940:VERBOSE1:network_delegate.cc(36)] NetworkDelegate::NotifyBeforeURLRequest: https://optimizationguide-pa.googleapis.com/v1:GetModels?key=dummytoken
[34752:33892:0606/152016.187:VERBOSE1:device_event_log_impl.cc(198)] [15:20:16.187] Display: EVENT: screen_win.cc:893 Displays updated, count: 1
[34752:33892:0606/152016.187:VERBOSE1:device_event_log_impl.cc(198)] [15:20:16.187] Display: EVENT: screen_win.cc:895 Display[1310152881] bounds=[0,0 1707x1067], workarea=[0,0 1707x1019], scale=1.5, rotation=0, panel_rotation=0 external detected
[34752:33892:0606/152036.140:VERBOSE1:device_event_log_impl.cc(198)] [15:20:36.139] Display: EVENT: screen_win.cc:893 Displays updated, count: 1
[34752:33892:0606/152036.140:VERBOSE1:device_event_log_impl.cc(198)] [15:20:36.140] Display: EVENT: screen_win.cc:895 Display[1310152881] bounds=[0,0 1707x1067], workarea=[0,0 1707x1019], scale=1.5, rotation=0, panel_rotation=0 external detected
[34752:33892:0606/152059.530:VERBOSE1:device_event_log_impl.cc(198)] [15:20:59.530] Display: EVENT: screen_win.cc:893 Displays updated, count: 1
[34752:33892:0606/152059.531:VERBOSE1:device_event_log_impl.cc(198)] [15:20:59.530] Display: EVENT: screen_win.cc:895 Display[1310152881] bounds=[0,0 1707x1067], workarea=[0,0 1707x1019], scale=1.5, rotation=0, panel_rotation=0 external detected
[408:33060:0606/152215.461:VERBOSE1:network_delegate.cc(36)] NetworkDelegate::NotifyBeforeURLRequest: https://optimizationguide-pa.googleapis.com/v1:GetModels?key=dummytoken
[408:33060:0606/152455.819:VERBOSE1:network_delegate.cc(36)] NetworkDelegate::NotifyBeforeURLRequest: https://optimizationguide-pa.googleapis.com/v1:GetModels?key=dummytoken
[34752:33892:0606/152747.326:VERBOSE1:device_event_log_impl.cc(198)] [15:27:47.327] Display: EVENT: screen_win.cc:893 Displays updated, count: 1
[34752:33892:0606/152747.326:VERBOSE1:device_event_log_impl.cc(198)] [15:27:47.327] Display: EVENT: screen_win.cc:895 Display[1310152881] bounds=[0,0 1707x1067], workarea=[0,0 1707x1019], scale=1.5, rotation=0, panel_rotation=0 external detected
[408:33060:0606/152755.617:VERBOSE1:network_delegate.cc(36)] NetworkDelegate::NotifyBeforeURLRequest: https://optimizationguide-pa.googleapis.com/v1:GetModels?key=dummytoken
[34752:33892:0606/152925.965:VERBOSE1:device_event_log_impl.cc(198)] [15:29:25.966] Display: EVENT: screen_win.cc:893 Displays updated, count: 1
[34752:33892:0606/152925.965:VERBOSE1:device_event_log_impl.cc(198)] [15:29:25.966] Display: EVENT: screen_win.cc:895 Display[1310152881] bounds=[0,0 1707x1067], workarea=[0,0 1707x1019], scale=1.5, rotation=0, panel_rotation=0 external detected
[34752:33892:0606/153006.898:VERBOSE1:device_event_log_impl.cc(198)] [15:30:06.898] Display: EVENT: screen_win.cc:893 Displays updated, count: 1
[34752:33892:0606/153006.898:VERBOSE1:device_event_log_impl.cc(198)] [15:30:06.898] Display: EVENT: screen_win.cc:895 Display[1310152881] bounds=[0,0 1707x1067], workarea=[0,0 1707x1019], scale=1.5, rotation=0, panel_rotation=0 external detected
[408:33060:0606/153031.920:VERBOSE1:network_delegate.cc(36)] NetworkDelegate::NotifyBeforeURLRequest: https://optimizationguide-pa.googleapis.com/v1:GetModels?key=dummytoken
[34752:33892:0606/153139.475:VERBOSE1:device_event_log_impl.cc(198)] [15:31:39.475] Display: EVENT: screen_win.cc:893 Displays updated, count: 1
[34752:33892:0606/153139.475:VERBOSE1:device_event_log_impl.cc(198)] [15:31:39.476] Display: EVENT: screen_win.cc:895 Display[1310152881] bounds=[0,0 1707x1067], workarea=[0,0 1707x1019], scale=1.5, rotation=0, panel_rotation=0 external detected
[408:33060:0606/153322.648:VERBOSE1:network_delegate.cc(36)] NetworkDelegate::NotifyBeforeURLRequest: https://optimizationguide-pa.googleapis.com/v1:GetModels?key=dummytoken
[34752:33892:0606/153358.535:VERBOSE1:device_event_log_impl.cc(198)] [15:33:58.536] Display: EVENT: screen_win.cc:893 Displays updated, count: 1
[34752:33892:0606/153358.535:VERBOSE1:device_event_log_impl.cc(198)] [15:33:58.536] Display: EVENT: screen_win.cc:895 Display[1310152881] bounds=[0,0 1707x1067], workarea=[0,0 1707x1019], scale=1.5, rotation=0, panel_rotation=0 external detected
[408:33060:0606/153617.084:VERBOSE1:network_delegate.cc(36)] NetworkDelegate::NotifyBeforeURLRequest: https://optimizationguide-pa.googleapis.com/v1:GetModels?key=dummytoken
[408:33060:0606/153900.121:VERBOSE1:network_delegate.cc(36)] NetworkDelegate::NotifyBeforeURLRequest: https://optimizationguide-pa.googleapis.com/v1:GetModels?key=dummytoken
[408:33060:0606/154153.480:VERBOSE1:network_delegate.cc(36)] NetworkDelegate::NotifyBeforeURLRequest: https://optimizationguide-pa.googleapis.com/v1:GetModels?key=dummytoken
[408:33060:0606/154451.512:VERBOSE1:network_delegate.cc(36)] NetworkDelegate::NotifyBeforeURLRequest: https://optimizationguide-pa.googleapis.com/v1:GetModels?key=dummytoken
[408:33060:0606/154738.871:VERBOSE1:network_delegate.cc(36)] NetworkDelegate::NotifyBeforeURLRequest: https://optimizationguide-pa.googleapis.com/v1:GetModels?key=dummytoken
[408:33060:0606/155035.226:VERBOSE1:network_delegate.cc(36)] NetworkDelegate::NotifyBeforeURLRequest: https://optimizationguide-pa.googleapis.com/v1:GetModels?key=dummytoken
[408:33060:0606/155315.246:VERBOSE1:network_delegate.cc(36)] NetworkDelegate::NotifyBeforeURLRequest: https://optimizationguide-pa.googleapis.com/v1:GetModels?key=dummytoken
[408:33060:0606/155607.936:VERBOSE1:network_delegate.cc(36)] NetworkDelegate::NotifyBeforeURLRequest: https://optimizationguide-pa.googleapis.com/v1:GetModels?key=dummytoken
[408:33060:0606/155848.293:VERBOSE1:network_delegate.cc(36)] NetworkDelegate::NotifyBeforeURLRequest: https://optimizationguide-pa.googleapis.com/v1:GetModels?key=dummytoken
[408:33060:0606/160123.314:VERBOSE1:network_delegate.cc(36)] NetworkDelegate::NotifyBeforeURLRequest: https://optimizationguide-pa.googleapis.com/v1:GetModels?key=dummytoken
[408:33060:0606/160408.669:VERBOSE1:network_delegate.cc(36)] NetworkDelegate::NotifyBeforeURLRequest: https://optimizationguide-pa.googleapis.com/v1:GetModels?key=dummytoken
[408:33060:0606/160659.026:VERBOSE1:network_delegate.cc(36)] NetworkDelegate::NotifyBeforeURLRequest: https://optimizationguide-pa.googleapis.com/v1:GetModels?key=dummytoken
[408:33060:0606/160936.717:VERBOSE1:network_delegate.cc(36)] NetworkDelegate::NotifyBeforeURLRequest: https://optimizationguide-pa.googleapis.com/v1:GetModels?key=dummytoken
[408:33060:0606/161218.075:VERBOSE1:network_delegate.cc(36)] NetworkDelegate::NotifyBeforeURLRequest: https://optimizationguide-pa.googleapis.com/v1:GetModels?key=dummytoken
[34752:33892:0606/161312.242:VERBOSE1:device_event_log_impl.cc(198)] [16:13:12.243] Display: EVENT: screen_win.cc:893 Displays updated, count: 1
[34752:33892:0606/161312.243:VERBOSE1:device_event_log_impl.cc(198)] [16:13:12.243] Display: EVENT: screen_win.cc:895 Display[1310152881] bounds=[0,0 1707x1067], workarea=[0,0 1707x1019], scale=1.5, rotation=0, panel_rotation=0 external detected
[34752:33892:0606/161418.698:VERBOSE1:device_event_log_impl.cc(198)] [16:14:18.698] Display: EVENT: screen_win.cc:893 Displays updated, count: 1
[34752:33892:0606/161418.698:VERBOSE1:device_event_log_impl.cc(198)] [16:14:18.698] Display: EVENT: screen_win.cc:895 Display[1310152881] bounds=[0,0 1707x1067], workarea=[0,0 1707x1019], scale=1.5, rotation=0, panel_rotation=0 external detected
[34752:33892:0606/161425.183:VERBOSE1:device_event_log_impl.cc(198)] [16:14:25.182] Display: EVENT: screen_win.cc:893 Displays updated, count: 1
[34752:33892:0606/161425.183:VERBOSE1:device_event_log_impl.cc(198)] [16:14:25.183] Display: EVENT: screen_win.cc:895 Display[1310152881] bounds=[0,0 1707x1067], workarea=[0,0 1707x1019], scale=1.5, rotation=0, panel_rotation=0 external detected
[408:33060:0606/161455.501:VERBOSE1:network_delegate.cc(36)] NetworkDelegate::NotifyBeforeURLRequest: https://optimizationguide-pa.googleapis.com/v1:GetModels?key=dummytoken
[34752:33892:0606/161708.159:VERBOSE1:device_event_log_impl.cc(198)] [16:17:08.159] Display: EVENT: screen_win.cc:893 Displays updated, count: 1
[34752:33892:0606/161708.159:VERBOSE1:device_event_log_impl.cc(198)] [16:17:08.159] Display: EVENT: screen_win.cc:895 Display[1310152881] bounds=[0,0 1707x1067], workarea=[0,0 1707x1019], scale=1.5, rotation=0, panel_rotation=0 external detected
[408:33060:0606/161747.395:VERBOSE1:network_delegate.cc(36)] NetworkDelegate::NotifyBeforeURLRequest: https://optimizationguide-pa.googleapis.com/v1:GetModels?key=dummytoken
[34752:33892:0606/161826.169:VERBOSE1:device_event_log_impl.cc(198)] [16:18:26.169] Display: EVENT: screen_win.cc:893 Displays updated, count: 1
[34752:33892:0606/161826.169:VERBOSE1:device_event_log_impl.cc(198)] [16:18:26.169] Display: EVENT: screen_win.cc:895 Display[1310152881] bounds=[0,0 1707x1067], workarea=[0,0 1707x1019], scale=1.5, rotation=0, panel_rotation=0 external detected
[34752:33892:0606/161853.669:VERBOSE1:device_event_log_impl.cc(198)] [16:18:53.669] Display: EVENT: screen_win.cc:893 Displays updated, count: 1
[34752:33892:0606/161853.669:VERBOSE1:device_event_log_impl.cc(198)] [16:18:53.670] Display: EVENT: screen_win.cc:895 Display[1310152881] bounds=[0,0 1707x1067], workarea=[0,0 1707x1019], scale=1.5, rotation=0, panel_rotation=0 external detected
[34752:33892:0606/162020.298:VERBOSE1:device_event_log_impl.cc(198)] [16:20:20.298] Display: EVENT: screen_win.cc:893 Displays updated, count: 1
[34752:33892:0606/162020.298:VERBOSE1:device_event_log_impl.cc(198)] [16:20:20.298] Display: EVENT: screen_win.cc:895 Display[1310152881] bounds=[0,0 1707x1067], workarea=[0,0 1707x1019], scale=1.5, rotation=0, panel_rotation=0 external detected
[408:33060:0606/162028.851:VERBOSE1:network_delegate.cc(36)] NetworkDelegate::NotifyBeforeURLRequest: https://optimizationguide-pa.googleapis.com/v1:GetModels?key=dummytoken
[34752:33892:0606/162309.074:VERBOSE1:device_event_log_impl.cc(198)] [16:23:09.074] Display: EVENT: screen_win.cc:893 Displays updated, count: 1
[34752:33892:0606/162309.074:VERBOSE1:device_event_log_impl.cc(198)] [16:23:09.074] Display: EVENT: screen_win.cc:895 Display[1310152881] bounds=[0,0 1707x1067], workarea=[0,0 1707x1019], scale=1.5, rotation=0, panel_rotation=0 external detected
[408:33060:0606/162325.069:VERBOSE1:network_delegate.cc(36)] NetworkDelegate::NotifyBeforeURLRequest: https://optimizationguide-pa.googleapis.com/v1:GetModels?key=dummytoken
[34752:33892:0606/162511.936:VERBOSE1:device_event_log_impl.cc(198)] [16:25:11.936] Display: EVENT: screen_win.cc:893 Displays updated, count: 1
[34752:33892:0606/162511.936:VERBOSE1:device_event_log_impl.cc(198)] [16:25:11.937] Display: EVENT: screen_win.cc:895 Display[1310152881] bounds=[0,0 1707x1067], workarea=[0,0 1707x1019], scale=1.5, rotation=0, panel_rotation=0 external detected
[408:33060:0606/162616.185:VERBOSE1:network_delegate.cc(36)] NetworkDelegate::NotifyBeforeURLRequest: https://optimizationguide-pa.googleapis.com/v1:GetModels?key=dummytoken
[34752:33892:0606/162825.596:VERBOSE1:device_event_log_impl.cc(198)] [16:28:25.597] Display: EVENT: screen_win.cc:893 Displays updated, count: 1
[34752:33892:0606/162825.597:VERBOSE1:device_event_log_impl.cc(198)] [16:28:25.597] Display: EVENT: screen_win.cc:895 Display[1310152881] bounds=[0,0 1707x1067], workarea=[0,0 1707x1019], scale=1.5, rotation=0, panel_rotation=0 external detected
[408:33060:0606/162852.829:VERBOSE1:network_delegate.cc(36)] NetworkDelegate::NotifyBeforeURLRequest: https://optimizationguide-pa.googleapis.com/v1:GetModels?key=dummytoken
[34752:33892:0606/162923.457:VERBOSE1:device_event_log_impl.cc(198)] [16:29:23.457] Display: EVENT: screen_win.cc:893 Displays updated, count: 1
[34752:33892:0606/162923.457:VERBOSE1:device_event_log_impl.cc(198)] [16:29:23.457] Display: EVENT: screen_win.cc:895 Display[1310152881] bounds=[0,0 1707x1067], workarea=[0,0 1707x1019], scale=1.5, rotation=0, panel_rotation=0 external detected
[34752:33892:0606/162932.593:VERBOSE1:device_event_log_impl.cc(198)] [16:29:32.593] Display: EVENT: screen_win.cc:893 Displays updated, count: 1
[34752:33892:0606/162932.593:VERBOSE1:device_event_log_impl.cc(198)] [16:29:32.593] Display: EVENT: screen_win.cc:895 Display[1310152881] bounds=[0,0 1707x1067], workarea=[0,0 1707x1019], scale=1.5, rotation=0, panel_rotation=0 external detected
[34752:33892:0606/162934.958:VERBOSE1:device_event_log_impl.cc(198)] [16:29:34.959] Display: EVENT: screen_win.cc:893 Displays updated, count: 1
[34752:33892:0606/162934.958:VERBOSE1:device_event_log_impl.cc(198)] [16:29:34.960] Display: EVENT: screen_win.cc:895 Display[1310152881] bounds=[0,0 1707x1067], workarea=[0,0 1707x1019], scale=1.5, rotation=0, panel_rotation=0 external detected
[34752:33892:0606/162952.726:VERBOSE1:device_event_log_impl.cc(198)] [16:29:52.726] Display: EVENT: screen_win.cc:893 Displays updated, count: 1
[34752:33892:0606/162952.726:VERBOSE1:device_event_log_impl.cc(198)] [16:29:52.727] Display: EVENT: screen_win.cc:895 Display[1310152881] bounds=[0,0 1707x1067], workarea=[0,0 1707x1019], scale=1.5, rotation=0, panel_rotation=0 external detected
[34752:33892:0606/162955.085:VERBOSE1:device_event_log_impl.cc(198)] [16:29:55.086] Display: EVENT: screen_win.cc:893 Displays updated, count: 1
[34752:33892:0606/162955.085:VERBOSE1:device_event_log_impl.cc(198)] [16:29:55.086] Display: EVENT: screen_win.cc:895 Display[1310152881] bounds=[0,0 1707x1067], workarea=[0,0 1707x1019], scale=1.5, rotation=0, panel_rotation=0 external detected
[34752:33892:0606/163016.302:VERBOSE1:device_event_log_impl.cc(198)] [16:30:16.302] Display: EVENT: screen_win.cc:893 Displays updated, count: 1
[34752:33892:0606/163016.302:VERBOSE1:device_event_log_impl.cc(198)] [16:30:16.302] Display: EVENT: screen_win.cc:895 Display[1310152881] bounds=[0,0 1707x1067], workarea=[0,0 1707x1019], scale=1.5, rotation=0, panel_rotation=0 external detected
[34752:33892:0606/163024.737:VERBOSE1:device_event_log_impl.cc(198)] [16:30:24.737] Display: EVENT: screen_win.cc:893 Displays updated, count: 1
[34752:33892:0606/163024.737:VERBOSE1:device_event_log_impl.cc(198)] [16:30:24.738] Display: EVENT: screen_win.cc:895 Display[1310152881] bounds=[0,0 1707x1067], workarea=[0,0 1707x1019], scale=1.5, rotation=0, panel_rotation=0 external detected
[408:33060:0606/163129.838:VERBOSE1:network_delegate.cc(36)] NetworkDelegate::NotifyBeforeURLRequest: https://optimizationguide-pa.googleapis.com/v1:GetModels?key=dummytoken
[408:33060:0606/163426.533:VERBOSE1:network_delegate.cc(36)] NetworkDelegate::NotifyBeforeURLRequest: https://optimizationguide-pa.googleapis.com/v1:GetModels?key=dummytoken
[34752:33892:0606/163453.212:VERBOSE1:device_event_log_impl.cc(198)] [16:34:53.212] Display: EVENT: screen_win.cc:893 Displays updated, count: 1
[34752:33892:0606/163453.212:VERBOSE1:device_event_log_impl.cc(198)] [16:34:53.212] Display: EVENT: screen_win.cc:895 Display[1310152881] bounds=[0,0 1707x1067], workarea=[0,0 1707x1019], scale=1.5, rotation=0, panel_rotation=0 external detected
[34752:33892:0606/163557.244:VERBOSE1:device_event_log_impl.cc(198)] [16:35:57.244] Display: EVENT: screen_win.cc:893 Displays updated, count: 1
[34752:33892:0606/163557.244:VERBOSE1:device_event_log_impl.cc(198)] [16:35:57.244] Display: EVENT: screen_win.cc:895 Display[1310152881] bounds=[0,0 1707x1067], workarea=[0,0 1707x1019], scale=1.5, rotation=0, panel_rotation=0 external detected
[34752:33892:0606/163704.713:VERBOSE1:device_event_log_impl.cc(198)] [16:37:04.713] Display: EVENT: screen_win.cc:893 Displays updated, count: 1
[34752:33892:0606/163704.713:VERBOSE1:device_event_log_impl.cc(198)] [16:37:04.713] Display: EVENT: screen_win.cc:895 Display[1310152881] bounds=[0,0 1707x1067], workarea=[0,0 1707x1019], scale=1.5, rotation=0, panel_rotation=0 external detected
[34752:33892:0606/163712.713:VERBOSE1:device_event_log_impl.cc(198)] [16:37:12.712] Display: EVENT: screen_win.cc:893 Displays updated, count: 1
[34752:33892:0606/163712.713:VERBOSE1:device_event_log_impl.cc(198)] [16:37:12.712] Display: EVENT: screen_win.cc:895 Display[1310152881] bounds=[0,0 1707x1067], workarea=[0,0 1707x1019], scale=1.5, rotation=0, panel_rotation=0 external detected
[408:33060:0606/163722.767:VERBOSE1:network_delegate.cc(36)] NetworkDelegate::NotifyBeforeURLRequest: https://optimizationguide-pa.googleapis.com/v1:GetModels?key=dummytoken
[34752:33892:0606/163726.606:VERBOSE1:device_event_log_impl.cc(198)] [16:37:26.607] Display: EVENT: screen_win.cc:893 Displays updated, count: 1
[34752:33892:0606/163726.606:VERBOSE1:device_event_log_impl.cc(198)] [16:37:26.607] Display: EVENT: screen_win.cc:895 Display[1310152881] bounds=[0,0 1707x1067], workarea=[0,0 1707x1019], scale=1.5, rotation=0, panel_rotation=0 external detected
[34752:33892:0606/163742.671:VERBOSE1:device_event_log_impl.cc(198)] [16:37:42.671] Display: EVENT: screen_win.cc:893 Displays updated, count: 1
[34752:33892:0606/163742.671:VERBOSE1:device_event_log_impl.cc(198)] [16:37:42.671] Display: EVENT: screen_win.cc:895 Display[1310152881] bounds=[0,0 1707x1067], workarea=[0,0 1707x1019], scale=1.5, rotation=0, panel_rotation=0 external detected
[34752:33892:0606/163851.121:VERBOSE1:device_event_log_impl.cc(198)] [16:38:51.122] Display: EVENT: screen_win.cc:893 Displays updated, count: 1
[34752:33892:0606/163851.121:VERBOSE1:device_event_log_impl.cc(198)] [16:38:51.122] Display: EVENT: screen_win.cc:895 Display[1310152881] bounds=[0,0 1707x1067], workarea=[0,0 1707x1019], scale=1.5, rotation=0, panel_rotation=0 external detected
[408:33060:0606/164012.990:VERBOSE1:network_delegate.cc(36)] NetworkDelegate::NotifyBeforeURLRequest: https://optimizationguide-pa.googleapis.com/v1:GetModels?key=dummytoken
[34752:33892:0606/164104.181:VERBOSE1:device_event_log_impl.cc(198)] [16:41:04.180] Display: EVENT: screen_win.cc:893 Displays updated, count: 1
[34752:33892:0606/164104.181:VERBOSE1:device_event_log_impl.cc(198)] [16:41:04.180] Display: EVENT: screen_win.cc:895 Display[1310152881] bounds=[0,0 1707x1067], workarea=[0,0 1707x1019], scale=1.5, rotation=0, panel_rotation=0 external detected
[34752:33892:0606/164201.236:VERBOSE1:device_event_log_impl.cc(198)] [16:42:01.236] Display: EVENT: screen_win.cc:893 Displays updated, count: 1
[34752:33892:0606/164201.236:VERBOSE1:device_event_log_impl.cc(198)] [16:42:01.237] Display: EVENT: screen_win.cc:895 Display[1310152881] bounds=[0,0 1707x1067], workarea=[0,0 1707x1019], scale=1.5, rotation=0, panel_rotation=0 external detected
[408:33060:0606/164301.372:VERBOSE1:network_delegate.cc(36)] NetworkDelegate::NotifyBeforeURLRequest: https://optimizationguide-pa.googleapis.com/v1:GetModels?key=dummytoken
[34752:33892:0606/164408.969:VERBOSE1:device_event_log_impl.cc(198)] [16:44:08.969] Display: EVENT: screen_win.cc:893 Displays updated, count: 1
[34752:33892:0606/164408.969:VERBOSE1:device_event_log_impl.cc(198)] [16:44:08.969] Display: EVENT: screen_win.cc:895 Display[1310152881] bounds=[0,0 1707x1067], workarea=[0,0 1707x1019], scale=1.5, rotation=0, panel_rotation=0 external detected
[34752:33892:0606/164521.923:VERBOSE1:device_event_log_impl.cc(198)] [16:45:21.922] Display: EVENT: screen_win.cc:893 Displays updated, count: 1
[34752:33892:0606/164521.923:VERBOSE1:device_event_log_impl.cc(198)] [16:45:21.923] Display: EVENT: screen_win.cc:895 Display[1310152881] bounds=[0,0 1707x1067], workarea=[0,0 1707x1019], scale=1.5, rotation=0, panel_rotation=0 external detected
[408:33060:0606/164559.633:VERBOSE1:network_delegate.cc(36)] NetworkDelegate::NotifyBeforeURLRequest: https://optimizationguide-pa.googleapis.com/v1:GetModels?key=dummytoken
[408:33060:0606/164848.313:VERBOSE1:network_delegate.cc(36)] NetworkDelegate::NotifyBeforeURLRequest: https://optimizationguide-pa.googleapis.com/v1:GetModels?key=dummytoken
[408:33060:0606/165126.010:VERBOSE1:network_delegate.cc(36)] NetworkDelegate::NotifyBeforeURLRequest: https://optimizationguide-pa.googleapis.com/v1:GetModels?key=dummytoken
[408:33060:0606/165357.032:VERBOSE1:network_delegate.cc(36)] NetworkDelegate::NotifyBeforeURLRequest: https://optimizationguide-pa.googleapis.com/v1:GetModels?key=dummytoken
[408:33060:0606/165650.384:VERBOSE1:network_delegate.cc(36)] NetworkDelegate::NotifyBeforeURLRequest: https://optimizationguide-pa.googleapis.com/v1:GetModels?key=dummytoken
[408:33060:0606/165939.073:VERBOSE1:network_delegate.cc(36)] NetworkDelegate::NotifyBeforeURLRequest: https://optimizationguide-pa.googleapis.com/v1:GetModels?key=dummytoken
[408:33060:0606/170210.434:VERBOSE1:network_delegate.cc(36)] NetworkDelegate::NotifyBeforeURLRequest: https://optimizationguide-pa.googleapis.com/v1:GetModels?key=dummytoken
[408:33060:0606/170507.633:VERBOSE1:network_delegate.cc(36)] NetworkDelegate::NotifyBeforeURLRequest: https://optimizationguide-pa.googleapis.com/v1:GetModels?key=dummytoken
[34752:33892:0606/170532.623:VERBOSE1:device_event_log_impl.cc(198)] [17:05:32.623] Display: EVENT: screen_win.cc:893 Displays updated, count: 1
[34752:33892:0606/170532.624:VERBOSE1:device_event_log_impl.cc(198)] [17:05:32.623] Display: EVENT: screen_win.cc:895 Display[1310152881] bounds=[0,0 1707x1067], workarea=[0,0 1707x1019], scale=1.5, rotation=0, panel_rotation=0 external detected
[34752:33892:0606/170540.912:VERBOSE1:device_event_log_impl.cc(198)] [17:05:40.912] Display: EVENT: screen_win.cc:893 Displays updated, count: 1
[34752:33892:0606/170540.912:VERBOSE1:device_event_log_impl.cc(198)] [17:05:40.912] Display: EVENT: screen_win.cc:895 Display[1310152881] bounds=[0,0 1707x1067], workarea=[0,0 1707x1019], scale=1.5, rotation=0, panel_rotation=0 external detected
[34752:33892:0606/170635.100:VERBOSE1:device_event_log_impl.cc(198)] [17:06:35.100] Display: EVENT: screen_win.cc:893 Displays updated, count: 1
[34752:33892:0606/170635.100:VERBOSE1:device_event_log_impl.cc(198)] [17:06:35.100] Display: EVENT: screen_win.cc:895 Display[1310152881] bounds=[0,0 1707x1067], workarea=[0,0 1707x1019], scale=1.5, rotation=0, panel_rotation=0 external detected
[34752:33892:0606/170652.387:VERBOSE1:device_event_log_impl.cc(198)] [17:06:52.388] Display: EVENT: screen_win.cc:893 Displays updated, count: 1
[34752:33892:0606/170652.388:VERBOSE1:device_event_log_impl.cc(198)] [17:06:52.388] Display: EVENT: screen_win.cc:895 Display[1310152881] bounds=[0,0 1707x1067], workarea=[0,0 1707x1019], scale=1.5, rotation=0, panel_rotation=0 external detected
[408:33060:0606/170758.171:VERBOSE1:network_delegate.cc(36)] NetworkDelegate::NotifyBeforeURLRequest: https://optimizationguide-pa.googleapis.com/v1:GetModels?key=dummytoken
[34752:33892:0606/171008.596:VERBOSE1:device_event_log_impl.cc(198)] [17:10:08.597] Display: EVENT: screen_win.cc:893 Displays updated, count: 1
[34752:33892:0606/171008.596:VERBOSE1:device_event_log_impl.cc(198)] [17:10:08.597] Display: EVENT: screen_win.cc:895 Display[1310152881] bounds=[0,0 1707x1067], workarea=[0,0 1707x1019], scale=1.5, rotation=0, panel_rotation=0 external detected
[34752:33892:0606/171028.469:VERBOSE1:device_event_log_impl.cc(198)] [17:10:28.468] Display: EVENT: screen_win.cc:893 Displays updated, count: 1
[34752:33892:0606/171028.469:VERBOSE1:device_event_log_impl.cc(198)] [17:10:28.468] Display: EVENT: screen_win.cc:895 Display[1310152881] bounds=[0,0 1707x1067], workarea=[0,0 1707x1019], scale=1.5, rotation=0, panel_rotation=0 external detected
[408:33060:0606/171054.461:VERBOSE1:network_delegate.cc(36)] NetworkDelegate::NotifyBeforeURLRequest: https://optimizationguide-pa.googleapis.com/v1:GetModels?key=dummytoken
[34752:33892:0606/171056.428:VERBOSE1:device_event_log_impl.cc(198)] [17:10:56.429] Display: EVENT: screen_win.cc:893 Displays updated, count: 1
[34752:33892:0606/171056.428:VERBOSE1:device_event_log_impl.cc(198)] [17:10:56.429] Display: EVENT: screen_win.cc:895 Display[1310152881] bounds=[0,0 1707x1067], workarea=[0,0 1707x1019], scale=1.5, rotation=0, panel_rotation=0 external detected
[34752:33892:0606/171104.007:VERBOSE1:device_event_log_impl.cc(198)] [17:11:04.006] Display: EVENT: screen_win.cc:893 Displays updated, count: 1
[34752:33892:0606/171104.007:VERBOSE1:device_event_log_impl.cc(198)] [17:11:04.006] Display: EVENT: screen_win.cc:895 Display[1310152881] bounds=[0,0 1707x1067], workarea=[0,0 1707x1019], scale=1.5, rotation=0, panel_rotation=0 external detected
[408:33060:0606/171337.670:VERBOSE1:network_delegate.cc(36)] NetworkDelegate::NotifyBeforeURLRequest: https://optimizationguide-pa.googleapis.com/v1:GetModels?key=dummytoken
[34752:33892:0606/171432.271:VERBOSE1:device_event_log_impl.cc(198)] [17:14:32.271] Display: EVENT: screen_win.cc:893 Displays updated, count: 1
[34752:33892:0606/171432.271:VERBOSE1:device_event_log_impl.cc(198)] [17:14:32.271] Display: EVENT: screen_win.cc:895 Display[1310152881] bounds=[0,0 1707x1067], workarea=[0,0 1707x1019], scale=1.5, rotation=0, panel_rotation=0 external detected
[408:33060:0606/171627.397:VERBOSE1:network_delegate.cc(36)] NetworkDelegate::NotifyBeforeURLRequest: https://optimizationguide-pa.googleapis.com/v1:GetModels?key=dummytoken
[408:33060:0606/171905.740:VERBOSE1:network_delegate.cc(36)] NetworkDelegate::NotifyBeforeURLRequest: https://optimizationguide-pa.googleapis.com/v1:GetModels?key=dummytoken
[408:33060:0606/172150.424:VERBOSE1:network_delegate.cc(36)] NetworkDelegate::NotifyBeforeURLRequest: https://optimizationguide-pa.googleapis.com/v1:GetModels?key=dummytoken
[34752:33892:0606/172155.648:VERBOSE1:device_event_log_impl.cc(198)] [17:21:55.648] Display: EVENT: screen_win.cc:893 Displays updated, count: 1
[34752:33892:0606/172155.648:VERBOSE1:device_event_log_impl.cc(198)] [17:21:55.648] Display: EVENT: screen_win.cc:895 Display[1310152881] bounds=[0,0 1707x1067], workarea=[0,0 1707x1019], scale=1.5, rotation=0, panel_rotation=0 external detected
[34752:33892:0606/172309.846:VERBOSE1:device_event_log_impl.cc(198)] [17:23:09.847] Display: EVENT: screen_win.cc:893 Displays updated, count: 1
[34752:33892:0606/172309.846:VERBOSE1:device_event_log_impl.cc(198)] [17:23:09.847] Display: EVENT: screen_win.cc:895 Display[1310152881] bounds=[0,0 1707x1067], workarea=[0,0 1707x1019], scale=1.5, rotation=0, panel_rotation=0 external detected
[34752:33892:0606/172352.064:VERBOSE1:device_event_log_impl.cc(198)] [17:23:52.064] Display: EVENT: screen_win.cc:893 Displays updated, count: 1
[34752:33892:0606/172352.064:VERBOSE1:device_event_log_impl.cc(198)] [17:23:52.065] Display: EVENT: screen_win.cc:895 Display[1310152881] bounds=[0,0 1707x1067], workarea=[0,0 1707x1019], scale=1.5, rotation=0, panel_rotation=0 external detected
[34752:33892:0606/172421.045:VERBOSE1:device_event_log_impl.cc(198)] [17:24:21.045] Display: EVENT: screen_win.cc:893 Displays updated, count: 1
[34752:33892:0606/172421.045:VERBOSE1:device_event_log_impl.cc(198)] [17:24:21.045] Display: EVENT: screen_win.cc:895 Display[1310152881] bounds=[0,0 1707x1067], workarea=[0,0 1707x1019], scale=1.5, rotation=0, panel_rotation=0 external detected
[34752:33892:0606/172433.715:VERBOSE1:device_event_log_impl.cc(198)] [17:24:33.714] Display: EVENT: screen_win.cc:893 Displays updated, count: 1
[34752:33892:0606/172433.715:VERBOSE1:device_event_log_impl.cc(198)] [17:24:33.714] Display: EVENT: screen_win.cc:895 Display[1310152881] bounds=[0,0 1707x1067], workarea=[0,0 1707x1019], scale=1.5, rotation=0, panel_rotation=0 external detected
[408:33060:0606/172441.068:VERBOSE1:network_delegate.cc(36)] NetworkDelegate::NotifyBeforeURLRequest: https://optimizationguide-pa.googleapis.com/v1:GetModels?key=dummytoken
[34752:33892:0606/172513.744:VERBOSE1:device_event_log_impl.cc(198)] [17:25:13.744] Display: EVENT: screen_win.cc:893 Displays updated, count: 1
[34752:33892:0606/172513.744:VERBOSE1:device_event_log_impl.cc(198)] [17:25:13.744] Display: EVENT: screen_win.cc:895 Display[1310152881] bounds=[0,0 1707x1067], workarea=[0,0 1707x1019], scale=1.5, rotation=0, panel_rotation=0 external detected
[34752:33892:0606/172605.688:VERBOSE1:device_event_log_impl.cc(198)] [17:26:05.688] Display: EVENT: screen_win.cc:893 Displays updated, count: 1
[34752:33892:0606/172605.688:VERBOSE1:device_event_log_impl.cc(198)] [17:26:05.688] Display: EVENT: screen_win.cc:895 Display[1310152881] bounds=[0,0 1707x1067], workarea=[0,0 1707x1019], scale=1.5, rotation=0, panel_rotation=0 external detected
[34752:33892:0606/172636.534:VERBOSE1:device_event_log_impl.cc(198)] [17:26:36.534] Display: EVENT: screen_win.cc:893 Displays updated, count: 1
[34752:33892:0606/172636.535:VERBOSE1:device_event_log_impl.cc(198)] [17:26:36.535] Display: EVENT: screen_win.cc:895 Display[1310152881] bounds=[0,0 1707x1067], workarea=[0,0 1707x1019], scale=1.5, rotation=0, panel_rotation=0 external detected
[34752:33892:0606/172702.681:VERBOSE1:device_event_log_impl.cc(198)] [17:27:02.681] Display: EVENT: screen_win.cc:893 Displays updated, count: 1
[34752:33892:0606/172702.681:VERBOSE1:device_event_log_impl.cc(198)] [17:27:02.681] Display: EVENT: screen_win.cc:895 Display[1310152881] bounds=[0,0 1707x1067], workarea=[0,0 1707x1019], scale=1.5, rotation=0, panel_rotation=0 external detected
[408:33060:0606/172720.051:VERBOSE1:network_delegate.cc(36)] NetworkDelegate::NotifyBeforeURLRequest: https://optimizationguide-pa.googleapis.com/v1:GetModels?key=dummytoken
[34752:33892:0606/172742.462:VERBOSE1:device_event_log_impl.cc(198)] [17:27:42.462] Display: EVENT: screen_win.cc:893 Displays updated, count: 1
[34752:33892:0606/172742.462:VERBOSE1:device_event_log_impl.cc(198)] [17:27:42.462] Display: EVENT: screen_win.cc:895 Display[1310152881] bounds=[0,0 1707x1067], workarea=[0,0 1707x1019], scale=1.5, rotation=0, panel_rotation=0 external detected
[408:33060:0606/172956.637:VERBOSE1:network_delegate.cc(36)] NetworkDelegate::NotifyBeforeURLRequest: https://optimizationguide-pa.googleapis.com/v1:GetModels?key=dummytoken
[34752:33892:0606/173110.902:VERBOSE1:device_event_log_impl.cc(198)] [17:31:10.902] Display: EVENT: screen_win.cc:893 Displays updated, count: 1
[34752:33892:0606/173110.902:VERBOSE1:device_event_log_impl.cc(198)] [17:31:10.902] Display: EVENT: screen_win.cc:895 Display[1310152881] bounds=[0,0 1707x1067], workarea=[0,0 1707x1019], scale=1.5, rotation=0, panel_rotation=0 external detected
[34752:33892:0606/173119.603:VERBOSE1:device_event_log_impl.cc(198)] [17:31:19.604] Display: EVENT: screen_win.cc:893 Displays updated, count: 1
[34752:33892:0606/173119.603:VERBOSE1:device_event_log_impl.cc(198)] [17:31:19.604] Display: EVENT: screen_win.cc:895 Display[1310152881] bounds=[0,0 1707x1067], workarea=[0,0 1707x1019], scale=1.5, rotation=0, panel_rotation=0 external detected
[34752:33892:0606/173143.498:VERBOSE1:profile_manager.cc(1325)] AddKeepAlive(Default, kExtensionUpdater). keep_alives=[kWaitingForFirstBrowserWindow (1), kAppWindow (1), kExtensionUpdater (1)]
[34752:33892:0606/173143.498:VERBOSE1:profile_manager.cc(1377)] RemoveKeepAlive(Default, kExtensionUpdater). keep_alives=[kWaitingForFirstBrowserWindow (1), kAppWindow (1)]
[34752:33892:0606/173201.029:VERBOSE1:device_event_log_impl.cc(198)] [17:32:01.029] Display: EVENT: screen_win.cc:893 Displays updated, count: 1
[34752:33892:0606/173201.029:VERBOSE1:device_event_log_impl.cc(198)] [17:32:01.029] Display: EVENT: screen_win.cc:895 Display[1310152881] bounds=[0,0 1707x1067], workarea=[0,0 1707x1019], scale=1.5, rotation=0, panel_rotation=0 external detected
[408:33060:0606/173235.173:VERBOSE1:network_delegate.cc(36)] NetworkDelegate::NotifyBeforeURLRequest: https://optimizationguide-pa.googleapis.com/v1:GetModels?key=dummytoken
[34752:33892:0606/173256.223:VERBOSE1:device_event_log_impl.cc(198)] [17:32:56.223] Display: EVENT: screen_win.cc:893 Displays updated, count: 1
[34752:33892:0606/173256.223:VERBOSE1:device_event_log_impl.cc(198)] [17:32:56.223] Display: EVENT: screen_win.cc:895 Display[1310152881] bounds=[0,0 1707x1067], workarea=[0,0 1707x1019], scale=1.5, rotation=0, panel_rotation=0 external detected
[34752:33892:0606/173258.261:VERBOSE1:device_event_log_impl.cc(198)] [17:32:58.261] Display: EVENT: screen_win.cc:893 Displays updated, count: 1
[34752:33892:0606/173258.261:VERBOSE1:device_event_log_impl.cc(198)] [17:32:58.261] Display: EVENT: screen_win.cc:895 Display[1310152881] bounds=[0,0 1707x1067], workarea=[0,0 1707x1019], scale=1.5, rotation=0, panel_rotation=0 external detected
[408:33060:0606/173533.428:VERBOSE1:network_delegate.cc(36)] NetworkDelegate::NotifyBeforeURLRequest: https://optimizationguide-pa.googleapis.com/v1:GetModels?key=dummytoken
[34752:34740:0606/173537.981:VERBOSE1:media_stream_manager.cc(1533)] MSPL::OnSpeedLimitChange({this=00004DFC000BED40}, {new_limit=83})
[34752:34740:0606/173538.989:VERBOSE1:media_stream_manager.cc(1533)] MSPL::OnSpeedLimitChange({this=00004DFC000BED40}, {new_limit=84})
[34752:34740:0606/173539.986:VERBOSE1:media_stream_manager.cc(1533)] MSPL::OnSpeedLimitChange({this=00004DFC000BED40}, {new_limit=85})
[34752:34740:0606/173540.973:VERBOSE1:media_stream_manager.cc(1533)] MSPL::OnSpeedLimitChange({this=00004DFC000BED40}, {new_limit=86})
[34752:34740:0606/173542.986:VERBOSE1:media_stream_manager.cc(1533)] MSPL::OnSpeedLimitChange({this=00004DFC000BED40}, {new_limit=87})
[34752:34740:0606/173545.978:VERBOSE1:media_stream_manager.cc(1533)] MSPL::OnSpeedLimitChange({this=00004DFC000BED40}, {new_limit=86})
[34752:34740:0606/173549.985:VERBOSE1:media_stream_manager.cc(1533)] MSPL::OnSpeedLimitChange({this=00004DFC000BED40}, {new_limit=100})
[408:33060:0606/173817.688:VERBOSE1:network_delegate.cc(36)] NetworkDelegate::NotifyBeforeURLRequest: https://optimizationguide-pa.googleapis.com/v1:GetModels?key=dummytoken
[408:33060:0606/174049.474:VERBOSE1:network_delegate.cc(36)] NetworkDelegate::NotifyBeforeURLRequest: https://optimizationguide-pa.googleapis.com/v1:GetModels?key=dummytoken
[34752:33892:0606/174300.735:VERBOSE1:device_event_log_impl.cc(198)] [17:43:00.735] Display: EVENT: screen_win.cc:893 Displays updated, count: 1
[34752:33892:0606/174300.735:VERBOSE1:device_event_log_impl.cc(198)] [17:43:00.735] Display: EVENT: screen_win.cc:895 Display[1310152881] bounds=[0,0 1707x1067], workarea=[0,0 1707x1019], scale=1.5, rotation=0, panel_rotation=0 external detected
[408:33060:0606/174342.669:VERBOSE1:network_delegate.cc(36)] NetworkDelegate::NotifyBeforeURLRequest: https://optimizationguide-pa.googleapis.com/v1:GetModels?key=dummytoken
[34752:33892:0606/174604.022:VERBOSE1:device_event_log_impl.cc(198)] [17:46:04.022] Display: EVENT: screen_win.cc:893 Displays updated, count: 1
[34752:33892:0606/174604.022:VERBOSE1:device_event_log_impl.cc(198)] [17:46:04.022] Display: EVENT: screen_win.cc:895 Display[1310152881] bounds=[0,0 1707x1067], workarea=[0,0 1707x1019], scale=1.5, rotation=0, panel_rotation=0 external detected
[34752:33892:0606/174616.390:VERBOSE1:device_event_log_impl.cc(198)] [17:46:16.390] Display: EVENT: screen_win.cc:893 Displays updated, count: 1
[34752:33892:0606/174616.390:VERBOSE1:device_event_log_impl.cc(198)] [17:46:16.390] Display: EVENT: screen_win.cc:895 Display[1310152881] bounds=[0,0 1707x1067], workarea=[0,0 1707x1019], scale=1.5, rotation=0, panel_rotation=0 external detected
[408:33060:0606/174639.432:VERBOSE1:network_delegate.cc(36)] NetworkDelegate::NotifyBeforeURLRequest: https://optimizationguide-pa.googleapis.com/v1:GetModels?key=dummytoken
[34752:33892:0606/174904.925:VERBOSE1:device_event_log_impl.cc(198)] [17:49:04.926] Display: EVENT: screen_win.cc:893 Displays updated, count: 1
[34752:33892:0606/174904.925:VERBOSE1:device_event_log_impl.cc(198)] [17:49:04.926] Display: EVENT: screen_win.cc:895 Display[1310152881] bounds=[0,0 1707x1067], workarea=[0,0 1707x1019], scale=1.5, rotation=0, panel_rotation=0 external detected
[408:33060:0606/174931.623:VERBOSE1:network_delegate.cc(36)] NetworkDelegate::NotifyBeforeURLRequest: https://optimizationguide-pa.googleapis.com/v1:GetModels?key=dummytoken
[408:33060:0606/175204.547:VERBOSE1:network_delegate.cc(36)] NetworkDelegate::NotifyBeforeURLRequest: https://optimizationguide-pa.googleapis.com/v1:GetModels?key=dummytoken
[408:33060:0606/175448.227:VERBOSE1:network_delegate.cc(36)] NetworkDelegate::NotifyBeforeURLRequest: https://optimizationguide-pa.googleapis.com/v1:GetModels?key=dummytoken
[408:33060:0606/175732.782:VERBOSE1:network_delegate.cc(36)] NetworkDelegate::NotifyBeforeURLRequest: https://optimizationguide-pa.googleapis.com/v1:GetModels?key=dummytoken
[34752:33892:0606/175836.047:VERBOSE1:device_event_log_impl.cc(198)] [17:58:36.047] Display: EVENT: screen_win.cc:893 Displays updated, count: 1
[34752:33892:0606/175836.047:VERBOSE1:device_event_log_impl.cc(198)] [17:58:36.047] Display: EVENT: screen_win.cc:895 Display[1310152881] bounds=[0,0 1707x1067], workarea=[0,0 1707x1019], scale=1.5, rotation=0, panel_rotation=0 external detected
[408:33060:0606/180005.110:VERBOSE1:network_delegate.cc(36)] NetworkDelegate::NotifyBeforeURLRequest: https://optimizationguide-pa.googleapis.com/v1:GetModels?key=dummytoken
[408:33060:0606/180242.674:VERBOSE1:network_delegate.cc(36)] NetworkDelegate::NotifyBeforeURLRequest: https://optimizationguide-pa.googleapis.com/v1:GetModels?key=dummytoken
[408:33060:0606/180523.998:VERBOSE1:network_delegate.cc(36)] NetworkDelegate::NotifyBeforeURLRequest: https://optimizationguide-pa.googleapis.com/v1:GetModels?key=dummytoken
[408:33060:0606/180823.201:VERBOSE1:network_delegate.cc(36)] NetworkDelegate::NotifyBeforeURLRequest: https://optimizationguide-pa.googleapis.com/v1:GetModels?key=dummytoken
[408:33060:0606/181057.631:VERBOSE1:network_delegate.cc(36)] NetworkDelegate::NotifyBeforeURLRequest: https://optimizationguide-pa.googleapis.com/v1:GetModels?key=dummytoken
[34752:33892:0606/181234.072:VERBOSE1:device_event_log_impl.cc(198)] [18:12:34.072] Display: EVENT: screen_win.cc:893 Displays updated, count: 1
[34752:33892:0606/181234.072:VERBOSE1:device_event_log_impl.cc(198)] [18:12:34.072] Display: EVENT: screen_win.cc:895 Display[1310152881] bounds=[0,0 1707x1067], workarea=[0,0 1707x1019], scale=1.5, rotation=0, panel_rotation=0 external detected
[34752:33892:0606/181241.860:VERBOSE1:device_event_log_impl.cc(198)] [18:12:41.860] Display: EVENT: screen_win.cc:893 Displays updated, count: 1
[34752:33892:0606/181241.860:VERBOSE1:device_event_log_impl.cc(198)] [18:12:41.860] Display: EVENT: screen_win.cc:895 Display[1310152881] bounds=[0,0 1707x1067], workarea=[0,0 1707x1019], scale=1.5, rotation=0, panel_rotation=0 external detected
[34752:33892:0606/181246.833:VERBOSE1:device_event_log_impl.cc(198)] [18:12:46.834] Display: EVENT: screen_win.cc:893 Displays updated, count: 1
[34752:33892:0606/181246.833:VERBOSE1:device_event_log_impl.cc(198)] [18:12:46.834] Display: EVENT: screen_win.cc:895 Display[1310152881] bounds=[0,0 1707x1067], workarea=[0,0 1707x1019], scale=1.5, rotation=0, panel_rotation=0 external detected
[34752:33892:0606/181328.515:VERBOSE1:device_event_log_impl.cc(198)] [18:13:28.515] Display: EVENT: screen_win.cc:893 Displays updated, count: 1
[34752:33892:0606/181328.515:VERBOSE1:device_event_log_impl.cc(198)] [18:13:28.515] Display: EVENT: screen_win.cc:895 Display[1310152881] bounds=[0,0 1707x1067], workarea=[0,0 1707x1019], scale=1.5, rotation=0, panel_rotation=0 external detected
[408:33060:0606/181333.591:VERBOSE1:network_delegate.cc(36)] NetworkDelegate::NotifyBeforeURLRequest: https://optimizationguide-pa.googleapis.com/v1:GetModels?key=dummytoken
[34752:33892:0606/181349.107:VERBOSE1:device_event_log_impl.cc(198)] [18:13:49.107] Display: EVENT: screen_win.cc:893 Displays updated, count: 1
[34752:33892:0606/181349.107:VERBOSE1:device_event_log_impl.cc(198)] [18:13:49.107] Display: EVENT: screen_win.cc:895 Display[1310152881] bounds=[0,0 1707x1067], workarea=[0,0 1707x1019], scale=1.5, rotation=0, panel_rotation=0 external detected
[408:33060:0606/181619.892:VERBOSE1:network_delegate.cc(36)] NetworkDelegate::NotifyBeforeURLRequest: https://optimizationguide-pa.googleapis.com/v1:GetModels?key=dummytoken
[408:33060:0606/181902.250:VERBOSE1:network_delegate.cc(36)] NetworkDelegate::NotifyBeforeURLRequest: https://optimizationguide-pa.googleapis.com/v1:GetModels?key=dummytoken
[408:33060:0606/182138.271:VERBOSE1:network_delegate.cc(36)] NetworkDelegate::NotifyBeforeURLRequest: https://optimizationguide-pa.googleapis.com/v1:GetModels?key=dummytoken
[408:33060:0606/182421.957:VERBOSE1:network_delegate.cc(36)] NetworkDelegate::NotifyBeforeURLRequest: https://optimizationguide-pa.googleapis.com/v1:GetModels?key=dummytoken
[408:33060:0606/182710.981:VERBOSE1:network_delegate.cc(36)] NetworkDelegate::NotifyBeforeURLRequest: https://optimizationguide-pa.googleapis.com/v1:GetModels?key=dummytoken
[408:33060:0606/182949.335:VERBOSE1:network_delegate.cc(36)] NetworkDelegate::NotifyBeforeURLRequest: https://optimizationguide-pa.googleapis.com/v1:GetModels?key=dummytoken
[408:33060:0606/183243.365:VERBOSE1:network_delegate.cc(36)] NetworkDelegate::NotifyBeforeURLRequest: https://optimizationguide-pa.googleapis.com/v1:GetModels?key=dummytoken
[34752:33892:0606/183518.626:VERBOSE1:device_event_log_impl.cc(198)] [18:35:18.626] Display: EVENT: screen_win.cc:893 Displays updated, count: 1
[34752:33892:0606/183518.626:VERBOSE1:device_event_log_impl.cc(198)] [18:35:18.626] Display: EVENT: screen_win.cc:895 Display[1310152881] bounds=[0,0 1707x1067], workarea=[0,0 1707x1019], scale=1.5, rotation=0, panel_rotation=0 external detected
[408:33060:0606/183526.364:VERBOSE1:network_delegate.cc(36)] NetworkDelegate::NotifyBeforeURLRequest: https://optimizationguide-pa.googleapis.com/v1:GetModels?key=dummytoken
[34752:33892:0606/183535.608:VERBOSE1:device_event_log_impl.cc(198)] [18:35:35.608] Display: EVENT: screen_win.cc:893 Displays updated, count: 1
[34752:33892:0606/183535.608:VERBOSE1:device_event_log_impl.cc(198)] [18:35:35.608] Display: EVENT: screen_win.cc:895 Display[1310152881] bounds=[0,0 1707x1067], workarea=[0,0 1707x1019], scale=1.5, rotation=0, panel_rotation=0 external detected
[34752:33892:0606/183541.364:VERBOSE1:device_event_log_impl.cc(198)] [18:35:41.365] Display: EVENT: screen_win.cc:893 Displays updated, count: 1
[34752:33892:0606/183541.364:VERBOSE1:device_event_log_impl.cc(198)] [18:35:41.365] Display: EVENT: screen_win.cc:895 Display[1310152881] bounds=[0,0 1707x1067], workarea=[0,0 1707x1019], scale=1.5, rotation=0, panel_rotation=0 external detected
[34752:33892:0606/183557.818:VERBOSE1:device_event_log_impl.cc(198)] [18:35:57.819] Display: EVENT: screen_win.cc:893 Displays updated, count: 1
[34752:33892:0606/183557.818:VERBOSE1:device_event_log_impl.cc(198)] [18:35:57.820] Display: EVENT: screen_win.cc:895 Display[1310152881] bounds=[0,0 1707x1067], workarea=[0,0 1707x1019], scale=1.5, rotation=0, panel_rotation=0 external detected
[34752:33892:0606/183603.104:VERBOSE1:device_event_log_impl.cc(198)] [18:36:03.105] Display: EVENT: screen_win.cc:893 Displays updated, count: 1
[34752:33892:0606/183603.104:VERBOSE1:device_event_log_impl.cc(198)] [18:36:03.105] Display: EVENT: screen_win.cc:895 Display[1310152881] bounds=[0,0 1707x1067], workarea=[0,0 1707x1019], scale=1.5, rotation=0, panel_rotation=0 external detected
[34752:33892:0606/183713.168:VERBOSE1:device_event_log_impl.cc(198)] [18:37:13.168] Display: EVENT: screen_win.cc:893 Displays updated, count: 1
[34752:33892:0606/183713.168:VERBOSE1:device_event_log_impl.cc(198)] [18:37:13.168] Display: EVENT: screen_win.cc:895 Display[1310152881] bounds=[0,0 1707x1067], workarea=[0,0 1707x1019], scale=1.5, rotation=0, panel_rotation=0 external detected
[408:33060:0606/183803.057:VERBOSE1:network_delegate.cc(36)] NetworkDelegate::NotifyBeforeURLRequest: https://optimizationguide-pa.googleapis.com/v1:GetModels?key=dummytoken
[408:33060:0606/184043.419:VERBOSE1:network_delegate.cc(36)] NetworkDelegate::NotifyBeforeURLRequest: https://optimizationguide-pa.googleapis.com/v1:GetModels?key=dummytoken
[34752:33892:0606/184112.220:VERBOSE1:device_event_log_impl.cc(198)] [18:41:12.220] Display: EVENT: screen_win.cc:893 Displays updated, count: 1
[34752:33892:0606/184112.220:VERBOSE1:device_event_log_impl.cc(198)] [18:41:12.221] Display: EVENT: screen_win.cc:895 Display[1310152881] bounds=[0,0 1707x1067], workarea=[0,0 1707x1019], scale=1.5, rotation=0, panel_rotation=0 external detected
[408:33060:0606/184336.900:VERBOSE1:network_delegate.cc(36)] NetworkDelegate::NotifyBeforeURLRequest: https://optimizationguide-pa.googleapis.com/v1:GetModels?key=dummytoken
[408:33060:0606/184615.014:VERBOSE1:network_delegate.cc(36)] NetworkDelegate::NotifyBeforeURLRequest: https://optimizationguide-pa.googleapis.com/v1:GetModels?key=dummytoken
[34752:33892:0606/184711.752:VERBOSE1:device_event_log_impl.cc(198)] [18:47:11.752] Display: EVENT: screen_win.cc:893 Displays updated, count: 1
[34752:33892:0606/184711.753:VERBOSE1:device_event_log_impl.cc(198)] [18:47:11.753] Display: EVENT: screen_win.cc:895 Display[1310152881] bounds=[0,0 1707x1067], workarea=[0,0 1707x1019], scale=1.5, rotation=0, panel_rotation=0 external detected
[408:33060:0606/184909.704:VERBOSE1:network_delegate.cc(36)] NetworkDelegate::NotifyBeforeURLRequest: https://optimizationguide-pa.googleapis.com/v1:GetModels?key=dummytoken
[408:33060:0606/185142.107:VERBOSE1:network_delegate.cc(36)] NetworkDelegate::NotifyBeforeURLRequest: https://optimizationguide-pa.googleapis.com/v1:GetModels?key=dummytoken
[34752:34740:0606/185258.031:VERBOSE1:media_stream_manager.cc(1533)] MSPL::OnSpeedLimitChange({this=00004DFC000BED40}, {new_limit=88})
[34752:34740:0606/185300.031:VERBOSE1:media_stream_manager.cc(1533)] MSPL::OnSpeedLimitChange({this=00004DFC000BED40}, {new_limit=100})
[34752:34740:0606/185315.047:VERBOSE1:media_stream_manager.cc(1533)] MSPL::OnSpeedLimitChange({this=00004DFC000BED40}, {new_limit=88})
[34752:34740:0606/185329.050:VERBOSE1:media_stream_manager.cc(1533)] MSPL::OnSpeedLimitChange({this=00004DFC000BED40}, {new_limit=85})
[34752:34740:0606/185330.050:VERBOSE1:media_stream_manager.cc(1533)] MSPL::OnSpeedLimitChange({this=00004DFC000BED40}, {new_limit=84})
[34752:34740:0606/185333.048:VERBOSE1:media_stream_manager.cc(1533)] MSPL::OnSpeedLimitChange({this=00004DFC000BED40}, {new_limit=83})
[34752:34740:0606/185337.048:VERBOSE1:media_stream_manager.cc(1533)] MSPL::OnSpeedLimitChange({this=00004DFC000BED40}, {new_limit=84})
[34752:34740:0606/185339.048:VERBOSE1:media_stream_manager.cc(1533)] MSPL::OnSpeedLimitChange({this=00004DFC000BED40}, {new_limit=87})
[34752:34740:0606/185340.049:VERBOSE1:media_stream_manager.cc(1533)] MSPL::OnSpeedLimitChange({this=00004DFC000BED40}, {new_limit=88})
[34752:34740:0606/185342.049:VERBOSE1:media_stream_manager.cc(1533)] MSPL::OnSpeedLimitChange({this=00004DFC000BED40}, {new_limit=100})
[408:33060:0606/185422.986:VERBOSE1:network_delegate.cc(36)] NetworkDelegate::NotifyBeforeURLRequest: https://optimizationguide-pa.googleapis.com/v1:GetModels?key=dummytoken
[34752:34740:0606/185425.085:VERBOSE1:media_stream_manager.cc(1533)] MSPL::OnSpeedLimitChange({this=00004DFC000BED40}, {new_limit=84})
[34752:34740:0606/185426.086:VERBOSE1:media_stream_manager.cc(1533)] MSPL::OnSpeedLimitChange({this=00004DFC000BED40}, {new_limit=85})
[34752:34740:0606/185427.085:VERBOSE1:media_stream_manager.cc(1533)] MSPL::OnSpeedLimitChange({this=00004DFC000BED40}, {new_limit=86})
[34752:34740:0606/185429.085:VERBOSE1:media_stream_manager.cc(1533)] MSPL::OnSpeedLimitChange({this=00004DFC000BED40}, {new_limit=85})
[34752:34740:0606/185435.085:VERBOSE1:media_stream_manager.cc(1533)] MSPL::OnSpeedLimitChange({this=00004DFC000BED40}, {new_limit=84})
[34752:34740:0606/185437.084:VERBOSE1:media_stream_manager.cc(1533)] MSPL::OnSpeedLimitChange({this=00004DFC000BED40}, {new_limit=83})
[34752:34740:0606/185438.086:VERBOSE1:media_stream_manager.cc(1533)] MSPL::OnSpeedLimitChange({this=00004DFC000BED40}, {new_limit=84})
[34752:34740:0606/185440.085:VERBOSE1:media_stream_manager.cc(1533)] MSPL::OnSpeedLimitChange({this=00004DFC000BED40}, {new_limit=85})
[34752:34740:0606/185445.086:VERBOSE1:media_stream_manager.cc(1533)] MSPL::OnSpeedLimitChange({this=00004DFC000BED40}, {new_limit=86})
[34752:34740:0606/185446.086:VERBOSE1:media_stream_manager.cc(1533)] MSPL::OnSpeedLimitChange({this=00004DFC000BED40}, {new_limit=85})
[34752:34740:0606/185449.103:VERBOSE1:media_stream_manager.cc(1533)] MSPL::OnSpeedLimitChange({this=00004DFC000BED40}, {new_limit=84})
[34752:34740:0606/185452.103:VERBOSE1:media_stream_manager.cc(1533)] MSPL::OnSpeedLimitChange({this=00004DFC000BED40}, {new_limit=83})
[34752:34740:0606/185454.104:VERBOSE1:media_stream_manager.cc(1533)] MSPL::OnSpeedLimitChange({this=00004DFC000BED40}, {new_limit=82})
[34752:34740:0606/185457.104:VERBOSE1:media_stream_manager.cc(1533)] MSPL::OnSpeedLimitChange({this=00004DFC000BED40}, {new_limit=83})
[34752:34740:0606/185509.106:VERBOSE1:media_stream_manager.cc(1533)] MSPL::OnSpeedLimitChange({this=00004DFC000BED40}, {new_limit=84})
[34752:34740:0606/185514.123:VERBOSE1:media_stream_manager.cc(1533)] MSPL::OnSpeedLimitChange({this=00004DFC000BED40}, {new_limit=85})
[34752:34740:0606/185526.123:VERBOSE1:media_stream_manager.cc(1533)] MSPL::OnSpeedLimitChange({this=00004DFC000BED40}, {new_limit=86})
[34752:34740:0606/185538.124:VERBOSE1:media_stream_manager.cc(1533)] MSPL::OnSpeedLimitChange({this=00004DFC000BED40}, {new_limit=87})
[34752:34740:0606/185554.129:VERBOSE1:media_stream_manager.cc(1533)] MSPL::OnSpeedLimitChange({this=00004DFC000BED40}, {new_limit=86})
[34752:34740:0606/185555.145:VERBOSE1:media_stream_manager.cc(1533)] MSPL::OnSpeedLimitChange({this=00004DFC000BED40}, {new_limit=85})
[34752:34740:0606/185558.144:VERBOSE1:media_stream_manager.cc(1533)] MSPL::OnSpeedLimitChange({this=00004DFC000BED40}, {new_limit=84})
[34752:34740:0606/185602.143:VERBOSE1:media_stream_manager.cc(1533)] MSPL::OnSpeedLimitChange({this=00004DFC000BED40}, {new_limit=83})
[34752:34740:0606/185604.143:VERBOSE1:media_stream_manager.cc(1533)] MSPL::OnSpeedLimitChange({this=00004DFC000BED40}, {new_limit=100})
[34752:34740:0606/185644.164:VERBOSE1:media_stream_manager.cc(1533)] MSPL::OnSpeedLimitChange({this=00004DFC000BED40}, {new_limit=85})
[34752:34740:0606/185645.164:VERBOSE1:media_stream_manager.cc(1533)] MSPL::OnSpeedLimitChange({this=00004DFC000BED40}, {new_limit=87})
[34752:34740:0606/185653.622:VERBOSE1:media_stream_manager.cc(1533)] MSPL::OnSpeedLimitChange({this=00004DFC000BED40}, {new_limit=100})
[34752:34740:0606/185703.184:VERBOSE1:media_stream_manager.cc(1533)] MSPL::OnSpeedLimitChange({this=00004DFC000BED40}, {new_limit=87})
[408:33060:0606/185711.985:VERBOSE1:network_delegate.cc(36)] NetworkDelegate::NotifyBeforeURLRequest: https://optimizationguide-pa.googleapis.com/v1:GetModels?key=dummytoken
[34752:34740:0606/185716.185:VERBOSE1:media_stream_manager.cc(1533)] MSPL::OnSpeedLimitChange({this=00004DFC000BED40}, {new_limit=88})
[34752:34740:0606/185722.186:VERBOSE1:media_stream_manager.cc(1533)] MSPL::OnSpeedLimitChange({this=00004DFC000BED40}, {new_limit=89})
[34752:34740:0606/185727.188:VERBOSE1:media_stream_manager.cc(1533)] MSPL::OnSpeedLimitChange({this=00004DFC000BED40}, {new_limit=88})
[34752:34740:0606/185729.189:VERBOSE1:media_stream_manager.cc(1533)] MSPL::OnSpeedLimitChange({this=00004DFC000BED40}, {new_limit=87})
[34752:34740:0606/185738.206:VERBOSE1:media_stream_manager.cc(1533)] MSPL::OnSpeedLimitChange({this=00004DFC000BED40}, {new_limit=88})
[34752:34740:0606/185747.275:VERBOSE1:media_stream_manager.cc(1533)] MSPL::OnSpeedLimitChange({this=00004DFC000BED40}, {new_limit=100})
[34752:33892:0606/185902.330:VERBOSE1:device_event_log_impl.cc(198)] [18:59:02.330] Display: EVENT: screen_win.cc:893 Displays updated, count: 1
[34752:33892:0606/185902.330:VERBOSE1:device_event_log_impl.cc(198)] [18:59:02.330] Display: EVENT: screen_win.cc:895 Display[1310152881] bounds=[0,0 1707x1067], workarea=[0,0 1707x1019], scale=1.5, rotation=0, panel_rotation=0 external detected
[408:33060:0606/185959.244:VERBOSE1:network_delegate.cc(36)] NetworkDelegate::NotifyBeforeURLRequest: https://optimizationguide-pa.googleapis.com/v1:GetModels?key=dummytoken
[34752:34740:0606/190135.373:VERBOSE1:media_stream_manager.cc(1533)] MSPL::OnSpeedLimitChange({this=00004DFC000BED40}, {new_limit=87})
[34752:34740:0606/190144.373:VERBOSE1:media_stream_manager.cc(1533)] MSPL::OnSpeedLimitChange({this=00004DFC000BED40}, {new_limit=88})
[34752:34740:0606/190149.532:VERBOSE1:media_stream_manager.cc(1533)] MSPL::OnSpeedLimitChange({this=00004DFC000BED40}, {new_limit=100})
[34752:33892:0606/190150.638:VERBOSE1:device_event_log_impl.cc(198)] [19:01:50.638] Display: EVENT: screen_win.cc:893 Displays updated, count: 1
[34752:33892:0606/190150.638:VERBOSE1:device_event_log_impl.cc(198)] [19:01:50.638] Display: EVENT: screen_win.cc:895 Display[1310152881] bounds=[0,0 1707x1067], workarea=[0,0 1707x1019], scale=1.5, rotation=0, panel_rotation=0 external detected
[34752:33892:0606/190209.456:VERBOSE1:device_event_log_impl.cc(198)] [19:02:09.456] Display: EVENT: screen_win.cc:893 Displays updated, count: 1
[34752:33892:0606/190209.456:VERBOSE1:device_event_log_impl.cc(198)] [19:02:09.456] Display: EVENT: screen_win.cc:895 Display[1310152881] bounds=[0,0 1707x1067], workarea=[0,0 1707x1019], scale=1.5, rotation=0, panel_rotation=0 external detected
[408:33060:0606/190231.212:VERBOSE1:network_delegate.cc(36)] NetworkDelegate::NotifyBeforeURLRequest: https://optimizationguide-pa.googleapis.com/v1:GetModels?key=dummytoken
[34752:33892:0606/190351.280:VERBOSE1:device_event_log_impl.cc(198)] [19:03:51.279] Display: EVENT: screen_win.cc:893 Displays updated, count: 1
[34752:33892:0606/190351.280:VERBOSE1:device_event_log_impl.cc(198)] [19:03:51.279] Display: EVENT: screen_win.cc:895 Display[1310152881] bounds=[0,0 1707x1067], workarea=[0,0 1707x1019], scale=1.5, rotation=0, panel_rotation=0 external detected
[34752:33892:0606/190353.913:VERBOSE1:device_event_log_impl.cc(198)] [19:03:53.913] Display: EVENT: screen_win.cc:893 Displays updated, count: 1
[34752:33892:0606/190353.913:VERBOSE1:device_event_log_impl.cc(198)] [19:03:53.913] Display: EVENT: screen_win.cc:895 Display[1310152881] bounds=[0,0 1707x1067], workarea=[0,0 1707x1019], scale=1.5, rotation=0, panel_rotation=0 external detected
[408:33060:0606/190501.994:VERBOSE1:network_delegate.cc(36)] NetworkDelegate::NotifyBeforeURLRequest: https://optimizationguide-pa.googleapis.com/v1:GetModels?key=dummytoken
[408:33060:0606/190752.681:VERBOSE1:network_delegate.cc(36)] NetworkDelegate::NotifyBeforeURLRequest: https://optimizationguide-pa.googleapis.com/v1:GetModels?key=dummytoken
[408:33060:0606/191047.703:VERBOSE1:network_delegate.cc(36)] NetworkDelegate::NotifyBeforeURLRequest: https://optimizationguide-pa.googleapis.com/v1:GetModels?key=dummytoken
[34752:33892:0606/191256.005:VERBOSE1:device_event_log_impl.cc(198)] [19:12:56.006] Display: EVENT: screen_win.cc:893 Displays updated, count: 1
[34752:33892:0606/191256.006:VERBOSE1:device_event_log_impl.cc(198)] [19:12:56.006] Display: EVENT: screen_win.cc:895 Display[1310152881] bounds=[0,0 1707x1067], workarea=[0,0 1707x1019], scale=1.5, rotation=0, panel_rotation=0 external detected
[408:33060:0606/191339.951:VERBOSE1:network_delegate.cc(36)] NetworkDelegate::NotifyBeforeURLRequest: https://optimizationguide-pa.googleapis.com/v1:GetModels?key=dummytoken
[408:33060:0606/191618.848:VERBOSE1:network_delegate.cc(36)] NetworkDelegate::NotifyBeforeURLRequest: https://optimizationguide-pa.googleapis.com/v1:GetModels?key=dummytoken
[408:33060:0606/191914.675:VERBOSE1:network_delegate.cc(36)] NetworkDelegate::NotifyBeforeURLRequest: https://optimizationguide-pa.googleapis.com/v1:GetModels?key=dummytoken
[34752:33892:0606/192038.138:VERBOSE1:device_event_log_impl.cc(198)] [19:20:38.138] Display: EVENT: screen_win.cc:893 Displays updated, count: 1
[34752:33892:0606/192038.139:VERBOSE1:device_event_log_impl.cc(198)] [19:20:38.138] Display: EVENT: screen_win.cc:895 Display[1310152881] bounds=[0,0 1707x1067], workarea=[0,0 1707x1019], scale=1.5, rotation=0, panel_rotation=0 external detected
[408:33060:0606/192152.125:VERBOSE1:network_delegate.cc(36)] NetworkDelegate::NotifyBeforeURLRequest: https://optimizationguide-pa.googleapis.com/v1:GetModels?key=dummytoken
[34752:33892:0606/192152.404:VERBOSE1:device_event_log_impl.cc(198)] [19:21:52.404] Display: EVENT: screen_win.cc:893 Displays updated, count: 1
[34752:33892:0606/192152.404:VERBOSE1:device_event_log_impl.cc(198)] [19:21:52.404] Display: EVENT: screen_win.cc:895 Display[1310152881] bounds=[0,0 1707x1067], workarea=[0,0 1707x1019], scale=1.5, rotation=0, panel_rotation=0 external detected
[34752:33892:0606/192240.466:VERBOSE1:device_event_log_impl.cc(198)] [19:22:40.465] Display: EVENT: screen_win.cc:893 Displays updated, count: 1
[34752:33892:0606/192240.466:VERBOSE1:device_event_log_impl.cc(198)] [19:22:40.465] Display: EVENT: screen_win.cc:895 Display[1310152881] bounds=[0,0 1707x1067], workarea=[0,0 1707x1019], scale=1.5, rotation=0, panel_rotation=0 external detected
[34752:33892:0606/192255.717:VERBOSE1:device_event_log_impl.cc(198)] [19:22:55.717] Display: EVENT: screen_win.cc:893 Displays updated, count: 1
[34752:33892:0606/192255.717:VERBOSE1:device_event_log_impl.cc(198)] [19:22:55.717] Display: EVENT: screen_win.cc:895 Display[1310152881] bounds=[0,0 1707x1067], workarea=[0,0 1707x1019], scale=1.5, rotation=0, panel_rotation=0 external detected
[408:33060:0606/192440.066:VERBOSE1:network_delegate.cc(36)] NetworkDelegate::NotifyBeforeURLRequest: https://optimizationguide-pa.googleapis.com/v1:GetModels?key=dummytoken
[34752:33892:0606/192512.904:VERBOSE1:device_event_log_impl.cc(198)] [19:25:12.903] Display: EVENT: screen_win.cc:893 Displays updated, count: 1
[34752:33892:0606/192512.904:VERBOSE1:device_event_log_impl.cc(198)] [19:25:12.905] Display: EVENT: screen_win.cc:895 Display[1310152881] bounds=[0,0 1707x1067], workarea=[0,0 1707x1019], scale=1.5, rotation=0, panel_rotation=0 external detected
[34752:33892:0606/192546.190:VERBOSE1:device_event_log_impl.cc(198)] [19:25:46.191] Display: EVENT: screen_win.cc:893 Displays updated, count: 1
[34752:33892:0606/192546.190:VERBOSE1:device_event_log_impl.cc(198)] [19:25:46.191] Display: EVENT: screen_win.cc:895 Display[1310152881] bounds=[0,0 1707x1067], workarea=[0,0 1707x1019], scale=1.5, rotation=0, panel_rotation=0 external detected
[34752:33892:0606/192620.783:VERBOSE1:device_event_log_impl.cc(198)] [19:26:20.783] Display: EVENT: screen_win.cc:893 Displays updated, count: 1
[34752:33892:0606/192620.783:VERBOSE1:device_event_log_impl.cc(198)] [19:26:20.783] Display: EVENT: screen_win.cc:895 Display[1310152881] bounds=[0,0 1707x1067], workarea=[0,0 1707x1019], scale=1.5, rotation=0, panel_rotation=0 external detected
[34752:33892:0606/192632.023:VERBOSE1:device_event_log_impl.cc(198)] [19:26:32.023] Display: EVENT: screen_win.cc:893 Displays updated, count: 1
[34752:33892:0606/192632.024:VERBOSE1:device_event_log_impl.cc(198)] [19:26:32.023] Display: EVENT: screen_win.cc:895 Display[1310152881] bounds=[0,0 1707x1067], workarea=[0,0 1707x1019], scale=1.5, rotation=0, panel_rotation=0 external detected
[408:33060:0606/192720.921:VERBOSE1:network_delegate.cc(36)] NetworkDelegate::NotifyBeforeURLRequest: https://optimizationguide-pa.googleapis.com/v1:GetModels?key=dummytoken
[34752:33892:0606/192802.341:VERBOSE1:device_event_log_impl.cc(198)] [19:28:02.341] Display: EVENT: screen_win.cc:893 Displays updated, count: 1
[34752:33892:0606/192802.341:VERBOSE1:device_event_log_impl.cc(198)] [19:28:02.341] Display: EVENT: screen_win.cc:895 Display[1310152881] bounds=[0,0 1707x1067], workarea=[0,0 1707x1019], scale=1.5, rotation=0, panel_rotation=0 external detected
[34752:33892:0606/192826.849:VERBOSE1:device_event_log_impl.cc(198)] [19:28:26.849] Display: EVENT: screen_win.cc:893 Displays updated, count: 1
[34752:33892:0606/192826.849:VERBOSE1:device_event_log_impl.cc(198)] [19:28:26.849] Display: EVENT: screen_win.cc:895 Display[1310152881] bounds=[0,0 1707x1067], workarea=[0,0 1707x1019], scale=1.5, rotation=0, panel_rotation=0 external detected
[34752:33892:0606/192854.145:VERBOSE1:device_event_log_impl.cc(198)] [19:28:54.145] Display: EVENT: screen_win.cc:893 Displays updated, count: 1
[34752:33892:0606/192854.145:VERBOSE1:device_event_log_impl.cc(198)] [19:28:54.145] Display: EVENT: screen_win.cc:895 Display[1310152881] bounds=[0,0 1707x1067], workarea=[0,0 1707x1019], scale=1.5, rotation=0, panel_rotation=0 external detected
[34752:33892:0606/192902.003:VERBOSE1:device_event_log_impl.cc(198)] [19:29:02.003] Display: EVENT: screen_win.cc:893 Displays updated, count: 1
[34752:33892:0606/192902.003:VERBOSE1:device_event_log_impl.cc(198)] [19:29:02.003] Display: EVENT: screen_win.cc:895 Display[1310152881] bounds=[0,0 1707x1067], workarea=[0,0 1707x1019], scale=1.5, rotation=0, panel_rotation=0 external detected
[34752:33892:0606/192937.737:VERBOSE1:device_event_log_impl.cc(198)] [19:29:37.736] Display: EVENT: screen_win.cc:893 Displays updated, count: 1
[34752:33892:0606/192937.737:VERBOSE1:device_event_log_impl.cc(198)] [19:29:37.736] Display: EVENT: screen_win.cc:895 Display[1310152881] bounds=[0,0 1707x1067], workarea=[0,0 1707x1019], scale=1.5, rotation=0, panel_rotation=0 external detected
[34752:33892:0606/192944.616:VERBOSE1:device_event_log_impl.cc(198)] [19:29:44.616] Display: EVENT: screen_win.cc:893 Displays updated, count: 1
[34752:33892:0606/192944.617:VERBOSE1:device_event_log_impl.cc(198)] [19:29:44.616] Display: EVENT: screen_win.cc:895 Display[1310152881] bounds=[0,0 1707x1067], workarea=[0,0 1707x1019], scale=1.5, rotation=0, panel_rotation=0 external detected
[34752:33892:0606/192950.579:VERBOSE1:device_event_log_impl.cc(198)] [19:29:50.580] Display: EVENT: screen_win.cc:893 Displays updated, count: 1
[34752:33892:0606/192950.579:VERBOSE1:device_event_log_impl.cc(198)] [19:29:50.580] Display: EVENT: screen_win.cc:895 Display[1310152881] bounds=[0,0 1707x1067], workarea=[0,0 1707x1019], scale=1.5, rotation=0, panel_rotation=0 external detected
[408:33060:0606/192956.713:VERBOSE1:network_delegate.cc(36)] NetworkDelegate::NotifyBeforeURLRequest: https://optimizationguide-pa.googleapis.com/v1:GetModels?key=dummytoken
[34752:33892:0606/193009.089:VERBOSE1:device_event_log_impl.cc(198)] [19:30:09.088] Display: EVENT: screen_win.cc:893 Displays updated, count: 1
[34752:33892:0606/193009.089:VERBOSE1:device_event_log_impl.cc(198)] [19:30:09.089] Display: EVENT: screen_win.cc:895 Display[1310152881] bounds=[0,0 1707x1067], workarea=[0,0 1707x1019], scale=1.5, rotation=0, panel_rotation=0 external detected
[34752:33892:0606/193032.406:VERBOSE1:device_event_log_impl.cc(198)] [19:30:32.405] Display: EVENT: screen_win.cc:893 Displays updated, count: 1
[34752:33892:0606/193032.406:VERBOSE1:device_event_log_impl.cc(198)] [19:30:32.405] Display: EVENT: screen_win.cc:895 Display[1310152881] bounds=[0,0 1707x1067], workarea=[0,0 1707x1019], scale=1.5, rotation=0, panel_rotation=0 external detected
[34752:33892:0606/193050.219:VERBOSE1:device_event_log_impl.cc(198)] [19:30:50.219] Display: EVENT: screen_win.cc:893 Displays updated, count: 1
[34752:33892:0606/193050.219:VERBOSE1:device_event_log_impl.cc(198)] [19:30:50.219] Display: EVENT: screen_win.cc:895 Display[1310152881] bounds=[0,0 1707x1067], workarea=[0,0 1707x1019], scale=1.5, rotation=0, panel_rotation=0 external detected
[34752:33892:0606/193052.474:VERBOSE1:device_event_log_impl.cc(198)] [19:30:52.474] Display: EVENT: screen_win.cc:893 Displays updated, count: 1
[34752:33892:0606/193052.475:VERBOSE1:device_event_log_impl.cc(198)] [19:30:52.474] Display: EVENT: screen_win.cc:895 Display[1310152881] bounds=[0,0 1707x1067], workarea=[0,0 1707x1019], scale=1.5, rotation=0, panel_rotation=0 external detected
[34752:33892:0606/193104.457:VERBOSE1:device_event_log_impl.cc(198)] [19:31:04.456] Display: EVENT: screen_win.cc:893 Displays updated, count: 1
[34752:33892:0606/193104.457:VERBOSE1:device_event_log_impl.cc(198)] [19:31:04.457] Display: EVENT: screen_win.cc:895 Display[1310152881] bounds=[0,0 1707x1067], workarea=[0,0 1707x1019], scale=1.5, rotation=0, panel_rotation=0 external detected
[34752:33892:0606/193156.649:VERBOSE1:device_event_log_impl.cc(198)] [19:31:56.649] Display: EVENT: screen_win.cc:893 Displays updated, count: 1
[34752:33892:0606/193156.649:VERBOSE1:device_event_log_impl.cc(198)] [19:31:56.649] Display: EVENT: screen_win.cc:895 Display[1310152881] bounds=[0,0 1707x1067], workarea=[0,0 1707x1019], scale=1.5, rotation=0, panel_rotation=0 external detected
[408:33060:0606/193243.975:VERBOSE1:network_delegate.cc(36)] NetworkDelegate::NotifyBeforeURLRequest: https://optimizationguide-pa.googleapis.com/v1:GetModels?key=dummytoken
[34752:33892:0606/193342.214:VERBOSE1:device_event_log_impl.cc(198)] [19:33:42.214] Display: EVENT: screen_win.cc:893 Displays updated, count: 1
[34752:33892:0606/193342.214:VERBOSE1:device_event_log_impl.cc(198)] [19:33:42.214] Display: EVENT: screen_win.cc:895 Display[1310152881] bounds=[0,0 1707x1067], workarea=[0,0 1707x1019], scale=1.5, rotation=0, panel_rotation=0 external detected
[34752:33892:0606/193356.443:VERBOSE1:device_event_log_impl.cc(198)] [19:33:56.442] Display: EVENT: screen_win.cc:893 Displays updated, count: 1
[34752:33892:0606/193356.443:VERBOSE1:device_event_log_impl.cc(198)] [19:33:56.442] Display: EVENT: screen_win.cc:895 Display[1310152881] bounds=[0,0 1707x1067], workarea=[0,0 1707x1019], scale=1.5, rotation=0, panel_rotation=0 external detected
[34752:33892:0606/193419.494:VERBOSE1:device_event_log_impl.cc(198)] [19:34:19.493] Display: EVENT: screen_win.cc:893 Displays updated, count: 1
[34752:33892:0606/193419.494:VERBOSE1:device_event_log_impl.cc(198)] [19:34:19.493] Display: EVENT: screen_win.cc:895 Display[1310152881] bounds=[0,0 1707x1067], workarea=[0,0 1707x1019], scale=1.5, rotation=0, panel_rotation=0 external detected
[34752:33892:0606/193428.391:VERBOSE1:device_event_log_impl.cc(198)] [19:34:28.391] Display: EVENT: screen_win.cc:893 Displays updated, count: 1
[34752:33892:0606/193428.391:VERBOSE1:device_event_log_impl.cc(198)] [19:34:28.391] Display: EVENT: screen_win.cc:895 Display[1310152881] bounds=[0,0 1707x1067], workarea=[0,0 1707x1019], scale=1.5, rotation=0, panel_rotation=0 external detected
[408:33060:0606/193526.289:VERBOSE1:network_delegate.cc(36)] NetworkDelegate::NotifyBeforeURLRequest: https://optimizationguide-pa.googleapis.com/v1:GetModels?key=dummytoken
[408:33060:0606/193805.660:VERBOSE1:network_delegate.cc(36)] NetworkDelegate::NotifyBeforeURLRequest: https://optimizationguide-pa.googleapis.com/v1:GetModels?key=dummytoken
[408:33060:0606/194105.023:VERBOSE1:network_delegate.cc(36)] NetworkDelegate::NotifyBeforeURLRequest: https://optimizationguide-pa.googleapis.com/v1:GetModels?key=dummytoken
[408:33060:0606/194405.048:VERBOSE1:network_delegate.cc(36)] NetworkDelegate::NotifyBeforeURLRequest: https://optimizationguide-pa.googleapis.com/v1:GetModels?key=dummytoken
[408:33060:0606/194656.406:VERBOSE1:network_delegate.cc(36)] NetworkDelegate::NotifyBeforeURLRequest: https://optimizationguide-pa.googleapis.com/v1:GetModels?key=dummytoken
[408:33060:0606/194932.435:VERBOSE1:network_delegate.cc(36)] NetworkDelegate::NotifyBeforeURLRequest: https://optimizationguide-pa.googleapis.com/v1:GetModels?key=dummytoken
[408:33060:0606/195204.124:VERBOSE1:network_delegate.cc(36)] NetworkDelegate::NotifyBeforeURLRequest: https://optimizationguide-pa.googleapis.com/v1:GetModels?key=dummytoken
[34752:33892:0606/195355.123:VERBOSE1:device_event_log_impl.cc(198)] [19:53:55.123] Display: EVENT: screen_win.cc:893 Displays updated, count: 1
[34752:33892:0606/195355.123:VERBOSE1:device_event_log_impl.cc(198)] [19:53:55.124] Display: EVENT: screen_win.cc:895 Display[1310152881] bounds=[0,0 1707x1067], workarea=[0,0 1707x1019], scale=1.5, rotation=0, panel_rotation=0 external detected
[34752:33892:0606/195358.753:VERBOSE1:device_event_log_impl.cc(198)] [19:53:58.754] Display: EVENT: screen_win.cc:893 Displays updated, count: 1
[34752:33892:0606/195358.753:VERBOSE1:device_event_log_impl.cc(198)] [19:53:58.754] Display: EVENT: screen_win.cc:895 Display[1310152881] bounds=[0,0 1707x1067], workarea=[0,0 1707x1019], scale=1.5, rotation=0, panel_rotation=0 external detected
[408:33060:0606/195439.770:VERBOSE1:network_delegate.cc(36)] NetworkDelegate::NotifyBeforeURLRequest: https://optimizationguide-pa.googleapis.com/v1:GetModels?key=dummytoken
[408:33060:0606/195718.226:VERBOSE1:network_delegate.cc(36)] NetworkDelegate::NotifyBeforeURLRequest: https://optimizationguide-pa.googleapis.com/v1:GetModels?key=dummytoken
[34752:33892:0606/195920.201:VERBOSE1:device_event_log_impl.cc(198)] [19:59:20.201] Display: EVENT: screen_win.cc:893 Displays updated, count: 1
[34752:33892:0606/195920.201:VERBOSE1:device_event_log_impl.cc(198)] [19:59:20.201] Display: EVENT: screen_win.cc:895 Display[1310152881] bounds=[0,0 1707x1067], workarea=[0,0 1707x1019], scale=1.5, rotation=0, panel_rotation=0 external detected
[408:33060:0606/195954.834:VERBOSE1:network_delegate.cc(36)] NetworkDelegate::NotifyBeforeURLRequest: https://optimizationguide-pa.googleapis.com/v1:GetModels?key=dummytoken
[34752:33892:0606/200037.131:VERBOSE1:device_event_log_impl.cc(198)] [20:00:37.131] Display: EVENT: screen_win.cc:893 Displays updated, count: 1
[34752:33892:0606/200037.131:VERBOSE1:device_event_log_impl.cc(198)] [20:00:37.131] Display: EVENT: screen_win.cc:895 Display[1310152881] bounds=[0,0 1707x1067], workarea=[0,0 1707x1019], scale=1.5, rotation=0, panel_rotation=0 external detected
[34752:33892:0606/200042.613:VERBOSE1:device_event_log_impl.cc(198)] [20:00:42.613] Display: EVENT: screen_win.cc:893 Displays updated, count: 1
[34752:33892:0606/200042.613:VERBOSE1:device_event_log_impl.cc(198)] [20:00:42.613] Display: EVENT: screen_win.cc:895 Display[1310152881] bounds=[0,0 1707x1067], workarea=[0,0 1707x1019], scale=1.5, rotation=0, panel_rotation=0 external detected
[34752:33892:0606/200049.412:VERBOSE1:device_event_log_impl.cc(198)] [20:00:49.412] Display: EVENT: screen_win.cc:893 Displays updated, count: 1
[34752:33892:0606/200049.412:VERBOSE1:device_event_log_impl.cc(198)] [20:00:49.412] Display: EVENT: screen_win.cc:895 Display[1310152881] bounds=[0,0 1707x1067], workarea=[0,0 1707x1019], scale=1.5, rotation=0, panel_rotation=0 external detected
[34752:33892:0606/200114.542:VERBOSE1:device_event_log_impl.cc(198)] [20:01:14.542] Display: EVENT: screen_win.cc:893 Displays updated, count: 1
[34752:33892:0606/200114.542:VERBOSE1:device_event_log_impl.cc(198)] [20:01:14.542] Display: EVENT: screen_win.cc:895 Display[1310152881] bounds=[0,0 1707x1067], workarea=[0,0 1707x1019], scale=1.5, rotation=0, panel_rotation=0 external detected
[34752:33892:0606/200115.963:VERBOSE1:device_event_log_impl.cc(198)] [20:01:15.962] Display: EVENT: screen_win.cc:893 Displays updated, count: 1
[34752:33892:0606/200115.963:VERBOSE1:device_event_log_impl.cc(198)] [20:01:15.963] Display: EVENT: screen_win.cc:895 Display[1310152881] bounds=[0,0 1707x1067], workarea=[0,0 1707x1019], scale=1.5, rotation=0, panel_rotation=0 external detected
[34752:33892:0606/200139.678:VERBOSE1:device_event_log_impl.cc(198)] [20:01:39.678] Display: EVENT: screen_win.cc:893 Displays updated, count: 1
[34752:33892:0606/200139.678:VERBOSE1:device_event_log_impl.cc(198)] [20:01:39.678] Display: EVENT: screen_win.cc:895 Display[1310152881] bounds=[0,0 1707x1067], workarea=[0,0 1707x1019], scale=1.5, rotation=0, panel_rotation=0 external detected
[408:33060:0606/200240.600:VERBOSE1:network_delegate.cc(36)] NetworkDelegate::NotifyBeforeURLRequest: https://optimizationguide-pa.googleapis.com/v1:GetModels?key=dummytoken
[408:33060:0606/200517.876:VERBOSE1:network_delegate.cc(36)] NetworkDelegate::NotifyBeforeURLRequest: https://optimizationguide-pa.googleapis.com/v1:GetModels?key=dummytoken
[408:33060:0606/200800.569:VERBOSE1:network_delegate.cc(36)] NetworkDelegate::NotifyBeforeURLRequest: https://optimizationguide-pa.googleapis.com/v1:GetModels?key=dummytoken
[34752:33892:0606/201033.308:VERBOSE1:device_event_log_impl.cc(198)] [20:10:33.308] Display: EVENT: screen_win.cc:893 Displays updated, count: 1
[34752:33892:0606/201033.308:VERBOSE1:device_event_log_impl.cc(198)] [20:10:33.308] Display: EVENT: screen_win.cc:895 Display[1310152881] bounds=[0,0 1707x1067], workarea=[0,0 1707x1019], scale=1.5, rotation=0, panel_rotation=0 external detected
[408:33060:0606/201039.656:VERBOSE1:network_delegate.cc(36)] NetworkDelegate::NotifyBeforeURLRequest: https://optimizationguide-pa.googleapis.com/v1:GetModels?key=dummytoken
[408:33060:0606/201334.203:VERBOSE1:network_delegate.cc(36)] NetworkDelegate::NotifyBeforeURLRequest: https://optimizationguide-pa.googleapis.com/v1:GetModels?key=dummytoken
[408:33060:0606/201623.138:VERBOSE1:network_delegate.cc(36)] NetworkDelegate::NotifyBeforeURLRequest: https://optimizationguide-pa.googleapis.com/v1:GetModels?key=dummytoken
[408:33060:0606/201858.349:VERBOSE1:network_delegate.cc(36)] NetworkDelegate::NotifyBeforeURLRequest: https://optimizationguide-pa.googleapis.com/v1:GetModels?key=dummytoken
[408:33060:0606/202130.886:VERBOSE1:network_delegate.cc(36)] NetworkDelegate::NotifyBeforeURLRequest: https://optimizationguide-pa.googleapis.com/v1:GetModels?key=dummytoken
[408:33060:0606/202415.246:VERBOSE1:network_delegate.cc(36)] NetworkDelegate::NotifyBeforeURLRequest: https://optimizationguide-pa.googleapis.com/v1:GetModels?key=dummytoken
[408:33060:0606/202650.275:VERBOSE1:network_delegate.cc(36)] NetworkDelegate::NotifyBeforeURLRequest: https://optimizationguide-pa.googleapis.com/v1:GetModels?key=dummytoken
[408:33060:0606/202931.655:VERBOSE1:network_delegate.cc(36)] NetworkDelegate::NotifyBeforeURLRequest: https://optimizationguide-pa.googleapis.com/v1:GetModels?key=dummytoken
[34752:33892:0606/202936.848:VERBOSE1:device_event_log_impl.cc(198)] [20:29:36.848] Display: EVENT: screen_win.cc:893 Displays updated, count: 1
[34752:33892:0606/202936.848:VERBOSE1:device_event_log_impl.cc(198)] [20:29:36.848] Display: EVENT: screen_win.cc:895 Display[1310152881] bounds=[0,0 1707x1067], workarea=[0,0 1707x1019], scale=1.5, rotation=0, panel_rotation=0 external detected
[34752:33892:0606/203159.423:VERBOSE1:device_event_log_impl.cc(198)] [20:31:59.422] Display: EVENT: screen_win.cc:893 Displays updated, count: 1
[34752:33892:0606/203159.423:VERBOSE1:device_event_log_impl.cc(198)] [20:31:59.422] Display: EVENT: screen_win.cc:895 Display[1310152881] bounds=[0,0 1707x1067], workarea=[0,0 1707x1019], scale=1.5, rotation=0, panel_rotation=0 external detected
[34752:33892:0606/203200.859:VERBOSE1:device_event_log_impl.cc(198)] [20:32:00.859] Display: EVENT: screen_win.cc:893 Displays updated, count: 1
[34752:33892:0606/203200.859:VERBOSE1:device_event_log_impl.cc(198)] [20:32:00.859] Display: EVENT: screen_win.cc:895 Display[1310152881] bounds=[0,0 1707x1067], workarea=[0,0 1707x1019], scale=1.5, rotation=0, panel_rotation=0 external detected
[34752:33892:0606/203206.330:VERBOSE1:device_event_log_impl.cc(198)] [20:32:06.330] Display: EVENT: screen_win.cc:893 Displays updated, count: 1
[34752:33892:0606/203206.330:VERBOSE1:device_event_log_impl.cc(198)] [20:32:06.330] Display: EVENT: screen_win.cc:895 Display[1310152881] bounds=[0,0 1707x1067], workarea=[0,0 1707x1019], scale=1.5, rotation=0, panel_rotation=0 external detected
[34752:33892:0606/203211.564:VERBOSE1:device_event_log_impl.cc(198)] [20:32:11.564] Display: EVENT: screen_win.cc:893 Displays updated, count: 1
[34752:33892:0606/203211.564:VERBOSE1:device_event_log_impl.cc(198)] [20:32:11.564] Display: EVENT: screen_win.cc:895 Display[1310152881] bounds=[0,0 1707x1067], workarea=[0,0 1707x1019], scale=1.5, rotation=0, panel_rotation=0 external detected
[408:33060:0606/203225.572:VERBOSE1:network_delegate.cc(36)] NetworkDelegate::NotifyBeforeURLRequest: https://optimizationguide-pa.googleapis.com/v1:GetModels?key=dummytoken
[408:33060:0606/203507.598:VERBOSE1:network_delegate.cc(36)] NetworkDelegate::NotifyBeforeURLRequest: https://optimizationguide-pa.googleapis.com/v1:GetModels?key=dummytoken
[34752:33892:0606/203621.873:VERBOSE1:device_event_log_impl.cc(198)] [20:36:21.873] Display: EVENT: screen_win.cc:893 Displays updated, count: 1
[34752:33892:0606/203621.873:VERBOSE1:device_event_log_impl.cc(198)] [20:36:21.873] Display: EVENT: screen_win.cc:895 Display[1310152881] bounds=[0,0 1707x1067], workarea=[0,0 1707x1019], scale=1.5, rotation=0, panel_rotation=0 external detected
[34752:33892:0606/203729.824:VERBOSE1:device_event_log_impl.cc(198)] [20:37:29.823] Display: EVENT: screen_win.cc:893 Displays updated, count: 1
[34752:33892:0606/203729.824:VERBOSE1:device_event_log_impl.cc(198)] [20:37:29.823] Display: EVENT: screen_win.cc:895 Display[1310152881] bounds=[0,0 1707x1067], workarea=[0,0 1707x1019], scale=1.5, rotation=0, panel_rotation=0 external detected
[34752:33892:0606/203735.206:VERBOSE1:device_event_log_impl.cc(198)] [20:37:35.205] Display: EVENT: screen_win.cc:893 Displays updated, count: 1
[34752:33892:0606/203735.206:VERBOSE1:device_event_log_impl.cc(198)] [20:37:35.205] Display: EVENT: screen_win.cc:895 Display[1310152881] bounds=[0,0 1707x1067], workarea=[0,0 1707x1019], scale=1.5, rotation=0, panel_rotation=0 external detected
[408:33060:0606/203745.939:VERBOSE1:network_delegate.cc(36)] NetworkDelegate::NotifyBeforeURLRequest: https://optimizationguide-pa.googleapis.com/v1:GetModels?key=dummytoken
[34752:33892:0606/203839.903:VERBOSE1:device_event_log_impl.cc(198)] [20:38:39.902] Display: EVENT: screen_win.cc:893 Displays updated, count: 1
[34752:33892:0606/203839.903:VERBOSE1:device_event_log_impl.cc(198)] [20:38:39.902] Display: EVENT: screen_win.cc:895 Display[1310152881] bounds=[0,0 1707x1067], workarea=[0,0 1707x1019], scale=1.5, rotation=0, panel_rotation=0 external detected
[34752:33892:0606/203906.550:VERBOSE1:device_event_log_impl.cc(198)] [20:39:06.550] Display: EVENT: screen_win.cc:893 Displays updated, count: 1
[34752:33892:0606/203906.550:VERBOSE1:device_event_log_impl.cc(198)] [20:39:06.550] Display: EVENT: screen_win.cc:895 Display[1310152881] bounds=[0,0 1707x1067], workarea=[0,0 1707x1019], scale=1.5, rotation=0, panel_rotation=0 external detected
[34752:33892:0606/203937.168:VERBOSE1:device_event_log_impl.cc(198)] [20:39:37.168] Display: EVENT: screen_win.cc:893 Displays updated, count: 1
[34752:33892:0606/203937.168:VERBOSE1:device_event_log_impl.cc(198)] [20:39:37.168] Display: EVENT: screen_win.cc:895 Display[1310152881] bounds=[0,0 1707x1067], workarea=[0,0 1707x1019], scale=1.5, rotation=0, panel_rotation=0 external detected
[408:33060:0606/204036.465:VERBOSE1:network_delegate.cc(36)] NetworkDelegate::NotifyBeforeURLRequest: https://optimizationguide-pa.googleapis.com/v1:GetModels?key=dummytoken
[408:33060:0606/204334.835:VERBOSE1:network_delegate.cc(36)] NetworkDelegate::NotifyBeforeURLRequest: https://optimizationguide-pa.googleapis.com/v1:GetModels?key=dummytoken
[408:33060:0606/204612.858:VERBOSE1:network_delegate.cc(36)] NetworkDelegate::NotifyBeforeURLRequest: https://optimizationguide-pa.googleapis.com/v1:GetModels?key=dummytoken
[34752:33892:0606/204651.725:VERBOSE1:device_event_log_impl.cc(198)] [20:46:51.726] Display: EVENT: screen_win.cc:893 Displays updated, count: 1
[34752:33892:0606/204651.726:VERBOSE1:device_event_log_impl.cc(198)] [20:46:51.726] Display: EVENT: screen_win.cc:895 Display[1310152881] bounds=[0,0 1707x1067], workarea=[0,0 1707x1019], scale=1.5, rotation=0, panel_rotation=0 external detected
[408:33060:0606/204856.015:VERBOSE1:network_delegate.cc(36)] NetworkDelegate::NotifyBeforeURLRequest: https://optimizationguide-pa.googleapis.com/v1:GetModels?key=dummytoken
[408:33060:0606/205140.709:VERBOSE1:network_delegate.cc(36)] NetworkDelegate::NotifyBeforeURLRequest: https://optimizationguide-pa.googleapis.com/v1:GetModels?key=dummytoken
[34752:33892:0606/205208.773:VERBOSE1:device_event_log_impl.cc(198)] [20:52:08.773] Display: EVENT: screen_win.cc:893 Displays updated, count: 1
[34752:33892:0606/205208.773:VERBOSE1:device_event_log_impl.cc(198)] [20:52:08.773] Display: EVENT: screen_win.cc:895 Display[1310152881] bounds=[0,0 1707x1067], workarea=[0,0 1707x1019], scale=1.5, rotation=0, panel_rotation=0 external detected
[34752:33892:0606/205209.792:VERBOSE1:device_event_log_impl.cc(198)] [20:52:09.792] Display: EVENT: screen_win.cc:893 Displays updated, count: 1
[34752:33892:0606/205209.792:VERBOSE1:device_event_log_impl.cc(198)] [20:52:09.792] Display: EVENT: screen_win.cc:895 Display[1310152881] bounds=[0,0 1707x1067], workarea=[0,0 1707x1019], scale=1.5, rotation=0, panel_rotation=0 external detected
[34752:33892:0606/205258.711:VERBOSE1:device_event_log_impl.cc(198)] [20:52:58.711] Display: EVENT: screen_win.cc:893 Displays updated, count: 1
[34752:33892:0606/205258.711:VERBOSE1:device_event_log_impl.cc(198)] [20:52:58.711] Display: EVENT: screen_win.cc:895 Display[1310152881] bounds=[0,0 1707x1067], workarea=[0,0 1707x1019], scale=1.5, rotation=0, panel_rotation=0 external detected
[408:33060:0606/205429.978:VERBOSE1:network_delegate.cc(36)] NetworkDelegate::NotifyBeforeURLRequest: https://optimizationguide-pa.googleapis.com/v1:GetModels?key=dummytoken
[408:33060:0606/205727.677:VERBOSE1:network_delegate.cc(36)] NetworkDelegate::NotifyBeforeURLRequest: https://optimizationguide-pa.googleapis.com/v1:GetModels?key=dummytoken
[408:33060:0606/210015.036:VERBOSE1:network_delegate.cc(36)] NetworkDelegate::NotifyBeforeURLRequest: https://optimizationguide-pa.googleapis.com/v1:GetModels?key=dummytoken
[34752:33892:0606/210050.186:VERBOSE1:device_event_log_impl.cc(198)] [21:00:50.186] Display: EVENT: screen_win.cc:893 Displays updated, count: 1
[34752:33892:0606/210050.187:VERBOSE1:device_event_log_impl.cc(198)] [21:00:50.187] Display: EVENT: screen_win.cc:895 Display[1310152881] bounds=[0,0 1707x1067], workarea=[0,0 1707x1019], scale=1.5, rotation=0, panel_rotation=0 external detected
[408:33060:0606/210310.691:VERBOSE1:network_delegate.cc(36)] NetworkDelegate::NotifyBeforeURLRequest: https://optimizationguide-pa.googleapis.com/v1:GetModels?key=dummytoken
[34752:33892:0606/210354.066:VERBOSE1:device_event_log_impl.cc(198)] [21:03:54.066] Display: EVENT: screen_win.cc:893 Displays updated, count: 1
[34752:33892:0606/210354.066:VERBOSE1:device_event_log_impl.cc(198)] [21:03:54.067] Display: EVENT: screen_win.cc:895 Display[1310152881] bounds=[0,0 1707x1067], workarea=[0,0 1707x1019], scale=1.5, rotation=0, panel_rotation=0 external detected
[408:33060:0606/210551.053:VERBOSE1:network_delegate.cc(36)] NetworkDelegate::NotifyBeforeURLRequest: https://optimizationguide-pa.googleapis.com/v1:GetModels?key=dummytoken
[408:33060:0606/210556.054:ERROR:ssl_client_socket_impl.cc(882)] handshake failed; returned -1, SSL error code 1, net_error -100
[408:33060:0606/210601.056:ERROR:ssl_client_socket_impl.cc(882)] handshake failed; returned -1, SSL error code 1, net_error -100
[408:33060:0606/210836.076:VERBOSE1:network_delegate.cc(36)] NetworkDelegate::NotifyBeforeURLRequest: https://optimizationguide-pa.googleapis.com/v1:GetModels?key=dummytoken
[408:33060:0606/210841.078:ERROR:ssl_client_socket_impl.cc(882)] handshake failed; returned -1, SSL error code 1, net_error -100
[408:33060:0606/210846.080:ERROR:ssl_client_socket_impl.cc(882)] handshake failed; returned -1, SSL error code 1, net_error -100
[34752:33892:0606/210910.488:VERBOSE1:device_event_log_impl.cc(198)] [21:09:10.488] Display: EVENT: screen_win.cc:893 Displays updated, count: 1
[34752:33892:0606/210910.488:VERBOSE1:device_event_log_impl.cc(198)] [21:09:10.488] Display: EVENT: screen_win.cc:895 Display[1310152881] bounds=[0,0 1707x1067], workarea=[0,0 1707x1019], scale=1.5, rotation=0, panel_rotation=0 external detected
[408:33060:0606/211121.989:VERBOSE1:network_delegate.cc(36)] NetworkDelegate::NotifyBeforeURLRequest: https://optimizationguide-pa.googleapis.com/v1:GetModels?key=dummytoken
[408:33060:0606/211126.990:ERROR:ssl_client_socket_impl.cc(882)] handshake failed; returned -1, SSL error code 1, net_error -100
[408:33060:0606/211131.991:ERROR:ssl_client_socket_impl.cc(882)] handshake failed; returned -1, SSL error code 1, net_error -100
[408:33060:0606/211411.295:VERBOSE1:network_delegate.cc(36)] NetworkDelegate::NotifyBeforeURLRequest: https://optimizationguide-pa.googleapis.com/v1:GetModels?key=dummytoken
[408:33060:0606/211416.297:ERROR:ssl_client_socket_impl.cc(882)] handshake failed; returned -1, SSL error code 1, net_error -100
[408:33060:0606/211421.298:ERROR:ssl_client_socket_impl.cc(882)] handshake failed; returned -1, SSL error code 1, net_error -100
[34752:33892:0606/211607.585:VERBOSE1:device_event_log_impl.cc(198)] [21:16:07.584] Display: EVENT: screen_win.cc:893 Displays updated, count: 1
[34752:33892:0606/211607.585:VERBOSE1:device_event_log_impl.cc(198)] [21:16:07.585] Display: EVENT: screen_win.cc:895 Display[1310152881] bounds=[0,0 1707x1067], workarea=[0,0 1707x1019], scale=1.5, rotation=0, panel_rotation=0 external detected
[408:33060:0606/211642.783:VERBOSE1:network_delegate.cc(36)] NetworkDelegate::NotifyBeforeURLRequest: https://optimizationguide-pa.googleapis.com/v1:GetModels?key=dummytoken
[408:33060:0606/211647.784:ERROR:ssl_client_socket_impl.cc(882)] handshake failed; returned -1, SSL error code 1, net_error -100
[408:33060:0606/211652.787:ERROR:ssl_client_socket_impl.cc(882)] handshake failed; returned -1, SSL error code 1, net_error -100
[34752:33892:0606/211822.228:VERBOSE1:device_event_log_impl.cc(198)] [21:18:22.228] Display: EVENT: screen_win.cc:893 Displays updated, count: 1
[34752:33892:0606/211822.228:VERBOSE1:device_event_log_impl.cc(198)] [21:18:22.228] Display: EVENT: screen_win.cc:895 Display[1310152881] bounds=[0,0 1707x1067], workarea=[0,0 1707x1019], scale=1.5, rotation=0, panel_rotation=0 external detected
[408:33060:0606/211933.209:VERBOSE1:network_delegate.cc(36)] NetworkDelegate::NotifyBeforeURLRequest: https://optimizationguide-pa.googleapis.com/v1:GetModels?key=dummytoken
[408:33060:0606/211938.209:ERROR:ssl_client_socket_impl.cc(882)] handshake failed; returned -1, SSL error code 1, net_error -100
[408:33060:0606/211943.210:ERROR:ssl_client_socket_impl.cc(882)] handshake failed; returned -1, SSL error code 1, net_error -100
[34752:33892:0606/212032.921:VERBOSE1:device_event_log_impl.cc(198)] [21:20:32.921] Display: EVENT: screen_win.cc:893 Displays updated, count: 1
[34752:33892:0606/212032.921:VERBOSE1:device_event_log_impl.cc(198)] [21:20:32.921] Display: EVENT: screen_win.cc:895 Display[1310152881] bounds=[0,0 1707x1067], workarea=[0,0 1707x1019], scale=1.5, rotation=0, panel_rotation=0 external detected
[408:33060:0606/212221.589:VERBOSE1:network_delegate.cc(36)] NetworkDelegate::NotifyBeforeURLRequest: https://optimizationguide-pa.googleapis.com/v1:GetModels?key=dummytoken
[408:33060:0606/212226.591:ERROR:ssl_client_socket_impl.cc(882)] handshake failed; returned -1, SSL error code 1, net_error -100
[408:33060:0606/212231.593:ERROR:ssl_client_socket_impl.cc(882)] handshake failed; returned -1, SSL error code 1, net_error -100
[34752:33892:0606/212333.295:VERBOSE1:device_event_log_impl.cc(198)] [21:23:33.295] Display: EVENT: screen_win.cc:893 Displays updated, count: 1
[34752:33892:0606/212333.295:VERBOSE1:device_event_log_impl.cc(198)] [21:23:33.295] Display: EVENT: screen_win.cc:895 Display[1310152881] bounds=[0,0 1707x1067], workarea=[0,0 1707x1019], scale=1.5, rotation=0, panel_rotation=0 external detected
[408:33060:0606/212514.591:VERBOSE1:network_delegate.cc(36)] NetworkDelegate::NotifyBeforeURLRequest: https://optimizationguide-pa.googleapis.com/v1:GetModels?key=dummytoken
[408:33060:0606/212519.591:ERROR:ssl_client_socket_impl.cc(882)] handshake failed; returned -1, SSL error code 1, net_error -100
[408:33060:0606/212524.592:ERROR:ssl_client_socket_impl.cc(882)] handshake failed; returned -1, SSL error code 1, net_error -100
[408:33060:0606/212802.014:VERBOSE1:network_delegate.cc(36)] NetworkDelegate::NotifyBeforeURLRequest: https://optimizationguide-pa.googleapis.com/v1:GetModels?key=dummytoken
[408:33060:0606/212807.015:ERROR:ssl_client_socket_impl.cc(882)] handshake failed; returned -1, SSL error code 1, net_error -100
[408:33060:0606/212812.016:ERROR:ssl_client_socket_impl.cc(882)] handshake failed; returned -1, SSL error code 1, net_error -100
[408:33060:0606/213046.169:VERBOSE1:network_delegate.cc(36)] NetworkDelegate::NotifyBeforeURLRequest: https://optimizationguide-pa.googleapis.com/v1:GetModels?key=dummytoken
[408:33060:0606/213051.170:ERROR:ssl_client_socket_impl.cc(882)] handshake failed; returned -1, SSL error code 1, net_error -100
[408:33060:0606/213056.171:ERROR:ssl_client_socket_impl.cc(882)] handshake failed; returned -1, SSL error code 1, net_error -100
[408:33060:0606/213333.191:VERBOSE1:network_delegate.cc(36)] NetworkDelegate::NotifyBeforeURLRequest: https://optimizationguide-pa.googleapis.com/v1:GetModels?key=dummytoken
[408:33060:0606/213338.192:ERROR:ssl_client_socket_impl.cc(882)] handshake failed; returned -1, SSL error code 1, net_error -100
[408:33060:0606/213343.193:ERROR:ssl_client_socket_impl.cc(882)] handshake failed; returned -1, SSL error code 1, net_error -100
[34752:33892:0606/213428.072:VERBOSE1:device_event_log_impl.cc(198)] [21:34:28.072] Display: EVENT: screen_win.cc:893 Displays updated, count: 1
[34752:33892:0606/213428.072:VERBOSE1:device_event_log_impl.cc(198)] [21:34:28.072] Display: EVENT: screen_win.cc:895 Display[1310152881] bounds=[0,0 1707x1067], workarea=[0,0 1707x1019], scale=1.5, rotation=0, panel_rotation=0 external detected
[34752:33892:0606/213453.106:VERBOSE1:device_event_log_impl.cc(198)] [21:34:53.106] Display: EVENT: screen_win.cc:893 Displays updated, count: 1
[34752:33892:0606/213453.106:VERBOSE1:device_event_log_impl.cc(198)] [21:34:53.106] Display: EVENT: screen_win.cc:895 Display[1310152881] bounds=[0,0 1707x1067], workarea=[0,0 1707x1019], scale=1.5, rotation=0, panel_rotation=0 external detected
[34752:33892:0606/213456.489:VERBOSE1:device_event_log_impl.cc(198)] [21:34:56.489] Display: EVENT: screen_win.cc:893 Displays updated, count: 1
[34752:33892:0606/213456.489:VERBOSE1:device_event_log_impl.cc(198)] [21:34:56.489] Display: EVENT: screen_win.cc:895 Display[1310152881] bounds=[0,0 1707x1067], workarea=[0,0 1707x1019], scale=1.5, rotation=0, panel_rotation=0 external detected
[408:33060:0606/213608.061:VERBOSE1:network_delegate.cc(36)] NetworkDelegate::NotifyBeforeURLRequest: https://optimizationguide-pa.googleapis.com/v1:GetModels?key=dummytoken
[408:33060:0606/213613.062:ERROR:ssl_client_socket_impl.cc(882)] handshake failed; returned -1, SSL error code 1, net_error -100
[408:33060:0606/213618.063:ERROR:ssl_client_socket_impl.cc(882)] handshake failed; returned -1, SSL error code 1, net_error -100
[408:33060:0606/213852.090:VERBOSE1:network_delegate.cc(36)] NetworkDelegate::NotifyBeforeURLRequest: https://optimizationguide-pa.googleapis.com/v1:GetModels?key=dummytoken
[408:33060:0606/213857.090:ERROR:ssl_client_socket_impl.cc(882)] handshake failed; returned -1, SSL error code 1, net_error -100
[408:33060:0606/213902.091:ERROR:ssl_client_socket_impl.cc(882)] handshake failed; returned -1, SSL error code 1, net_error -100
[408:33060:0606/214152.119:VERBOSE1:network_delegate.cc(36)] NetworkDelegate::NotifyBeforeURLRequest: https://optimizationguide-pa.googleapis.com/v1:GetModels?key=dummytoken
[408:33060:0606/214157.120:ERROR:ssl_client_socket_impl.cc(882)] handshake failed; returned -1, SSL error code 1, net_error -100
[408:33060:0606/214202.121:ERROR:ssl_client_socket_impl.cc(882)] handshake failed; returned -1, SSL error code 1, net_error -100
[408:33060:0606/214439.814:VERBOSE1:network_delegate.cc(36)] NetworkDelegate::NotifyBeforeURLRequest: https://optimizationguide-pa.googleapis.com/v1:GetModels?key=dummytoken
[408:33060:0606/214444.816:ERROR:ssl_client_socket_impl.cc(882)] handshake failed; returned -1, SSL error code 1, net_error -100
[408:33060:0606/214449.817:ERROR:ssl_client_socket_impl.cc(882)] handshake failed; returned -1, SSL error code 1, net_error -100
[408:33060:0606/214730.502:VERBOSE1:network_delegate.cc(36)] NetworkDelegate::NotifyBeforeURLRequest: https://optimizationguide-pa.googleapis.com/v1:GetModels?key=dummytoken
[408:33060:0606/214735.504:ERROR:ssl_client_socket_impl.cc(882)] handshake failed; returned -1, SSL error code 1, net_error -100
[408:33060:0606/214740.505:ERROR:ssl_client_socket_impl.cc(882)] handshake failed; returned -1, SSL error code 1, net_error -100
[408:33060:0606/215020.866:VERBOSE1:network_delegate.cc(36)] NetworkDelegate::NotifyBeforeURLRequest: https://optimizationguide-pa.googleapis.com/v1:GetModels?key=dummytoken
[408:33060:0606/215025.867:ERROR:ssl_client_socket_impl.cc(882)] handshake failed; returned -1, SSL error code 1, net_error -100
[408:33060:0606/215030.868:ERROR:ssl_client_socket_impl.cc(882)] handshake failed; returned -1, SSL error code 1, net_error -100
[408:33060:0606/215310.684:VERBOSE1:network_delegate.cc(36)] NetworkDelegate::NotifyBeforeURLRequest: https://optimizationguide-pa.googleapis.com/v1:GetModels?key=dummytoken
[408:33060:0606/215315.685:ERROR:ssl_client_socket_impl.cc(882)] handshake failed; returned -1, SSL error code 1, net_error -100
[34752:33892:0606/215319.190:VERBOSE1:device_event_log_impl.cc(198)] [21:53:19.191] Display: EVENT: screen_win.cc:893 Displays updated, count: 1
[34752:33892:0606/215319.190:VERBOSE1:device_event_log_impl.cc(198)] [21:53:19.191] Display: EVENT: screen_win.cc:895 Display[1310152881] bounds=[0,0 1707x1067], workarea=[0,0 1707x1019], scale=1.5, rotation=0, panel_rotation=0 external detected
[408:33060:0606/215320.687:ERROR:ssl_client_socket_impl.cc(882)] handshake failed; returned -1, SSL error code 1, net_error -100
[34752:33892:0606/215341.245:VERBOSE1:device_event_log_impl.cc(198)] [21:53:41.246] Display: EVENT: screen_win.cc:893 Displays updated, count: 1
[34752:33892:0606/215341.245:VERBOSE1:device_event_log_impl.cc(198)] [21:53:41.246] Display: EVENT: screen_win.cc:895 Display[1310152881] bounds=[0,0 1707x1067], workarea=[0,0 1707x1019], scale=1.5, rotation=0, panel_rotation=0 external detected
[34752:33892:0606/215410.070:VERBOSE1:device_event_log_impl.cc(198)] [21:54:10.071] Display: EVENT: screen_win.cc:893 Displays updated, count: 1
[34752:33892:0606/215410.070:VERBOSE1:device_event_log_impl.cc(198)] [21:54:10.071] Display: EVENT: screen_win.cc:895 Display[1310152881] bounds=[0,0 1707x1067], workarea=[0,0 1707x1019], scale=1.5, rotation=0, panel_rotation=0 external detected
[34752:33892:0606/215557.619:VERBOSE1:device_event_log_impl.cc(198)] [21:55:57.619] Display: EVENT: screen_win.cc:893 Displays updated, count: 1
[34752:33892:0606/215557.619:VERBOSE1:device_event_log_impl.cc(198)] [21:55:57.619] Display: EVENT: screen_win.cc:895 Display[1310152881] bounds=[0,0 1707x1067], workarea=[0,0 1707x1019], scale=1.5, rotation=0, panel_rotation=0 external detected
[408:33060:0606/215601.641:VERBOSE1:network_delegate.cc(36)] NetworkDelegate::NotifyBeforeURLRequest: https://optimizationguide-pa.googleapis.com/v1:GetModels?key=dummytoken
[408:33060:0606/215606.641:ERROR:ssl_client_socket_impl.cc(882)] handshake failed; returned -1, SSL error code 1, net_error -100
[408:33060:0606/215611.642:ERROR:ssl_client_socket_impl.cc(882)] handshake failed; returned -1, SSL error code 1, net_error -100
[34752:33892:0606/215751.696:VERBOSE1:device_event_log_impl.cc(198)] [21:57:51.696] Display: EVENT: screen_win.cc:893 Displays updated, count: 1
[34752:33892:0606/215751.696:VERBOSE1:device_event_log_impl.cc(198)] [21:57:51.696] Display: EVENT: screen_win.cc:895 Display[1310152881] bounds=[0,0 1707x1067], workarea=[0,0 1707x1019], scale=1.5, rotation=0, panel_rotation=0 external detected
[34752:33892:0606/215805.403:VERBOSE1:device_event_log_impl.cc(198)] [21:58:05.404] Display: EVENT: screen_win.cc:893 Displays updated, count: 1
[34752:33892:0606/215805.404:VERBOSE1:device_event_log_impl.cc(198)] [21:58:05.404] Display: EVENT: screen_win.cc:895 Display[1310152881] bounds=[0,0 1707x1067], workarea=[0,0 1707x1019], scale=1.5, rotation=0, panel_rotation=0 external detected
[408:33060:0606/215842.587:VERBOSE1:network_delegate.cc(36)] NetworkDelegate::NotifyBeforeURLRequest: https://optimizationguide-pa.googleapis.com/v1:GetModels?key=dummytoken
[34752:33892:0606/215918.304:VERBOSE1:device_event_log_impl.cc(198)] [21:59:18.304] Display: EVENT: screen_win.cc:893 Displays updated, count: 1
[34752:33892:0606/215918.305:VERBOSE1:device_event_log_impl.cc(198)] [21:59:18.305] Display: EVENT: screen_win.cc:895 Display[1310152881] bounds=[0,0 1707x1067], workarea=[0,0 1707x1019], scale=1.5, rotation=0, panel_rotation=0 external detected
[34752:33892:0606/220032.168:VERBOSE1:device_event_log_impl.cc(198)] [22:00:32.168] Display: EVENT: screen_win.cc:893 Displays updated, count: 1
[34752:33892:0606/220032.168:VERBOSE1:device_event_log_impl.cc(198)] [22:00:32.168] Display: EVENT: screen_win.cc:895 Display[1310152881] bounds=[0,0 1707x1067], workarea=[0,0 1707x1019], scale=1.5, rotation=0, panel_rotation=0 external detected
[34752:33892:0606/220108.350:VERBOSE1:device_event_log_impl.cc(198)] [22:01:08.350] Display: EVENT: screen_win.cc:893 Displays updated, count: 1
[34752:33892:0606/220108.350:VERBOSE1:device_event_log_impl.cc(198)] [22:01:08.350] Display: EVENT: screen_win.cc:895 Display[1310152881] bounds=[0,0 1707x1067], workarea=[0,0 1707x1019], scale=1.5, rotation=0, panel_rotation=0 external detected
[408:33060:0606/220131.642:VERBOSE1:network_delegate.cc(36)] NetworkDelegate::NotifyBeforeURLRequest: https://optimizationguide-pa.googleapis.com/v1:GetModels?key=dummytoken
[34752:33892:0606/220140.356:VERBOSE1:device_event_log_impl.cc(198)] [22:01:40.356] Display: EVENT: screen_win.cc:893 Displays updated, count: 1
[34752:33892:0606/220140.356:VERBOSE1:device_event_log_impl.cc(198)] [22:01:40.356] Display: EVENT: screen_win.cc:895 Display[1310152881] bounds=[0,0 1707x1067], workarea=[0,0 1707x1019], scale=1.5, rotation=0, panel_rotation=0 external detected
[34752:33892:0606/220141.556:VERBOSE1:device_event_log_impl.cc(198)] [22:01:41.556] Display: EVENT: screen_win.cc:893 Displays updated, count: 1
[34752:33892:0606/220141.556:VERBOSE1:device_event_log_impl.cc(198)] [22:01:41.556] Display: EVENT: screen_win.cc:895 Display[1310152881] bounds=[0,0 1707x1067], workarea=[0,0 1707x1019], scale=1.5, rotation=0, panel_rotation=0 external detected
[34752:33892:0606/220155.996:VERBOSE1:device_event_log_impl.cc(198)] [22:01:55.996] Display: EVENT: screen_win.cc:893 Displays updated, count: 1
[34752:33892:0606/220155.997:VERBOSE1:device_event_log_impl.cc(198)] [22:01:55.997] Display: EVENT: screen_win.cc:895 Display[1310152881] bounds=[0,0 1707x1067], workarea=[0,0 1707x1019], scale=1.5, rotation=0, panel_rotation=0 external detected
[34752:33892:0606/220158.357:VERBOSE1:device_event_log_impl.cc(198)] [22:01:58.357] Display: EVENT: screen_win.cc:893 Displays updated, count: 1
[34752:33892:0606/220158.357:VERBOSE1:device_event_log_impl.cc(198)] [22:01:58.357] Display: EVENT: screen_win.cc:895 Display[1310152881] bounds=[0,0 1707x1067], workarea=[0,0 1707x1019], scale=1.5, rotation=0, panel_rotation=0 external detected
[34752:33892:0606/220241.017:VERBOSE1:device_event_log_impl.cc(198)] [22:02:41.017] Display: EVENT: screen_win.cc:893 Displays updated, count: 1
[34752:33892:0606/220241.017:VERBOSE1:device_event_log_impl.cc(198)] [22:02:41.018] Display: EVENT: screen_win.cc:895 Display[1310152881] bounds=[0,0 1707x1067], workarea=[0,0 1707x1019], scale=1.5, rotation=0, panel_rotation=0 external detected
[34752:33892:0606/220245.062:VERBOSE1:device_event_log_impl.cc(198)] [22:02:45.062] Display: EVENT: screen_win.cc:893 Displays updated, count: 1
[34752:33892:0606/220245.062:VERBOSE1:device_event_log_impl.cc(198)] [22:02:45.062] Display: EVENT: screen_win.cc:895 Display[1310152881] bounds=[0,0 1707x1067], workarea=[0,0 1707x1019], scale=1.5, rotation=0, panel_rotation=0 external detected
[34752:33892:0606/220400.069:VERBOSE1:device_event_log_impl.cc(198)] [22:04:00.069] Display: EVENT: screen_win.cc:893 Displays updated, count: 1
[34752:33892:0606/220400.069:VERBOSE1:device_event_log_impl.cc(198)] [22:04:00.069] Display: EVENT: screen_win.cc:895 Display[1310152881] bounds=[0,0 1707x1067], workarea=[0,0 1707x1019], scale=1.5, rotation=0, panel_rotation=0 external detected
[408:33060:0606/220402.619:VERBOSE1:network_delegate.cc(36)] NetworkDelegate::NotifyBeforeURLRequest: https://optimizationguide-pa.googleapis.com/v1:GetModels?key=dummytoken
[34752:33892:0606/220618.283:VERBOSE1:device_event_log_impl.cc(198)] [22:06:18.283] Display: EVENT: screen_win.cc:893 Displays updated, count: 1
[34752:33892:0606/220618.283:VERBOSE1:device_event_log_impl.cc(198)] [22:06:18.283] Display: EVENT: screen_win.cc:895 Display[1310152881] bounds=[0,0 1707x1067], workarea=[0,0 1707x1019], scale=1.5, rotation=0, panel_rotation=0 external detected
[408:33060:0606/220702.650:VERBOSE1:network_delegate.cc(36)] NetworkDelegate::NotifyBeforeURLRequest: https://optimizationguide-pa.googleapis.com/v1:GetModels?key=dummytoken
[408:33060:0606/220945.071:VERBOSE1:network_delegate.cc(36)] NetworkDelegate::NotifyBeforeURLRequest: https://optimizationguide-pa.googleapis.com/v1:GetModels?key=dummytoken
[408:33060:0606/221235.444:VERBOSE1:network_delegate.cc(36)] NetworkDelegate::NotifyBeforeURLRequest: https://optimizationguide-pa.googleapis.com/v1:GetModels?key=dummytoken
[34752:33892:0606/221436.120:VERBOSE1:profile_manager.cc(1325)] AddKeepAlive(Default, kExtensionUpdater). keep_alives=[kWaitingForFirstBrowserWindow (1), kAppWindow (1), kExtensionUpdater (1)]
[34752:33892:0606/221436.121:VERBOSE1:profile_manager.cc(1377)] RemoveKeepAlive(Default, kExtensionUpdater). keep_alives=[kWaitingForFirstBrowserWindow (1), kAppWindow (1)]
[408:33060:0606/221530.130:VERBOSE1:network_delegate.cc(36)] NetworkDelegate::NotifyBeforeURLRequest: https://optimizationguide-pa.googleapis.com/v1:GetModels?key=dummytoken
[34752:33892:0606/221629.767:VERBOSE1:device_event_log_impl.cc(198)] [22:16:29.767] Display: EVENT: screen_win.cc:893 Displays updated, count: 1
[34752:33892:0606/221629.767:VERBOSE1:device_event_log_impl.cc(198)] [22:16:29.767] Display: EVENT: screen_win.cc:895 Display[1310152881] bounds=[0,0 1707x1067], workarea=[0,0 1707x1019], scale=1.5, rotation=0, panel_rotation=0 external detected
[34752:33892:0606/221631.552:VERBOSE1:device_event_log_impl.cc(198)] [22:16:31.552] Display: EVENT: screen_win.cc:893 Displays updated, count: 1
[34752:33892:0606/221631.552:VERBOSE1:device_event_log_impl.cc(198)] [22:16:31.553] Display: EVENT: screen_win.cc:895 Display[1310152881] bounds=[0,0 1707x1067], workarea=[0,0 1707x1019], scale=1.5, rotation=0, panel_rotation=0 external detected
[34752:33892:0606/221715.393:VERBOSE1:device_event_log_impl.cc(198)] [22:17:15.393] Display: EVENT: screen_win.cc:893 Displays updated, count: 1
[34752:33892:0606/221715.393:VERBOSE1:device_event_log_impl.cc(198)] [22:17:15.393] Display: EVENT: screen_win.cc:895 Display[1310152881] bounds=[0,0 1707x1067], workarea=[0,0 1707x1019], scale=1.5, rotation=0, panel_rotation=0 external detected
[34752:33892:0606/221732.004:VERBOSE1:device_event_log_impl.cc(198)] [22:17:32.004] Display: EVENT: screen_win.cc:893 Displays updated, count: 1
[34752:33892:0606/221732.004:VERBOSE1:device_event_log_impl.cc(198)] [22:17:32.004] Display: EVENT: screen_win.cc:895 Display[1310152881] bounds=[0,0 1707x1067], workarea=[0,0 1707x1019], scale=1.5, rotation=0, panel_rotation=0 external detected
[408:33060:0606/221819.193:VERBOSE1:network_delegate.cc(36)] NetworkDelegate::NotifyBeforeURLRequest: https://optimizationguide-pa.googleapis.com/v1:GetModels?key=dummytoken
[34752:33892:0606/221821.430:VERBOSE1:device_event_log_impl.cc(198)] [22:18:21.430] Display: EVENT: screen_win.cc:893 Displays updated, count: 1
[34752:33892:0606/221821.431:VERBOSE1:device_event_log_impl.cc(198)] [22:18:21.430] Display: EVENT: screen_win.cc:895 Display[1310152881] bounds=[0,0 1707x1067], workarea=[0,0 1707x1019], scale=1.5, rotation=0, panel_rotation=0 external detected
[34752:33892:0606/221831.291:VERBOSE1:device_event_log_impl.cc(198)] [22:18:31.291] Display: EVENT: screen_win.cc:893 Displays updated, count: 1
[34752:33892:0606/221831.291:VERBOSE1:device_event_log_impl.cc(198)] [22:18:31.291] Display: EVENT: screen_win.cc:895 Display[1310152881] bounds=[0,0 1707x1067], workarea=[0,0 1707x1019], scale=1.5, rotation=0, panel_rotation=0 external detected
[34752:33892:0606/221943.182:VERBOSE1:device_event_log_impl.cc(198)] [22:19:43.182] Display: EVENT: screen_win.cc:893 Displays updated, count: 1
[34752:33892:0606/221943.182:VERBOSE1:device_event_log_impl.cc(198)] [22:19:43.182] Display: EVENT: screen_win.cc:895 Display[1310152881] bounds=[0,0 1707x1067], workarea=[0,0 1707x1019], scale=1.5, rotation=0, panel_rotation=0 external detected
[34752:33892:0606/221945.522:VERBOSE1:device_event_log_impl.cc(198)] [22:19:45.522] Display: EVENT: screen_win.cc:893 Displays updated, count: 1
[34752:33892:0606/221945.522:VERBOSE1:device_event_log_impl.cc(198)] [22:19:45.522] Display: EVENT: screen_win.cc:895 Display[1310152881] bounds=[0,0 1707x1067], workarea=[0,0 1707x1019], scale=1.5, rotation=0, panel_rotation=0 external detected
[408:33060:0606/222055.640:VERBOSE1:network_delegate.cc(36)] NetworkDelegate::NotifyBeforeURLRequest: https://optimizationguide-pa.googleapis.com/v1:GetModels?key=dummytoken
[34752:33892:0606/222124.318:VERBOSE1:frame_host_impl.cc(515)] frame 6-75CA49ADAEC59E51EE0F1E6EDFF89B9D (sub) detached (reason=RENDER_FRAME_DELETED, is_connected=1)
[34176:34780:0606/222124.323:VERBOSE1:dispatcher.cc(596)] Num tracked contexts: 1
[34176:34780:0606/222124.323:VERBOSE1:frame_impl.cc(620)] frame 6-75CA49ADAEC59E51EE0F1E6EDFF89B9D disconnected (reason=DETACHED, current_state=CONNECTION_ACKED, FRAME_INVALID)
[34176:34780:0606/222124.325:VERBOSE1:frame_impl.cc(620)] frame 6-3CF189CC5262EC42A040C7A04790DB37 disconnected (reason=BROWSER_FRAME_DISCONNECT, current_state=CONNECTION_ACKED)
[34176:34780:0606/222124.325:VERBOSE1:frame_impl.cc(633)] frame 6-3CF189CC5262EC42A040C7A04790DB37 connection retry scheduled
[34176:34780:0606/222124.325:VERBOSE1:script_context.cc(164)] Destroyed context for extension
  extension id: 
  effective extension id: 
[34176:34780:0606/222124.325:VERBOSE1:script_context.cc(164)] Destroyed context for extension
  extension id: 
  effective extension id: 
[34752:33892:0606/222124.327:VERBOSE1:frame_host_impl.cc(515)] frame 6-3CF189CC5262EC42A040C7A04790DB37 (main) detached (reason=NEW_MAIN_FRAME, is_connected=1)
[34752:33892:0606/222124.360:VERBOSE1:account_reconcilor.cc(264)] AccountReconcilor::Shutdown
[34752:33892:0606/222124.360:VERBOSE1:account_reconcilor.cc(718)] AccountReconcilor::AbortReconcile: try again later
[34752:33892:0606/222124.360:VERBOSE1:account_reconcilor.cc(827)] AccountReconcilor::CalculateIfMultiloginReconcileIsDone: Error was 
[34752:33892:0606/222124.360:VERBOSE1:account_reconcilor.cc(313)] AccountReconcilor::UnregisterWithIdentityManager
[34752:33892:0606/222124.360:VERBOSE1:account_reconcilor.cc(286)] AccountReconcilor::UnregisterWithContentSettings
[34752:33892:0606/222124.361:VERBOSE1:gaia_cookie_manager_service.cc(628)] GaiaCookieManagerService::CancelAll
[34752:33892:0606/222124.361:VERBOSE1:mutable_profile_oauth2_token_service_delegate.cc(752)] MutablePO2TS::Shutdown
[34752:33892:0606/222124.361:VERBOSE1:mutable_profile_oauth2_token_service_delegate.cc(235)] MutablePO2TS::~MutablePO2TS
[34752:33892:0606/222124.363:VERBOSE1:device_event_log_impl.cc(198)] [22:21:24.363] Bluetooth: EVENT: bluetooth_api.cc:109 BluetoothAPI: Shutdown
[34752:33892:0606/222124.381:VERBOSE1:account_reconcilor.cc(193)] AccountReconcilor::~AccountReconcilor
[34752:33892:0606/222124.386:VERBOSE1:device_event_log_impl.cc(198)] [22:21:24.386] Bluetooth: EVENT: bluetooth_api.cc:95 ~BluetoothAPI: 00004DFC0032DA00
[34752:33892:0606/222124.511:VERBOSE1:component_updater_service.cc(180)] CrxUpdateService stopping
[34752:33892:0606/222124.512:WARNING:pref_notifier_impl.cc(41)] Pref observer for media_router.cast_allow_all_ips found at shutdown.
[34752:33892:0606/222124.533:VERBOSE1:statistics_recorder.cc(607)] Collections of all histograms
Histogram: API.StorageAccess.AllowedRequests2 recorded 127 samples, mean = 0.1 (flags = 0x41)
0  ------------------------------------------------------------------------O (118 = 92.9%)
1  -----O                                                                    (9 = 7.1%) {92.9%}
2  ... 

Histogram: API.StorageAccess.DocumentInheritedStorageAccess recorded 7 samples, mean = 0.0 (flags = 0x41)
0  -------O                                                                  (7 = 100.0%)
1  ... 

Histogram: API.StorageAccess.DocumentLoadedWithStorageAccess recorded 7 samples, mean = 0.0 (flags = 0x41)
0  -------O                                                                  (7 = 100.0%)
1  ... 

Histogram: Accessibility.CaptionSettingsLoadedFromSystemSettings recorded 1 samples, mean = 0.0 (flags = 0x41)
0  -O                                                                        (1 = 100.0%)
1  ... 

Histogram: Accessibility.ImageLabels2 recorded 1 samples, mean = 0.0 (flags = 0x41)
0  -O                                                                        (1 = 100.0%)
1  ... 

Histogram: Accessibility.LiveCaption.FeatureEnabled2 recorded 1 samples, mean = 1.0 (flags = 0x41)
0  O                                                                         (0 = 0.0%)
1  -O                                                                        (1 = 100.0%) {0.0%}
2  O                                                                         (0 = 0.0%) {100.0%}

Histogram: Accessibility.LiveCaption2 recorded 1 samples, mean = 0.0 (flags = 0x41)
0  -O                                                                        (1 = 100.0%)
1  ... 

Histogram: Accessibility.ManuallyEnabled recorded 1 samples, mean = 0.0 (flags = 0x41)
0  -O                                                                        (1 = 100.0%)
1  ... 

Histogram: Accessibility.WinJAWS recorded 1 samples, mean = 0.0 (flags = 0x41)
0  -O                                                                        (1 = 100.0%)
1  ... 

Histogram: Accessibility.WinNVDA recorded 1 samples, mean = 0.0 (flags = 0x41)
0  -O                                                                        (1 = 100.0%)
1  ... 

Histogram: Accessibility.WinSAToGo recorded 1 samples, mean = 0.0 (flags = 0x41)
0  -O                                                                        (1 = 100.0%)
1  ... 

Histogram: Accessibility.WinScreenReader2 recorded 1 samples, mean = 0.0 (flags = 0x41)
0  -O                                                                        (1 = 100.0%)
1  ... 

Histogram: Accessibility.WinStickyKeys recorded 1 samples, mean = 0.0 (flags = 0x41)
0  -O                                                                        (1 = 100.0%)
1  ... 

Histogram: Accessibility.WinSupernova recorded 1 samples, mean = 0.0 (flags = 0x41)
0  -O                                                                        (1 = 100.0%)
1  ... 

Histogram: Accessibility.WinZoomText recorded 1 samples, mean = 0.0 (flags = 0x41)
0  -O                                                                        (1 = 100.0%)
1  ... 

Histogram: AppBanners.InstallableStatusCode recorded 1 samples (flags = 0x41)
8  -O                                                                        (1 = 100.0%)

Histogram: Apps.PreferredApps.EntryCount recorded 1 samples, mean = 0.0 (flags = 0x41)
0  -O                                                                        (1 = 100.0%)
1  ... 

Histogram: Autofill.Address.IsEnabled.PageLoad recorded 1 samples, mean = 1.0 (flags = 0x41)
0  O                                                                         (0 = 0.0%)
1  -O                                                                        (1 = 100.0%) {0.0%}
2  O                                                                         (0 = 0.0%) {100.0%}

Histogram: Autofill.Address.IsEnabled.PageLoad.SignedOut recorded 1 samples, mean = 1.0 (flags = 0x41)
0  O                                                                         (0 = 0.0%)
1  -O                                                                        (1 = 100.0%) {0.0%}
2  O                                                                         (0 = 0.0%) {100.0%}

Histogram: Autofill.Address.IsEnabled.Startup recorded 1 samples, mean = 1.0 (flags = 0x41)
0  O                                                                         (0 = 0.0%)
1  -O                                                                        (1 = 100.0%) {0.0%}
2  O                                                                         (0 = 0.0%) {100.0%}

Histogram: Autofill.CreditCard.IsEnabled.PageLoad recorded 1 samples, mean = 1.0 (flags = 0x41)
0  O                                                                         (0 = 0.0%)
1  -O                                                                        (1 = 100.0%) {0.0%}
2  O                                                                         (0 = 0.0%) {100.0%}

Histogram: Autofill.CreditCard.IsEnabled.PageLoad.SignedOut recorded 1 samples, mean = 1.0 (flags = 0x41)
0  O                                                                         (0 = 0.0%)
1  -O                                                                        (1 = 100.0%) {0.0%}
2  O                                                                         (0 = 0.0%) {100.0%}

Histogram: Autofill.CreditCard.IsEnabled.Startup recorded 1 samples, mean = 1.0 (flags = 0x41)
0  O                                                                         (0 = 0.0%)
1  -O                                                                        (1 = 100.0%) {0.0%}
2  O                                                                         (0 = 0.0%) {100.0%}

Histogram: Autofill.DOMContentLoadedInOutermostMainFrame recorded 3 samples, mean = 0.3 (flags = 0x41)
0  --O                                                                       (2 = 66.7%)
1  -O                                                                        (1 = 33.3%) {66.7%}
2  O                                                                         (0 = 0.0%) {100.0%}

Histogram: Autofill.ExtractFormUnowned.FieldCount recorded 4 samples, mean = 0.0 (flags = 0x41)
0  ----O                                                                     (4 = 100.0%)
1  ... 

Histogram: Autofill.FormForest.GetBrowserFormOfRendererForm.Duration recorded 1 samples, mean = 0.0 (flags = 0x41)
0  -O                                                                        (1 = 100.0%)
1  ... 

Histogram: Autofill.FormForest.UpdateTreeOfRendererForm.Duration recorded 1 samples, mean = 12.0 (flags = 0x41)
0   ... 
12  -O                                                                        (1 = 100.0%) {0.0%}
16  ... 

Histogram: Autofill.FormForest.UpdateTreeOfRendererForm.Visits recorded 1 samples, mean = 2.0 (flags = 0x41)
0  ... 
2  -O                                                                        (1 = 100.0%) {0.0%}
3  ... 

Histogram: Autofill.Funnel.ParsedAsType.Address recorded 6 samples, mean = 0.0 (flags = 0x41)
0  ------O                                                                   (6 = 100.0%)
1  ... 

Histogram: Autofill.Funnel.ParsedAsType.CreditCard recorded 6 samples, mean = 0.0 (flags = 0x41)
0  ------O                                                                   (6 = 100.0%)
1  ... 

Histogram: Autofill.Funnel.ParsedAsType.VirtualCard.StandaloneCvc recorded 6 samples, mean = 0.0 (flags = 0x41)
0  ------O                                                                   (6 = 100.0%)
1  ... 

Histogram: Autofill.IsEnabled.PageLoad recorded 1 samples, mean = 1.0 (flags = 0x41)
0  O                                                                         (0 = 0.0%)
1  -O                                                                        (1 = 100.0%) {0.0%}
2  O                                                                         (0 = 0.0%) {100.0%}

Histogram: Autofill.IsEnabled.PageLoad.SignedOut recorded 1 samples, mean = 1.0 (flags = 0x41)
0  O                                                                         (0 = 0.0%)
1  -O                                                                        (1 = 100.0%) {0.0%}
2  O                                                                         (0 = 0.0%) {100.0%}

Histogram: Autofill.IsEnabled.Startup recorded 1 samples, mean = 1.0 (flags = 0x41)
0  O                                                                         (0 = 0.0%)
1  -O                                                                        (1 = 100.0%) {0.0%}
2  O                                                                         (0 = 0.0%) {100.0%}

Histogram: Autofill.Leipzig.Duplication.NumberOfLocalSupersetProfilesOnStartup recorded 1 samples, mean = 0.0 (flags = 0x41)
0  -O                                                                        (1 = 100.0%)
1  ... 

Histogram: Autofill.NumberOfDriversPerFactory recorded 1 samples, mean = 3.0 (flags = 0x41)
0  ... 
3  -O                                                                        (1 = 100.0%) {0.0%}
4  ... 

Histogram: Autofill.Offer.StoredOfferCount2.CardLinkedOffer recorded 1 samples, mean = 0.0 (flags = 0x41)
0  -O                                                                        (1 = 100.0%)
1  ... 

Histogram: Autofill.Offer.StoredOfferCount2.GPayPromoCodeOffer recorded 1 samples, mean = 0.0 (flags = 0x41)
0  -O                                                                        (1 = 100.0%)
1  ... 

Histogram: Autofill.PaymentMethods.CvcStorageIsEnabled.Startup recorded 1 samples, mean = 0.0 (flags = 0x41)
0  -O                                                                        (1 = 100.0%)
1  ... 

Histogram: Autofill.StoredCreditCardCount recorded 1 samples, mean = 0.0 (flags = 0x41)
0  -O                                                                        (1 = 100.0%)
1  ... 

Histogram: Autofill.StoredCreditCardCount.Local recorded 1 samples, mean = 0.0 (flags = 0x41)
0  -O                                                                        (1 = 100.0%)
1  ... 

Histogram: Autofill.StoredCreditCardCount.Local.WithInvalidCardNumber recorded 1 samples, mean = 0.0 (flags = 0x41)
0  -O                                                                        (1 = 100.0%)
1  ... 

Histogram: Autofill.StoredCreditCardCount.Local.WithNickname recorded 1 samples, mean = 0.0 (flags = 0x41)
0  -O                                                                        (1 = 100.0%)
1  ... 

Histogram: Autofill.StoredCreditCardCount.Server recorded 1 samples, mean = 0.0 (flags = 0x41)
0  -O                                                                        (1 = 100.0%)
1  ... 

Histogram: Autofill.StoredCreditCardCount.Server.Masked recorded 1 samples, mean = 0.0 (flags = 0x41)
0  -O                                                                        (1 = 100.0%)
1  ... 

Histogram: Autofill.StoredCreditCardCount.Server.Masked.WithNickname recorded 1 samples, mean = 0.0 (flags = 0x41)
0  -O                                                                        (1 = 100.0%)
1  ... 

Histogram: Autofill.StoredCreditCardCount.Server.Unmasked recorded 1 samples, mean = 0.0 (flags = 0x41)
0  -O                                                                        (1 = 100.0%)
1  ... 

Histogram: Autofill.StoredCreditCardCount.Server.WithCardArtImage recorded 1 samples, mean = 0.0 (flags = 0x41)
0  -O                                                                        (1 = 100.0%)
1  ... 

Histogram: Autofill.StoredCreditCardCount.Server.WithVirtualCardMetadata recorded 1 samples, mean = 0.0 (flags = 0x41)
0  -O                                                                        (1 = 100.0%)
1  ... 

Histogram: Autofill.StoredIbanCount recorded 1 samples, mean = 0.0 (flags = 0x41)
0  -O                                                                        (1 = 100.0%)
1  ... 

Histogram: Autofill.StoredProfileCount.AccountChrome recorded 1 samples, mean = 0.0 (flags = 0x41)
0  -O                                                                        (1 = 100.0%)
1  ... 

Histogram: Autofill.StoredProfileCount.AccountNonChrome recorded 1 samples, mean = 0.0 (flags = 0x41)
0  -O                                                                        (1 = 100.0%)
1  ... 

Histogram: Autofill.StoredProfileCount.Legacy recorded 1 samples, mean = 0.0 (flags = 0x41)
0  -O                                                                        (1 = 100.0%)
1  ... 

Histogram: Autofill.StoredProfileCount.Total recorded 1 samples, mean = 0.0 (flags = 0x41)
0  -O                                                                        (1 = 100.0%)
1  ... 

Histogram: Autofill.SubmissionDetectionSource.FormTracker recorded 2 samples, mean = 3.0 (flags = 0x41)
0  ... 
3  --O                                                                       (2 = 100.0%) {0.0%}
4  ... 

Histogram: Autofill.Timing.ParseFormsAsync recorded 1 samples, mean = 0.0 (flags = 0x41)
0  -O                                                                        (1 = 100.0%)
1  ... 

Histogram: Autofill.Timing.ParseFormsAsync.RunHeuristics recorded 1 samples, mean = 0.0 (flags = 0x41)
0  -O                                                                        (1 = 100.0%)
1  ... 

Histogram: Autofill.Timing.ParseFormsAsync.UpdateCache recorded 1 samples, mean = 0.0 (flags = 0x41)
0  -O                                                                        (1 = 100.0%)
1  ... 

Histogram: Autofill.TimingInterval.ExtractFormData.GetFormDataFromUnownedInputElements.AutofillAgentReset recorded 2 samples, mean = 1490090.0 (flags = 0x41)
0        ... 
1146725  -O                                                                        (1 = 50.0%) {0.0%}
1338569  O                                                                         (0 = 0.0%) {50.0%}
1562508  -O                                                                        (1 = 50.0%) {50.0%}
1823911  ... 

Histogram: Autofill.TimingInterval.ExtractFormData.GetFormDataFromUnownedInputElements.DOMContentLoaded recorded 2 samples, mean = 1073975424.0 (flags = 0x41)
0         ... 
453284    -O                                                                        (1 = 50.0%) {0.0%}
529117    ... 
10000000  -O                                                                        (1 = 50.0%) {50.0%}

Histogram: Autofill.TimingInterval.ExtractFormData.UpdateFormCache.AutofillAgentReset recorded 4 samples, mean = 745260.8 (flags = 0x41)
0        ... 
43       -O                                                                        (1 = 25.0%) {0.0%}
50       ... 
798      -O                                                                        (1 = 25.0%) {25.0%}
932      ... 
1146725  -O                                                                        (1 = 25.0%) {50.0%}
1338569  O                                                                         (0 = 0.0%) {75.0%}
1562508  -O                                                                        (1 = 25.0%) {75.0%}
1823911  ... 

Histogram: Autofill.TimingInterval.ExtractFormData.UpdateFormCache.DOMContentLoaded recorded 4 samples, mean = 116915.2 (flags = 0x41)
0       ... 
4       -O                                                                        (1 = 25.0%) {0.0%}
5       ... 
8       -O                                                                        (1 = 25.0%) {25.0%}
9       ... 
315     -O                                                                        (1 = 25.0%) {50.0%}
368     ... 
453284  -O                                                                        (1 = 25.0%) {75.0%}
529117  ... 

Histogram: Autofill.TimingInterval.UpdateFormCache.UpdateFormCache.AutofillAgentReset recorded 4 samples, mean = 745313.8 (flags = 0x41)
0        ... 
43       -O                                                                        (1 = 25.0%) {0.0%}
50       ... 
932      -O                                                                        (1 = 25.0%) {25.0%}
1088     ... 
1146725  -O                                                                        (1 = 25.0%) {50.0%}
1338569  O                                                                         (0 = 0.0%) {75.0%}
1562508  -O                                                                        (1 = 25.0%) {75.0%}
1823911  ... 

Histogram: Autofill.TimingInterval.UpdateFormCache.UpdateFormCache.DOMContentLoaded recorded 4 samples, mean = 116968.2 (flags = 0x41)
0       ... 
9       -O                                                                        (1 = 25.0%) {0.0%}
11      -O                                                                        (1 = 25.0%) {25.0%}
13      ... 
502     -O                                                                        (1 = 25.0%) {50.0%}
586     ... 
453284  -O                                                                        (1 = 25.0%) {75.0%}
529117  ... 

Histogram: Autofill.TimingPrecise.ExtractFormData recorded 6 samples, mean = 118.7 (flags = 0x41)
0    ... 
2    -O                                                                        (1 = 16.7%) {0.0%}
3    O                                                                         (0 = 0.0%) {16.7%}
4    -O                                                                        (1 = 16.7%) {16.7%}
5    O                                                                         (0 = 0.0%) {33.3%}
6    -O                                                                        (1 = 16.7%) {33.3%}
7    ... 
25   -O                                                                        (1 = 16.7%) {50.0%}
28   ... 
168  -O                                                                        (1 = 16.7%) {66.7%}
191  ... 
471  -O                                                                        (1 = 16.7%) {83.3%}
536  ... 

Histogram: Autofill.TimingPrecise.ExtractFormData.GetFormDataFromUnownedInputElements recorded 2 samples, mean = 244.5 (flags = 0x41)
0    ... 
2    -O                                                                        (1 = 50.0%) {0.0%}
3    ... 
471  -O                                                                        (1 = 50.0%) {50.0%}
536  ... 

Histogram: Autofill.TimingPrecise.ExtractFormData.UpdateFormCache recorded 4 samples, mean = 55.8 (flags = 0x41)
0    ... 
4    -O                                                                        (1 = 25.0%) {0.0%}
5    O                                                                         (0 = 0.0%) {25.0%}
6    -O                                                                        (1 = 25.0%) {25.0%}
7    ... 
25   -O                                                                        (1 = 25.0%) {50.0%}
28   ... 
168  -O                                                                        (1 = 25.0%) {75.0%}
191  ... 

Histogram: Autofill.TimingPrecise.InferLabelForElement recorded 6 samples, mean = 0.0 (flags = 0x41)
0  ------O                                                                   (6 = 100.0%)
1  ... 

Histogram: Autofill.TimingPrecise.UpdateFormCache recorded 4 samples, mean = 111.5 (flags = 0x41)
0    ... 
9    -O                                                                        (1 = 25.0%) {0.0%}
10   O                                                                         (0 = 0.0%) {25.0%}
11   -O                                                                        (1 = 25.0%) {25.0%}
13   ... 
36   -O                                                                        (1 = 25.0%) {50.0%}
41   ... 
364  -O                                                                        (1 = 25.0%) {75.0%}
414  ... 

Histogram: Autofill.TimingPrecise.UpdateFormCache.UpdateFormCache recorded 4 samples, mean = 111.5 (flags = 0x41)
0    ... 
9    -O                                                                        (1 = 25.0%) {0.0%}
10   O                                                                         (0 = 0.0%) {25.0%}
11   -O                                                                        (1 = 25.0%) {25.0%}
13   ... 
36   -O                                                                        (1 = 25.0%) {50.0%}
41   ... 
364  -O                                                                        (1 = 25.0%) {75.0%}
414  ... 

Histogram: Autofill.VirtualCardUsageData.StoredUsageDataCount recorded 1 samples, mean = 0.0 (flags = 0x41)
0  -O                                                                        (1 = 100.0%)
1  ... 

Histogram: Blink.CSSStyleSheetResource.ParseTime recorded 8 samples, mean = 610.1 (flags = 0x41)
0     ... 
55    ---O                                                                      (3 = 37.5%) {0.0%}
76    --O                                                                       (2 = 25.0%) {37.5%}
105   ... 
752   -O                                                                        (1 = 12.5%) {62.5%}
1043  -O                                                                        (1 = 12.5%) {75.0%}
1447  O                                                                         (0 = 0.0%) {87.5%}
2008  -O                                                                        (1 = 12.5%) {87.5%}
2786  ... 

Histogram: Blink.CommitDocumentLoaderTime recorded 7 samples, mean = 8.4 (flags = 0x41)
0   --O                                                                       (2 = 28.6%)
1   --O                                                                       (2 = 28.6%) {28.6%}
2   -O                                                                        (1 = 14.3%) {57.1%}
3   ... 
17  -O                                                                        (1 = 14.3%) {71.4%}
20  ... 
34  -O                                                                        (1 = 14.3%) {85.7%}
40  ... 

Histogram: Blink.CookiesTime recorded 21 samples, mean = 5.5 (flags = 0x41)
0    --------------------O                                                     (20 = 95.2%)
1    ... 
114  -O                                                                        (1 = 4.8%) {95.2%}
135  ... 

Histogram: Blink.CullRect.UpdateTime recorded 35 samples, mean = 15.8 (flags = 0x41)
0    ----------O                                                               (10 = 28.6%)
1    --------------O                                                           (14 = 40.0%) {28.6%}
2    O                                                                         (0 = 0.0%) {68.6%}
3    ---O                                                                      (3 = 8.6%) {68.6%}
4    ---O                                                                      (3 = 8.6%) {77.1%}
6    -O                                                                        (1 = 2.9%) {85.7%}
8    -O                                                                        (1 = 2.9%) {88.6%}
11   --O                                                                       (2 = 5.7%) {91.4%}
15   ... 
391  -O                                                                        (1 = 2.9%) {97.1%}
542  ... 

Histogram: Blink.DocumentLoader.CommitNavigationToStartLoadingResponse.Time.OutermostMainFrame.NewNavigation.IsHTTPOrHTTPS recorded 1 samples, mean = 3.0 (flags = 0x41)
0  ... 
3  -O                                                                        (1 = 100.0%) {0.0%}
4  ... 

Histogram: Blink.DocumentLoader.CreateParserPostCommit.Time.OutermostMainFrame.NewNavigation.IsHTTPOrHTTPS recorded 1 samples, mean = 12.0 (flags = 0x41)
0   ... 
12  -O                                                                        (1 = 100.0%) {0.0%}
14  ... 

Histogram: Blink.EffectiveZoom recorded 18 samples (flags = 0x41)
150  ------------------O                                                       (18 = 100.0%)

Histogram: Blink.Experimental.Cookies.CacheLookupResult2 recorded 21 samples, mean = 0.9 (flags = 0x41)
0  --O                                                                       (2 = 9.5%)
1  -------------------O                                                      (19 = 90.5%) {9.5%}
2  ... 

Histogram: Blink.Experimental.Cookies.FirstCookieRequest recorded 2 samples, mean = 1.0 (flags = 0x41)
0  O                                                                         (0 = 0.0%)
1  --O                                                                       (2 = 100.0%) {0.0%}
2  ... 

Histogram: Blink.Fetch.RequestResourceTime2 recorded 128 samples, mean = 172.7 (flags = 0x41)
0      ... 
8      ------------------------O                                                 (24 = 18.8%) {0.0%}
11     ---------------------------O                                              (27 = 21.1%) {18.8%}
15     ---------------------O                                                    (21 = 16.4%) {39.8%}
21     -------O                                                                  (7 = 5.5%) {56.2%}
29     ------------O                                                             (12 = 9.4%) {61.7%}
40     -----O                                                                    (5 = 3.9%) {71.1%}
55     ----O                                                                     (4 = 3.1%) {75.0%}
76     --------O                                                                 (8 = 6.2%) {78.1%}
105    -----O                                                                    (5 = 3.9%) {84.4%}
146    ----O                                                                     (4 = 3.1%) {88.3%}
203    ------O                                                                   (6 = 4.7%) {91.4%}
282    --O                                                                       (2 = 1.6%) {96.1%}
391    ... 
752    -O                                                                        (1 = 0.8%) {97.7%}
1043   O                                                                         (0 = 0.0%) {98.4%}
1447   -O                                                                        (1 = 0.8%) {98.4%}
2008   ... 
10321  -O                                                                        (1 = 0.8%) {99.2%}
14319  ... 

Histogram: Blink.Fetch.RequestResourceTime2.Preload recorded 41 samples, mean = 84.0 (flags = 0x41)
0     ... 
8     -----O                                                                    (5 = 12.2%) {0.0%}
11    ---O                                                                      (3 = 7.3%) {12.2%}
15    -------------O                                                            (13 = 31.7%) {19.5%}
21    ------O                                                                   (6 = 14.6%) {51.2%}
29    -O                                                                        (1 = 2.4%) {65.9%}
40    -O                                                                        (1 = 2.4%) {68.3%}
55    --O                                                                       (2 = 4.9%) {70.7%}
76    ----O                                                                     (4 = 9.8%) {75.6%}
105   ---O                                                                      (3 = 7.3%) {85.4%}
146   -O                                                                        (1 = 2.4%) {92.7%}
203   O                                                                         (0 = 0.0%) {95.1%}
282   -O                                                                        (1 = 2.4%) {95.1%}
391   ... 
1447  -O                                                                        (1 = 2.4%) {97.6%}
2008  ... 

Histogram: Blink.FetchQueuedPreloadsTime.MainFrame.Initial recorded 1 samples, mean = 1.0 (flags = 0x41)
0  O                                                                         (0 = 0.0%)
1  -O                                                                        (1 = 100.0%) {0.0%}
2  ... 

Histogram: Blink.Fonts.DecodeTime recorded 5 samples, mean = 5147.0 (flags = 0x41)
0      ... 
2786   ----O                                                                     (4 = 80.0%) {0.0%}
3865   ... 
10321  -O                                                                        (1 = 20.0%) {80.0%}
14319  ... 

Histogram: Blink.Fonts.VariableFontsRatio recorded 5 samples, mean = 1.2 (flags = 0x41)
0  O                                                                         (0 = 0.0%)
1  ----O                                                                     (4 = 80.0%) {0.0%}
2  -O                                                                        (1 = 20.0%) {80.0%}
3  ... 

Histogram: Blink.ForcedStyleAndLayout.UpdateTime.PreFCP recorded 2 samples, mean = 9.0 (flags = 0x41)
0   ... 
4   -O                                                                        (1 = 50.0%) {0.0%}
6   ... 
11  -O                                                                        (1 = 50.0%) {50.0%}
15  ... 

Histogram: Blink.HTMLFastPathParser.AbortedParseSize recorded 33 samples, mean = 3.4 (flags = 0x41)
0  -----O                                                                    (5 = 15.2%)
1  ... 
4  ----------------------------O                                             (28 = 84.8%) {15.2%}
6  ... 

Histogram: Blink.HTMLFastPathParser.AbortedParseTime2 recorded 33 samples, mean = 9.1 (flags = 0x41)
0    ----------------------O                                                   (22 = 66.7%)
1    ------O                                                                   (6 = 18.2%) {66.7%}
2    --O                                                                       (2 = 6.1%) {84.8%}
3    O                                                                         (0 = 0.0%) {90.9%}
4    --O                                                                       (2 = 6.1%) {90.9%}
5    ... 
277  -O                                                                        (1 = 3.0%) {97.0%}
299  ... 

Histogram: Blink.HTMLFastPathParser.ParseResult recorded 65 samples, mean = 8.1 (flags = 0x41)
0   --------------------------------O                                         (32 = 49.2%)
1   ... 
4   -----O                                                                    (5 = 7.7%) {49.2%}
5   ... 
18  ----------------------------O                                             (28 = 43.1%) {56.9%}
19  ... 

Histogram: Blink.HTMLFastPathParser.SuccessfulParseSize recorded 32 samples, mean = 128.8 (flags = 0x41)
0    ... 
105  ----------------------------O                                             (28 = 87.5%) {0.0%}
146  ----O                                                                     (4 = 12.5%) {87.5%}
203  ... 

Histogram: Blink.HTMLFastPathParser.SuccessfulParseTime2 recorded 32 samples, mean = 1.8 (flags = 0x41)
0   -------------O                                                            (13 = 40.6%)
1   -----------O                                                              (11 = 34.4%) {40.6%}
2   ----O                                                                     (4 = 12.5%) {75.0%}
3   --O                                                                       (2 = 6.2%) {87.5%}
4   ... 
7   -O                                                                        (1 = 3.1%) {93.8%}
8   ... 
23  -O                                                                        (1 = 3.1%) {96.9%}
25  ... 

Histogram: Blink.HTMLFastPathParser.TotalParseTime2 recorded 65 samples, mean = 12.0 (flags = 0x41)
0    --------O                                                                 (8 = 12.3%)
1    -------------O                                                            (13 = 20.0%) {12.3%}
2    -----O                                                                    (5 = 7.7%) {32.3%}
3    -------O                                                                  (7 = 10.8%) {40.0%}
4    -------O                                                                  (7 = 10.8%) {50.8%}
5    ----O                                                                     (4 = 6.2%) {61.5%}
6    ---O                                                                      (3 = 4.6%) {67.7%}
7    --O                                                                       (2 = 3.1%) {72.3%}
8    O                                                                         (0 = 0.0%) {75.4%}
9    -O                                                                        (1 = 1.5%) {75.4%}
10   -O                                                                        (1 = 1.5%) {76.9%}
11   O                                                                         (0 = 0.0%) {78.5%}
12   --O                                                                       (2 = 3.1%) {78.5%}
13   O                                                                         (0 = 0.0%) {81.5%}
14   ---O                                                                      (3 = 4.6%) {81.5%}
15   ... 
18   -O                                                                        (1 = 1.5%) {86.2%}
19   ... 
25   -O                                                                        (1 = 1.5%) {87.7%}
27   ---O                                                                      (3 = 4.6%) {89.2%}
29   ... 
34   -O                                                                        (1 = 1.5%) {93.8%}
37   O                                                                         (0 = 0.0%) {95.4%}
40   -O                                                                        (1 = 1.5%) {95.4%}
43   ... 
63   -O                                                                        (1 = 1.5%) {96.9%}
68   ... 
299  -O                                                                        (1 = 1.5%) {98.5%}
323  ... 

Histogram: Blink.HTMLParsing.ChunkCount4 recorded 1 samples, mean = 1.0 (flags = 0x41)
0  O                                                                         (0 = 0.0%)
1  -O                                                                        (1 = 100.0%) {0.0%}
2  ... 

Histogram: Blink.HTMLParsing.InputCharacterCount4 recorded 1 samples, mean = 149660.0 (flags = 0x41)
0       ... 
141691  -O                                                                        (1 = 100.0%) {0.0%}
196583  ... 

Histogram: Blink.HTMLParsing.ParsingTimeMax4 recorded 1 samples, mean = 4709.0 (flags = 0x41)
0     ... 
4701  -O                                                                        (1 = 100.0%) {0.0%}
4774  ... 

Histogram: Blink.HTMLParsing.ParsingTimeMin4 recorded 1 samples, mean = 4709.0 (flags = 0x41)
0     ... 
4279  -O                                                                        (1 = 100.0%) {0.0%}
4872  ... 

Histogram: Blink.HTMLParsing.ParsingTimeTotal4 recorded 1 samples, mean = 4709.0 (flags = 0x41)
0     ... 
4701  -O                                                                        (1 = 100.0%) {0.0%}
4774  ... 

Histogram: Blink.HTMLParsing.PreloadRequestCount recorded 1 samples, mean = 33.0 (flags = 0x41)
0   ... 
33  -O                                                                        (1 = 100.0%) {0.0%}
37  ... 

Histogram: Blink.HTMLParsing.TimeToDeferredPumpTokenizer4 recorded 1 samples, mean = 600.0 (flags = 0x41)
0    ... 
536  -O                                                                        (1 = 100.0%) {0.0%}
610  ... 

Histogram: Blink.HTMLParsing.TokensParsedAverage4 recorded 1 samples, mean = 127.0 (flags = 0x41)
0    ... 
113  -O                                                                        (1 = 100.0%) {0.0%}
149  ... 

Histogram: Blink.HTMLParsing.TokensParsedMax4 recorded 1 samples, mean = 127.0 (flags = 0x41)
0    ... 
113  -O                                                                        (1 = 100.0%) {0.0%}
149  ... 

Histogram: Blink.HTMLParsing.TokensParsedMin4 recorded 1 samples, mean = 127.0 (flags = 0x41)
0    ... 
114  -O                                                                        (1 = 100.0%) {0.0%}
135  ... 

Histogram: Blink.HTMLParsing.TokensParsedTotal4 recorded 1 samples, mean = 127.0 (flags = 0x41)
0    ... 
105  -O                                                                        (1 = 100.0%) {0.0%}
146  ... 

Histogram: Blink.HTMLParsing.YieldedTimeAverage4 recorded 1 samples, mean = 449.0 (flags = 0x41)
0    ... 
430  -O                                                                        (1 = 100.0%) {0.0%}
502  ... 

Histogram: Blink.HTMLParsing.YieldedTimeMax4 recorded 1 samples, mean = 604.0 (flags = 0x41)
0    ... 
596  -O                                                                        (1 = 100.0%) {0.0%}
605  ... 

Histogram: Blink.HTMLParsing.YieldedTimeMin4 recorded 1 samples, mean = 294.0 (flags = 0x41)
0    ... 
270  -O                                                                        (1 = 100.0%) {0.0%}
315  ... 

Histogram: Blink.History.VisitedLinks.IsLinkStyledAsVisited recorded 41 samples, mean = 0.0 (flags = 0x41)
0  -----------------------------------------O                                (41 = 100.0%)
1  ... 

Histogram: Blink.JavascriptDocumentUpdate.UpdateTime.PreFCP recorded 1 samples, mean = 4.0 (flags = 0x41)
0  ... 
4  -O                                                                        (1 = 100.0%) {0.0%}
6  ... 

Histogram: Blink.Layout.InlineNode.ShapeText.MaxTime.InOutermostMainFrame3 recorded 1 samples, mean = 0.0 (flags = 0x41)
0  -O                                                                        (1 = 100.0%)
1  ... 

Histogram: Blink.Layout.InlineNode.ShapeText.TotalTime.InOutermostMainFrame3 recorded 1 samples, mean = 0.0 (flags = 0x41)
0  -O                                                                        (1 = 100.0%)
1  ... 

Histogram: Blink.Layout.SVGImage.Count.InOutermostMainFrame recorded 1 samples, mean = 0.0 (flags = 0x41)
0  -O                                                                        (1 = 100.0%)
1  ... 

Histogram: Blink.Layout.SVGImage.TotalTime.InOutermostMainFrame recorded 1 samples, mean = 0.0 (flags = 0x41)
0  -O                                                                        (1 = 100.0%)
1  ... 

Histogram: Blink.MainFrame.UpdateTime.PreFCP recorded 35 samples, mean = 3407.8 (flags = 0x41)
0      ... 
55     ---O                                                                      (3 = 8.6%) {0.0%}
76     ------------O                                                             (12 = 34.3%) {8.6%}
105    ---O                                                                      (3 = 8.6%) {42.9%}
146    ---O                                                                      (3 = 8.6%) {51.4%}
203    O                                                                         (0 = 0.0%) {60.0%}
282    -O                                                                        (1 = 2.9%) {60.0%}
391    -O                                                                        (1 = 2.9%) {62.9%}
542    O                                                                         (0 = 0.0%) {65.7%}
752    -O                                                                        (1 = 2.9%) {65.7%}
1043   -O                                                                        (1 = 2.9%) {68.6%}
1447   --O                                                                       (2 = 5.7%) {71.4%}
2008   -O                                                                        (1 = 2.9%) {77.1%}
2786   ---O                                                                      (3 = 8.6%) {80.0%}
3865   -O                                                                        (1 = 2.9%) {88.6%}
5362   -O                                                                        (1 = 2.9%) {91.4%}
7439   ... 
19866  -O                                                                        (1 = 2.9%) {94.3%}
27562  ... 
53055  -O                                                                        (1 = 2.9%) {97.1%}
73609  ... 

Histogram: Blink.MemoryCache.RevalidationPolicy.AsyncScript recorded 48 samples, mean = 1.6 (flags = 0x41)
0  -----------------------O                                                  (23 = 47.9%)
1  ... 
3  -------------------------O                                                (25 = 52.1%) {47.9%}
4  ... 

Histogram: Blink.MemoryCache.RevalidationPolicy.CSSStyleSheet recorded 8 samples, mean = 0.0 (flags = 0x41)
0  --------O                                                                 (8 = 100.0%)
1  ... 

Histogram: Blink.MemoryCache.RevalidationPolicy.Dead.CSSStyleSheet recorded 1 samples, mean = 0.0 (flags = 0x41)
0  -O                                                                        (1 = 100.0%)
1  ... 

Histogram: Blink.MemoryCache.RevalidationPolicy.Dead.Font recorded 2 samples, mean = 0.0 (flags = 0x41)
0  --O                                                                       (2 = 100.0%)
1  ... 

Histogram: Blink.MemoryCache.RevalidationPolicy.Dead.Script recorded 22 samples, mean = 0.0 (flags = 0x41)
0  ----------------------O                                                   (22 = 100.0%)
1  ... 

Histogram: Blink.MemoryCache.RevalidationPolicy.Font recorded 23 samples, mean = 4.0 (flags = 0x41)
0  -O                                                                        (1 = 4.3%)
1  ... 
4  ------------------O                                                       (18 = 78.3%) {4.3%}
5  ----O                                                                     (4 = 17.4%) {82.6%}
6  O                                                                         (0 = 0.0%) {100.0%}

Histogram: Blink.MemoryCache.RevalidationPolicy.Image recorded 26 samples, mean = 4.0 (flags = 0x41)
0  ... 
3  -O                                                                        (1 = 3.8%) {0.0%}
4  -------------------------O                                                (25 = 96.2%) {3.8%}
5  ... 

Histogram: Blink.MemoryCache.RevalidationPolicy.Manifest recorded 1 samples, mean = 3.0 (flags = 0x41)
0  ... 
3  -O                                                                        (1 = 100.0%) {0.0%}
4  ... 

Histogram: Blink.MemoryCache.RevalidationPolicy.Preload.CSSStyleSheet recorded 15 samples, mean = 1.6 (flags = 0x41)
0  -------O                                                                  (7 = 46.7%)
1  ... 
3  --------O                                                                 (8 = 53.3%) {46.7%}
4  ... 

Histogram: Blink.MemoryCache.RevalidationPolicy.Preload.Font recorded 2 samples, mean = 1.5 (flags = 0x41)
0  -O                                                                        (1 = 50.0%)
1  ... 
3  -O                                                                        (1 = 50.0%) {50.0%}
4  ... 

Histogram: Blink.MemoryCache.RevalidationPolicy.Preload.Script recorded 24 samples, mean = 2.8 (flags = 0x41)
0  --O                                                                       (2 = 8.3%)
1  ... 
3  ----------------------O                                                   (22 = 91.7%) {8.3%}
4  ... 

Histogram: Blink.MemoryCache.RevalidationPolicy.Raw recorded 7 samples, mean = 3.0 (flags = 0x41)
0  ... 
3  -------O                                                                  (7 = 100.0%) {0.0%}
4  ... 

Histogram: Blink.MemoryCache.RevalidationPolicy.Script recorded 26 samples, mean = 0.5 (flags = 0x41)
0  ----------------------O                                                   (22 = 84.6%)
1  ... 
3  ----O                                                                     (4 = 15.4%) {84.6%}
4  ... 

Histogram: Blink.PreloadRequestStartDuration recorded 41 samples, mean = 94.2 (flags = 0x41)
0     ... 
8     ----O                                                                     (4 = 9.8%) {0.0%}
11    --O                                                                       (2 = 4.9%) {9.8%}
15    ---------------O                                                          (15 = 36.6%) {14.6%}
21    ------O                                                                   (6 = 14.6%) {51.2%}
29    -O                                                                        (1 = 2.4%) {65.9%}
40    -O                                                                        (1 = 2.4%) {68.3%}
55    --O                                                                       (2 = 4.9%) {70.7%}
76    ---O                                                                      (3 = 7.3%) {75.6%}
105   --O                                                                       (2 = 4.9%) {82.9%}
146   --O                                                                       (2 = 4.9%) {87.8%}
203   -O                                                                        (1 = 2.4%) {92.7%}
282   -O                                                                        (1 = 2.4%) {95.1%}
391   ... 
1447  -O                                                                        (1 = 2.4%) {97.6%}
2008  ... 

Histogram: Blink.PreloadRequestWaitTime recorded 31 samples, mean = 2.4 (flags = 0x41)
0  ... 
2  -------------------O                                                      (19 = 61.3%) {0.0%}
3  ------------O                                                             (12 = 38.7%) {61.3%}
4  ... 

Histogram: Blink.PrepareToStopParsingTime recorded 40 samples, mean = 0.2 (flags = 0x41)
0  -------------------------------------O                                    (37 = 92.5%)
1  -O                                                                        (1 = 2.5%) {92.5%}
2  -O                                                                        (1 = 2.5%) {95.0%}
3  ... 
5  -O                                                                        (1 = 2.5%) {97.5%}
6  ... 

Histogram: Blink.PumpTokenizerTime recorded 78 samples, mean = 0.4 (flags = 0x41)
0   ------------------------------------------------------------------------O (74 = 94.9%)
1   ... 
4   -O                                                                        (1 = 1.3%) {94.9%}
5   -O                                                                        (1 = 1.3%) {96.2%}
6   ... 
10  -O                                                                        (1 = 1.3%) {97.4%}
12  -O                                                                        (1 = 1.3%) {98.7%}
14  ... 

Histogram: Blink.ResourceRequest.BackgroundResourceFetchSupportStatus recorded 48 samples, mean = 0.1 (flags = 0x41)
0  ----------------------------------------------O                           (46 = 95.8%)
1  O                                                                         (0 = 0.0%) {95.8%}
2  --O                                                                       (2 = 4.2%) {95.8%}
3  ... 

Histogram: Blink.ResourceRequest.CompletionDelay2 recorded 48 samples, mean = 3.1 (flags = 0x41)
0   -----------------------------O                                            (29 = 60.4%)
1   ----------O                                                               (10 = 20.8%) {60.4%}
2   -O                                                                        (1 = 2.1%) {81.2%}
3   ... 
6   -O                                                                        (1 = 2.1%) {83.3%}
7   O                                                                         (0 = 0.0%) {85.4%}
8   -O                                                                        (1 = 2.1%) {85.4%}
10  -O                                                                        (1 = 2.1%) {87.5%}
12  -O                                                                        (1 = 2.1%) {89.6%}
14  --O                                                                       (2 = 4.2%) {91.7%}
17  ... 
29  -O                                                                        (1 = 2.1%) {95.8%}
34  -O                                                                        (1 = 2.1%) {97.9%}
40  ... 

Histogram: Blink.ResourceRequest.RedirectDelay2 recorded 2 samples, mean = 18.0 (flags = 0x41)
0   -O                                                                        (1 = 50.0%)
1   ... 
34  -O                                                                        (1 = 50.0%) {50.0%}
40  ... 

Histogram: Blink.ResourceRequest.ResponseDelay2 recorded 48 samples, mean = 7.6 (flags = 0x41)
0   -------------------O                                                      (19 = 39.6%)
1   ---O                                                                      (3 = 6.2%) {39.6%}
2   --O                                                                       (2 = 4.2%) {45.8%}
3   -O                                                                        (1 = 2.1%) {50.0%}
4   O                                                                         (0 = 0.0%) {52.1%}
5   --O                                                                       (2 = 4.2%) {52.1%}
6   -------O                                                                  (7 = 14.6%) {56.2%}
7   ... 
12  -------O                                                                  (7 = 14.6%) {70.8%}
14  O                                                                         (0 = 0.0%) {85.4%}
17  -O                                                                        (1 = 2.1%) {85.4%}
20  -O                                                                        (1 = 2.1%) {87.5%}
24  -O                                                                        (1 = 2.1%) {89.6%}
29  -O                                                                        (1 = 2.1%) {91.7%}
34  -O                                                                        (1 = 2.1%) {93.8%}
40  -O                                                                        (1 = 2.1%) {95.8%}
48  -O                                                                        (1 = 2.1%) {97.9%}
57  ... 

Histogram: Blink.ResourceRequest.StartDelay2 recorded 48 samples, mean = 570.6 (flags = 0x41)
0    -O                                                                        (1 = 2.1%)
1    ... 
7    --O                                                                       (2 = 4.2%) {2.1%}
8    ... 
29   -O                                                                        (1 = 2.1%) {6.2%}
34   -O                                                                        (1 = 2.1%) {8.3%}
40   ... 
190  -O                                                                        (1 = 2.1%) {10.4%}
226  -O                                                                        (1 = 2.1%) {12.5%}
268  ---O                                                                      (3 = 6.2%) {14.6%}
318  ----O                                                                     (4 = 8.3%) {20.8%}
378  ... 
533  --O                                                                       (2 = 4.2%) {29.2%}
633  ------------------------O                                                 (24 = 50.0%) {33.3%}
752  O                                                                         (0 = 0.0%) {83.3%}
894  --------O                                                                 (8 = 16.7%) {83.3%}
1062 ... 

Histogram: Blink.ScanAndPreloadTime.MainFrame.Initial recorded 1 samples, mean = 3.0 (flags = 0x41)
0  ... 
3  -O                                                                        (1 = 100.0%) {0.0%}
4  ... 

Histogram: Blink.ScanAndPreloadTime.MainFrame.NonInitial recorded 1 samples, mean = 0.0 (flags = 0x41)
0  -O                                                                        (1 = 100.0%)
1  ... 

Histogram: Blink.ScanAndPreloadTime2.MainFrame.Initial recorded 1 samples, mean = 3902.0 (flags = 0x41)
0     ... 
3865  -O                                                                        (1 = 100.0%) {0.0%}
5362  ... 

Histogram: Blink.ScanAndPreloadTime2.MainFrame.NonInitial recorded 1 samples, mean = 13.0 (flags = 0x41)
0   ... 
11  -O                                                                        (1 = 100.0%) {0.0%}
15  ... 

Histogram: Blink.ScanAndPreloadTime2.Preload.MainFrame.Initial recorded 1 samples, mean = 1451.0 (flags = 0x41)
0     ... 
1447  -O                                                                        (1 = 100.0%) {0.0%}
2008  ... 

Histogram: Blink.ScanAndPreloadTime2.Preload.MainFrame.NonInitial recorded 1 samples, mean = 1.0 (flags = 0x41)
0  O                                                                         (0 = 0.0%)
1  -O                                                                        (1 = 100.0%) {0.0%}
2  ... 

Histogram: Blink.ScanAndPreloadTime2.Scan.MainFrame.Initial recorded 1 samples, mean = 2436.0 (flags = 0x41)
0     ... 
2008  -O                                                                        (1 = 100.0%) {0.0%}
2786  ... 

Histogram: Blink.ScanAndPreloadTime2.Scan.MainFrame.NonInitial recorded 1 samples, mean = 1.0 (flags = 0x41)
0  O                                                                         (0 = 0.0%)
1  -O                                                                        (1 = 100.0%) {0.0%}
2  ... 

Histogram: Blink.Script.AsyncScript.FromReadyToStartExecution.Time recorded 26 samples, mean = 0.4 (flags = 0x41)
0   -------------------------O                                                (25 = 96.2%)
1   ... 
10  -O                                                                        (1 = 3.8%) {96.2%}
13  ... 

Histogram: Blink.Script.SchedulingType recorded 41 samples, mean = 5.3 (flags = 0x41)
0  ... 
3  -O                                                                        (1 = 2.4%) {0.0%}
4  O                                                                         (0 = 0.0%) {2.4%}
5  -------------------------O                                                (25 = 61.0%) {2.4%}
6  ---------------O                                                          (15 = 36.6%) {63.4%}
7  ... 

Histogram: Blink.UseCounter.AnimatedCSSProperties recorded 1 samples, mean = 1.0 (flags = 0x41)
0  O                                                                         (0 = 0.0%)
1  -O                                                                        (1 = 100.0%) {0.0%}
2  ... 

Histogram: Blink.UseCounter.CSSProperties recorded 98 samples, mean = 276.7 (flags = 0x41)
0    O                                                                         (0 = 0.0%)
1    -O                                                                        (1 = 1.0%) {0.0%}
2    -O                                                                        (1 = 1.0%) {1.0%}
3    -O                                                                        (1 = 1.0%) {2.0%}
4    -O                                                                        (1 = 1.0%) {3.1%}
5    -O                                                                        (1 = 1.0%) {4.1%}
6    -O                                                                        (1 = 1.0%) {5.1%}
7    -O                                                                        (1 = 1.0%) {6.1%}
8    -O                                                                        (1 = 1.0%) {7.1%}
9    O                                                                         (0 = 0.0%) {8.2%}
10   -O                                                                        (1 = 1.0%) {8.2%}
11   ... 
14   -O                                                                        (1 = 1.0%) {9.2%}
15   ... 
20   -O                                                                        (1 = 1.0%) {10.2%}
21   -O                                                                        (1 = 1.0%) {11.2%}
22   ... 
24   -O                                                                        (1 = 1.0%) {12.2%}
25   ... 
34   -O                                                                        (1 = 1.0%) {13.3%}
35   ... 
42   -O                                                                        (1 = 1.0%) {14.3%}
43   ... 
53   -O                                                                        (1 = 1.0%) {15.3%}
54   ... 
59   -O                                                                        (1 = 1.0%) {16.3%}
60   ... 
66   -O                                                                        (1 = 1.0%) {17.3%}
67   ... 
69   -O                                                                        (1 = 1.0%) {18.4%}
70   ... 
72   -O                                                                        (1 = 1.0%) {19.4%}
73   O                                                                         (0 = 0.0%) {20.4%}
74   -O                                                                        (1 = 1.0%) {20.4%}
75   ... 
77   -O                                                                        (1 = 1.0%) {21.4%}
78   ... 
81   -O                                                                        (1 = 1.0%) {22.4%}
82   ... 
84   -O                                                                        (1 = 1.0%) {23.5%}
85   ... 
89   -O                                                                        (1 = 1.0%) {24.5%}
90   ... 
95   -O                                                                        (1 = 1.0%) {25.5%}
96   -O                                                                        (1 = 1.0%) {26.5%}
97   -O                                                                        (1 = 1.0%) {27.6%}
98   -O                                                                        (1 = 1.0%) {28.6%}
99   O                                                                         (0 = 0.0%) {29.6%}
100  -O                                                                        (1 = 1.0%) {29.6%}
101  ... 
105  -O                                                                        (1 = 1.0%) {30.6%}
106  -O                                                                        (1 = 1.0%) {31.6%}
107  -O                                                                        (1 = 1.0%) {32.7%}
108  O                                                                         (0 = 0.0%) {33.7%}
109  -O                                                                        (1 = 1.0%) {33.7%}
110  ... 
118  -O                                                                        (1 = 1.0%) {34.7%}
119  -O                                                                        (1 = 1.0%) {35.7%}
120  ... 
124  -O                                                                        (1 = 1.0%) {36.7%}
125  ... 
127  -O                                                                        (1 = 1.0%) {37.8%}
128  -O                                                                        (1 = 1.0%) {38.8%}
129  -O                                                                        (1 = 1.0%) {39.8%}
130  ... 
143  -O                                                                        (1 = 1.0%) {40.8%}
144  ... 
150  -O                                                                        (1 = 1.0%) {41.8%}
151  O                                                                         (0 = 0.0%) {42.9%}
152  -O                                                                        (1 = 1.0%) {42.9%}
153  -O                                                                        (1 = 1.0%) {43.9%}
154  -O                                                                        (1 = 1.0%) {44.9%}
155  O                                                                         (0 = 0.0%) {45.9%}
156  -O                                                                        (1 = 1.0%) {45.9%}
157  -O                                                                        (1 = 1.0%) {46.9%}
158  O                                                                         (0 = 0.0%) {48.0%}
159  -O                                                                        (1 = 1.0%) {48.0%}
160  O                                                                         (0 = 0.0%) {49.0%}
161  -O                                                                        (1 = 1.0%) {49.0%}
162  -O                                                                        (1 = 1.0%) {50.0%}
163  O                                                                         (0 = 0.0%) {51.0%}
164  -O                                                                        (1 = 1.0%) {51.0%}
165  -O                                                                        (1 = 1.0%) {52.0%}
166  ... 
175  -O                                                                        (1 = 1.0%) {53.1%}
176  ... 
231  -O                                                                        (1 = 1.0%) {54.1%}
232  -O                                                                        (1 = 1.0%) {55.1%}
233  O                                                                         (0 = 0.0%) {56.1%}
234  -O                                                                        (1 = 1.0%) {56.1%}
235  -O                                                                        (1 = 1.0%) {57.1%}
236  O                                                                         (0 = 0.0%) {58.2%}
237  -O                                                                        (1 = 1.0%) {58.2%}
238  -O                                                                        (1 = 1.0%) {59.2%}
239  -O                                                                        (1 = 1.0%) {60.2%}
240  -O                                                                        (1 = 1.0%) {61.2%}
241  O                                                                         (0 = 0.0%) {62.2%}
242  -O                                                                        (1 = 1.0%) {62.2%}
243  ... 
303  -O                                                                        (1 = 1.0%) {63.3%}
304  ... 
369  -O                                                                        (1 = 1.0%) {64.3%}
370  -O                                                                        (1 = 1.0%) {65.3%}
371  ... 
415  -O                                                                        (1 = 1.0%) {66.3%}
416  ... 
432  -O                                                                        (1 = 1.0%) {67.3%}
433  -O                                                                        (1 = 1.0%) {68.4%}
434  ... 
437  -O                                                                        (1 = 1.0%) {69.4%}
438  ... 
446  -O                                                                        (1 = 1.0%) {70.4%}
447  ... 
508  -O                                                                        (1 = 1.0%) {71.4%}
509  ... 
514  -O                                                                        (1 = 1.0%) {72.4%}
515  -O                                                                        (1 = 1.0%) {73.5%}
516  -O                                                                        (1 = 1.0%) {74.5%}
517  ... 
537  -O                                                                        (1 = 1.0%) {75.5%}
538  ... 
549  -O                                                                        (1 = 1.0%) {76.5%}
550  ... 
556  -O                                                                        (1 = 1.0%) {77.6%}
557  ... 
563  -O                                                                        (1 = 1.0%) {78.6%}
564  ... 
591  -O                                                                        (1 = 1.0%) {79.6%}
592  -O                                                                        (1 = 1.0%) {80.6%}
593  O                                                                         (0 = 0.0%) {81.6%}
594  -O                                                                        (1 = 1.0%) {81.6%}
595  -O                                                                        (1 = 1.0%) {82.7%}
596  ... 
598  -O                                                                        (1 = 1.0%) {83.7%}
599  -O                                                                        (1 = 1.0%) {84.7%}
600  ... 
618  -O                                                                        (1 = 1.0%) {85.7%}
619  -O                                                                        (1 = 1.0%) {86.7%}
620  -O                                                                        (1 = 1.0%) {87.8%}
621  -O                                                                        (1 = 1.0%) {88.8%}
622  ... 
636  -O                                                                        (1 = 1.0%) {89.8%}
637  ... 
657  -O                                                                        (1 = 1.0%) {90.8%}
658  -O                                                                        (1 = 1.0%) {91.8%}
659  ... 
662  -O                                                                        (1 = 1.0%) {92.9%}
663  ... 
672  -O                                                                        (1 = 1.0%) {93.9%}
673  -O                                                                        (1 = 1.0%) {94.9%}
674  O                                                                         (0 = 0.0%) {95.9%}
675  -O                                                                        (1 = 1.0%) {95.9%}
676  ... 
696  -O                                                                        (1 = 1.0%) {96.9%}
697  ... 
746  -O                                                                        (1 = 1.0%) {98.0%}
747  ... 
770  -O                                                                        (1 = 1.0%) {99.0%}
771  ... 

Histogram: Blink.UseCounter.Features recorded 185 samples, mean = 2270.5 (flags = 0x41)
0     ... 
13    -O                                                                        (1 = 0.5%) {0.0%}
14    ... 
16    -O                                                                        (1 = 0.5%) {0.5%}
17    ... 
52    -O                                                                        (1 = 0.5%) {1.1%}
53    ... 
69    -O                                                                        (1 = 0.5%) {1.6%}
70    ... 
123   -O                                                                        (1 = 0.5%) {2.2%}
124   -O                                                                        (1 = 0.5%) {2.7%}
125   -O                                                                        (1 = 0.5%) {3.2%}
126   ... 
138   -O                                                                        (1 = 0.5%) {3.8%}
139   ... 
240   -O                                                                        (1 = 0.5%) {4.3%}
241   ... 
250   -O                                                                        (1 = 0.5%) {4.9%}
251   ... 
429   -O                                                                        (1 = 0.5%) {5.4%}
430   -O                                                                        (1 = 0.5%) {5.9%}
431   -O                                                                        (1 = 0.5%) {6.5%}
432   -O                                                                        (1 = 0.5%) {7.0%}
433   ... 
469   -O                                                                        (1 = 0.5%) {7.6%}
470   ... 
494   -O                                                                        (1 = 0.5%) {8.1%}
495   ... 
522   -O                                                                        (1 = 0.5%) {8.6%}
523   -O                                                                        (1 = 0.5%) {9.2%}
524   -O                                                                        (1 = 0.5%) {9.7%}
525   ... 
540   -O                                                                        (1 = 0.5%) {10.3%}
541   ... 
587   -O                                                                        (1 = 0.5%) {10.8%}
588   -O                                                                        (1 = 0.5%) {11.4%}
589   ... 
675   -O                                                                        (1 = 0.5%) {11.9%}
676   O                                                                         (0 = 0.0%) {12.4%}
677   -O                                                                        (1 = 0.5%) {12.4%}
678   ... 
710   -O                                                                        (1 = 0.5%) {13.0%}
711   -O                                                                        (1 = 0.5%) {13.5%}
712   -O                                                                        (1 = 0.5%) {14.1%}
713   ... 
717   -O                                                                        (1 = 0.5%) {14.6%}
718   ... 
730   -O                                                                        (1 = 0.5%) {15.1%}
731   ... 
744   -O                                                                        (1 = 0.5%) {15.7%}
745   ... 
780   -O                                                                        (1 = 0.5%) {16.2%}
781   -O                                                                        (1 = 0.5%) {16.8%}
782   ... 
786   -O                                                                        (1 = 0.5%) {17.3%}
787   -O                                                                        (1 = 0.5%) {17.8%}
788   ... 
804   -O                                                                        (1 = 0.5%) {18.4%}
805   ... 
900   -O                                                                        (1 = 0.5%) {18.9%}
901   -O                                                                        (1 = 0.5%) {19.5%}
902   ... 
907   -O                                                                        (1 = 0.5%) {20.0%}
908   ... 
954   -O                                                                        (1 = 0.5%) {20.5%}
955   ... 
970   -O                                                                        (1 = 0.5%) {21.1%}
971   O                                                                         (0 = 0.0%) {21.6%}
972   -O                                                                        (1 = 0.5%) {21.6%}
973   -O                                                                        (1 = 0.5%) {22.2%}
974   ... 
976   -O                                                                        (1 = 0.5%) {22.7%}
977   ... 
1023  -O                                                                        (1 = 0.5%) {23.2%}
1024  ... 
1069  -O                                                                        (1 = 0.5%) {23.8%}
1070  -O                                                                        (1 = 0.5%) {24.3%}
1071  ... 
1075  -O                                                                        (1 = 0.5%) {24.9%}
1076  -O                                                                        (1 = 0.5%) {25.4%}
1077  ... 
1124  -O                                                                        (1 = 0.5%) {25.9%}
1125  ... 
1302  -O                                                                        (1 = 0.5%) {26.5%}
1303  ... 
1347  -O                                                                        (1 = 0.5%) {27.0%}
1348  ... 
1351  -O                                                                        (1 = 0.5%) {27.6%}
1352  ... 
1354  -O                                                                        (1 = 0.5%) {28.1%}
1355  ... 
1368  -O                                                                        (1 = 0.5%) {28.6%}
1369  ... 
1417  -O                                                                        (1 = 0.5%) {29.2%}
1418  ... 
1441  -O                                                                        (1 = 0.5%) {29.7%}
1442  ... 
1458  -O                                                                        (1 = 0.5%) {30.3%}
1459  -O                                                                        (1 = 0.5%) {30.8%}
1460  ... 
1462  -O                                                                        (1 = 0.5%) {31.4%}
1463  -O                                                                        (1 = 0.5%) {31.9%}
1464  ... 
1467  -O                                                                        (1 = 0.5%) {32.4%}
1468  ... 
1502  -O                                                                        (1 = 0.5%) {33.0%}
1503  ... 
1692  -O                                                                        (1 = 0.5%) {33.5%}
1693  -O                                                                        (1 = 0.5%) {34.1%}
1694  ... 
1827  -O                                                                        (1 = 0.5%) {34.6%}
1828  ... 
2013  -O                                                                        (1 = 0.5%) {35.1%}
2014  ... 
2077  -O                                                                        (1 = 0.5%) {35.7%}
2078  ... 
2094  -O                                                                        (1 = 0.5%) {36.2%}
2095  O                                                                         (0 = 0.0%) {36.8%}
2096  -O                                                                        (1 = 0.5%) {36.8%}
2097  ... 
2100  -O                                                                        (1 = 0.5%) {37.3%}
2101  ... 
2112  -O                                                                        (1 = 0.5%) {37.8%}
2113  ... 
2121  -O                                                                        (1 = 0.5%) {38.4%}
2122  ... 
2188  -O                                                                        (1 = 0.5%) {38.9%}
2189  O                                                                         (0 = 0.0%) {39.5%}
2190  -O                                                                        (1 = 0.5%) {39.5%}
2191  -O                                                                        (1 = 0.5%) {40.0%}
2192  ... 
2195  -O                                                                        (1 = 0.5%) {40.5%}
2196  ... 
2203  -O                                                                        (1 = 0.5%) {41.1%}
2204  -O                                                                        (1 = 0.5%) {41.6%}
2205  ... 
2217  -O                                                                        (1 = 0.5%) {42.2%}
2218  ... 
2226  -O                                                                        (1 = 0.5%) {42.7%}
2227  O                                                                         (0 = 0.0%) {43.2%}
2228  -O                                                                        (1 = 0.5%) {43.2%}
2229  -O                                                                        (1 = 0.5%) {43.8%}
2230  ... 
2236  -O                                                                        (1 = 0.5%) {44.3%}
2237  ... 
2298  -O                                                                        (1 = 0.5%) {44.9%}
2299  ... 
2314  -O                                                                        (1 = 0.5%) {45.4%}
2315  ... 
2319  -O                                                                        (1 = 0.5%) {45.9%}
2320  ... 
2322  -O                                                                        (1 = 0.5%) {46.5%}
2323  ... 
2347  -O                                                                        (1 = 0.5%) {47.0%}
2348  ... 
2355  -O                                                                        (1 = 0.5%) {47.6%}
2356  ... 
2361  -O                                                                        (1 = 0.5%) {48.1%}
2362  ... 
2387  -O                                                                        (1 = 0.5%) {48.6%}
2388  -O                                                                        (1 = 0.5%) {49.2%}
2389  ... 
2399  -O                                                                        (1 = 0.5%) {49.7%}
2400  ... 
2413  -O                                                                        (1 = 0.5%) {50.3%}
2414  ... 
2429  -O                                                                        (1 = 0.5%) {50.8%}
2430  O                                                                         (0 = 0.0%) {51.4%}
2431  -O                                                                        (1 = 0.5%) {51.4%}
2432  ... 
2487  -O                                                                        (1 = 0.5%) {51.9%}
2488  ... 
2518  -O                                                                        (1 = 0.5%) {52.4%}
2519  ... 
2598  -O                                                                        (1 = 0.5%) {53.0%}
2599  ... 
2618  -O                                                                        (1 = 0.5%) {53.5%}
2619  ... 
2654  -O                                                                        (1 = 0.5%) {54.1%}
2655  -O                                                                        (1 = 0.5%) {54.6%}
2656  -O                                                                        (1 = 0.5%) {55.1%}
2657  -O                                                                        (1 = 0.5%) {55.7%}
2658  -O                                                                        (1 = 0.5%) {56.2%}
2659  -O                                                                        (1 = 0.5%) {56.8%}
2660  -O                                                                        (1 = 0.5%) {57.3%}
2661  -O                                                                        (1 = 0.5%) {57.8%}
2662  -O                                                                        (1 = 0.5%) {58.4%}
2663  -O                                                                        (1 = 0.5%) {58.9%}
2664  ... 
2699  -O                                                                        (1 = 0.5%) {59.5%}
2700  -O                                                                        (1 = 0.5%) {60.0%}
2701  -O                                                                        (1 = 0.5%) {60.5%}
2702  -O                                                                        (1 = 0.5%) {61.1%}
2703  -O                                                                        (1 = 0.5%) {61.6%}
2704  -O                                                                        (1 = 0.5%) {62.2%}
2705  -O                                                                        (1 = 0.5%) {62.7%}
2706  -O                                                                        (1 = 0.5%) {63.2%}
2707  -O                                                                        (1 = 0.5%) {63.8%}
2708  ... 
2710  -O                                                                        (1 = 0.5%) {64.3%}
2711  -O                                                                        (1 = 0.5%) {64.9%}
2712  ... 
2714  -O                                                                        (1 = 0.5%) {65.4%}
2715  -O                                                                        (1 = 0.5%) {65.9%}
2716  -O                                                                        (1 = 0.5%) {66.5%}
2717  ... 
2723  -O                                                                        (1 = 0.5%) {67.0%}
2724  ... 
2738  -O                                                                        (1 = 0.5%) {67.6%}
2739  ... 
2769  -O                                                                        (1 = 0.5%) {68.1%}
2770  ... 
2789  -O                                                                        (1 = 0.5%) {68.6%}
2790  -O                                                                        (1 = 0.5%) {69.2%}
2791  -O                                                                        (1 = 0.5%) {69.7%}
2792  -O                                                                        (1 = 0.5%) {70.3%}
2793  ... 
2841  -O                                                                        (1 = 0.5%) {70.8%}
2842  ... 
2903  -O                                                                        (1 = 0.5%) {71.4%}
2904  -O                                                                        (1 = 0.5%) {71.9%}
2905  ... 
2927  -O                                                                        (1 = 0.5%) {72.4%}
2928  ... 
2935  -O                                                                        (1 = 0.5%) {73.0%}
2936  ... 
3004  -O                                                                        (1 = 0.5%) {73.5%}
3005  ... 
3019  -O                                                                        (1 = 0.5%) {74.1%}
3020  -O                                                                        (1 = 0.5%) {74.6%}
3021  ... 
3028  -O                                                                        (1 = 0.5%) {75.1%}
3029  ... 
3066  -O                                                                        (1 = 0.5%) {75.7%}
3067  ... 
3116  -O                                                                        (1 = 0.5%) {76.2%}
3117  ... 
3157  -O                                                                        (1 = 0.5%) {76.8%}
3158  ... 
3189  -O                                                                        (1 = 0.5%) {77.3%}
3190  ... 
3198  -O                                                                        (1 = 0.5%) {77.8%}
3199  ... 
3254  -O                                                                        (1 = 0.5%) {78.4%}
3255  ... 
3273  -O                                                                        (1 = 0.5%) {78.9%}
3274  O                                                                         (0 = 0.0%) {79.5%}
3275  -O                                                                        (1 = 0.5%) {79.5%}
3276  ... 
3279  -O                                                                        (1 = 0.5%) {80.0%}
3280  ... 
3307  -O                                                                        (1 = 0.5%) {80.5%}
3308  -O                                                                        (1 = 0.5%) {81.1%}
3309  ... 
3349  -O                                                                        (1 = 0.5%) {81.6%}
3350  ... 
3359  -O                                                                        (1 = 0.5%) {82.2%}
3360  ... 
3409  -O                                                                        (1 = 0.5%) {82.7%}
3410  ... 
3444  -O                                                                        (1 = 0.5%) {83.2%}
3445  ... 
3580  -O                                                                        (1 = 0.5%) {83.8%}
3581  -O                                                                        (1 = 0.5%) {84.3%}
3582  ... 
3698  -O                                                                        (1 = 0.5%) {84.9%}
3699  ... 
3789  -O                                                                        (1 = 0.5%) {85.4%}
3790  -O                                                                        (1 = 0.5%) {85.9%}
3791  ... 
3803  -O                                                                        (1 = 0.5%) {86.5%}
3804  ... 
3870  -O                                                                        (1 = 0.5%) {87.0%}
3871  ... 
3945  -O                                                                        (1 = 0.5%) {87.6%}
3946  ... 
3973  -O                                                                        (1 = 0.5%) {88.1%}
3974  ... 
4007  -O                                                                        (1 = 0.5%) {88.6%}
4008  ... 
4079  -O                                                                        (1 = 0.5%) {89.2%}
4080  ... 
4113  -O                                                                        (1 = 0.5%) {89.7%}
4114  ... 
4161  -O                                                                        (1 = 0.5%) {90.3%}
4162  ... 
4177  -O                                                                        (1 = 0.5%) {90.8%}
4178  ... 
4194  -O                                                                        (1 = 0.5%) {91.4%}
4195  O                                                                         (0 = 0.0%) {91.9%}
4196  -O                                                                        (1 = 0.5%) {91.9%}
4197  ... 
4240  -O                                                                        (1 = 0.5%) {92.4%}
4241  O                                                                         (0 = 0.0%) {93.0%}
4242  -O                                                                        (1 = 0.5%) {93.0%}
4243  ... 
4307  -O                                                                        (1 = 0.5%) {93.5%}
4308  ... 
4317  -O                                                                        (1 = 0.5%) {94.1%}
4318  ... 
4346  -O                                                                        (1 = 0.5%) {94.6%}
4347  ... 
4372  -O                                                                        (1 = 0.5%) {95.1%}
4373  ... 
4379  -O                                                                        (1 = 0.5%) {95.7%}
4380  ... 
4419  -O                                                                        (1 = 0.5%) {96.2%}
4420  ... 
4561  -O                                                                        (1 = 0.5%) {96.8%}
4562  ... 
4673  -O                                                                        (1 = 0.5%) {97.3%}
4674  ... 
4743  -O                                                                        (1 = 0.5%) {97.8%}
4744  ... 
4877  -O                                                                        (1 = 0.5%) {98.4%}
4878  ... 
4961  -O                                                                        (1 = 0.5%) {98.9%}
4962  ... 
4994  -O                                                                        (1 = 0.5%) {99.5%}
4995  ... 

Histogram: Blink.UseCounter.MainFrame.Features recorded 185 samples, mean = 2270.5 (flags = 0x41)
0     ... 
13    -O                                                                        (1 = 0.5%) {0.0%}
14    ... 
16    -O                                                                        (1 = 0.5%) {0.5%}
17    ... 
52    -O                                                                        (1 = 0.5%) {1.1%}
53    ... 
69    -O                                                                        (1 = 0.5%) {1.6%}
70    ... 
123   -O                                                                        (1 = 0.5%) {2.2%}
124   -O                                                                        (1 = 0.5%) {2.7%}
125   -O                                                                        (1 = 0.5%) {3.2%}
126   ... 
138   -O                                                                        (1 = 0.5%) {3.8%}
139   ... 
240   -O                                                                        (1 = 0.5%) {4.3%}
241   ... 
250   -O                                                                        (1 = 0.5%) {4.9%}
251   ... 
429   -O                                                                        (1 = 0.5%) {5.4%}
430   -O                                                                        (1 = 0.5%) {5.9%}
431   -O                                                                        (1 = 0.5%) {6.5%}
432   -O                                                                        (1 = 0.5%) {7.0%}
433   ... 
469   -O                                                                        (1 = 0.5%) {7.6%}
470   ... 
494   -O                                                                        (1 = 0.5%) {8.1%}
495   ... 
522   -O                                                                        (1 = 0.5%) {8.6%}
523   -O                                                                        (1 = 0.5%) {9.2%}
524   -O                                                                        (1 = 0.5%) {9.7%}
525   ... 
540   -O                                                                        (1 = 0.5%) {10.3%}
541   ... 
587   -O                                                                        (1 = 0.5%) {10.8%}
588   -O                                                                        (1 = 0.5%) {11.4%}
589   ... 
675   -O                                                                        (1 = 0.5%) {11.9%}
676   O                                                                         (0 = 0.0%) {12.4%}
677   -O                                                                        (1 = 0.5%) {12.4%}
678   ... 
710   -O                                                                        (1 = 0.5%) {13.0%}
711   -O                                                                        (1 = 0.5%) {13.5%}
712   -O                                                                        (1 = 0.5%) {14.1%}
713   ... 
717   -O                                                                        (1 = 0.5%) {14.6%}
718   ... 
730   -O                                                                        (1 = 0.5%) {15.1%}
731   ... 
744   -O                                                                        (1 = 0.5%) {15.7%}
745   ... 
780   -O                                                                        (1 = 0.5%) {16.2%}
781   -O                                                                        (1 = 0.5%) {16.8%}
782   ... 
786   -O                                                                        (1 = 0.5%) {17.3%}
787   -O                                                                        (1 = 0.5%) {17.8%}
788   ... 
804   -O                                                                        (1 = 0.5%) {18.4%}
805   ... 
900   -O                                                                        (1 = 0.5%) {18.9%}
901   -O                                                                        (1 = 0.5%) {19.5%}
902   ... 
907   -O                                                                        (1 = 0.5%) {20.0%}
908   ... 
954   -O                                                                        (1 = 0.5%) {20.5%}
955   ... 
970   -O                                                                        (1 = 0.5%) {21.1%}
971   O                                                                         (0 = 0.0%) {21.6%}
972   -O                                                                        (1 = 0.5%) {21.6%}
973   -O                                                                        (1 = 0.5%) {22.2%}
974   ... 
976   -O                                                                        (1 = 0.5%) {22.7%}
977   ... 
1023  -O                                                                        (1 = 0.5%) {23.2%}
1024  ... 
1069  -O                                                                        (1 = 0.5%) {23.8%}
1070  -O                                                                        (1 = 0.5%) {24.3%}
1071  ... 
1075  -O                                                                        (1 = 0.5%) {24.9%}
1076  -O                                                                        (1 = 0.5%) {25.4%}
1077  ... 
1124  -O                                                                        (1 = 0.5%) {25.9%}
1125  ... 
1302  -O                                                                        (1 = 0.5%) {26.5%}
1303  ... 
1347  -O                                                                        (1 = 0.5%) {27.0%}
1348  ... 
1351  -O                                                                        (1 = 0.5%) {27.6%}
1352  ... 
1354  -O                                                                        (1 = 0.5%) {28.1%}
1355  ... 
1368  -O                                                                        (1 = 0.5%) {28.6%}
1369  ... 
1417  -O                                                                        (1 = 0.5%) {29.2%}
1418  ... 
1441  -O                                                                        (1 = 0.5%) {29.7%}
1442  ... 
1458  -O                                                                        (1 = 0.5%) {30.3%}
1459  -O                                                                        (1 = 0.5%) {30.8%}
1460  ... 
1462  -O                                                                        (1 = 0.5%) {31.4%}
1463  -O                                                                        (1 = 0.5%) {31.9%}
1464  ... 
1467  -O                                                                        (1 = 0.5%) {32.4%}
1468  ... 
1502  -O                                                                        (1 = 0.5%) {33.0%}
1503  ... 
1692  -O                                                                        (1 = 0.5%) {33.5%}
1693  -O                                                                        (1 = 0.5%) {34.1%}
1694  ... 
1827  -O                                                                        (1 = 0.5%) {34.6%}
1828  ... 
2013  -O                                                                        (1 = 0.5%) {35.1%}
2014  ... 
2077  -O                                                                        (1 = 0.5%) {35.7%}
2078  ... 
2094  -O                                                                        (1 = 0.5%) {36.2%}
2095  O                                                                         (0 = 0.0%) {36.8%}
2096  -O                                                                        (1 = 0.5%) {36.8%}
2097  ... 
2100  -O                                                                        (1 = 0.5%) {37.3%}
2101  ... 
2112  -O                                                                        (1 = 0.5%) {37.8%}
2113  ... 
2121  -O                                                                        (1 = 0.5%) {38.4%}
2122  ... 
2188  -O                                                                        (1 = 0.5%) {38.9%}
2189  O                                                                         (0 = 0.0%) {39.5%}
2190  -O                                                                        (1 = 0.5%) {39.5%}
2191  -O                                                                        (1 = 0.5%) {40.0%}
2192  ... 
2195  -O                                                                        (1 = 0.5%) {40.5%}
2196  ... 
2203  -O                                                                        (1 = 0.5%) {41.1%}
2204  -O                                                                        (1 = 0.5%) {41.6%}
2205  ... 
2217  -O                                                                        (1 = 0.5%) {42.2%}
2218  ... 
2226  -O                                                                        (1 = 0.5%) {42.7%}
2227  O                                                                         (0 = 0.0%) {43.2%}
2228  -O                                                                        (1 = 0.5%) {43.2%}
2229  -O                                                                        (1 = 0.5%) {43.8%}
2230  ... 
2236  -O                                                                        (1 = 0.5%) {44.3%}
2237  ... 
2298  -O                                                                        (1 = 0.5%) {44.9%}
2299  ... 
2314  -O                                                                        (1 = 0.5%) {45.4%}
2315  ... 
2319  -O                                                                        (1 = 0.5%) {45.9%}
2320  ... 
2322  -O                                                                        (1 = 0.5%) {46.5%}
2323  ... 
2347  -O                                                                        (1 = 0.5%) {47.0%}
2348  ... 
2355  -O                                                                        (1 = 0.5%) {47.6%}
2356  ... 
2361  -O                                                                        (1 = 0.5%) {48.1%}
2362  ... 
2387  -O                                                                        (1 = 0.5%) {48.6%}
2388  -O                                                                        (1 = 0.5%) {49.2%}
2389  ... 
2399  -O                                                                        (1 = 0.5%) {49.7%}
2400  ... 
2413  -O                                                                        (1 = 0.5%) {50.3%}
2414  ... 
2429  -O                                                                        (1 = 0.5%) {50.8%}
2430  O                                                                         (0 = 0.0%) {51.4%}
2431  -O                                                                        (1 = 0.5%) {51.4%}
2432  ... 
2487  -O                                                                        (1 = 0.5%) {51.9%}
2488  ... 
2518  -O                                                                        (1 = 0.5%) {52.4%}
2519  ... 
2598  -O                                                                        (1 = 0.5%) {53.0%}
2599  ... 
2618  -O                                                                        (1 = 0.5%) {53.5%}
2619  ... 
2654  -O                                                                        (1 = 0.5%) {54.1%}
2655  -O                                                                        (1 = 0.5%) {54.6%}
2656  -O                                                                        (1 = 0.5%) {55.1%}
2657  -O                                                                        (1 = 0.5%) {55.7%}
2658  -O                                                                        (1 = 0.5%) {56.2%}
2659  -O                                                                        (1 = 0.5%) {56.8%}
2660  -O                                                                        (1 = 0.5%) {57.3%}
2661  -O                                                                        (1 = 0.5%) {57.8%}
2662  -O                                                                        (1 = 0.5%) {58.4%}
2663  -O                                                                        (1 = 0.5%) {58.9%}
2664  ... 
2699  -O                                                                        (1 = 0.5%) {59.5%}
2700  -O                                                                        (1 = 0.5%) {60.0%}
2701  -O                                                                        (1 = 0.5%) {60.5%}
2702  -O                                                                        (1 = 0.5%) {61.1%}
2703  -O                                                                        (1 = 0.5%) {61.6%}
2704  -O                                                                        (1 = 0.5%) {62.2%}
2705  -O                                                                        (1 = 0.5%) {62.7%}
2706  -O                                                                        (1 = 0.5%) {63.2%}
2707  -O                                                                        (1 = 0.5%) {63.8%}
2708  ... 
2710  -O                                                                        (1 = 0.5%) {64.3%}
2711  -O                                                                        (1 = 0.5%) {64.9%}
2712  ... 
2714  -O                                                                        (1 = 0.5%) {65.4%}
2715  -O                                                                        (1 = 0.5%) {65.9%}
2716  -O                                                                        (1 = 0.5%) {66.5%}
2717  ... 
2723  -O                                                                        (1 = 0.5%) {67.0%}
2724  ... 
2738  -O                                                                        (1 = 0.5%) {67.6%}
2739  ... 
2769  -O                                                                        (1 = 0.5%) {68.1%}
2770  ... 
2789  -O                                                                        (1 = 0.5%) {68.6%}
2790  -O                                                                        (1 = 0.5%) {69.2%}
2791  -O                                                                        (1 = 0.5%) {69.7%}
2792  -O                                                                        (1 = 0.5%) {70.3%}
2793  ... 
2841  -O                                                                        (1 = 0.5%) {70.8%}
2842  ... 
2903  -O                                                                        (1 = 0.5%) {71.4%}
2904  -O                                                                        (1 = 0.5%) {71.9%}
2905  ... 
2927  -O                                                                        (1 = 0.5%) {72.4%}
2928  ... 
2935  -O                                                                        (1 = 0.5%) {73.0%}
2936  ... 
3004  -O                                                                        (1 = 0.5%) {73.5%}
3005  ... 
3019  -O                                                                        (1 = 0.5%) {74.1%}
3020  -O                                                                        (1 = 0.5%) {74.6%}
3021  ... 
3028  -O                                                                        (1 = 0.5%) {75.1%}
3029  ... 
3066  -O                                                                        (1 = 0.5%) {75.7%}
3067  ... 
3116  -O                                                                        (1 = 0.5%) {76.2%}
3117  ... 
3157  -O                                                                        (1 = 0.5%) {76.8%}
3158  ... 
3189  -O                                                                        (1 = 0.5%) {77.3%}
3190  ... 
3198  -O                                                                        (1 = 0.5%) {77.8%}
3199  ... 
3254  -O                                                                        (1 = 0.5%) {78.4%}
3255  ... 
3273  -O                                                                        (1 = 0.5%) {78.9%}
3274  O                                                                         (0 = 0.0%) {79.5%}
3275  -O                                                                        (1 = 0.5%) {79.5%}
3276  ... 
3279  -O                                                                        (1 = 0.5%) {80.0%}
3280  ... 
3307  -O                                                                        (1 = 0.5%) {80.5%}
3308  -O                                                                        (1 = 0.5%) {81.1%}
3309  ... 
3349  -O                                                                        (1 = 0.5%) {81.6%}
3350  ... 
3359  -O                                                                        (1 = 0.5%) {82.2%}
3360  ... 
3409  -O                                                                        (1 = 0.5%) {82.7%}
3410  ... 
3444  -O                                                                        (1 = 0.5%) {83.2%}
3445  ... 
3580  -O                                                                        (1 = 0.5%) {83.8%}
3581  -O                                                                        (1 = 0.5%) {84.3%}
3582  ... 
3698  -O                                                                        (1 = 0.5%) {84.9%}
3699  ... 
3789  -O                                                                        (1 = 0.5%) {85.4%}
3790  -O                                                                        (1 = 0.5%) {85.9%}
3791  ... 
3803  -O                                                                        (1 = 0.5%) {86.5%}
3804  ... 
3870  -O                                                                        (1 = 0.5%) {87.0%}
3871  ... 
3945  -O                                                                        (1 = 0.5%) {87.6%}
3946  ... 
3973  -O                                                                        (1 = 0.5%) {88.1%}
3974  ... 
4007  -O                                                                        (1 = 0.5%) {88.6%}
4008  ... 
4079  -O                                                                        (1 = 0.5%) {89.2%}
4080  ... 
4113  -O                                                                        (1 = 0.5%) {89.7%}
4114  ... 
4161  -O                                                                        (1 = 0.5%) {90.3%}
4162  ... 
4177  -O                                                                        (1 = 0.5%) {90.8%}
4178  ... 
4194  -O                                                                        (1 = 0.5%) {91.4%}
4195  O                                                                         (0 = 0.0%) {91.9%}
4196  -O                                                                        (1 = 0.5%) {91.9%}
4197  ... 
4240  -O                                                                        (1 = 0.5%) {92.4%}
4241  O                                                                         (0 = 0.0%) {93.0%}
4242  -O                                                                        (1 = 0.5%) {93.0%}
4243  ... 
4307  -O                                                                        (1 = 0.5%) {93.5%}
4308  ... 
4317  -O                                                                        (1 = 0.5%) {94.1%}
4318  ... 
4346  -O                                                                        (1 = 0.5%) {94.6%}
4347  ... 
4372  -O                                                                        (1 = 0.5%) {95.1%}
4373  ... 
4379  -O                                                                        (1 = 0.5%) {95.7%}
4380  ... 
4419  -O                                                                        (1 = 0.5%) {96.2%}
4420  ... 
4561  -O                                                                        (1 = 0.5%) {96.8%}
4562  ... 
4673  -O                                                                        (1 = 0.5%) {97.3%}
4674  ... 
4743  -O                                                                        (1 = 0.5%) {97.8%}
4744  ... 
4877  -O                                                                        (1 = 0.5%) {98.4%}
4878  ... 
4961  -O                                                                        (1 = 0.5%) {98.9%}
4962  ... 
4994  -O                                                                        (1 = 0.5%) {99.5%}
4995  ... 

Histogram: Blink.UseCounter.PermissionsPolicy.Allow2 recorded 0 samples (flags = 0x41)
0 ... 

Histogram: Blink.UseCounter.PermissionsPolicy.Header2 recorded 0 samples (flags = 0x41)
0 ... 

Histogram: Blink.UseCounter.PermissionsPolicy.Violation.Enforce recorded 0 samples (flags = 0x41)
0 ... 

Histogram: Blink.UseCounter.WebDXFeatures recorded 15 samples, mean = 37.7 (flags = 0x41)
0   ... 
5   -O                                                                        (1 = 6.7%) {0.0%}
6   ... 
8   -O                                                                        (1 = 6.7%) {6.7%}
9   -O                                                                        (1 = 6.7%) {13.3%}
10  O                                                                         (0 = 0.0%) {20.0%}
11  -O                                                                        (1 = 6.7%) {20.0%}
12  ... 
27  -O                                                                        (1 = 6.7%) {26.7%}
28  -O                                                                        (1 = 6.7%) {33.3%}
29  -O                                                                        (1 = 6.7%) {40.0%}
30  ... 
38  -O                                                                        (1 = 6.7%) {46.7%}
39  -O                                                                        (1 = 6.7%) {53.3%}
40  ... 
45  -O                                                                        (1 = 6.7%) {60.0%}
46  -O                                                                        (1 = 6.7%) {66.7%}
47  ... 
58  -O                                                                        (1 = 6.7%) {73.3%}
59  ... 
68  -O                                                                        (1 = 6.7%) {80.0%}
69  ... 
71  -O                                                                        (1 = 6.7%) {86.7%}
72  ... 
83  -O                                                                        (1 = 6.7%) {93.3%}
84  ... 

Histogram: Blink.UserDrivenDocumentUpdate.UpdateTime.PreFCP recorded 1 samples, mean = 14.0 (flags = 0x41)
0   ... 
11  -O                                                                        (1 = 100.0%) {0.0%}
15  ... 

Histogram: Bookmarks.BookmarkBar.Shown recorded 1 samples, mean = 0.0 (flags = 0x41)
0  -O                                                                        (1 = 100.0%)
1  ... 

Histogram: Bookmarks.Count.OnProfileLoad3 recorded 1 samples, mean = 0.0 (flags = 0x41)
0  -O                                                                        (1 = 100.0%)
1  ... 

Histogram: Bookmarks.Storage.TimeToLoadAtStartup2 recorded 1 samples, mean = 5514.0 (flags = 0x41)
0     ... 
5017  -O                                                                        (1 = 100.0%) {0.0%}
5961  ... 

Histogram: Bookmarks.Times.OnProfileLoad.TimeSinceAdded3 recorded 1 samples, mean = 0.0 (flags = 0x41)
0  -O                                                                        (1 = 100.0%)
1  ... 

Histogram: Bookmarks.Utilization.OnProfileLoad.PercentageUsed recorded 1 samples, mean = 0.0 (flags = 0x41)
0  -O                                                                        (1 = 100.0%)
1  ... 

Histogram: Bookmarks.Utilization.OnProfileLoad.TotalUnused recorded 1 samples, mean = 0.0 (flags = 0x41)
0  -O                                                                        (1 = 100.0%)
1  ... 

Histogram: Bookmarks.Utilization.OnProfileLoad.TotalUsed recorded 1 samples, mean = 0.0 (flags = 0x41)
0  -O                                                                        (1 = 100.0%)
1  ... 

Histogram: BrotliFilter.CompressionPercent recorded 34 samples, mean = 35.3 (flags = 0x41)
0    ... 
10   -O                                                                        (1 = 2.9%) {0.0%}
11   --O                                                                       (2 = 5.9%) {2.9%}
12   -O                                                                        (1 = 2.9%) {8.8%}
13   O                                                                         (0 = 0.0%) {11.8%}
14   -O                                                                        (1 = 2.9%) {11.8%}
15   -O                                                                        (1 = 2.9%) {14.7%}
16   -O                                                                        (1 = 2.9%) {17.6%}
17   -O                                                                        (1 = 2.9%) {20.6%}
18   -O                                                                        (1 = 2.9%) {23.5%}
19   ... 
22   -O                                                                        (1 = 2.9%) {26.5%}
23   -O                                                                        (1 = 2.9%) {29.4%}
24   -O                                                                        (1 = 2.9%) {32.4%}
25   -O                                                                        (1 = 2.9%) {35.3%}
26   -O                                                                        (1 = 2.9%) {38.2%}
27   O                                                                         (0 = 0.0%) {41.2%}
28   -O                                                                        (1 = 2.9%) {41.2%}
29   ---O                                                                      (3 = 8.8%) {44.1%}
30   --O                                                                       (2 = 5.9%) {52.9%}
31   O                                                                         (0 = 0.0%) {58.8%}
32   -O                                                                        (1 = 2.9%) {58.8%}
33   -O                                                                        (1 = 2.9%) {61.8%}
34   -O                                                                        (1 = 2.9%) {64.7%}
35   ... 
38   -O                                                                        (1 = 2.9%) {67.6%}
39   --O                                                                       (2 = 5.9%) {70.6%}
40   ... 
43   -O                                                                        (1 = 2.9%) {76.5%}
44   -O                                                                        (1 = 2.9%) {79.4%}
45   O                                                                         (0 = 0.0%) {82.4%}
46   -O                                                                        (1 = 2.9%) {82.4%}
47   --O                                                                       (2 = 5.9%) {85.3%}
48   ... 
84   -O                                                                        (1 = 2.9%) {91.2%}
85   ... 
101  --O                                                                       (2 = 5.9%) {94.1%}

Histogram: BrotliFilter.Status recorded 34 samples, mean = 1.0 (flags = 0x41)
0  O                                                                         (0 = 0.0%)
1  ----------------------------------O                                       (34 = 100.0%) {0.0%}
2  ... 

Histogram: BrotliFilter.UsedMemoryKB recorded 34 samples, mean = 217.9 (flags = 0x41)
0    ... 
16   --O                                                                       (2 = 5.9%) {0.0%}
20   O                                                                         (0 = 0.0%) {5.9%}
25   ---O                                                                      (3 = 8.8%) {5.9%}
31   -------O                                                                  (7 = 20.6%) {14.7%}
39   O                                                                         (0 = 0.0%) {35.3%}
49   --O                                                                       (2 = 5.9%) {35.3%}
61   -O                                                                        (1 = 2.9%) {41.2%}
76   ----O                                                                     (4 = 11.8%) {44.1%}
95   O                                                                         (0 = 0.0%) {55.9%}
119  --O                                                                       (2 = 5.9%) {55.9%}
149  O                                                                         (0 = 0.0%) {61.8%}
187  --O                                                                       (2 = 5.9%) {61.8%}
234  ... 
367  -------O                                                                  (7 = 20.6%) {67.6%}
460  O                                                                         (0 = 0.0%) {88.2%}
576  -O                                                                        (1 = 2.9%) {88.2%}
722  ---O                                                                      (3 = 8.8%) {91.2%}
905  ... 

Histogram: Browser.ERP.RequestPayloadSizePerHour recorded 10 samples, mean = 0.0 (flags = 0x41)
0  ----------O                                                               (10 = 100.0%)
1  ... 

Histogram: Browser.ERP.ResponsePayloadSizePerHour recorded 10 samples, mean = 0.0 (flags = 0x41)
0  ----------O                                                               (10 = 100.0%)
1  ... 

Histogram: Browser.MainThreadsCongestion.RunningOnly recorded 1225 samples, mean = 0.0 (flags = 0x41)
0  ------------------------------------------------------------------------O (1225 = 100.0%)
1  ... 

Histogram: Browser.MainThreadsCongestion.RunningOnly.Initial recorded 1 samples, mean = 0.0 (flags = 0x41)
0  -O                                                                        (1 = 100.0%)
1  ... 

Histogram: Browser.Responsiveness.IOJanksTotalPerMinute recorded 612 samples, mean = 0.0 (flags = 0x41)
0  ------------------------------------------------------------------------O (612 = 100.0%)
1  ... 

Histogram: Browser.Responsiveness.IOJankyIntervalsPerMinute recorded 612 samples, mean = 0.0 (flags = 0x41)
0  ------------------------------------------------------------------------O (612 = 100.0%)
1  ... 

Histogram: BrowserRenderProcessHost.Cleanup.DelayReason recorded 12 samples, mean = 6.8 (flags = 0x41)
0  ---O                                                                      (3 = 25.0%)
1  ... 
9  ---------O                                                                (9 = 75.0%) {25.0%}
10 ... 

Histogram: BrowserRenderProcessHost.Cleanup.Total recorded 12 samples, mean = 1.0 (flags = 0x41)
0  O                                                                         (0 = 0.0%)
1  ------------O                                                             (12 = 100.0%) {0.0%}
2  O                                                                         (0 = 0.0%) {100.0%}

Histogram: BrowserRenderProcessHost.ExistingRendererIsInitializedAndNotDead recorded 1 samples, mean = 1.0 (flags = 0x41)
0  O                                                                         (0 = 0.0%)
1  -O                                                                        (1 = 100.0%) {0.0%}
2  O                                                                         (0 = 0.0%) {100.0%}

Histogram: BrowserRenderProcessHost.SpareProcessEvictedOtherSpare recorded 2 samples, mean = 0.0 (flags = 0x41)
0  --O                                                                       (2 = 100.0%)
1  ... 

Histogram: BrowserRenderProcessHost.SpareProcessMaybeTakeAction recorded 2 samples, mean = 2.0 (flags = 0x41)
0  -O                                                                        (1 = 50.0%)
1  ... 
4  -O                                                                        (1 = 50.0%) {50.0%}
5  ... 

Histogram: BrowserRenderProcessHost.SpareProcessStartupTime recorded 2 samples, mean = 3066.5 (flags = 0x41)
0     ... 
633   -O                                                                        (1 = 50.0%) {0.0%}
752   ... 
5017  -O                                                                        (1 = 50.0%) {50.0%}
5961  ... 

Histogram: BrowserSwitcher.ExternalGreylistSize recorded 1 samples, mean = 0.0 (flags = 0x41)
0  -O                                                                        (1 = 100.0%)
1  ... 

Histogram: BrowserSwitcher.ExternalSitelistSize recorded 1 samples, mean = 0.0 (flags = 0x41)
0  -O                                                                        (1 = 100.0%)
1  ... 

Histogram: BrowserSwitcher.IeemSitelistSize recorded 1 samples, mean = 0.0 (flags = 0x41)
0  -O                                                                        (1 = 100.0%)
1  ... 

Histogram: BrowsingTopics.BrowsingTopicsState.LoadFinishStatus recorded 1 samples, mean = 1.0 (flags = 0x41)
0  O                                                                         (0 = 0.0%)
1  -O                                                                        (1 = 100.0%) {0.0%}
2  O                                                                         (0 = 0.0%) {100.0%}

Histogram: BrowsingTopics.SiteDataStorage.FileSize.KB recorded 1 samples, mean = 28.0 (flags = 0x41)
0   ... 
28  -O                                                                        (1 = 100.0%) {0.0%}
37  ... 

Histogram: BrowsingTopics.SiteDataStorage.InitStatus recorded 1 samples, mean = 1.0 (flags = 0x41)
0  O                                                                         (0 = 0.0%)
1  -O                                                                        (1 = 100.0%) {0.0%}
2  O                                                                         (0 = 0.0%) {100.0%}

Histogram: CPU.Experimental.CpuEstimationTaskMigrated recorded 122 samples, mean = 0.0 (flags = 0x41)
0  ------------------------------------------------------------------------O (120 = 98.4%)
1  -O                                                                        (2 = 1.6%) {98.4%}
2  O                                                                         (0 = 0.0%) {100.0%}

Histogram: CPU.Experimental.CpuEstimationTaskQueuedTime.Performance recorded 122 samples, mean = 12.5 (flags = 0x41)
0   ... 
5   ---O                                                                      (3 = 2.5%) {0.0%}
7   -----------------O                                                        (17 = 13.9%) {2.5%}
9   ----------------------------------------------------O                     (52 = 42.6%) {16.4%}
12  -------------------------O                                                (25 = 20.5%) {59.0%}
16  --------------O                                                           (14 = 11.5%) {79.5%}
21  --------O                                                                 (8 = 6.6%) {91.0%}
28  ---O                                                                      (3 = 2.5%) {97.5%}
37  ... 

Histogram: CPU.Experimental.CpuEstimationTaskThreadTime.Performance recorded 122 samples, mean = 99.8 (flags = 0x41)
0    ... 
86   ------------------------------------------------------------------------O (113 = 92.6%) {0.0%}
113  ------O                                                                   (9 = 7.4%) {92.6%}
149  ... 

Histogram: CPU.Experimental.CpuEstimationTaskTotalTime.Performance recorded 122 samples, mean = 115.3 (flags = 0x41)
0    ... 
86   ------------------------------------------------------------------------O (79 = 64.8%) {0.0%}
113  ----------------------------------O                                       (37 = 30.3%) {64.8%}
149  -----O                                                                    (5 = 4.1%) {95.1%}
196  O                                                                         (0 = 0.0%) {99.2%}
258  -O                                                                        (1 = 0.8%) {99.2%}
340  ... 

Histogram: CPU.Experimental.CpuEstimationTaskWallTime.Performance recorded 122 samples, mean = 102.8 (flags = 0x41)
0    ... 
86   ------------------------------------------------------------------------O (111 = 91.0%) {0.0%}
113  ------O                                                                   (10 = 8.2%) {91.0%}
149  O                                                                         (0 = 0.0%) {99.2%}
196  -O                                                                        (1 = 0.8%) {99.2%}
258  ... 

Histogram: CPU.Experimental.CpuEstimationThreadTimePercent.Performance recorded 122 samples, mean = 97.0 (flags = 0x41)
0    ... 
39   -O                                                                        (1 = 0.8%) {0.0%}
40   ... 
88   -O                                                                        (1 = 0.8%) {0.8%}
89   -O                                                                        (1 = 0.8%) {1.6%}
90   ... 
93   -O                                                                        (1 = 0.8%) {2.5%}
94   O                                                                         (0 = 0.0%) {3.3%}
95   -O                                                                        (1 = 0.8%) {3.3%}
96   --O                                                                       (2 = 1.6%) {4.1%}
97   ---------------------------------------------O                            (45 = 36.9%) {5.7%}
98   -----------------------------------------------------------------O        (65 = 53.3%) {42.6%}
99   --O                                                                       (2 = 1.6%) {95.9%}
100  ---O                                                                      (3 = 2.5%) {97.5%}
101  O                                                                         (0 = 0.0%) {100.0%}

Histogram: CPU.Experimental.EstimatedFrequencyAsPercentOfLimit.Performance recorded 120 samples, mean = 182.2 (flags = 0x41)
0    ... 
74   -O                                                                        (1 = 0.8%) {0.0%}
75   ... 
101  ------------------------------------------------------------------------O (119 = 99.2%) {0.8%}

Histogram: CPU.Experimental.EstimatedFrequencyAsPercentOfMax.Performance recorded 120 samples, mean = 182.2 (flags = 0x41)
0    ... 
74   -O                                                                        (1 = 0.8%) {0.0%}
75   ... 
101  ------------------------------------------------------------------------O (119 = 99.2%) {0.8%}

Histogram: CertificateType2.BR.Intermediate.ECDSA recorded 25 samples, mean = 261.1 (flags = 0x41)
0    ... 
256  ------------------------O                                                 (24 = 96.0%) {0.0%}
257  ... 
384  -O                                                                        (1 = 4.0%) {96.0%}
385  ... 

Histogram: CertificateType2.BR.Intermediate.RSA recorded 2 samples, mean = 2048.0 (flags = 0x41)
0     ... 
2048  --O                                                                       (2 = 100.0%) {0.0%}
2049  ... 

Histogram: CertificateType2.BR.Leaf.ECDSA recorded 25 samples, mean = 256.0 (flags = 0x41)
0    ... 
256  -------------------------O                                                (25 = 100.0%) {0.0%}
257  ... 

Histogram: CertificateType2.BR.Leaf.RSA recorded 2 samples, mean = 2048.0 (flags = 0x41)
0     ... 
2048  --O                                                                       (2 = 100.0%) {0.0%}
2049  ... 

Histogram: CertificateType2.BR.Root.ECDSA recorded 24 samples, mean = 384.0 (flags = 0x41)
0    ... 
384  ------------------------O                                                 (24 = 100.0%) {0.0%}
385  ... 

Histogram: CertificateType2.BR.Root.RSA recorded 3 samples, mean = 2730.7 (flags = 0x41)
0     ... 
2048  --O                                                                       (2 = 66.7%) {0.0%}
2049  ... 
4096  -O                                                                        (1 = 33.3%) {66.7%}
4097  ... 

Histogram: ChildProcess.Launched.UtilityProcessHash recorded 3 samples (flags = 0x41)
-2043041185 -O                                                                        (1 = 33.3%)
-1468742076 -O                                                                        (1 = 33.3%)
1411170475  -O                                                                        (1 = 33.3%)

Histogram: ChildProcess.ProcessLifetime.Utility recorded 3 samples, mean = 24506512.0 (flags = 0x41)
0        O                                                                         (0 = 0.0%)
1        -O                                                                        (1 = 33.3%) {0.0%}
2        ... 
3600000  --O                                                                       (2 = 66.7%) {33.3%}

Histogram: Chrome.ProcessSingleton.NotifyResult recorded 1 samples, mean = 0.0 (flags = 0x41)
0  -O                                                                        (1 = 100.0%)
1  ... 

Histogram: Chrome.ProcessSingleton.TimeToCreate recorded 1 samples, mean = 1.0 (flags = 0x41)
0  -O                                                                        (1 = 100.0%)
10 ... 

Histogram: Chrome.SystemNetworkContextManager.NetworkSandboxState recorded 4 samples, mean = 0.0 (flags = 0x41)
0  ----O                                                                     (4 = 100.0%)
1  ... 

Histogram: ChromeElf.Beacon.RetryAttemptsBeforeSuccess recorded 1 samples, mean = 0.0 (flags = 0x41)
0  -O                                                                        (1 = 100.0%)
1  ... 

Histogram: ChromeElf.Beacon.SetupStatus recorded 1 samples, mean = 1.0 (flags = 0x41)
0  O                                                                         (0 = 0.0%)
1  -O                                                                        (1 = 100.0%) {0.0%}
2  ... 

Histogram: ChromeElf.ExtensionPoint.EnableState recorded 1 samples, mean = 1.0 (flags = 0x41)
0  O                                                                         (0 = 0.0%)
1  -O                                                                        (1 = 100.0%) {0.0%}
2  O                                                                         (0 = 0.0%) {100.0%}

Histogram: ClientHints.CriticalCHRestart recorded 1 samples, mean = 0.0 (flags = 0x41)
0  -O                                                                        (1 = 100.0%)
1  ... 

Histogram: ClientHints.FetchLatency_PrefRead recorded 5 samples, mean = 10.0 (flags = 0x41)
0   ... 
3   -O                                                                        (1 = 20.0%) {0.0%}
4   O                                                                         (0 = 0.0%) {20.0%}
6   ---O                                                                      (3 = 60.0%) {20.0%}
8   ... 
21  -O                                                                        (1 = 20.0%) {80.0%}
29  ... 

Histogram: ClientHints.FetchLatency_PrerenderHost recorded 5 samples, mean = 59.2 (flags = 0x41)
0    --O                                                                       (2 = 40.0%)
1    --O                                                                       (2 = 40.0%) {40.0%}
2    ... 
282  -O                                                                        (1 = 20.0%) {80.0%}
391  ... 

Histogram: ClientHints.FetchLatency_Total recorded 5 samples, mean = 69.2 (flags = 0x41)
0    ... 
3    -O                                                                        (1 = 20.0%) {0.0%}
4    O                                                                         (0 = 0.0%) {20.0%}
6    -O                                                                        (1 = 20.0%) {20.0%}
8    --O                                                                       (2 = 40.0%) {40.0%}
11   ... 
282  -O                                                                        (1 = 20.0%) {80.0%}
391  ... 

Histogram: Compositing.Browser.CompositorFrame.Quads recorded 3 samples, mean = 1.0 (flags = 0x41)
0  O                                                                         (0 = 0.0%)
1  ---O                                                                      (3 = 100.0%) {0.0%}
2  ... 

Histogram: Compositing.Browser.LayerTreeImpl.CalculateDrawPropertiesUs recorded 4 samples, mean = 69.2 (flags = 0x41)
0    ... 
7    --O                                                                       (2 = 50.0%) {0.0%}
9    -O                                                                        (1 = 25.0%) {50.0%}
12   ... 
196  -O                                                                        (1 = 25.0%) {75.0%}
258  ... 

Histogram: Compositing.Browser.LayersUpdateTime recorded 4 samples, mean = 276.8 (flags = 0x41)
0     ... 
6     --O                                                                       (2 = 50.0%) {0.0%}
8     ... 
21    -O                                                                        (1 = 25.0%) {50.0%}
29    ... 
1043  -O                                                                        (1 = 25.0%) {75.0%}
1447  ... 

Histogram: Compositing.ColorGamut recorded 5 samples, mean = 0.0 (flags = 0x41)
0  -----O                                                                    (5 = 100.0%)
1  ... 

Histogram: Compositing.DidMainThreadBlockDuringCommit recorded 10 samples, mean = 0.1 (flags = 0x41)
0  ---------O                                                                (9 = 90.0%)
1  -O                                                                        (1 = 10.0%) {90.0%}
2  O                                                                         (0 = 0.0%) {100.0%}

Histogram: Compositing.DirectRenderer.OverlayProcessingUs recorded 5 samples, mean = 0.0 (flags = 0x41)
0  -----O                                                                    (5 = 100.0%)
5  ... 

Histogram: Compositing.DirectRenderer.PartialSwap.ExtraDamage recorded 5 samples, mean = 0.0 (flags = 0x41)
0  -----O                                                                    (5 = 100.0%)
1  ... 

Histogram: Compositing.DirectRenderer.PartialSwap.FrameBufferDamage recorded 5 samples, mean = 0.0 (flags = 0x41)
0  -----O                                                                    (5 = 100.0%)
1  ... 

Histogram: Compositing.DirectRenderer.PartialSwap.RootDamage recorded 5 samples, mean = 100.0 (flags = 0x41)
0    ... 
100  -----O                                                                    (5 = 100.0%) {0.0%}
101  O                                                                         (0 = 0.0%) {100.0%}

Histogram: Compositing.DirectRenderer.PartialSwap.TotalDamage recorded 5 samples, mean = 100.0 (flags = 0x41)
0    ... 
100  -----O                                                                    (5 = 100.0%) {0.0%}
101  O                                                                         (0 = 0.0%) {100.0%}

Histogram: Compositing.DirectRenderer.SkipAllNonRootRenderPassesPerFrame recorded 3 samples, mean = 0.0 (flags = 0x41)
0  ---O                                                                      (3 = 100.0%)
1  ... 

Histogram: Compositing.DirectRenderer.SkipNonRootRenderPass recorded 3 samples, mean = 0.0 (flags = 0x41)
0  ---O                                                                      (3 = 100.0%)
1  ... 

Histogram: Compositing.DirectRenderer.TotalPixelsRendered recorded 5 samples, mean = 6.4 (flags = 0x41)
0  ... 
4  --O                                                                       (2 = 40.0%) {0.0%}
6  ---O                                                                      (3 = 60.0%) {40.0%}
9  ... 

Histogram: Compositing.Display.Draw.Occlusion.Calculation.Time recorded 5 samples, mean = 4.0 (flags = 0x41)
0  O                                                                         (0 = 0.0%)
1  -O                                                                        (1 = 20.0%) {0.0%}
2  --O                                                                       (2 = 40.0%) {20.0%}
3  ... 
6  -O                                                                        (1 = 20.0%) {60.0%}
7  ... 
9  -O                                                                        (1 = 20.0%) {80.0%}
10 ... 

Histogram: Compositing.Display.Draw.Quads recorded 5 samples, mean = 2.2 (flags = 0x41)
0  O                                                                         (0 = 0.0%)
1  --O                                                                       (2 = 40.0%) {0.0%}
2  O                                                                         (0 = 0.0%) {40.0%}
3  ---O                                                                      (3 = 60.0%) {40.0%}
4  ... 

Histogram: Compositing.Display.DrawToSwapUs recorded 5 samples, mean = 12184.4 (flags = 0x41)
0      ... 
227    -O                                                                        (1 = 20.0%) {0.0%}
275    ... 
404    -O                                                                        (1 = 20.0%) {20.0%}
490    ... 
720    -O                                                                        (1 = 20.0%) {40.0%}
873    ... 
8824   -O                                                                        (1 = 20.0%) {60.0%}
10700  ... 
50000  -O                                                                        (1 = 20.0%) {80.0%}

Histogram: Compositing.Display.FlattenedRenderPassCount recorded 5 samples, mean = 1.6 (flags = 0x41)
0  O                                                                         (0 = 0.0%)
1  --O                                                                       (2 = 40.0%) {0.0%}
2  ---O                                                                      (3 = 60.0%) {40.0%}
3  ... 

Histogram: Compositing.Display.PendingSwaps recorded 5 samples, mean = 1.0 (flags = 0x41)
0  O                                                                         (0 = 0.0%)
1  -----O                                                                    (5 = 100.0%) {0.0%}
2  ... 

Histogram: Compositing.Display.VizDependencyResolvedToGpuStartedDrawUs recorded 5 samples, mean = 73.0 (flags = 0x41)
0    ... 
15   -O                                                                        (1 = 20.0%) {0.0%}
18   --O                                                                       (2 = 40.0%) {20.0%}
22   ... 
72   -O                                                                        (1 = 20.0%) {60.0%}
87   ... 
227  -O                                                                        (1 = 20.0%) {80.0%}
275  ... 

Histogram: Compositing.Display.VizScheduledDrawToDependencyResolvedUs recorded 5 samples, mean = 2.0 (flags = 0x41)
0  -----O                                                                    (5 = 100.0%)
5  ... 

Histogram: Compositing.Display.VizScheduledDrawToGpuStartedDrawUs recorded 5 samples, mean = 75.0 (flags = 0x41)
0    ... 
15   -O                                                                        (1 = 20.0%) {0.0%}
18   -O                                                                        (1 = 20.0%) {20.0%}
22   -O                                                                        (1 = 20.0%) {40.0%}
27   ... 
72   -O                                                                        (1 = 20.0%) {60.0%}
87   ... 
227  -O                                                                        (1 = 20.0%) {80.0%}
275  ... 

Histogram: Compositing.MainThreadBlockedDuringCommitTime recorded 1 samples, mean = 4.0 (flags = 0x41)
0  ... 
4  -O                                                                        (1 = 100.0%) {0.0%}
6  ... 

Histogram: Compositing.Renderer.CompositorFrame.Quads recorded 2 samples, mean = 2.0 (flags = 0x41)
0  ... 
2  --O                                                                       (2 = 100.0%) {0.0%}
3  ... 

Histogram: Compositing.Renderer.LayersUpdateTime recorded 6 samples, mean = 219.7 (flags = 0x41)
0     ... 
6     -O                                                                        (1 = 16.7%) {0.0%}
8     -O                                                                        (1 = 16.7%) {16.7%}
11    O                                                                         (0 = 0.0%) {33.3%}
15    -O                                                                        (1 = 16.7%) {33.3%}
21    -O                                                                        (1 = 16.7%) {50.0%}
29    -O                                                                        (1 = 16.7%) {66.7%}
40    ... 
1043  -O                                                                        (1 = 16.7%) {83.3%}
1447  ... 

Histogram: Compositing.Renderer.NumRenderSurfaces recorded 10 samples, mean = 1.0 (flags = 0x41)
0  O                                                                         (0 = 0.0%)
1  ----------O                                                               (10 = 100.0%) {0.0%}
2  ... 

Histogram: Compositing.SurfaceAggregator.AggregateUs recorded 5 samples, mean = 5226.0 (flags = 0x41)
0      ... 
21     --O                                                                       (2 = 40.0%) {0.0%}
28     ... 
448    -O                                                                        (1 = 20.0%) {40.0%}
590    ... 
1023   -O                                                                        (1 = 20.0%) {60.0%}
1347   ... 
21156  -O                                                                        (1 = 20.0%) {80.0%}
27864  ... 

Histogram: Compositing.SurfaceAggregator.CopiedSurfaceCount recorded 5 samples, mean = 1.6 (flags = 0x41)
0  O                                                                         (0 = 0.0%)
1  --O                                                                       (2 = 40.0%) {0.0%}
2  ---O                                                                      (3 = 60.0%) {40.0%}
3  ... 

Histogram: Compositing.SurfaceAggregator.CopyUs recorded 5 samples, mean = 101.8 (flags = 0x41)
0    -O                                                                        (1 = 20.0%)
5    O                                                                         (0 = 0.0%) {20.0%}
6    -O                                                                        (1 = 20.0%) {20.0%}
7    O                                                                         (0 = 0.0%) {40.0%}
8    -O                                                                        (1 = 20.0%) {40.0%}
9    ... 
166  -O                                                                        (1 = 20.0%) {60.0%}
194  ... 
266  -O                                                                        (1 = 20.0%) {80.0%}
311  ... 

Histogram: Compositing.SurfaceAggregator.HasCopyRequestsPerFrame recorded 5 samples, mean = 0.4 (flags = 0x41)
0  ---O                                                                      (3 = 60.0%)
1  --O                                                                       (2 = 40.0%) {60.0%}
2  O                                                                         (0 = 0.0%) {100.0%}

Histogram: Compositing.SurfaceAggregator.HasPixelMovingBackdropFiltersPerFrame recorded 5 samples, mean = 0.0 (flags = 0x41)
0  -----O                                                                    (5 = 100.0%)
1  ... 

Histogram: Compositing.SurfaceAggregator.HasPixelMovingFiltersPerFrame recorded 5 samples, mean = 0.0 (flags = 0x41)
0  -----O                                                                    (5 = 100.0%)
1  ... 

Histogram: Compositing.SurfaceAggregator.HasUnembeddedRenderPassesPerFrame recorded 5 samples, mean = 0.0 (flags = 0x41)
0  -----O                                                                    (5 = 100.0%)
1  ... 

Histogram: Compositing.SurfaceAggregator.PrewalkUs recorded 5 samples, mean = 4993.6 (flags = 0x41)
0      ... 
11     --O                                                                       (2 = 40.0%) {0.0%}
13     ... 
266    -O                                                                        (1 = 20.0%) {40.0%}
311    ... 
426    -O                                                                        (1 = 20.0%) {60.0%}
499    ... 
10000  -O                                                                        (1 = 20.0%) {80.0%}

Histogram: Compositing.SurfaceAggregator.PrewalkedSurfaceCount recorded 5 samples, mean = 1.6 (flags = 0x41)
0  O                                                                         (0 = 0.0%)
1  --O                                                                       (2 = 40.0%) {0.0%}
2  ---O                                                                      (3 = 60.0%) {40.0%}
3  ... 

Histogram: Compositing.SurfaceManager.MarkForDestructionToDestroy recorded 1 samples, mean = 326.0 (flags = 0x41)
0    ... 
318  -O                                                                        (1 = 100.0%) {0.0%}
378  ... 

Histogram: Content.Classification.OpenGraph recorded 1 samples, mean = 4.0 (flags = 0x41)
0  ... 
4  -O                                                                        (1 = 100.0%) {0.0%}
5  ... 

Histogram: ContentSettings.AllowStorageAccessSync recorded 4 samples, mean = 0.0 (flags = 0x41)
0  ----O                                                                     (4 = 100.0%)
1  ... 

Histogram: ContentSettings.GetContentSetting.Network.Duration recorded 406 samples, mean = 0.3 (flags = 0x41)
0   ------------------------------------------------------------------------O (308 = 75.9%)
1   -----------------O                                                        (72 = 17.7%) {75.9%}
2   -----O                                                                    (23 = 5.7%) {93.6%}
3   O                                                                         (2 = 0.5%) {99.3%}
4   ... 
12  O                                                                         (1 = 0.2%) {99.8%}
16  ... 

Histogram: ContentSettings.GetCookieSettingInternal.Duration recorded 127 samples, mean = 3.6 (flags = 0x41)
0   ------------------O                                                       (18 = 14.2%)
1   -------------------------------------------------O                        (49 = 38.6%) {14.2%}
2   ------------O                                                             (12 = 9.4%) {52.8%}
3   -------O                                                                  (7 = 5.5%) {62.2%}
4   -----O                                                                    (5 = 3.9%) {67.7%}
5   -------------O                                                            (13 = 10.2%) {71.7%}
7   ----------O                                                               (10 = 7.9%) {81.9%}
9   --O                                                                       (2 = 1.6%) {89.8%}
12  --O                                                                       (2 = 1.6%) {91.3%}
16  --------O                                                                 (8 = 6.3%) {92.9%}
21  -O                                                                        (1 = 0.8%) {99.2%}
28  ... 

Histogram: ContentSettings.NumberOfExceptions recorded 1 samples, mean = 4.0 (flags = 0x41)
0  ... 
4  -O                                                                        (1 = 100.0%) {0.0%}
5  ... 

Histogram: ContentSettings.Popups.StrongBlockerActions recorded 1 samples, mean = 0.0 (flags = 0x41)
0  -O                                                                        (1 = 100.0%)
1  ... 

Histogram: ContentSettings.RegularProfile.DefaultAutoVerifySetting recorded 1 samples, mean = 1.0 (flags = 0x41)
0  O                                                                         (0 = 0.0%)
1  -O                                                                        (1 = 100.0%) {0.0%}
2  ... 

Histogram: ContentSettings.RegularProfile.DefaultAutoplaySetting recorded 1 samples, mean = 1.0 (flags = 0x41)
0  O                                                                         (0 = 0.0%)
1  -O                                                                        (1 = 100.0%) {0.0%}
2  ... 

Histogram: ContentSettings.RegularProfile.DefaultBackgroundSyncSetting recorded 1 samples, mean = 1.0 (flags = 0x41)
0  O                                                                         (0 = 0.0%)
1  -O                                                                        (1 = 100.0%) {0.0%}
2  ... 

Histogram: ContentSettings.RegularProfile.DefaultCookiesSetting recorded 1 samples, mean = 1.0 (flags = 0x41)
0  O                                                                         (0 = 0.0%)
1  -O                                                                        (1 = 100.0%) {0.0%}
2  ... 

Histogram: ContentSettings.RegularProfile.DefaultIdleDetectionSetting recorded 1 samples, mean = 3.0 (flags = 0x41)
0  ... 
3  -O                                                                        (1 = 100.0%) {0.0%}
4  ... 

Histogram: ContentSettings.RegularProfile.DefaultImagesSetting recorded 1 samples, mean = 1.0 (flags = 0x41)
0  O                                                                         (0 = 0.0%)
1  -O                                                                        (1 = 100.0%) {0.0%}
2  ... 

Histogram: ContentSettings.RegularProfile.DefaultJavaScriptSetting recorded 1 samples, mean = 1.0 (flags = 0x41)
0  O                                                                         (0 = 0.0%)
1  -O                                                                        (1 = 100.0%) {0.0%}
2  ... 

Histogram: ContentSettings.RegularProfile.DefaultLocationSetting recorded 1 samples, mean = 3.0 (flags = 0x41)
0  ... 
3  -O                                                                        (1 = 100.0%) {0.0%}
4  ... 

Histogram: ContentSettings.RegularProfile.DefaultMIDISysExSetting recorded 1 samples, mean = 3.0 (flags = 0x41)
0  ... 
3  -O                                                                        (1 = 100.0%) {0.0%}
4  ... 

Histogram: ContentSettings.RegularProfile.DefaultMediaStreamCameraSetting recorded 1 samples, mean = 3.0 (flags = 0x41)
0  ... 
3  -O                                                                        (1 = 100.0%) {0.0%}
4  ... 

Histogram: ContentSettings.RegularProfile.DefaultMediaStreamMicSetting recorded 1 samples, mean = 3.0 (flags = 0x41)
0  ... 
3  -O                                                                        (1 = 100.0%) {0.0%}
4  ... 

Histogram: ContentSettings.RegularProfile.DefaultNotificationsSetting recorded 1 samples, mean = 3.0 (flags = 0x41)
0  ... 
3  -O                                                                        (1 = 100.0%) {0.0%}
4  ... 

Histogram: ContentSettings.RegularProfile.DefaultPopupsSetting recorded 1 samples, mean = 2.0 (flags = 0x41)
0  ... 
2  -O                                                                        (1 = 100.0%) {0.0%}
3  ... 

Histogram: ContentSettings.RegularProfile.DefaultSoundSetting recorded 1 samples, mean = 1.0 (flags = 0x41)
0  O                                                                         (0 = 0.0%)
1  -O                                                                        (1 = 100.0%) {0.0%}
2  ... 

Histogram: ContentSettings.RegularProfile.DefaultStorageAccessSetting recorded 1 samples, mean = 3.0 (flags = 0x41)
0  ... 
3  -O                                                                        (1 = 100.0%) {0.0%}
4  ... 

Histogram: ContentSettings.RegularProfile.DefaultSubresourceFilterSetting recorded 1 samples, mean = 2.0 (flags = 0x41)
0  ... 
2  -O                                                                        (1 = 100.0%) {0.0%}
3  ... 

Histogram: ContentSettings.RegularProfile.DefaultUsbGuardSetting recorded 1 samples, mean = 3.0 (flags = 0x41)
0  ... 
3  -O                                                                        (1 = 100.0%) {0.0%}
4  ... 

Histogram: ContentSettings.RegularProfile.DefaultWebBluetoothGuardSetting recorded 1 samples, mean = 3.0 (flags = 0x41)
0  ... 
3  -O                                                                        (1 = 100.0%) {0.0%}
4  ... 

Histogram: ContentSettings.RegularProfile.Exceptions.3pcd-heuristics-grants recorded 1 samples, mean = 0.0 (flags = 0x41)
0  -O                                                                        (1 = 100.0%)
1  ... 

Histogram: ContentSettings.RegularProfile.Exceptions.3pcd-support recorded 1 samples, mean = 0.0 (flags = 0x41)
0  -O                                                                        (1 = 100.0%)
1  ... 

Histogram: ContentSettings.RegularProfile.Exceptions.abusive-notification-permissions recorded 1 samples, mean = 0.0 (flags = 0x41)
0  -O                                                                        (1 = 100.0%)
1  ... 

Histogram: ContentSettings.RegularProfile.Exceptions.access-to-get-all-screens-media-in-session recorded 1 samples, mean = 0.0 (flags = 0x41)
0  -O                                                                        (1 = 100.0%)
1  ... 

Histogram: ContentSettings.RegularProfile.Exceptions.accessibility-events recorded 1 samples, mean = 0.0 (flags = 0x41)
0  -O                                                                        (1 = 100.0%)
1  ... 

Histogram: ContentSettings.RegularProfile.Exceptions.anti-abuse recorded 1 samples, mean = 0.0 (flags = 0x41)
0  -O                                                                        (1 = 100.0%)
1  ... 

Histogram: ContentSettings.RegularProfile.Exceptions.app-banner recorded 1 samples, mean = 0.0 (flags = 0x41)
0  -O                                                                        (1 = 100.0%)
1  ... 

Histogram: ContentSettings.RegularProfile.Exceptions.ar recorded 1 samples, mean = 0.0 (flags = 0x41)
0  -O                                                                        (1 = 100.0%)
1  ... 

Histogram: ContentSettings.RegularProfile.Exceptions.auto-picture-in-picture recorded 1 samples, mean = 0.0 (flags = 0x41)
0  -O                                                                        (1 = 100.0%)
1  ... 

Histogram: ContentSettings.RegularProfile.Exceptions.auto-select-certificate recorded 1 samples, mean = 0.0 (flags = 0x41)
0  -O                                                                        (1 = 100.0%)
1  ... 

Histogram: ContentSettings.RegularProfile.Exceptions.automatic-downloads recorded 1 samples, mean = 0.0 (flags = 0x41)
0  -O                                                                        (1 = 100.0%)
1  ... 

Histogram: ContentSettings.RegularProfile.Exceptions.automatic-fullscreen recorded 1 samples, mean = 0.0 (flags = 0x41)
0  -O                                                                        (1 = 100.0%)
1  ... 

Histogram: ContentSettings.RegularProfile.Exceptions.autoplay recorded 1 samples, mean = 0.0 (flags = 0x41)
0  -O                                                                        (1 = 100.0%)
1  ... 

Histogram: ContentSettings.RegularProfile.Exceptions.background-sync recorded 1 samples, mean = 0.0 (flags = 0x41)
0  -O                                                                        (1 = 100.0%)
1  ... 

Histogram: ContentSettings.RegularProfile.Exceptions.bluetooth-chooser-data recorded 1 samples, mean = 0.0 (flags = 0x41)
0  -O                                                                        (1 = 100.0%)
1  ... 

Histogram: ContentSettings.RegularProfile.Exceptions.bluetooth-guard recorded 1 samples, mean = 0.0 (flags = 0x41)
0  -O                                                                        (1 = 100.0%)
1  ... 

Histogram: ContentSettings.RegularProfile.Exceptions.bluetooth-scanning recorded 1 samples, mean = 0.0 (flags = 0x41)
0  -O                                                                        (1 = 100.0%)
1  ... 

Histogram: ContentSettings.RegularProfile.Exceptions.camera-pan-tilt-zoom recorded 1 samples, mean = 0.0 (flags = 0x41)
0  -O                                                                        (1 = 100.0%)
1  ... 

Histogram: ContentSettings.RegularProfile.Exceptions.captured-surface-control recorded 1 samples, mean = 0.0 (flags = 0x41)
0  -O                                                                        (1 = 100.0%)
1  ... 

Histogram: ContentSettings.RegularProfile.Exceptions.client-hints recorded 1 samples, mean = 1.0 (flags = 0x41)
0  O                                                                         (0 = 0.0%)
1  -O                                                                        (1 = 100.0%) {0.0%}
2  ... 

Histogram: ContentSettings.RegularProfile.Exceptions.clipboard recorded 1 samples, mean = 0.0 (flags = 0x41)
0  -O                                                                        (1 = 100.0%)
1  ... 

Histogram: ContentSettings.RegularProfile.Exceptions.cookie-controls-metadata recorded 1 samples, mean = 0.0 (flags = 0x41)
0  -O                                                                        (1 = 100.0%)
1  ... 

Histogram: ContentSettings.RegularProfile.Exceptions.cookies recorded 1 samples, mean = 0.0 (flags = 0x41)
0  -O                                                                        (1 = 100.0%)
1  ... 

Histogram: ContentSettings.RegularProfile.Exceptions.cookies.Allow recorded 1 samples, mean = 0.0 (flags = 0x41)
0  -O                                                                        (1 = 100.0%)
1  ... 

Histogram: ContentSettings.RegularProfile.Exceptions.cookies.AllowThirdParty recorded 1 samples, mean = 0.0 (flags = 0x41)
0  -O                                                                        (1 = 100.0%)
1  ... 

Histogram: ContentSettings.RegularProfile.Exceptions.cookies.Block recorded 1 samples, mean = 0.0 (flags = 0x41)
0  -O                                                                        (1 = 100.0%)
1  ... 

Histogram: ContentSettings.RegularProfile.Exceptions.cookies.DomainWildcardAllowThirdParty recorded 1 samples, mean = 0.0 (flags = 0x41)
0  -O                                                                        (1 = 100.0%)
1  ... 

Histogram: ContentSettings.RegularProfile.Exceptions.cookies.SessionOnly recorded 1 samples, mean = 0.0 (flags = 0x41)
0  -O                                                                        (1 = 100.0%)
1  ... 

Histogram: ContentSettings.RegularProfile.Exceptions.cookies.TemporaryAllowThirdParty recorded 1 samples, mean = 0.0 (flags = 0x41)
0  -O                                                                        (1 = 100.0%)
1  ... 

Histogram: ContentSettings.RegularProfile.Exceptions.direct-sockets recorded 1 samples, mean = 0.0 (flags = 0x41)
0  -O                                                                        (1 = 100.0%)
1  ... 

Histogram: ContentSettings.RegularProfile.Exceptions.display-media-system-audio recorded 1 samples, mean = 0.0 (flags = 0x41)
0  -O                                                                        (1 = 100.0%)
1  ... 

Histogram: ContentSettings.RegularProfile.Exceptions.durable-storage recorded 1 samples, mean = 0.0 (flags = 0x41)
0  -O                                                                        (1 = 100.0%)
1  ... 

Histogram: ContentSettings.RegularProfile.Exceptions.fedcm-idp-registration recorded 1 samples, mean = 0.0 (flags = 0x41)
0  -O                                                                        (1 = 100.0%)
1  ... 

Histogram: ContentSettings.RegularProfile.Exceptions.fedcm-idp-signin recorded 1 samples, mean = 1.0 (flags = 0x41)
0  O                                                                         (0 = 0.0%)
1  -O                                                                        (1 = 100.0%) {0.0%}
2  ... 

Histogram: ContentSettings.RegularProfile.Exceptions.fedcm-share recorded 1 samples, mean = 0.0 (flags = 0x41)
0  -O                                                                        (1 = 100.0%)
1  ... 

Histogram: ContentSettings.RegularProfile.Exceptions.file-system-access-chooser-data recorded 1 samples, mean = 0.0 (flags = 0x41)
0  -O                                                                        (1 = 100.0%)
1  ... 

Histogram: ContentSettings.RegularProfile.Exceptions.file-system-access-extended-permission recorded 1 samples, mean = 0.0 (flags = 0x41)
0  -O                                                                        (1 = 100.0%)
1  ... 

Histogram: ContentSettings.RegularProfile.Exceptions.file-system-access-restore-permission recorded 1 samples, mean = 0.0 (flags = 0x41)
0  -O                                                                        (1 = 100.0%)
1  ... 

Histogram: ContentSettings.RegularProfile.Exceptions.file-system-last-picked-directory recorded 1 samples, mean = 0.0 (flags = 0x41)
0  -O                                                                        (1 = 100.0%)
1  ... 

Histogram: ContentSettings.RegularProfile.Exceptions.file-system-read-guard recorded 1 samples, mean = 0.0 (flags = 0x41)
0  -O                                                                        (1 = 100.0%)
1  ... 

Histogram: ContentSettings.RegularProfile.Exceptions.file-system-write-guard recorded 1 samples, mean = 0.0 (flags = 0x41)
0  -O                                                                        (1 = 100.0%)
1  ... 

Histogram: ContentSettings.RegularProfile.Exceptions.formfill-metadata recorded 1 samples, mean = 0.0 (flags = 0x41)
0  -O                                                                        (1 = 100.0%)
1  ... 

Histogram: ContentSettings.RegularProfile.Exceptions.geolocation recorded 1 samples, mean = 0.0 (flags = 0x41)
0  -O                                                                        (1 = 100.0%)
1  ... 

Histogram: ContentSettings.RegularProfile.Exceptions.hid-chooser-data recorded 1 samples, mean = 0.0 (flags = 0x41)
0  -O                                                                        (1 = 100.0%)
1  ... 

Histogram: ContentSettings.RegularProfile.Exceptions.hid-guard recorded 1 samples, mean = 0.0 (flags = 0x41)
0  -O                                                                        (1 = 100.0%)
1  ... 

Histogram: ContentSettings.RegularProfile.Exceptions.http-allowed recorded 1 samples, mean = 0.0 (flags = 0x41)
0  -O                                                                        (1 = 100.0%)
1  ... 

Histogram: ContentSettings.RegularProfile.Exceptions.https-enforced recorded 1 samples, mean = 0.0 (flags = 0x41)
0  -O                                                                        (1 = 100.0%)
1  ... 

Histogram: ContentSettings.RegularProfile.Exceptions.idle-detection recorded 1 samples, mean = 0.0 (flags = 0x41)
0  -O                                                                        (1 = 100.0%)
1  ... 

Histogram: ContentSettings.RegularProfile.Exceptions.images recorded 1 samples, mean = 0.0 (flags = 0x41)
0  -O                                                                        (1 = 100.0%)
1  ... 

Histogram: ContentSettings.RegularProfile.Exceptions.important-site-info recorded 1 samples, mean = 0.0 (flags = 0x41)
0  -O                                                                        (1 = 100.0%)
1  ... 

Histogram: ContentSettings.RegularProfile.Exceptions.insecure-private-network recorded 1 samples, mean = 0.0 (flags = 0x41)
0  -O                                                                        (1 = 100.0%)
1  ... 

Histogram: ContentSettings.RegularProfile.Exceptions.intent-picker-auto-display recorded 1 samples, mean = 0.0 (flags = 0x41)
0  -O                                                                        (1 = 100.0%)
1  ... 

Histogram: ContentSettings.RegularProfile.Exceptions.javascript recorded 1 samples, mean = 0.0 (flags = 0x41)
0  -O                                                                        (1 = 100.0%)
1  ... 

Histogram: ContentSettings.RegularProfile.Exceptions.javascript-jit recorded 1 samples, mean = 0.0 (flags = 0x41)
0  -O                                                                        (1 = 100.0%)
1  ... 

Histogram: ContentSettings.RegularProfile.Exceptions.javascript-optimizer recorded 1 samples, mean = 0.0 (flags = 0x41)
0  -O                                                                        (1 = 100.0%)
1  ... 

Histogram: ContentSettings.RegularProfile.Exceptions.keyboard-lock recorded 1 samples, mean = 0.0 (flags = 0x41)
0  -O                                                                        (1 = 100.0%)
1  ... 

Histogram: ContentSettings.RegularProfile.Exceptions.legacy-cookie-access recorded 1 samples, mean = 0.0 (flags = 0x41)
0  -O                                                                        (1 = 100.0%)
1  ... 

Histogram: ContentSettings.RegularProfile.Exceptions.local-fonts recorded 1 samples, mean = 0.0 (flags = 0x41)
0  -O                                                                        (1 = 100.0%)
1  ... 

Histogram: ContentSettings.RegularProfile.Exceptions.media-engagement recorded 1 samples, mean = 1.0 (flags = 0x41)
0  O                                                                         (0 = 0.0%)
1  -O                                                                        (1 = 100.0%) {0.0%}
2  ... 

Histogram: ContentSettings.RegularProfile.Exceptions.media-stream-camera recorded 1 samples, mean = 0.0 (flags = 0x41)
0  -O                                                                        (1 = 100.0%)
1  ... 

Histogram: ContentSettings.RegularProfile.Exceptions.media-stream-mic recorded 1 samples, mean = 0.0 (flags = 0x41)
0  -O                                                                        (1 = 100.0%)
1  ... 

Histogram: ContentSettings.RegularProfile.Exceptions.midi-sysex recorded 1 samples, mean = 0.0 (flags = 0x41)
0  -O                                                                        (1 = 100.0%)
1  ... 

Histogram: ContentSettings.RegularProfile.Exceptions.mixed-script recorded 1 samples, mean = 0.0 (flags = 0x41)
0  -O                                                                        (1 = 100.0%)
1  ... 

Histogram: ContentSettings.RegularProfile.Exceptions.nfc-devices recorded 1 samples, mean = 0.0 (flags = 0x41)
0  -O                                                                        (1 = 100.0%)
1  ... 

Histogram: ContentSettings.RegularProfile.Exceptions.notification-interactions recorded 1 samples, mean = 0.0 (flags = 0x41)
0  -O                                                                        (1 = 100.0%)
1  ... 

Histogram: ContentSettings.RegularProfile.Exceptions.notification-permission-review recorded 1 samples, mean = 0.0 (flags = 0x41)
0  -O                                                                        (1 = 100.0%)
1  ... 

Histogram: ContentSettings.RegularProfile.Exceptions.notifications recorded 1 samples, mean = 0.0 (flags = 0x41)
0  -O                                                                        (1 = 100.0%)
1  ... 

Histogram: ContentSettings.RegularProfile.Exceptions.password-protection recorded 1 samples, mean = 0.0 (flags = 0x41)
0  -O                                                                        (1 = 100.0%)
1  ... 

Histogram: ContentSettings.RegularProfile.Exceptions.payment-handler recorded 1 samples, mean = 0.0 (flags = 0x41)
0  -O                                                                        (1 = 100.0%)
1  ... 

Histogram: ContentSettings.RegularProfile.Exceptions.permission-autoblocking-data recorded 1 samples, mean = 0.0 (flags = 0x41)
0  -O                                                                        (1 = 100.0%)
1  ... 

Histogram: ContentSettings.RegularProfile.Exceptions.permission-autorevocation-data recorded 1 samples, mean = 0.0 (flags = 0x41)
0  -O                                                                        (1 = 100.0%)
1  ... 

Histogram: ContentSettings.RegularProfile.Exceptions.pointer-lock recorded 1 samples, mean = 0.0 (flags = 0x41)
0  -O                                                                        (1 = 100.0%)
1  ... 

Histogram: ContentSettings.RegularProfile.Exceptions.popups recorded 1 samples, mean = 0.0 (flags = 0x41)
0  -O                                                                        (1 = 100.0%)
1  ... 

Histogram: ContentSettings.RegularProfile.Exceptions.popups.Allow recorded 1 samples, mean = 0.0 (flags = 0x41)
0  -O                                                                        (1 = 100.0%)
1  ... 

Histogram: ContentSettings.RegularProfile.Exceptions.popups.Block recorded 1 samples, mean = 0.0 (flags = 0x41)
0  -O                                                                        (1 = 100.0%)
1  ... 

Histogram: ContentSettings.RegularProfile.Exceptions.private-network-chooser-data recorded 1 samples, mean = 0.0 (flags = 0x41)
0  -O                                                                        (1 = 100.0%)
1  ... 

Histogram: ContentSettings.RegularProfile.Exceptions.private-network-guard recorded 1 samples, mean = 0.0 (flags = 0x41)
0  -O                                                                        (1 = 100.0%)
1  ... 

Histogram: ContentSettings.RegularProfile.Exceptions.protected-media-identifier recorded 1 samples, mean = 0.0 (flags = 0x41)
0  -O                                                                        (1 = 100.0%)
1  ... 

Histogram: ContentSettings.RegularProfile.Exceptions.protocol-handler recorded 1 samples, mean = 0.0 (flags = 0x41)
0  -O                                                                        (1 = 100.0%)
1  ... 

Histogram: ContentSettings.RegularProfile.Exceptions.reduced-accept-language recorded 1 samples, mean = 0.0 (flags = 0x41)
0  -O                                                                        (1 = 100.0%)
1  ... 

Histogram: ContentSettings.RegularProfile.Exceptions.safe-browsing-url-check-data recorded 1 samples, mean = 0.0 (flags = 0x41)
0  -O                                                                        (1 = 100.0%)
1  ... 

Histogram: ContentSettings.RegularProfile.Exceptions.sensors recorded 1 samples, mean = 0.0 (flags = 0x41)
0  -O                                                                        (1 = 100.0%)
1  ... 

Histogram: ContentSettings.RegularProfile.Exceptions.serial-chooser-data recorded 1 samples, mean = 0.0 (flags = 0x41)
0  -O                                                                        (1 = 100.0%)
1  ... 

Histogram: ContentSettings.RegularProfile.Exceptions.serial-guard recorded 1 samples, mean = 0.0 (flags = 0x41)
0  -O                                                                        (1 = 100.0%)
1  ... 

Histogram: ContentSettings.RegularProfile.Exceptions.site-engagement recorded 1 samples, mean = 1.0 (flags = 0x41)
0  O                                                                         (0 = 0.0%)
1  -O                                                                        (1 = 100.0%) {0.0%}
2  ... 

Histogram: ContentSettings.RegularProfile.Exceptions.sound recorded 1 samples, mean = 0.0 (flags = 0x41)
0  -O                                                                        (1 = 100.0%)
1  ... 

Histogram: ContentSettings.RegularProfile.Exceptions.speaker-selection recorded 1 samples, mean = 0.0 (flags = 0x41)
0  -O                                                                        (1 = 100.0%)
1  ... 

Histogram: ContentSettings.RegularProfile.Exceptions.ssl-cert-decisions recorded 1 samples, mean = 0.0 (flags = 0x41)
0  -O                                                                        (1 = 100.0%)
1  ... 

Histogram: ContentSettings.RegularProfile.Exceptions.storage-access recorded 1 samples, mean = 0.0 (flags = 0x41)
0  -O                                                                        (1 = 100.0%)
1  ... 

Histogram: ContentSettings.RegularProfile.Exceptions.storage-access-header-origin-trial recorded 1 samples, mean = 0.0 (flags = 0x41)
0  -O                                                                        (1 = 100.0%)
1  ... 

Histogram: ContentSettings.RegularProfile.Exceptions.storage-access.Allow recorded 1 samples, mean = 0.0 (flags = 0x41)
0  -O                                                                        (1 = 100.0%)
1  ... 

Histogram: ContentSettings.RegularProfile.Exceptions.storage-access.Ask recorded 1 samples, mean = 0.0 (flags = 0x41)
0  -O                                                                        (1 = 100.0%)
1  ... 

Histogram: ContentSettings.RegularProfile.Exceptions.storage-access.Block recorded 1 samples, mean = 0.0 (flags = 0x41)
0  -O                                                                        (1 = 100.0%)
1  ... 

Histogram: ContentSettings.RegularProfile.Exceptions.storage-access.MaxRequester recorded 1 samples, mean = 0.0 (flags = 0x41)
0  -O                                                                        (1 = 100.0%)
1  ... 

Histogram: ContentSettings.RegularProfile.Exceptions.storage-access.MaxTopLevel recorded 1 samples, mean = 0.0 (flags = 0x41)
0  -O                                                                        (1 = 100.0%)
1  ... 

Histogram: ContentSettings.RegularProfile.Exceptions.subresource-filter recorded 1 samples, mean = 0.0 (flags = 0x41)
0  -O                                                                        (1 = 100.0%)
1  ... 

Histogram: ContentSettings.RegularProfile.Exceptions.subresource-filter-data recorded 1 samples, mean = 0.0 (flags = 0x41)
0  -O                                                                        (1 = 100.0%)
1  ... 

Histogram: ContentSettings.RegularProfile.Exceptions.subresource-filter.Allow recorded 1 samples, mean = 0.0 (flags = 0x41)
0  -O                                                                        (1 = 100.0%)
1  ... 

Histogram: ContentSettings.RegularProfile.Exceptions.subresource-filter.Block recorded 1 samples, mean = 0.0 (flags = 0x41)
0  -O                                                                        (1 = 100.0%)
1  ... 

Histogram: ContentSettings.RegularProfile.Exceptions.third-party-storage-partitioning recorded 1 samples, mean = 0.0 (flags = 0x41)
0  -O                                                                        (1 = 100.0%)
1  ... 

Histogram: ContentSettings.RegularProfile.Exceptions.top-level-3pcd-origin-trial recorded 1 samples, mean = 0.0 (flags = 0x41)
0  -O                                                                        (1 = 100.0%)
1  ... 

Histogram: ContentSettings.RegularProfile.Exceptions.top-level-3pcd-support recorded 1 samples, mean = 0.0 (flags = 0x41)
0  -O                                                                        (1 = 100.0%)
1  ... 

Histogram: ContentSettings.RegularProfile.Exceptions.top-level-storage-access recorded 1 samples, mean = 0.0 (flags = 0x41)
0  -O                                                                        (1 = 100.0%)
1  ... 

Histogram: ContentSettings.RegularProfile.Exceptions.tracking-protection recorded 1 samples, mean = 0.0 (flags = 0x41)
0  -O                                                                        (1 = 100.0%)
1  ... 

Histogram: ContentSettings.RegularProfile.Exceptions.tracking-protection.Allow recorded 1 samples, mean = 0.0 (flags = 0x41)
0  -O                                                                        (1 = 100.0%)
1  ... 

Histogram: ContentSettings.RegularProfile.Exceptions.tracking-protection.Block recorded 1 samples, mean = 0.0 (flags = 0x41)
0  -O                                                                        (1 = 100.0%)
1  ... 

Histogram: ContentSettings.RegularProfile.Exceptions.unused-site-permissions recorded 1 samples, mean = 0.0 (flags = 0x41)
0  -O                                                                        (1 = 100.0%)
1  ... 

Histogram: ContentSettings.RegularProfile.Exceptions.usb-chooser-data recorded 1 samples, mean = 0.0 (flags = 0x41)
0  -O                                                                        (1 = 100.0%)
1  ... 

Histogram: ContentSettings.RegularProfile.Exceptions.usb-guard recorded 1 samples, mean = 0.0 (flags = 0x41)
0  -O                                                                        (1 = 100.0%)
1  ... 

Histogram: ContentSettings.RegularProfile.Exceptions.vr recorded 1 samples, mean = 0.0 (flags = 0x41)
0  -O                                                                        (1 = 100.0%)
1  ... 

Histogram: ContentSettings.RegularProfile.Exceptions.webid-api recorded 1 samples, mean = 0.0 (flags = 0x41)
0  -O                                                                        (1 = 100.0%)
1  ... 

Histogram: ContentSettings.RegularProfile.Exceptions.webid-auto-reauthn recorded 1 samples, mean = 0.0 (flags = 0x41)
0  -O                                                                        (1 = 100.0%)
1  ... 

Histogram: ContentSettings.RegularProfile.Exceptions.window-placement recorded 1 samples, mean = 0.0 (flags = 0x41)
0  -O                                                                        (1 = 100.0%)
1  ... 

Histogram: Conversions.DelayOnAttestationsLoaded recorded 1 samples, mean = 300313.0 (flags = 0x41)
0       ... 
300000  -O                                                                        (1 = 100.0%) {0.0%}

Histogram: Cookie.ClockSkew.AddMinutes recorded 6 samples, mean = 0.0 (flags = 0x41)
0  ------O                                                                   (6 = 100.0%)
1  ... 

Histogram: Cookie.ClockSkew.AddMinutes12To24Hours recorded 6 samples, mean = 0.0 (flags = 0x41)
0  ------O                                                                   (6 = 100.0%)
720... 

Histogram: Cookie.ClockSkew.ExpiredWithoutSkew recorded 6 samples, mean = 0.0 (flags = 0x41)
0  ------O                                                                   (6 = 100.0%)
1  ... 

Histogram: Cookie.CookiePrefix recorded 7 samples, mean = 0.0 (flags = 0x41)
0  -------O                                                                  (7 = 100.0%)
1  ... 

Histogram: Cookie.CookieSchemeRequestScheme recorded 76 samples, mean = 2.0 (flags = 0x41)
0  ... 
2  ------------------------------------------------------------------------O (76 = 100.0%) {0.0%}
3  ... 

Histogram: Cookie.CookieSourceScheme recorded 7 samples, mean = 0.0 (flags = 0x41)
0  -------O                                                                  (7 = 100.0%)
1  ... 

Histogram: Cookie.CookieSourceSchemeName recorded 7 samples, mean = 14.0 (flags = 0x41)
0   ... 
14  -------O                                                                  (7 = 100.0%) {0.0%}
15  ... 

Histogram: Cookie.CrossSiteRedirectType.Read recorded 121 samples, mean = 1.0 (flags = 0x41)
0  O                                                                         (0 = 0.0%)
1  ------------------------------------------------------------------------O (121 = 100.0%) {0.0%}
2  ... 

Histogram: Cookie.CrossSiteRedirectType.Write recorded 7 samples, mean = 1.0 (flags = 0x41)
0  O                                                                         (0 = 0.0%)
1  -------O                                                                  (7 = 100.0%) {0.0%}
2  ... 

Histogram: Cookie.DaysSinceRefreshForRetrieval recorded 3 samples, mean = 0.0 (flags = 0x41)
0  ---O                                                                      (3 = 100.0%)
1  ... 

Histogram: Cookie.DomainHasNonASCII recorded 7 samples, mean = 0.0 (flags = 0x41)
0  -------O                                                                  (7 = 100.0%)
1  ... 

Histogram: Cookie.DomainSet recorded 7 samples, mean = 1.0 (flags = 0x41)
0  O                                                                         (0 = 0.0%)
1  -------O                                                                  (7 = 100.0%) {0.0%}
2  O                                                                         (0 = 0.0%) {100.0%}

Histogram: Cookie.DoubleUnderscorePrefixedName recorded 7 samples, mean = 0.7 (flags = 0x41)
0  --O                                                                       (2 = 28.6%)
1  -----O                                                                    (5 = 71.4%) {28.6%}
2  O                                                                         (0 = 0.0%) {100.0%}

Histogram: Cookie.ExpirationDuration400DaysLTE recorded 6 samples, mean = 60.8 (flags = 0x41)
0    -----O                                                                    (5 = 83.3%)
1    ... 
364  -O                                                                        (1 = 16.7%) {83.3%}
400  O                                                                         (0 = 0.0%) {100.0%}

Histogram: Cookie.ExpirationDurationMinutesSecure recorded 6 samples, mean = 87625.0 (flags = 0x41)
0       ... 
26      -----O                                                                    (5 = 83.3%) {0.0%}
36      ... 
429766  -O                                                                        (1 = 16.7%) {83.3%}
587706  ... 

Histogram: Cookie.FirstPartyPartitioned.HasCrossSiteAncestor recorded 45 samples, mean = 0.0 (flags = 0x41)
0  ---------------------------------------------O                            (45 = 100.0%)
1  ... 

Histogram: Cookie.FirstPartySets.Browser.DelayedQueriesCount recorded 1 samples, mean = 2.0 (flags = 0x41)
0  ... 
2  -O                                                                        (1 = 100.0%) {0.0%}
3  ... 

Histogram: Cookie.FirstPartySets.Browser.MostDelayedQueryDelta recorded 1 samples, mean = 244.0 (flags = 0x41)
0    ... 
226  -O                                                                        (1 = 100.0%) {0.0%}
268  ... 

Histogram: Cookie.FirstPartySets.ComponentSetsNonfatalErrors recorded 1 samples, mean = 0.0 (flags = 0x41)
0  -O                                                                        (1 = 100.0%)
1  ... 

Histogram: Cookie.FirstPartySets.ComponentSetsParsedSuccessfully recorded 1 samples, mean = 0.0 (flags = 0x41)
0  -O                                                                        (1 = 100.0%)
1  ... 

Histogram: Cookie.FirstPartySets.ContextDelayedQueriesCount recorded 1 samples, mean = 0.0 (flags = 0x41)
0  -O                                                                        (1 = 100.0%)
1  ... 

Histogram: Cookie.FirstPartySets.ContextMostDelayedQueryDelta recorded 1 samples, mean = 0.0 (flags = 0x41)
0  -O                                                                        (1 = 100.0%)
1  ... 

Histogram: Cookie.FirstPartySets.EnqueueingDelay.ContextConfig2 recorded 1 samples, mean = 93.0 (flags = 0x41)
0   ... 
81  -O                                                                        (1 = 100.0%) {0.0%}
96  ... 

Histogram: Cookie.FirstPartySets.InitializationDuration.ContextReadyToServeQueries2 recorded 1 samples, mean = 1089.0 (flags = 0x41)
0     ... 
1062  -O                                                                        (1 = 100.0%) {0.0%}
1262  ... 

Histogram: Cookie.FirstPartySets.InitializationDuration.ReadCommandLineSet2 recorded 1 samples, mean = 246.0 (flags = 0x41)
0    ... 
226  -O                                                                        (1 = 100.0%) {0.0%}
268  ... 

Histogram: Cookie.FirstPartySets.InitializationDuration.ReadComponentSets2 recorded 1 samples, mean = 1.0 (flags = 0x41)
0  O                                                                         (0 = 0.0%)
1  -O                                                                        (1 = 100.0%) {0.0%}
2  ... 

Histogram: Cookie.FirstPartySets.InitializationDuration.ReadyToServeQueries2 recorded 1 samples, mean = 99.0 (flags = 0x41)
0   ... 
96  -O                                                                        (1 = 100.0%) {0.0%}
114 ... 

Histogram: Cookie.FirstPartySets.Network.DelayedQueriesCount recorded 1 samples, mean = 0.0 (flags = 0x41)
0  -O                                                                        (1 = 100.0%)
1  ... 

Histogram: Cookie.FirstPartySets.Network.MostDelayedQueryDelta recorded 1 samples, mean = 0.0 (flags = 0x41)
0  -O                                                                        (1 = 100.0%)
1  ... 

Histogram: Cookie.FirstPartySets.ProcessedEntireComponent recorded 1 samples, mean = 1.0 (flags = 0x41)
0  O                                                                         (0 = 0.0%)
1  -O                                                                        (1 = 100.0%) {0.0%}
2  O                                                                         (0 = 0.0%) {100.0%}

Histogram: Cookie.FromStorageWithValidLength recorded 78 samples, mean = 1.0 (flags = 0x41)
0  O                                                                         (0 = 0.0%)
1  ------------------------------------------------------------------------O (78 = 100.0%) {0.0%}
2  O                                                                         (0 = 0.0%) {100.0%}

Histogram: Cookie.HasNonASCII.Name recorded 7 samples, mean = 0.0 (flags = 0x41)
0  -------O                                                                  (7 = 100.0%)
1  ... 

Histogram: Cookie.HasNonASCII.Value recorded 7 samples, mean = 0.0 (flags = 0x41)
0  -------O                                                                  (7 = 100.0%)
1  ... 

Histogram: Cookie.IncludedRequestEffectiveSameSite recorded 123 samples, mean = 0.0 (flags = 0x41)
0  ------------------------------------------------------------------------O (123 = 100.0%)
1  ... 

Histogram: Cookie.IncludedResponseEffectiveSameSite recorded 7 samples, mean = 0.0 (flags = 0x41)
0  -------O                                                                  (7 = 100.0%)
1  ... 

Histogram: Cookie.IsPartitionedValid recorded 1 samples, mean = 1.0 (flags = 0x41)
0  O                                                                         (0 = 0.0%)
1  -O                                                                        (1 = 100.0%) {0.0%}
2  O                                                                         (0 = 0.0%) {100.0%}

Histogram: Cookie.NameOrValueHtab recorded 7 samples, mean = 0.0 (flags = 0x41)
0  -------O                                                                  (7 = 100.0%)
1  ... 

Histogram: Cookie.OnCookiesAccessed.BatchSize recorded 8 samples, mean = 1.4 (flags = 0x41)
0  O                                                                         (0 = 0.0%)
1  -----O                                                                    (5 = 62.5%) {0.0%}
2  ---O                                                                      (3 = 37.5%) {62.5%}
3  ... 

Histogram: Cookie.OnCookiesAccessed.TotalAccesses recorded 8 samples, mean = 2.4 (flags = 0x41)
0  O                                                                         (0 = 0.0%)
1  -O                                                                        (1 = 12.5%) {0.0%}
2  ----O                                                                     (4 = 50.0%) {12.5%}
3  --O                                                                       (2 = 25.0%) {62.5%}
4  -O                                                                        (1 = 12.5%) {87.5%}
5  ... 

Histogram: Cookie.PartitionedCookiesInRequest recorded 39 samples, mean = 1.0 (flags = 0x41)
0  O                                                                         (0 = 0.0%)
1  ---------------------------------------O                                  (39 = 100.0%) {0.0%}
2  ... 

Histogram: Cookie.Port.Read.RemoteHost recorded 117 samples, mean = 7.0 (flags = 0x41)
0  ... 
7  ------------------------------------------------------------------------O (117 = 100.0%) {0.0%}
8  ... 

Histogram: Cookie.Port.ReadDiffersFromSet.DomainSet recorded 117 samples, mean = 4.0 (flags = 0x41)
0  ... 
4  ------------------------------------------------------------------------O (117 = 100.0%) {0.0%}
5  O                                                                         (0 = 0.0%) {100.0%}

Histogram: Cookie.Port.ReadDiffersFromSet.RemoteHost recorded 117 samples, mean = 4.0 (flags = 0x41)
0  ... 
4  ------------------------------------------------------------------------O (117 = 100.0%) {0.0%}
5  O                                                                         (0 = 0.0%) {100.0%}

Histogram: Cookie.Port.Set.RemoteHost recorded 7 samples, mean = 7.0 (flags = 0x41)
0  ... 
7  -------O                                                                  (7 = 100.0%) {0.0%}
8  ... 

Histogram: Cookie.RequestSameSiteContext recorded 127 samples, mean = 3.0 (flags = 0x41)
0  -O                                                                        (2 = 1.6%)
1  ... 
3  ------------------------------------------------------------------------O (125 = 98.4%) {1.6%}
4  O                                                                         (0 = 0.0%) {100.0%}

Histogram: Cookie.SameSiteAttributeValue recorded 7 samples, mean = 5.0 (flags = 0x41)
0  ... 
5  -------O                                                                  (7 = 100.0%) {0.0%}
6  ... 

Histogram: Cookie.SameSiteNoneSizeBytes recorded 7 samples, mean = 212.4 (flags = 0x41)
0    ... 
40   -O                                                                        (1 = 14.3%) {0.0%}
48   ... 
190  -----O                                                                    (5 = 71.4%) {14.3%}
226  ... 
378  -O                                                                        (1 = 14.3%) {85.7%}
449  ... 

Histogram: Cookie.SameSiteNoneSizeBytes.Partitioned recorded 1 samples, mean = 417.0 (flags = 0x41)
0    ... 
378  -O                                                                        (1 = 100.0%) {0.0%}
449  ... 

Histogram: Cookie.SameSiteNoneSizeBytes.Unpartitioned recorded 6 samples, mean = 178.3 (flags = 0x41)
0    ... 
40   -O                                                                        (1 = 16.7%) {0.0%}
48   ... 
190  -----O                                                                    (5 = 83.3%) {16.7%}
226  ... 

Histogram: Cookie.SourceType recorded 10 samples, mean = 1.0 (flags = 0x41)
0  O                                                                         (0 = 0.0%)
1  ----------O                                                               (10 = 100.0%) {0.0%}
2  ... 

Histogram: Cookie.TimeBlockedOnLoad recorded 2 samples, mean = 226.5 (flags = 0x41)
0    ... 
7    -O                                                                        (1 = 50.0%) {0.0%}
9    ... 
428  -O                                                                        (1 = 50.0%) {50.0%}
531  ... 

Histogram: Cookie.TimeInitializeDB recorded 2 samples, mean = 3.0 (flags = 0x41)
0  ... 
3  --O                                                                       (2 = 100.0%) {0.0%}
4  ... 

Histogram: Cookie.TimeOpsBlockedDueToGlobalOp recorded 2 samples, mean = 3.5 (flags = 0x41)
0  -O                                                                        (1 = 50.0%)
1  ... 
7  -O                                                                        (1 = 50.0%) {50.0%}
9  ... 

Histogram: Cookie.Type2 recorded 10 samples, mean = 13.0 (flags = 0x41)
0   ... 
4   -O                                                                        (1 = 10.0%) {0.0%}
5   ... 
14  ---------O                                                                (9 = 90.0%) {10.0%}
15  ... 

Histogram: Crypto.TPMDuration.MessageSigningECDSA recorded 1 samples, mean = 92.0 (flags = 0x41)
0   ... 
84  -O                                                                        (1 = 100.0%) {0.0%}
107 ... 

Histogram: Crypto.TPMDuration.NewKeyCreationECDSA recorded 1 samples, mean = 326.0 (flags = 0x41)
0    ... 
280  -O                                                                        (1 = 100.0%) {0.0%}
356  ... 

Histogram: Crypto.TPMDuration.Virtual.MessageSigningECDSA recorded 1 samples, mean = 0.0 (flags = 0x41)
0  -O                                                                        (1 = 100.0%)
1  ... 

Histogram: Crypto.TPMDuration.Virtual.NewKeyCreationECDSA recorded 1 samples, mean = 7.0 (flags = 0x41)
0  ... 
6  -O                                                                        (1 = 100.0%) {0.0%}
8  ... 

Histogram: Crypto.TPMDuration.Virtual.WrappedKeyCreationECDSA recorded 1 samples, mean = 2.0 (flags = 0x41)
0  ... 
2  -O                                                                        (1 = 100.0%) {0.0%}
3  ... 

Histogram: Crypto.TPMDuration.WrappedKeyCreationECDSA recorded 1 samples, mean = 77.0 (flags = 0x41)
0   ... 
66  -O                                                                        (1 = 100.0%) {0.0%}
84  ... 

Histogram: Crypto.TPMOperation.MessageSigningECDSA recorded 1 samples, mean = 1.0 (flags = 0x41)
0  O                                                                         (0 = 0.0%)
1  -O                                                                        (1 = 100.0%) {0.0%}
2  O                                                                         (0 = 0.0%) {100.0%}

Histogram: Crypto.TPMOperation.MessageVerifyECDSA recorded 1 samples, mean = 1.0 (flags = 0x41)
0  O                                                                         (0 = 0.0%)
1  -O                                                                        (1 = 100.0%) {0.0%}
2  O                                                                         (0 = 0.0%) {100.0%}

Histogram: Crypto.TPMOperation.NewKeyCreationECDSA recorded 1 samples, mean = 1.0 (flags = 0x41)
0  O                                                                         (0 = 0.0%)
1  -O                                                                        (1 = 100.0%) {0.0%}
2  O                                                                         (0 = 0.0%) {100.0%}

Histogram: Crypto.TPMOperation.Virtual.MessageSigningECDSA recorded 1 samples, mean = 1.0 (flags = 0x41)
0  O                                                                         (0 = 0.0%)
1  -O                                                                        (1 = 100.0%) {0.0%}
2  O                                                                         (0 = 0.0%) {100.0%}

Histogram: Crypto.TPMOperation.Virtual.MessageVerifyECDSA recorded 1 samples, mean = 1.0 (flags = 0x41)
0  O                                                                         (0 = 0.0%)
1  -O                                                                        (1 = 100.0%) {0.0%}
2  O                                                                         (0 = 0.0%) {100.0%}

Histogram: Crypto.TPMOperation.Virtual.NewKeyCreationECDSA recorded 1 samples, mean = 1.0 (flags = 0x41)
0  O                                                                         (0 = 0.0%)
1  -O                                                                        (1 = 100.0%) {0.0%}
2  O                                                                         (0 = 0.0%) {100.0%}

Histogram: Crypto.TPMOperation.Virtual.WrappedKeyCreationECDSA recorded 1 samples, mean = 1.0 (flags = 0x41)
0  O                                                                         (0 = 0.0%)
1  -O                                                                        (1 = 100.0%) {0.0%}
2  O                                                                         (0 = 0.0%) {100.0%}

Histogram: Crypto.TPMOperation.WrappedKeyCreationECDSA recorded 1 samples, mean = 1.0 (flags = 0x41)
0  O                                                                         (0 = 0.0%)
1  -O                                                                        (1 = 100.0%) {0.0%}
2  O                                                                         (0 = 0.0%) {100.0%}

Histogram: Crypto.TPMSupport2 recorded 1 samples, mean = 2.0 (flags = 0x41)
0  ... 
2  -O                                                                        (1 = 100.0%) {0.0%}
3  O                                                                         (0 = 0.0%) {100.0%}

Histogram: Crypto.TPMSupportType recorded 1 samples, mean = 3.0 (flags = 0x41)
0  ... 
3  -O                                                                        (1 = 100.0%) {0.0%}
4  O                                                                         (0 = 0.0%) {100.0%}

Histogram: Crypto.VirtualKeySupport recorded 1 samples, mean = 2.0 (flags = 0x41)
0  ... 
2  -O                                                                        (1 = 100.0%) {0.0%}
3  O                                                                         (0 = 0.0%) {100.0%}

Histogram: DOMStorage.CommitMeasuredDelay recorded 4 samples, mean = 3738.0 (flags = 0x41)
0     ... 
6     -O                                                                        (1 = 25.0%) {0.0%}
7     ... 
4904  ---O                                                                      (3 = 75.0%) {25.0%}
5660  ... 

Histogram: DOMStorage.CommitSizeBytes recorded 2 samples, mean = 7400.5 (flags = 0x41)
0     ... 
6593  -O                                                                        (1 = 50.0%) {0.0%}
7433  -O                                                                        (1 = 50.0%) {50.0%}
8380  ... 

Histogram: DataUse.BytesReceived3.Delegate recorded 220 samples, mean = 1791.4 (flags = 0x41)
0      ... 
297    O                                                                         (1 = 0.5%) {0.0%}
383    -O                                                                        (3 = 1.4%) {0.5%}
494    -O                                                                        (2 = 0.9%) {1.8%}
637    O                                                                         (1 = 0.5%) {2.7%}
821    O                                                                         (1 = 0.5%) {3.2%}
1059   ------------------------------------------------------------------------O (204 = 92.7%) {3.6%}
1366   O                                                                         (1 = 0.5%) {96.4%}
1761   ... 
2928   -O                                                                        (4 = 1.8%) {96.8%}
3776   ... 
10441  O                                                                         (1 = 0.5%) {98.6%}
13464  ... 
22388  O                                                                         (1 = 0.5%) {99.1%}
28869  ... 
79817  O                                                                         (1 = 0.5%) {99.5%}
102923 ... 

Histogram: DataUse.BytesSent3.Delegate recorded 220 samples, mean = 1409.5 (flags = 0x41)
0      ... 
65     -O                                                                        (2 = 0.9%) {0.0%}
86     ... 
196    -O                                                                        (2 = 0.9%) {0.9%}
258    O                                                                         (0 = 0.0%) {1.8%}
340    -O                                                                        (2 = 0.9%) {1.8%}
448    --O                                                                       (4 = 1.8%) {2.7%}
590    -O                                                                        (3 = 1.4%) {4.5%}
777    -O                                                                        (2 = 0.9%) {5.9%}
1023   --------------O                                                           (33 = 15.0%) {6.8%}
1347   ------------------------------------------------------------------------O (171 = 77.7%) {21.8%}
1774   ... 
16063  O                                                                         (1 = 0.5%) {99.5%}
21156  ... 

Histogram: DefaultBrowser.State recorded 1 samples, mean = 0.0 (flags = 0x41)
0  -O                                                                        (1 = 100.0%)
1  ... 

Histogram: DiskCache.0.Error recorded 1 samples, mean = 0.0 (flags = 0x41)
0  -O                                                                        (1 = 100.0%)
1  ... 

Histogram: DiskCache.0.TotalIOTimeRead recorded 103 samples, mean = 2.7 (flags = 0x41)
0   --------------------------------------------------------------O           (62 = 60.2%)
1   --O                                                                       (2 = 1.9%) {60.2%}
2   ... 
5   -----------------O                                                        (17 = 16.5%) {62.1%}
6   -----------O                                                              (11 = 10.7%) {78.6%}
7   -O                                                                        (1 = 1.0%) {89.3%}
8   O                                                                         (0 = 0.0%) {90.3%}
10  ------O                                                                   (6 = 5.8%) {90.3%}
12  ---O                                                                      (3 = 2.9%) {96.1%}
14  O                                                                         (0 = 0.0%) {99.0%}
17  -O                                                                        (1 = 1.0%) {99.0%}
20  ... 

Histogram: DiskCache.0.TotalIOTimeWrite recorded 28 samples, mean = 0.0 (flags = 0x41)
0  ----------------------------O                                             (28 = 100.0%)
1  ... 

Histogram: Download.Database.IsAvailable recorded 1 samples, mean = 1.0 (flags = 0x41)
0  O                                                                         (0 = 0.0%)
1  -O                                                                        (1 = 100.0%) {0.0%}
2  O                                                                         (0 = 0.0%) {100.0%}

Histogram: Download.Service.Db.Operation.Success recorded 1 samples, mean = 0.0 (flags = 0x41)
0  -O                                                                        (1 = 100.0%)
1  ... 

Histogram: Download.Service.Db.Records recorded 1 samples, mean = 0.0 (flags = 0x41)
0  -O                                                                        (1 = 100.0%)
1  ... 

Histogram: Download.Service.Db.Records.Active recorded 1 samples, mean = 0.0 (flags = 0x41)
0  -O                                                                        (1 = 100.0%)
1  ... 

Histogram: Download.Service.Db.Records.Available recorded 1 samples, mean = 0.0 (flags = 0x41)
0  -O                                                                        (1 = 100.0%)
1  ... 

Histogram: Download.Service.Db.Records.Complete recorded 1 samples, mean = 0.0 (flags = 0x41)
0  -O                                                                        (1 = 100.0%)
1  ... 

Histogram: Download.Service.Db.Records.New recorded 1 samples, mean = 0.0 (flags = 0x41)
0  -O                                                                        (1 = 100.0%)
1  ... 

Histogram: Download.Service.Db.Records.Paused recorded 1 samples, mean = 0.0 (flags = 0x41)
0  -O                                                                        (1 = 100.0%)
1  ... 

Histogram: Download.Service.Files.CleanUp.External recorded 3 samples, mean = 0.0 (flags = 0x41)
0  ---O                                                                      (3 = 100.0%)
1  ... 

Histogram: Download.Service.Files.CleanUp.External.Orphaned recorded 1 samples, mean = 0.0 (flags = 0x41)
0  -O                                                                        (1 = 100.0%)
1  ... 

Histogram: Download.Service.Files.CleanUp.External.Timeout recorded 1 samples, mean = 0.0 (flags = 0x41)
0  -O                                                                        (1 = 100.0%)
1  ... 

Histogram: Download.Service.Files.CleanUp.External.Unknown recorded 1 samples, mean = 0.0 (flags = 0x41)
0  -O                                                                        (1 = 100.0%)
1  ... 

Histogram: Download.Service.Files.CleanUp.Failure recorded 3 samples, mean = 0.0 (flags = 0x41)
0  ---O                                                                      (3 = 100.0%)
1  ... 

Histogram: Download.Service.Files.CleanUp.Failure.Orphaned recorded 1 samples, mean = 0.0 (flags = 0x41)
0  -O                                                                        (1 = 100.0%)
1  ... 

Histogram: Download.Service.Files.CleanUp.Failure.Timeout recorded 1 samples, mean = 0.0 (flags = 0x41)
0  -O                                                                        (1 = 100.0%)
1  ... 

Histogram: Download.Service.Files.CleanUp.Failure.Unknown recorded 1 samples, mean = 0.0 (flags = 0x41)
0  -O                                                                        (1 = 100.0%)
1  ... 

Histogram: Download.Service.Files.CleanUp.Success recorded 3 samples, mean = 0.0 (flags = 0x41)
0  ---O                                                                      (3 = 100.0%)
1  ... 

Histogram: Download.Service.Files.CleanUp.Success.Orphaned recorded 1 samples, mean = 0.0 (flags = 0x41)
0  -O                                                                        (1 = 100.0%)
1  ... 

Histogram: Download.Service.Files.CleanUp.Success.Timeout recorded 1 samples, mean = 0.0 (flags = 0x41)
0  -O                                                                        (1 = 100.0%)
1  ... 

Histogram: Download.Service.Files.CleanUp.Success.Unknown recorded 1 samples, mean = 0.0 (flags = 0x41)
0  -O                                                                        (1 = 100.0%)
1  ... 

Histogram: Download.Service.StartUpStatus.Initialization recorded 1 samples, mean = 0.0 (flags = 0x41)
0  -O                                                                        (1 = 100.0%)
1  ... 

Histogram: Enterprise.TimeToFirstPolicyLoad.Profile.Unmanaged recorded 1 samples, mean = 0.0 (flags = 0x41)
0  -O                                                                        (1 = 100.0%)
1  ... 

Histogram: EnterpriseCheck.AzureADJoinStatusCheckTime recorded 1 samples, mean = 10.0 (flags = 0x41)
0   ... 
10  -O                                                                        (1 = 100.0%) {0.0%}
12  ... 

Histogram: Event.GestureCreated recorded 1 samples, mean = 12.0 (flags = 0x41)
0   ... 
12  -O                                                                        (1 = 100.0%) {0.0%}
13  ... 

Histogram: Extension.Toolbar.BrowserActionsCount2 recorded 1 samples, mean = 0.0 (flags = 0x41)
0  -O                                                                        (1 = 100.0%)
1  ... 

Histogram: ExtensionToolbarModel.BrowserActionsCount recorded 1 samples, mean = 0.0 (flags = 0x41)
0  -O                                                                        (1 = 100.0%)
1  ... 

Histogram: Extensions.AppLocation2 recorded 1 samples, mean = 5.0 (flags = 0x41)
0  ... 
5  -O                                                                        (1 = 100.0%) {0.0%}
6  ... 

Histogram: Extensions.CorruptExtensionTotalDisables recorded 1 samples, mean = 0.0 (flags = 0x41)
0  -O                                                                        (1 = 100.0%)
1  ... 

Histogram: Extensions.CorruptExtensionTotalDisables2 recorded 1 samples, mean = 0.0 (flags = 0x41)
0  -O                                                                        (1 = 100.0%)
1  ... 

Histogram: Extensions.Database.Open.State recorded 1 samples, mean = 0.0 (flags = 0x41)
0  -O                                                                        (1 = 100.0%)
1  ... 

Histogram: Extensions.DeveloperModeEnabled recorded 2 samples, mean = 0.0 (flags = 0x41)
0  --O                                                                       (2 = 100.0%)
1  ... 

Histogram: Extensions.DidCreateScriptContext_Unspecified recorded 1 samples, mean = 1.0 (flags = 0x41)
0  O                                                                         (0 = 0.0%)
1  -O                                                                        (1 = 100.0%) {0.0%}
2  ... 

Histogram: Extensions.DidCreateScriptContext_WebPage recorded 3 samples, mean = 0.0 (flags = 0x41)
0  ---O                                                                      (3 = 100.0%)
1  ... 

Histogram: Extensions.Disabled recorded 1 samples, mean = 0.0 (flags = 0x41)
0  -O                                                                        (1 = 100.0%)
1  ... 

Histogram: Extensions.Disabled2 recorded 1 samples, mean = 0.0 (flags = 0x41)
0  -O                                                                        (1 = 100.0%)
1  ... 

Histogram: Extensions.DisabledForPermissions recorded 1 samples, mean = 0.0 (flags = 0x41)
0  -O                                                                        (1 = 100.0%)
1  ... 

Histogram: Extensions.DisabledForPermissions2 recorded 1 samples, mean = 0.0 (flags = 0x41)
0  -O                                                                        (1 = 100.0%)
1  ... 

Histogram: Extensions.EventlessEventPages2 recorded 1 samples, mean = 0.0 (flags = 0x41)
0  -O                                                                        (1 = 100.0%)
1  ... 

Histogram: Extensions.ExtensionLocation recorded 1 samples, mean = 5.0 (flags = 0x41)
0  ... 
5  -O                                                                        (1 = 100.0%) {0.0%}
6  ... 

Histogram: Extensions.ExtensionLocation2 recorded 1 samples, mean = 5.0 (flags = 0x41)
0  ... 
5  -O                                                                        (1 = 100.0%) {0.0%}
6  ... 

Histogram: Extensions.ExtensionsWithPageActions recorded 1 samples, mean = 0.0 (flags = 0x41)
0  -O                                                                        (1 = 100.0%)
1  ... 

Histogram: Extensions.HomepageOverrides recorded 1 samples, mean = 0.0 (flags = 0x41)
0  -O                                                                        (1 = 100.0%)
1  ... 

Histogram: Extensions.HomepageOverrides2 recorded 1 samples, mean = 0.0 (flags = 0x41)
0  -O                                                                        (1 = 100.0%)
1  ... 

Histogram: Extensions.InjectEnd_ScriptCount recorded 3 samples, mean = 0.0 (flags = 0x41)
0  ---O                                                                      (3 = 100.0%)
1  ... 

Histogram: Extensions.InjectIdle_ScriptCount recorded 3 samples, mean = 0.0 (flags = 0x41)
0  ---O                                                                      (3 = 100.0%)
1  ... 

Histogram: Extensions.InjectStart_CssCount recorded 5 samples, mean = 0.0 (flags = 0x41)
0  -----O                                                                    (5 = 100.0%)
1  ... 

Histogram: Extensions.InjectStart_ScriptCount recorded 5 samples, mean = 0.0 (flags = 0x41)
0  -----O                                                                    (5 = 100.0%)
1  ... 

Histogram: Extensions.LoadAll recorded 1 samples, mean = 2.0 (flags = 0x41)
0  ... 
2  -O                                                                        (1 = 100.0%) {0.0%}
3  ... 

Histogram: Extensions.LoadAll2 recorded 1 samples, mean = 2.0 (flags = 0x41)
0  ... 
2  -O                                                                        (1 = 100.0%) {0.0%}
3  ... 

Histogram: Extensions.LoadAllComponentTime recorded 1 samples, mean = 4.0 (flags = 0x41)
0  ... 
4  -O                                                                        (1 = 100.0%) {0.0%}
5  ... 

Histogram: Extensions.LoadAllComponentTime.User recorded 1 samples, mean = 4.0 (flags = 0x41)
0  ... 
4  -O                                                                        (1 = 100.0%) {0.0%}
5  ... 

Histogram: Extensions.LoadAllTime2 recorded 1 samples, mean = 0.0 (flags = 0x41)
0  -O                                                                        (1 = 100.0%)
1  ... 

Histogram: Extensions.LoadAllTime2.User recorded 1 samples, mean = 0.0 (flags = 0x41)
0  -O                                                                        (1 = 100.0%)
1  ... 

Histogram: Extensions.LoadApp recorded 1 samples, mean = 0.0 (flags = 0x41)
0  -O                                                                        (1 = 100.0%)
1  ... 

Histogram: Extensions.LoadApp2 recorded 1 samples, mean = 0.0 (flags = 0x41)
0  -O                                                                        (1 = 100.0%)
1  ... 

Histogram: Extensions.LoadAppExternal recorded 1 samples, mean = 0.0 (flags = 0x41)
0  -O                                                                        (1 = 100.0%)
1  ... 

Histogram: Extensions.LoadAppExternal2 recorded 1 samples, mean = 0.0 (flags = 0x41)
0  -O                                                                        (1 = 100.0%)
1  ... 

Histogram: Extensions.LoadAppUser recorded 1 samples, mean = 0.0 (flags = 0x41)
0  -O                                                                        (1 = 100.0%)
1  ... 

Histogram: Extensions.LoadAppUser2 recorded 1 samples, mean = 0.0 (flags = 0x41)
0  -O                                                                        (1 = 100.0%)
1  ... 

Histogram: Extensions.LoadBrowserAction recorded 1 samples, mean = 0.0 (flags = 0x41)
0  -O                                                                        (1 = 100.0%)
1  ... 

Histogram: Extensions.LoadBrowserAction2 recorded 1 samples, mean = 0.0 (flags = 0x41)
0  -O                                                                        (1 = 100.0%)
1  ... 

Histogram: Extensions.LoadExtension recorded 1 samples, mean = 0.0 (flags = 0x41)
0  -O                                                                        (1 = 100.0%)
1  ... 

Histogram: Extensions.LoadExtension2 recorded 1 samples, mean = 0.0 (flags = 0x41)
0  -O                                                                        (1 = 100.0%)
1  ... 

Histogram: Extensions.LoadExtensionExternal recorded 1 samples, mean = 0.0 (flags = 0x41)
0  -O                                                                        (1 = 100.0%)
1  ... 

Histogram: Extensions.LoadExtensionExternal2 recorded 1 samples, mean = 0.0 (flags = 0x41)
0  -O                                                                        (1 = 100.0%)
1  ... 

Histogram: Extensions.LoadExtensionUser2 recorded 1 samples, mean = 0.0 (flags = 0x41)
0  -O                                                                        (1 = 100.0%)
1  ... 

Histogram: Extensions.LoadHostedApp recorded 1 samples, mean = 0.0 (flags = 0x41)
0  -O                                                                        (1 = 100.0%)
1  ... 

Histogram: Extensions.LoadHostedApp2 recorded 1 samples, mean = 0.0 (flags = 0x41)
0  -O                                                                        (1 = 100.0%)
1  ... 

Histogram: Extensions.LoadNoExtensionAction recorded 1 samples, mean = 0.0 (flags = 0x41)
0  -O                                                                        (1 = 100.0%)
1  ... 

Histogram: Extensions.LoadNoExtensionAction2 recorded 1 samples, mean = 0.0 (flags = 0x41)
0  -O                                                                        (1 = 100.0%)
1  ... 

Histogram: Extensions.LoadOffStoreItems recorded 1 samples, mean = 0.0 (flags = 0x41)
0  -O                                                                        (1 = 100.0%)
1  ... 

Histogram: Extensions.LoadOffStoreItems2 recorded 1 samples, mean = 0.0 (flags = 0x41)
0  -O                                                                        (1 = 100.0%)
1  ... 

Histogram: Extensions.LoadPackagedApp recorded 1 samples, mean = 0.0 (flags = 0x41)
0  -O                                                                        (1 = 100.0%)
1  ... 

Histogram: Extensions.LoadPackagedApp2 recorded 1 samples, mean = 0.0 (flags = 0x41)
0  -O                                                                        (1 = 100.0%)
1  ... 

Histogram: Extensions.LoadPlatformApp recorded 1 samples, mean = 0.0 (flags = 0x41)
0  -O                                                                        (1 = 100.0%)
1  ... 

Histogram: Extensions.LoadPlatformApp2 recorded 1 samples, mean = 0.0 (flags = 0x41)
0  -O                                                                        (1 = 100.0%)
1  ... 

Histogram: Extensions.LoadTheme recorded 1 samples, mean = 0.0 (flags = 0x41)
0  -O                                                                        (1 = 100.0%)
1  ... 

Histogram: Extensions.LoadTheme2 recorded 1 samples, mean = 0.0 (flags = 0x41)
0  -O                                                                        (1 = 100.0%)
1  ... 

Histogram: Extensions.LoadUserScript recorded 1 samples, mean = 0.0 (flags = 0x41)
0  -O                                                                        (1 = 100.0%)
1  ... 

Histogram: Extensions.LoadUserScript2 recorded 1 samples, mean = 0.0 (flags = 0x41)
0  -O                                                                        (1 = 100.0%)
1  ... 

Histogram: Extensions.Management_Refresh recorded 1 samples, mean = 0.0 (flags = 0x41)
0  -O                                                                        (1 = 100.0%)
1  ... 

Histogram: Extensions.ManifestVersion2Count.Component recorded 1 samples, mean = 1.0 (flags = 0x41)
0  O                                                                         (0 = 0.0%)
1  -O                                                                        (1 = 100.0%) {0.0%}
2  ... 

Histogram: Extensions.ManifestVersion2Count.External recorded 1 samples, mean = 0.0 (flags = 0x41)
0  -O                                                                        (1 = 100.0%)
1  ... 

Histogram: Extensions.ManifestVersion2Count.Internal recorded 1 samples, mean = 0.0 (flags = 0x41)
0  -O                                                                        (1 = 100.0%)
1  ... 

Histogram: Extensions.ManifestVersion2Count.Policy recorded 1 samples, mean = 0.0 (flags = 0x41)
0  -O                                                                        (1 = 100.0%)
1  ... 

Histogram: Extensions.ManifestVersion2Count.Unpacked recorded 1 samples, mean = 0.0 (flags = 0x41)
0  -O                                                                        (1 = 100.0%)
1  ... 

Histogram: Extensions.ManifestVersion3Count.Component recorded 1 samples, mean = 0.0 (flags = 0x41)
0  -O                                                                        (1 = 100.0%)
1  ... 

Histogram: Extensions.ManifestVersion3Count.External recorded 1 samples, mean = 0.0 (flags = 0x41)
0  -O                                                                        (1 = 100.0%)
1  ... 

Histogram: Extensions.ManifestVersion3Count.Internal recorded 1 samples, mean = 0.0 (flags = 0x41)
0  -O                                                                        (1 = 100.0%)
1  ... 

Histogram: Extensions.ManifestVersion3Count.Policy recorded 1 samples, mean = 0.0 (flags = 0x41)
0  -O                                                                        (1 = 100.0%)
1  ... 

Histogram: Extensions.ManifestVersion3Count.Unpacked recorded 1 samples, mean = 0.0 (flags = 0x41)
0  -O                                                                        (1 = 100.0%)
1  ... 

Histogram: Extensions.ManifestVersionByLocation.Component recorded 1 samples, mean = 2.0 (flags = 0x41)
0  ... 
2  -O                                                                        (1 = 100.0%) {0.0%}
3  ... 

Histogram: Extensions.ManifestVersionPopulationSplit.Component recorded 1 samples, mean = 1.0 (flags = 0x41)
0  O                                                                         (0 = 0.0%)
1  -O                                                                        (1 = 100.0%) {0.0%}
2  ... 

Histogram: Extensions.ManifestVersionPopulationSplit.External recorded 1 samples, mean = 0.0 (flags = 0x41)
0  -O                                                                        (1 = 100.0%)
1  ... 

Histogram: Extensions.ManifestVersionPopulationSplit.Internal recorded 1 samples, mean = 0.0 (flags = 0x41)
0  -O                                                                        (1 = 100.0%)
1  ... 

Histogram: Extensions.ManifestVersionPopulationSplit.InternalAndExternal recorded 1 samples, mean = 0.0 (flags = 0x41)
0  -O                                                                        (1 = 100.0%)
1  ... 

Histogram: Extensions.ManifestVersionPopulationSplit.Unpacked recorded 1 samples, mean = 0.0 (flags = 0x41)
0  -O                                                                        (1 = 100.0%)
1  ... 

Histogram: Extensions.NewTabPageOverrides recorded 1 samples, mean = 0.0 (flags = 0x41)
0  -O                                                                        (1 = 100.0%)
1  ... 

Histogram: Extensions.NewTabPageOverrides2 recorded 1 samples, mean = 0.0 (flags = 0x41)
0  -O                                                                        (1 = 100.0%)
1  ... 

Histogram: Extensions.NonWebStoreNewTabPageOverrides recorded 1 samples, mean = 0.0 (flags = 0x41)
0  -O                                                                        (1 = 100.0%)
1  ... 

Histogram: Extensions.NonWebStoreNewTabPageOverrides2 recorded 1 samples, mean = 0.0 (flags = 0x41)
0  -O                                                                        (1 = 100.0%)
1  ... 

Histogram: Extensions.NonWebstoreLocation recorded 2 samples, mean = 5.0 (flags = 0x41)
0  ... 
5  --O                                                                       (2 = 100.0%) {0.0%}
6  ... 

Histogram: Extensions.NonWebstoreLocation2 recorded 2 samples, mean = 5.0 (flags = 0x41)
0  ... 
5  --O                                                                       (2 = 100.0%) {0.0%}
6  ... 

Histogram: Extensions.NonWebstoreLocationWithDeveloperModeOff.Enabled3 recorded 2 samples, mean = 5.0 (flags = 0x41)
0  ... 
5  --O                                                                       (2 = 100.0%) {0.0%}
6  ... 

Histogram: Extensions.NotAllowlistedDisabled recorded 1 samples, mean = 0.0 (flags = 0x41)
0  -O                                                                        (1 = 100.0%)
1  ... 

Histogram: Extensions.NotAllowlistedDisabled2 recorded 1 samples, mean = 0.0 (flags = 0x41)
0  -O                                                                        (1 = 100.0%)
1  ... 

Histogram: Extensions.NotAllowlistedEnabled recorded 1 samples, mean = 0.0 (flags = 0x41)
0  -O                                                                        (1 = 100.0%)
1  ... 

Histogram: Extensions.NotAllowlistedEnabled2 recorded 1 samples, mean = 0.0 (flags = 0x41)
0  -O                                                                        (1 = 100.0%)
1  ... 

Histogram: Extensions.ProcessManagerStartupHostsTime2 recorded 1 samples, mean = 0.0 (flags = 0x41)
0  -O                                                                        (1 = 100.0%)
1  ... 

Histogram: Extensions.SearchEngineOverrides recorded 1 samples, mean = 0.0 (flags = 0x41)
0  -O                                                                        (1 = 100.0%)
1  ... 

Histogram: Extensions.SearchEngineOverrides2 recorded 1 samples, mean = 0.0 (flags = 0x41)
0  -O                                                                        (1 = 100.0%)
1  ... 

Histogram: Extensions.StartupPagesOverrides recorded 1 samples, mean = 0.0 (flags = 0x41)
0  -O                                                                        (1 = 100.0%)
1  ... 

Histogram: Extensions.StartupPagesOverrides2 recorded 1 samples, mean = 0.0 (flags = 0x41)
0  -O                                                                        (1 = 100.0%)
1  ... 

Histogram: Extensions.WebRequestBlockingCount recorded 1 samples, mean = 0.0 (flags = 0x41)
0  -O                                                                        (1 = 100.0%)
1  ... 

Histogram: Extensions.WebRequestBlockingCount2 recorded 1 samples, mean = 0.0 (flags = 0x41)
0  -O                                                                        (1 = 100.0%)
1  ... 

Histogram: Extensions.WebRequestCount recorded 1 samples, mean = 0.0 (flags = 0x41)
0  -O                                                                        (1 = 100.0%)
1  ... 

Histogram: Extensions.WebRequestCount2 recorded 1 samples, mean = 0.0 (flags = 0x41)
0  -O                                                                        (1 = 100.0%)
1  ... 

Histogram: FetchKeepAlive.Renderer.Total.ReceivedResponse recorded 1 samples, mean = 1.0 (flags = 0x41)
0  O                                                                         (0 = 0.0%)
1  -O                                                                        (1 = 100.0%) {0.0%}
2  O                                                                         (0 = 0.0%) {100.0%}

Histogram: FetchKeepAlive.Renderer.Total.Started recorded 1 samples, mean = 1.0 (flags = 0x41)
0  O                                                                         (0 = 0.0%)
1  -O                                                                        (1 = 100.0%) {0.0%}
2  O                                                                         (0 = 0.0%) {100.0%}

Histogram: FetchKeepAlive.Requests2.Network recorded 2 samples, mean = 0.5 (flags = 0x41)
0  -O                                                                        (1 = 50.0%)
1  -O                                                                        (1 = 50.0%) {50.0%}
2  O                                                                         (0 = 0.0%) {100.0%}

Histogram: FetchKeepAlive.Requests2.SentToService.Renderer recorded 1 samples, mean = 2.0 (flags = 0x41)
0  ... 
2  -O                                                                        (1 = 100.0%) {0.0%}
3  ... 

Histogram: FetchKeepAlive.Requests2.Started.IsContextDetached.Renderer recorded 1 samples, mean = 0.0 (flags = 0x41)
0  -O                                                                        (1 = 100.0%)
1  ... 

Histogram: FetchKeepAlive.Requests2.Started.Renderer recorded 1 samples, mean = 1.0 (flags = 0x41)
0  O                                                                         (0 = 0.0%)
1  -O                                                                        (1 = 100.0%) {0.0%}
2  ... 

Histogram: FetchKeepAlive.Requests2.Succeeded.IsContextDetached.Renderer recorded 1 samples, mean = 0.0 (flags = 0x41)
0  -O                                                                        (1 = 100.0%)
1  ... 

Histogram: FetchKeepAlive.Requests2.Succeeded.Renderer recorded 1 samples, mean = 1.0 (flags = 0x41)
0  O                                                                         (0 = 0.0%)
1  -O                                                                        (1 = 100.0%) {0.0%}
2  ... 

Histogram: FetchKeepAlive.Requests2.Total.Renderer recorded 1 samples, mean = 1.0 (flags = 0x41)
0  O                                                                         (0 = 0.0%)
1  -O                                                                        (1 = 100.0%) {0.0%}
2  ... 

Histogram: FirstPartySets.Database.InitStatus recorded 1 samples, mean = 1.0 (flags = 0x41)
0  O                                                                         (0 = 0.0%)
1  -O                                                                        (1 = 100.0%) {0.0%}
2  ... 

Histogram: FirstPartySets.Database.TransactionFailed recorded 7 samples, mean = 0.0 (flags = 0x41)
0  -------O                                                                  (7 = 100.0%)
1  ... 

Histogram: FirstPartySets.Initialization.ClearSiteDataOutcome recorded 1 samples, mean = 1.0 (flags = 0x41)
0  O                                                                         (0 = 0.0%)
1  -O                                                                        (1 = 100.0%) {0.0%}
2  O                                                                         (0 = 0.0%) {100.0%}

Histogram: FirstPartySets.Initialization.SitesToClear.Count recorded 1 samples, mean = 0.0 (flags = 0x41)
0  -O                                                                        (1 = 100.0%)
1  ... 

Histogram: GPU.ANGLE.D3DShaderBlobSizeKB recorded 4 samples, mean = 0.5 (flags = 0x41)
0  ----O                                                                     (4 = 100.0%)
1000... 

Histogram: GPU.ANGLE.D3DShaderCompilationTimeUs recorded 4 samples, mean = 10374.0 (flags = 0x41)
0      ... 
1774   -O                                                                        (1 = 25.0%) {0.0%}
2336   -O                                                                        (1 = 25.0%) {25.0%}
3077   ... 
16063  --O                                                                       (2 = 50.0%) {50.0%}
21156  ... 

Histogram: GPU.BlocklistFeatureTestResults.Accelerated2dCanvas recorded 1 samples, mean = 0.0 (flags = 0x41)
0  -O                                                                        (1 = 100.0%)
1  ... 

Histogram: GPU.BlocklistFeatureTestResults.GpuCompositing recorded 1 samples, mean = 0.0 (flags = 0x41)
0  -O                                                                        (1 = 100.0%)
1  ... 

Histogram: GPU.BlocklistFeatureTestResults.GpuRasterization recorded 1 samples, mean = 0.0 (flags = 0x41)
0  -O                                                                        (1 = 100.0%)
1  ... 

Histogram: GPU.BlocklistFeatureTestResults.Webgl recorded 1 samples, mean = 0.0 (flags = 0x41)
0  -O                                                                        (1 = 100.0%)
1  ... 

Histogram: GPU.BlocklistFeatureTestResults.Webgl2 recorded 1 samples, mean = 0.0 (flags = 0x41)
0  -O                                                                        (1 = 100.0%)
1  ... 

Histogram: GPU.BlocklistFeatureTestResults.Webgpu recorded 1 samples, mean = 2.0 (flags = 0x41)
0  ... 
2  -O                                                                        (1 = 100.0%) {0.0%}
3  ... 

Histogram: GPU.BlocklistTestResultsPerEntry recorded 1 samples, mean = 0.0 (flags = 0x41)
0  -O                                                                        (1 = 100.0%)
1  ... 

Histogram: GPU.CanvasOopRaster.OopRasterAndGpuAcceleration recorded 1 samples, mean = 0.0 (flags = 0x41)
0  -O                                                                        (1 = 100.0%)
1  ... 

Histogram: GPU.CompositingMode recorded 122 samples, mean = 1.0 (flags = 0x41)
0  O                                                                         (0 = 0.0%)
1  ------------------------------------------------------------------------O (122 = 100.0%) {0.0%}
2  ... 

Histogram: GPU.D3D12FeatureLevel recorded 1 samples, mean = 5.0 (flags = 0x41)
0  ... 
5  -O                                                                        (1 = 100.0%) {0.0%}
6  O                                                                         (0 = 0.0%) {100.0%}

Histogram: GPU.D3D12HighestShaderModel2 recorded 1 samples, mean = 9.0 (flags = 0x41)
0  ... 
9  -O                                                                        (1 = 100.0%) {0.0%}
10 O                                                                         (0 = 0.0%) {100.0%}

Histogram: GPU.DriverBugTestResultsPerEntry recorded 10 samples (flags = 0x41)
0    -O                                                                        (1 = 10.0%)
17   -O                                                                        (1 = 10.0%)
165  -O                                                                        (1 = 10.0%)
206  -O                                                                        (1 = 10.0%)
256  -O                                                                        (1 = 10.0%)
315  -O                                                                        (1 = 10.0%)
403  -O                                                                        (1 = 10.0%)
419  -O                                                                        (1 = 10.0%)
426  -O                                                                        (1 = 10.0%)
430  -O                                                                        (1 = 10.0%)

Histogram: GPU.EstablishGpuChannelSyncTime recorded 2 samples, mean = 487.5 (flags = 0x41)
0    ... 
318  -O                                                                        (1 = 50.0%) {0.0%}
378  ... 
633  -O                                                                        (1 = 50.0%) {50.0%}
752  ... 

Histogram: GPU.EstablishGpuChannelSyncTime.FirstRun recorded 2 samples, mean = 487.0 (flags = 0x41)
0    ... 
318  -O                                                                        (1 = 50.0%) {0.0%}
378  ... 
633  -O                                                                        (1 = 50.0%) {50.0%}
752  ... 

Histogram: GPU.GPUProcessLaunchTime recorded 2 samples, mean = 3003.0 (flags = 0x41)
0     ... 
318   -O                                                                        (1 = 50.0%) {0.0%}
378   ... 
5017  -O                                                                        (1 = 50.0%) {50.0%}
5961  ... 

Histogram: GPU.GPUProcessTerminationStatus2 recorded 1 samples, mean = 4.0 (flags = 0x41)
0  ... 
4  -O                                                                        (1 = 100.0%) {0.0%}
5  ... 

Histogram: GPU.HardwareAccelerationModeEnabled recorded 1 samples, mean = 1.0 (flags = 0x41)
0  O                                                                         (0 = 0.0%)
1  -O                                                                        (1 = 100.0%) {0.0%}
2  O                                                                         (0 = 0.0%) {100.0%}

Histogram: GPU.MultiGpu.Nvidia recorded 1 samples (flags = 0x41)
11609  -O                                                                        (1 = 100.0%)

Histogram: GPU.ProcessLifetimeEvents.HardwareAccelerated recorded 1 samples, mean = 0.0 (flags = 0x41)
0  -O                                                                        (1 = 100.0%)
1  ... 

Histogram: GPU.RasterDecoder.TimeToFlush recorded 2 samples, mean = 457.5 (flags = 0x41)
0    ... 
320  -O                                                                        (1 = 50.0%) {0.0%}
364  ... 
536  -O                                                                        (1 = 50.0%) {50.0%}
610  ... 

Histogram: GPU.SharedImage.BackingType recorded 5 samples, mean = 8.0 (flags = 0x41)
0   ... 
2   --O                                                                       (2 = 40.0%) {0.0%}
3   ... 
12  ---O                                                                      (3 = 60.0%) {40.0%}
13  ... 

Histogram: GPU.SharedImage.ContentConsumed recorded 11 samples, mean = 0.5 (flags = 0x41)
0  ------O                                                                   (6 = 54.5%)
1  -----O                                                                    (5 = 45.5%) {54.5%}
2  O                                                                         (0 = 0.0%) {100.0%}

Histogram: GPU.SkiaBackendType recorded 1 samples, mean = 2.0 (flags = 0x41)
0  ... 
2  -O                                                                        (1 = 100.0%) {0.0%}
3  ... 

Histogram: GPU.SupportsDX12 recorded 1 samples, mean = 1.0 (flags = 0x41)
0  O                                                                         (0 = 0.0%)
1  -O                                                                        (1 = 100.0%) {0.0%}
2  O                                                                         (0 = 0.0%) {100.0%}

Histogram: GPU.WatchdogThread.Event recorded 1 samples, mean = 0.0 (flags = 0x41)
0  -O                                                                        (1 = 100.0%)
1  ... 

Histogram: GPU.WatchdogThread.Event.main recorded 1 samples, mean = 0.0 (flags = 0x41)
0  -O                                                                        (1 = 100.0%)
1  ... 

Histogram: GPU.WatchdogThread.Timeout recorded 1836 samples, mean = 0.0 (flags = 0x41)
0  ------------------------------------------------------------------------O (1836 = 100.0%)
1  ... 

Histogram: GPU.WatchdogThread.Timeout.Normal recorded 1836 samples, mean = 0.0 (flags = 0x41)
0  ------------------------------------------------------------------------O (1836 = 100.0%)
1  ... 

Histogram: GPU.WatchdogThread.Timeout.Normal.main recorded 1836 samples, mean = 0.0 (flags = 0x41)
0  ------------------------------------------------------------------------O (1836 = 100.0%)
1  ... 

Histogram: GPU.WatchdogThread.Timeout.main recorded 1836 samples, mean = 0.0 (flags = 0x41)
0  ------------------------------------------------------------------------O (1836 = 100.0%)
1  ... 

Histogram: Gaia.AuthFetcher.ListAccounts.NetErrorCodes recorded 1 samples (flags = 0x41)
0  -O                                                                        (1 = 100.0%)

Histogram: Gpu.FenceHandle.CloneCountsPerSubmit recorded 5 samples, mean = 0.0 (flags = 0x41)
0  -----O                                                                    (5 = 100.0%)
1  ... 

Histogram: Gpu.GrCompileShaderUs recorded 4 samples, mean = 4381.2 (flags = 0x41)
0      ... 
149    -O                                                                        (1 = 25.0%) {0.0%}
196    ... 
1774   --O                                                                       (2 = 50.0%) {25.0%}
2336   ... 
12196  -O                                                                        (1 = 25.0%) {75.0%}
16063  ... 

Histogram: Gpu.GrLinkProgramUs recorded 2 samples, mean = 12655.0 (flags = 0x41)
0      ... 
3077   -O                                                                        (1 = 50.0%) {0.0%}
4053   ... 
21156  -O                                                                        (1 = 50.0%) {50.0%}
27864  ... 

Histogram: Gpu.PassthroughProgramCacheLoadHitInCache recorded 2 samples, mean = 0.0 (flags = 0x41)
0  --O                                                                       (2 = 100.0%)
1  ... 

Histogram: Gpu.Rasterization.Raster.MSAASampleCountLog2 recorded 2 samples, mean = 0.0 (flags = 0x41)
0  --O                                                                       (2 = 100.0%)
1  ... 

Histogram: HangWatcher.IsThreadHung.BrowserProcess.IOThread.Normal recorded 3676 samples, mean = 0.0 (flags = 0x41)
0  ------------------------------------------------------------------------O (3676 = 100.0%)
1  ... 

Histogram: HangWatcher.IsThreadHung.BrowserProcess.UIThread.Normal recorded 3676 samples, mean = 0.0 (flags = 0x41)
0  ------------------------------------------------------------------------O (3676 = 100.0%)
1  ... 

Histogram: HangWatcher.IsThreadHung.RendererProcess.IOThread recorded 3672 samples, mean = 0.0 (flags = 0x41)
0  ------------------------------------------------------------------------O (3672 = 100.0%)
1  ... 

Histogram: HangWatcher.IsThreadHung.RendererProcess.IOThread.BestEffort recorded 3673 samples, mean = 0.0 (flags = 0x41)
0  ------------------------------------------------------------------------O (3673 = 100.0%)
1  ... 

Histogram: HangWatcher.IsThreadHung.RendererProcess.MainThread recorded 3672 samples, mean = 0.0 (flags = 0x41)
0  ------------------------------------------------------------------------O (3672 = 100.0%)
1  ... 

Histogram: HangWatcher.IsThreadHung.RendererProcess.MainThread.BestEffort recorded 3673 samples, mean = 0.0 (flags = 0x41)
0  ------------------------------------------------------------------------O (3673 = 100.0%)
1  ... 

Histogram: HangWatcher.IsThreadHung.UtilityProcess.IOThread recorded 7345 samples, mean = 0.0 (flags = 0x41)
0  ------------------------------------------------------------------------O (7345 = 100.0%)
1  ... 

Histogram: HangWatcher.IsThreadHung.UtilityProcess.MainThread recorded 7345 samples, mean = 0.0 (flags = 0x41)
0  ------------------------------------------------------------------------O (7345 = 100.0%)
1  ... 

Histogram: HangWatcher.SleepDrift.BrowserProcess recorded 18367 samples, mean = 6.0 (flags = 0x41)
0    ------------------------------------------------------------------------O (4269 = 23.2%)
1    --------------------O                                                     (1192 = 6.5%) {23.2%}
2    ---------------O                                                          (887 = 4.8%) {29.7%}
3    ---------------O                                                          (871 = 4.7%) {34.6%}
4    ----------------O                                                         (940 = 5.1%) {39.3%}
5    ----------------O                                                         (931 = 5.1%) {44.4%}
6    ----------------O                                                         (967 = 5.3%) {49.5%}
7    ---------------O                                                          (904 = 4.9%) {54.8%}
8    --------------------------------O                                         (1873 = 10.2%) {59.7%}
10   ---------------------------------O                                        (1933 = 10.5%) {69.9%}
12   ---------------------------------O                                        (1967 = 10.7%) {80.4%}
14   ---------------------------O                                              (1607 = 8.7%) {91.1%}
17   O                                                                         (6 = 0.0%) {99.9%}
20   O                                                                         (10 = 0.1%) {99.9%}
24   O                                                                         (6 = 0.0%) {99.9%}
29   O                                                                         (1 = 0.0%) {100.0%}
34   O                                                                         (1 = 0.0%) {100.0%}
40   ... 
57   O                                                                         (1 = 0.0%) {100.0%}
68   ... 
114  O                                                                         (1 = 0.0%) {100.0%}
135  ... 

Histogram: Hardware.Display.Count.OnStartup recorded 1 samples, mean = 1.0 (flags = 0x41)
0  O                                                                         (0 = 0.0%)
1  -O                                                                        (1 = 100.0%) {0.0%}
2  ... 

Histogram: Hardware.Display.SupportsHDR recorded 1 samples, mean = 0.0 (flags = 0x41)
0  -O                                                                        (1 = 100.0%)
1  ... 

Histogram: HeapProfiling.InProcess.Enabled recorded 1 samples, mean = 0.0 (flags = 0x41)
0  -O                                                                        (1 = 100.0%)
1  ... 

Histogram: HeapProfiling.InProcess.Enabled.Browser recorded 1 samples, mean = 0.0 (flags = 0x41)
0  -O                                                                        (1 = 100.0%)
1  ... 

Histogram: Histogram.TooManyBuckets.1000 recorded 4 samples (flags = 0x41)
-2140283801 --O                                                                       (2 = 50.0%)
1721222685  --O                                                                       (2 = 50.0%)

Histogram: History.Backend.TransactionCommitSuccess recorded 2 samples, mean = 1.0 (flags = 0x41)
0  O                                                                         (0 = 0.0%)
1  --O                                                                       (2 = 100.0%) {0.0%}
2  O                                                                         (0 = 0.0%) {100.0%}

Histogram: History.ClearBrowsingData.TaskQueueAtShutdown recorded 1 samples, mean = 0.0 (flags = 0x41)
0  -O                                                                        (1 = 100.0%)
1  ... 

Histogram: History.DomainCount1Day_V2 recorded 1 samples, mean = 1.0 (flags = 0x41)
0  O                                                                         (0 = 0.0%)
1  -O                                                                        (1 = 100.0%) {0.0%}
2  ... 

Histogram: History.DomainCount1Day_V3 recorded 1 samples, mean = 1.0 (flags = 0x41)
0  O                                                                         (0 = 0.0%)
1  -O                                                                        (1 = 100.0%) {0.0%}
2  ... 

Histogram: History.DomainCount28Day_V2 recorded 1 samples, mean = 1.0 (flags = 0x41)
0  O                                                                         (0 = 0.0%)
1  -O                                                                        (1 = 100.0%) {0.0%}
2  ... 

Histogram: History.DomainCount28Day_V3 recorded 1 samples, mean = 1.0 (flags = 0x41)
0  O                                                                         (0 = 0.0%)
1  -O                                                                        (1 = 100.0%) {0.0%}
2  ... 

Histogram: History.DomainCount7Day_V2 recorded 1 samples, mean = 1.0 (flags = 0x41)
0  O                                                                         (0 = 0.0%)
1  -O                                                                        (1 = 100.0%) {0.0%}
2  ... 

Histogram: History.DomainCount7Day_V3 recorded 1 samples, mean = 1.0 (flags = 0x41)
0  O                                                                         (0 = 0.0%)
1  -O                                                                        (1 = 100.0%) {0.0%}
2  ... 

Histogram: History.InMemoryDBItemCount recorded 1 samples, mean = 3.0 (flags = 0x41)
0  ... 
3  -O                                                                        (1 = 100.0%) {0.0%}
4  ... 

Histogram: History.TopSites.QueryFromHistoryTime recorded 1 samples, mean = 332.0 (flags = 0x41)
0    ... 
318  -O                                                                        (1 = 100.0%) {0.0%}
378  ... 

Histogram: History.VisitedLinks.HashTableLengthOnReaderInit recorded 3 samples, mean = 16381.0 (flags = 0x41)
0      ... 
14319  ---O                                                                      (3 = 100.0%) {0.0%}
19866  ... 

Histogram: History.VisitedLinks.HashTableSizeOnTableCreate recorded 2 samples, mean = 0.0 (flags = 0x41)
0  --O                                                                       (2 = 100.0%)
1  ... 

Histogram: History.VisitedLinks.HashTableUsageOnLinkAdded recorded 4 samples, mean = 18.8 (flags = 0x41)
0   -O                                                                        (1 = 25.0%)
1   ... 
21  ---O                                                                      (3 = 75.0%) {25.0%}
29  ... 

Histogram: History.VisitedLinks.TryToAddFingerprint recorded 5 samples, mean = 0.8 (flags = 0x41)
0  -O                                                                        (1 = 20.0%)
1  ----O                                                                     (4 = 80.0%) {20.0%}
2  ... 

Histogram: History.VisitedLinks.VisitLoggedFromMainFrame recorded 3 samples, mean = 1.0 (flags = 0x41)
0  O                                                                         (0 = 0.0%)
1  ---O                                                                      (3 = 100.0%) {0.0%}
2  O                                                                         (0 = 0.0%) {100.0%}

Histogram: History.VisitedLinks.VisitLoggedFromTransition recorded 3 samples, mean = 1.7 (flags = 0x41)
0  O                                                                         (0 = 0.0%)
1  -O                                                                        (1 = 33.3%) {0.0%}
2  --O                                                                       (2 = 66.7%) {33.3%}
3  ... 

Histogram: HttpCache.AccessToDone2 recorded 50 samples, mean = 155.0 (flags = 0x41)
0     O                                                                         (0 = 0.0%)
1     ---O                                                                      (3 = 6.0%) {0.0%}
2     --O                                                                       (2 = 4.0%) {6.0%}
3     ... 
6     ----O                                                                     (4 = 8.0%) {10.0%}
7     -----O                                                                    (5 = 10.0%) {18.0%}
8     ---O                                                                      (3 = 6.0%) {28.0%}
9     --O                                                                       (2 = 4.0%) {34.0%}
10    ... 
12    ----O                                                                     (4 = 8.0%) {38.0%}
13    ---------O                                                                (9 = 18.0%) {46.0%}
14    O                                                                         (0 = 0.0%) {64.0%}
15    -O                                                                        (1 = 2.0%) {64.0%}
16    O                                                                         (0 = 0.0%) {66.0%}
18    -O                                                                        (1 = 2.0%) {66.0%}
20    --O                                                                       (2 = 4.0%) {68.0%}
22    -O                                                                        (1 = 2.0%) {72.0%}
24    ... 
123   -O                                                                        (1 = 2.0%) {74.0%}
135   -O                                                                        (1 = 2.0%) {76.0%}
148   ... 
304   -O                                                                        (1 = 2.0%) {78.0%}
333   O                                                                         (0 = 0.0%) {80.0%}
364   --O                                                                       (2 = 4.0%) {80.0%}
398   O                                                                         (0 = 0.0%) {84.0%}
436   --O                                                                       (2 = 4.0%) {84.0%}
477   ... 
571   -O                                                                        (1 = 2.0%) {88.0%}
625   -O                                                                        (1 = 2.0%) {90.0%}
684   O                                                                         (0 = 0.0%) {92.0%}
748   --O                                                                       (2 = 4.0%) {92.0%}
818   O                                                                         (0 = 0.0%) {96.0%}
895   -O                                                                        (1 = 2.0%) {96.0%}
979   ... 
1282  -O                                                                        (1 = 2.0%) {98.0%}
1403  ... 

Histogram: HttpCache.AccessToDone2.SentRequest recorded 13 samples, mean = 567.6 (flags = 0x41)
0     ... 
123   -O                                                                        (1 = 7.7%) {0.0%}
135   -O                                                                        (1 = 7.7%) {7.7%}
148   ... 
304   -O                                                                        (1 = 7.7%) {15.4%}
333   O                                                                         (0 = 0.0%) {23.1%}
364   --O                                                                       (2 = 15.4%) {23.1%}
398   O                                                                         (0 = 0.0%) {38.5%}
436   --O                                                                       (2 = 15.4%) {38.5%}
477   ... 
571   -O                                                                        (1 = 7.7%) {53.8%}
625   -O                                                                        (1 = 7.7%) {61.5%}
684   O                                                                         (0 = 0.0%) {69.2%}
748   --O                                                                       (2 = 15.4%) {69.2%}
818   O                                                                         (0 = 0.0%) {84.6%}
895   -O                                                                        (1 = 7.7%) {84.6%}
979   ... 
1282  -O                                                                        (1 = 7.7%) {92.3%}
1403  ... 

Histogram: HttpCache.AccessToDone2.Used recorded 37 samples, mean = 10.0 (flags = 0x41)
0   O                                                                         (0 = 0.0%)
1   ---O                                                                      (3 = 8.1%) {0.0%}
2   --O                                                                       (2 = 5.4%) {8.1%}
3   ... 
6   ----O                                                                     (4 = 10.8%) {13.5%}
7   -----O                                                                    (5 = 13.5%) {24.3%}
8   ---O                                                                      (3 = 8.1%) {37.8%}
9   --O                                                                       (2 = 5.4%) {45.9%}
10  ... 
12  ----O                                                                     (4 = 10.8%) {51.4%}
13  ---------O                                                                (9 = 24.3%) {62.2%}
14  O                                                                         (0 = 0.0%) {86.5%}
15  -O                                                                        (1 = 2.7%) {86.5%}
16  ... 
18  -O                                                                        (1 = 2.7%) {89.2%}
19  ... 
21  --O                                                                       (2 = 5.4%) {91.9%}
22  O                                                                         (0 = 0.0%) {97.3%}
23  -O                                                                        (1 = 2.7%) {97.3%}
25  ... 

Histogram: HttpCache.AddTransactionToEntry recorded 50 samples, mean = 0.0 (flags = 0x41)
0  --------------------------------------------------O                       (50 = 100.0%)
1  ... 

Histogram: HttpCache.BeforeSend recorded 13 samples, mean = 3.4 (flags = 0x41)
0   ---------O                                                                (9 = 69.2%)
1   ... 
4   -O                                                                        (1 = 7.7%) {69.2%}
5   ... 
7   -O                                                                        (1 = 7.7%) {76.9%}
8   ... 
14  -O                                                                        (1 = 7.7%) {84.6%}
17  -O                                                                        (1 = 7.7%) {92.3%}
20  ... 

Histogram: HttpCache.BeforeSend.CantConditionalize recorded 4 samples, mean = 4.2 (flags = 0x41)
0   ---O                                                                      (3 = 75.0%)
1   ... 
17  -O                                                                        (1 = 25.0%) {75.0%}
20  ... 

Histogram: HttpCache.BeforeSend.NotCached recorded 5 samples, mean = 4.0 (flags = 0x41)
0   ---O                                                                      (3 = 60.0%)
1   ... 
4   -O                                                                        (1 = 20.0%) {60.0%}
5   ... 
14  -O                                                                        (1 = 20.0%) {80.0%}
17  ... 

Histogram: HttpCache.BeforeSend.Updated recorded 1 samples, mean = 0.0 (flags = 0x41)
0  -O                                                                        (1 = 100.0%)
1  ... 

Histogram: HttpCache.BeforeSend.Validated recorded 3 samples, mean = 2.3 (flags = 0x41)
0  --O                                                                       (2 = 66.7%)
1  ... 
7  -O                                                                        (1 = 33.3%) {66.7%}
8  ... 

Histogram: HttpCache.CreateDiskEntry recorded 5 samples, mean = 4.0 (flags = 0x41)
0   ---O                                                                      (3 = 60.0%)
1   ... 
4   -O                                                                        (1 = 20.0%) {60.0%}
5   ... 
14  -O                                                                        (1 = 20.0%) {80.0%}
17  ... 

Histogram: HttpCache.HardReset recorded 1 samples, mean = 0.0 (flags = 0x40)
0  -O                                                                        (1 = 100.0%)
1  ... 

Histogram: HttpCache.IsNoStore recorded 50 samples, mean = 0.1 (flags = 0x41)
0  ---------------------------------------------O                            (45 = 90.0%)
1  -----O                                                                    (5 = 10.0%) {90.0%}
2  O                                                                         (0 = 0.0%) {100.0%}

Histogram: HttpCache.IsNoStore.MainFrameHTML recorded 1 samples, mean = 1.0 (flags = 0x41)
0  O                                                                         (0 = 0.0%)
1  -O                                                                        (1 = 100.0%) {0.0%}
2  O                                                                         (0 = 0.0%) {100.0%}

Histogram: HttpCache.MaxFileSizeOnInit recorded 1 samples, mean = 40960.0 (flags = 0x41)
0      ... 
37526  -O                                                                        (1 = 100.0%) {0.0%}
42713  ... 

Histogram: HttpCache.OpenDiskEntry recorded 45 samples, mean = 0.9 (flags = 0x41)
0   ---------------------------------------O                                  (39 = 86.7%)
1   ... 
5   ----O                                                                     (4 = 8.9%) {86.7%}
6   -O                                                                        (1 = 2.2%) {95.6%}
7   ... 
14  -O                                                                        (1 = 2.2%) {97.8%}
17  ... 

Histogram: HttpCache.Pattern recorded 50 samples, mean = 3.2 (flags = 0x41)
0  ... 
2  -----O                                                                    (5 = 10.0%) {0.0%}
3  -------------------------------------O                                    (37 = 74.0%) {10.0%}
4  ---O                                                                      (3 = 6.0%) {84.0%}
5  -O                                                                        (1 = 2.0%) {90.0%}
6  ----O                                                                     (4 = 8.0%) {92.0%}
7  O                                                                         (0 = 0.0%) {100.0%}

Histogram: HttpCache.Pattern.CSS recorded 8 samples, mean = 3.1 (flags = 0x41)
0  ... 
3  -------O                                                                  (7 = 87.5%) {0.0%}
4  -O                                                                        (1 = 12.5%) {87.5%}
5  ... 

Histogram: HttpCache.Pattern.CSSThirdParty recorded 8 samples, mean = 3.1 (flags = 0x41)
0  ... 
3  -------O                                                                  (7 = 87.5%) {0.0%}
4  -O                                                                        (1 = 12.5%) {87.5%}
5  ... 

Histogram: HttpCache.Pattern.Font recorded 5 samples, mean = 3.0 (flags = 0x41)
0  ... 
3  -----O                                                                    (5 = 100.0%) {0.0%}
4  ... 

Histogram: HttpCache.Pattern.FontThirdParty recorded 5 samples, mean = 3.0 (flags = 0x41)
0  ... 
3  -----O                                                                    (5 = 100.0%) {0.0%}
4  ... 

Histogram: HttpCache.Pattern.Image recorded 1 samples, mean = 2.0 (flags = 0x41)
0  ... 
2  -O                                                                        (1 = 100.0%) {0.0%}
3  ... 

Histogram: HttpCache.Pattern.JavaScript recorded 26 samples, mean = 3.2 (flags = 0x41)
0  ... 
3  ------------------------O                                                 (24 = 92.3%) {0.0%}
4  O                                                                         (0 = 0.0%) {92.3%}
5  -O                                                                        (1 = 3.8%) {92.3%}
6  -O                                                                        (1 = 3.8%) {96.2%}
7  O                                                                         (0 = 0.0%) {100.0%}

Histogram: HttpCache.Pattern.JavaScriptThirdParty recorded 25 samples, mean = 3.1 (flags = 0x41)
0  ... 
3  ------------------------O                                                 (24 = 96.0%) {0.0%}
4  O                                                                         (0 = 0.0%) {96.0%}
5  -O                                                                        (1 = 4.0%) {96.0%}
6  ... 

Histogram: HttpCache.Pattern.MainFrameHTML recorded 1 samples, mean = 2.0 (flags = 0x41)
0  ... 
2  -O                                                                        (1 = 100.0%) {0.0%}
3  ... 

Histogram: HttpCache.Pattern.NonTinyImage recorded 1 samples, mean = 2.0 (flags = 0x41)
0  ... 
2  -O                                                                        (1 = 100.0%) {0.0%}
3  ... 

Histogram: HttpCache.TotalDiskCacheTimePerTransaction.Read recorded 8 samples, mean = 0.8 (flags = 0x41)
0  -------O                                                                  (7 = 87.5%)
1  ... 
6  -O                                                                        (1 = 12.5%) {87.5%}
7  ... 

Histogram: HttpCache.TotalDiskCacheTimePerTransaction.Write recorded 8 samples, mean = 0.2 (flags = 0x41)
0  -------O                                                                  (7 = 87.5%)
1  O                                                                         (0 = 0.0%) {87.5%}
2  -O                                                                        (1 = 12.5%) {87.5%}
3  ... 

Histogram: ImageDecoder.Png.UiGfxIntoSkBitmap recorded 1 samples, mean = 3103.0 (flags = 0x41)
0     ... 
3077  -O                                                                        (1 = 100.0%) {0.0%}
4053  ... 

Histogram: ImportantFile.FileReplaceRetryCount recorded 17 samples, mean = 0.0 (flags = 0x41)
0  -----------------O                                                        (17 = 100.0%)
1  ... 

Histogram: ImportantFile.SerializationDuration recorded 2 samples, mean = 0.0 (flags = 0x41)
0  --O                                                                       (2 = 100.0%)
1  ... 

Histogram: ImportantFile.SerializationDuration.Local_State recorded 6 samples, mean = 0.0 (flags = 0x41)
0  ------O                                                                   (6 = 100.0%)
1  ... 

Histogram: ImportantFile.SerializationDuration.Preferences recorded 5 samples, mean = 0.0 (flags = 0x41)
0  -----O                                                                    (5 = 100.0%)
1  ... 

Histogram: ImportantFile.SerializationDuration.TransportSecurityPersister recorded 1 samples, mean = 0.0 (flags = 0x41)
0  -O                                                                        (1 = 100.0%)
1  ... 

Histogram: ImportantFile.WriteDuration recorded 2 samples, mean = 17.5 (flags = 0x41)
0   ... 
12  -O                                                                        (1 = 50.0%) {0.0%}
14  ... 
20  -O                                                                        (1 = 50.0%) {50.0%}
24  ... 

Histogram: ImportantFile.WriteDuration.Local_State recorded 6 samples, mean = 11.7 (flags = 0x41)
0   ... 
8   -O                                                                        (1 = 16.7%) {0.0%}
10  ---O                                                                      (3 = 50.0%) {16.7%}
12  -O                                                                        (1 = 16.7%) {66.7%}
14  O                                                                         (0 = 0.0%) {83.3%}
17  -O                                                                        (1 = 16.7%) {83.3%}
20  ... 

Histogram: ImportantFile.WriteDuration.Preferences recorded 5 samples, mean = 12.8 (flags = 0x41)
0   ... 
10  --O                                                                       (2 = 40.0%) {0.0%}
12  -O                                                                        (1 = 20.0%) {40.0%}
14  --O                                                                       (2 = 40.0%) {60.0%}
17  ... 

Histogram: ImportantFile.WriteDuration.SCTAuditing recorded 2 samples, mean = 32.5 (flags = 0x41)
0   ... 
17  -O                                                                        (1 = 50.0%) {0.0%}
20  ... 
40  -O                                                                        (1 = 50.0%) {50.0%}
48  ... 

Histogram: ImportantFile.WriteDuration.TransportSecurityPersister recorded 1 samples, mean = 12.0 (flags = 0x41)
0   ... 
12  -O                                                                        (1 = 100.0%) {0.0%}
14  ... 

Histogram: ImportantFile.WriteDuration.TrustedVault recorded 1 samples, mean = 8.0 (flags = 0x41)
0  ... 
8  -O                                                                        (1 = 100.0%) {0.0%}
10 ... 

Histogram: InProductHelp.Config.ParsingEvent recorded 68 samples, mean = 6.4 (flags = 0x41)
0   -----------------------------O                                            (29 = 42.6%)
1   O                                                                         (0 = 0.0%) {42.6%}
2   ---------O                                                                (9 = 13.2%) {42.6%}
3   ... 
14  ------------------------------O                                           (30 = 44.1%) {55.9%}
15  ... 

Histogram: InProductHelp.Db.Init.AvailabilityStore recorded 1 samples, mean = 1.0 (flags = 0x41)
0  O                                                                         (0 = 0.0%)
1  -O                                                                        (1 = 100.0%) {0.0%}
2  O                                                                         (0 = 0.0%) {100.0%}

Histogram: InProductHelp.Db.Init.EventStore recorded 1 samples, mean = 1.0 (flags = 0x41)
0  O                                                                         (0 = 0.0%)
1  -O                                                                        (1 = 100.0%) {0.0%}
2  O                                                                         (0 = 0.0%) {100.0%}

Histogram: InProductHelp.Db.Load.AvailabilityStore recorded 1 samples, mean = 1.0 (flags = 0x41)
0  O                                                                         (0 = 0.0%)
1  -O                                                                        (1 = 100.0%) {0.0%}
2  O                                                                         (0 = 0.0%) {100.0%}

Histogram: InProductHelp.Db.Load.EventStore recorded 1 samples, mean = 1.0 (flags = 0x41)
0  O                                                                         (0 = 0.0%)
1  -O                                                                        (1 = 100.0%) {0.0%}
2  O                                                                         (0 = 0.0%) {100.0%}

Histogram: InProductHelp.Db.TotalEvents recorded 1 samples, mean = 0.0 (flags = 0x41)
0  -O                                                                        (1 = 100.0%)
1  ... 

Histogram: InProductHelp.Db.Update.AvailabilityStore recorded 1 samples, mean = 1.0 (flags = 0x41)
0  O                                                                         (0 = 0.0%)
1  -O                                                                        (1 = 100.0%) {0.0%}
2  O                                                                         (0 = 0.0%) {100.0%}

Histogram: IndexedDB.ContextShutdownDuration recorded 1 samples, mean = 0.0 (flags = 0x41)
0  -O                                                                        (1 = 100.0%)
1  ... 

Histogram: Input.Digitizer.MaxTouchPointsSupportedBySystemAtStartup recorded 1 samples, mean = 0.0 (flags = 0x41)
0  -O                                                                        (1 = 100.0%)
1  ... 

Histogram: Input.PointerTypePrimary recorded 1 samples, mean = 2.0 (flags = 0x41)
0  ... 
2  -O                                                                        (1 = 100.0%) {0.0%}
3  O                                                                         (0 = 0.0%) {100.0%}

Histogram: Input.PointerTypesAll recorded 1 samples, mean = 2.0 (flags = 0x41)
0  ... 
2  -O                                                                        (1 = 100.0%) {0.0%}
3  ... 

Histogram: LanguageDetection.TFLiteModel.WasModelRequestDeferred recorded 2 samples, mean = 1.0 (flags = 0x41)
0  O                                                                         (0 = 0.0%)
1  --O                                                                       (2 = 100.0%) {0.0%}
2  O                                                                         (0 = 0.0%) {100.0%}

Histogram: LanguageUsage.AcceptLanguage recorded 1 samples (flags = 0x41)
31336  -O                                                                        (1 = 100.0%)

Histogram: LanguageUsage.AcceptLanguage.Count recorded 1 samples, mean = 1.0 (flags = 0x41)
0  O                                                                         (0 = 0.0%)
1  -O                                                                        (1 = 100.0%) {0.0%}
2  ... 

Histogram: LanguageUsage.AcceptLanguageAndContentLanguageUsage recorded 1 samples, mean = 0.0 (flags = 0x41)
0  -O                                                                        (1 = 100.0%)
1  ... 

Histogram: LanguageUsage.AcceptLanguageAndXmlHtmlLangUsage recorded 1 samples, mean = 7.0 (flags = 0x41)
0  ... 
7  -O                                                                        (1 = 100.0%) {0.0%}
8  O                                                                         (0 = 0.0%) {100.0%}

Histogram: LevelDB.ApproximateMemTableMemoryUse.BudgetManager recorded 0 samples (flags = 0x41)
0 ... 

Histogram: LevelDB.ApproximateMemTableMemoryUse.CartDatabase recorded 0 samples (flags = 0x41)
0 ... 

Histogram: LevelDB.ApproximateMemTableMemoryUse.ClientCertificatesDatabase recorded 0 samples (flags = 0x41)
0 ... 

Histogram: LevelDB.ApproximateMemTableMemoryUse.CommerceParcelTrackingDatabase recorded 0 samples (flags = 0x41)
0 ... 

Histogram: LevelDB.ApproximateMemTableMemoryUse.CommerceSubscriptionDatabase recorded 0 samples (flags = 0x41)
0 ... 

Histogram: LevelDB.ApproximateMemTableMemoryUse.CouponDatabase recorded 0 samples (flags = 0x41)
0 ... 

Histogram: LevelDB.ApproximateMemTableMemoryUse.DiscountsDatabase recorded 0 samples (flags = 0x41)
0 ... 

Histogram: LevelDB.ApproximateMemTableMemoryUse.DownloadDB recorded 0 samples (flags = 0x41)
0 ... 

Histogram: LevelDB.ApproximateMemTableMemoryUse.DownloadService recorded 0 samples (flags = 0x41)
0 ... 

Histogram: LevelDB.ApproximateMemTableMemoryUse.FeatureEngagementTrackerAvailabilityStore recorded 0 samples (flags = 0x41)
0 ... 

Histogram: LevelDB.ApproximateMemTableMemoryUse.FeatureEngagementTrackerEventStore recorded 0 samples (flags = 0x41)
0 ... 

Histogram: LevelDB.ApproximateMemTableMemoryUse.Metadata recorded 1 samples, mean = 4104.0 (flags = 0x41)
0  O                                                                         (0 = 0.0%)
1  -O                                                                        (1 = 100.0%) {0.0%}
270601... 

Histogram: LevelDB.ApproximateMemTableMemoryUse.PersistentOriginTrials recorded 0 samples (flags = 0x41)
0 ... 

Histogram: LevelDB.ApproximateMemTableMemoryUse.PreviewsHintCacheStore recorded 0 samples (flags = 0x41)
0 ... 

Histogram: LevelDB.ApproximateMemTableMemoryUse.SegmentInfoDatabase recorded 0 samples (flags = 0x41)
0 ... 

Histogram: LevelDB.ApproximateMemTableMemoryUse.SharedProtoDB recorded 1 samples, mean = 221616.0 (flags = 0x41)
0  O                                                                         (0 = 0.0%)
1  -O                                                                        (1 = 100.0%) {0.0%}
270601... 

Histogram: LevelDB.ApproximateMemTableMemoryUse.SignalDatabase recorded 0 samples (flags = 0x41)
0 ... 

Histogram: LevelDB.ApproximateMemTableMemoryUse.SignalStorageConfigDatabase recorded 0 samples (flags = 0x41)
0 ... 

Histogram: LevelDB.ApproximateMemTableMemoryUse.StrikeService recorded 0 samples (flags = 0x41)
0 ... 

Histogram: LevelDBEnv.DeleteTableBackupFile recorded 0 samples (flags = 0x41)
0 ... 

Histogram: LevelDBEnv.SyncResult recorded 41 samples, mean = 0.0 (flags = 0x41)
0  -----------------------------------------O                                (41 = 100.0%)
1  ... 

Histogram: LevelDBWrapper.CommitDelay recorded 2 samples, mean = 5000.0 (flags = 0x41)
0     ... 
4516  --O                                                                       (2 = 100.0%) {0.0%}
6118  ... 

Histogram: LoadingPredictor.PreconnectCount recorded 1 samples, mean = 1.0 (flags = 0x41)
0  O                                                                         (0 = 0.0%)
1  -O                                                                        (1 = 100.0%) {0.0%}
2  ... 

Histogram: LoadingPredictor.PreconnectHitsPercentage recorded 1 samples, mean = 100.0 (flags = 0x41)
0    ... 
100  -O                                                                        (1 = 100.0%) {0.0%}
101  O                                                                         (0 = 0.0%) {100.0%}

Histogram: LoadingPredictor.PreconnectLearningCount.Navigation recorded 1 samples, mean = 4.0 (flags = 0x41)
0  ... 
4  -O                                                                        (1 = 100.0%) {0.0%}
5  ... 

Histogram: LoadingPredictor.PreconnectLearningPrecision.Navigation recorded 1 samples, mean = 75.0 (flags = 0x41)
0   ... 
75  -O                                                                        (1 = 100.0%) {0.0%}
76  ... 

Histogram: LoadingPredictor.PreconnectLearningRecall.Navigation recorded 1 samples, mean = 100.0 (flags = 0x41)
0    ... 
100  -O                                                                        (1 = 100.0%) {0.0%}

Histogram: LoadingPredictor.PreconnectLearningRedirectStatus.Navigation recorded 1 samples, mean = 2.0 (flags = 0x41)
0  ... 
2  -O                                                                        (1 = 100.0%) {0.0%}
3  ... 

Histogram: LoadingPredictor.PredictorDatabaseFileSize recorded 1 samples, mean = 44.0 (flags = 0x41)
0   ... 
37  -O                                                                        (1 = 100.0%) {0.0%}
49  ... 

Histogram: LoadingPredictor.PreresolveCount recorded 1 samples, mean = 1.0 (flags = 0x41)
0  O                                                                         (0 = 0.0%)
1  -O                                                                        (1 = 100.0%) {0.0%}
2  ... 

Histogram: LoadingPredictor.PreresolveHitsPercentage recorded 1 samples, mean = 100.0 (flags = 0x41)
0    ... 
100  -O                                                                        (1 = 100.0%) {0.0%}
101  O                                                                         (0 = 0.0%) {100.0%}

Histogram: LocalStorage.MojoSizeInKB recorded 1 samples, mean = 14.0 (flags = 0x41)
0   ... 
13  -O                                                                        (1 = 100.0%) {0.0%}
15  ... 

Histogram: LocalStorage.MojoTimeToPrime recorded 1 samples, mean = 3.0 (flags = 0x41)
0  ... 
3  -O                                                                        (1 = 100.0%) {0.0%}
4  ... 

Histogram: LocalStorage.MojoTimeToPrimeForUnder100KB recorded 1 samples, mean = 3.0 (flags = 0x41)
0  ... 
3  -O                                                                        (1 = 100.0%) {0.0%}
4  ... 

Histogram: LocalStorage.RendererAreaCacheHit recorded 2 samples, mean = 1.0 (flags = 0x41)
0  -O                                                                        (1 = 50.0%)
1  O                                                                         (0 = 0.0%) {50.0%}
2  -O                                                                        (1 = 50.0%) {50.0%}
3  O                                                                         (0 = 0.0%) {100.0%}

Histogram: LocalStorageContext.ShutDown.MaybeDroppedChanges recorded 1 samples, mean = 0.0 (flags = 0x40)
0  -O                                                                        (1 = 100.0%)
1  ... 

Histogram: MPArch.ChildProcessLaunchFirst recorded 1 samples, mean = 56.0 (flags = 0x41)
0   ... 
48  -O                                                                        (1 = 100.0%) {0.0%}
57  ... 

Histogram: MPArch.ChildProcessLaunchSubsequent recorded 7 samples, mean = 20.4 (flags = 0x41)
0   ... 
20  -------O                                                                  (7 = 100.0%) {0.0%}
24  ... 

Histogram: ManagedUsers.BlockedIframeCount recorded 1 samples, mean = 0.0 (flags = 0x41)
0  -O                                                                        (1 = 100.0%)
1  ... 

Histogram: Manifest.HasProperty.description recorded 1 samples, mean = 0.0 (flags = 0x41)
0  -O                                                                        (1 = 100.0%)
1  ... 

Histogram: Manifest.HasProperty.display recorded 1 samples, mean = 1.0 (flags = 0x41)
0  O                                                                         (0 = 0.0%)
1  -O                                                                        (1 = 100.0%) {0.0%}
2  O                                                                         (0 = 0.0%) {100.0%}

Histogram: Manifest.HasProperty.gcm_sender_id recorded 1 samples, mean = 0.0 (flags = 0x41)
0  -O                                                                        (1 = 100.0%)
1  ... 

Histogram: Manifest.HasProperty.icons recorded 1 samples, mean = 1.0 (flags = 0x41)
0  O                                                                         (0 = 0.0%)
1  -O                                                                        (1 = 100.0%) {0.0%}
2  O                                                                         (0 = 0.0%) {100.0%}

Histogram: Manifest.HasProperty.name recorded 1 samples, mean = 1.0 (flags = 0x41)
0  O                                                                         (0 = 0.0%)
1  -O                                                                        (1 = 100.0%) {0.0%}
2  O                                                                         (0 = 0.0%) {100.0%}

Histogram: Manifest.HasProperty.orientation recorded 1 samples, mean = 0.0 (flags = 0x41)
0  -O                                                                        (1 = 100.0%)
1  ... 

Histogram: Manifest.HasProperty.protocol_handlers recorded 1 samples, mean = 0.0 (flags = 0x41)
0  -O                                                                        (1 = 100.0%)
1  ... 

Histogram: Manifest.HasProperty.screenshots recorded 1 samples, mean = 0.0 (flags = 0x41)
0  -O                                                                        (1 = 100.0%)
1  ... 

Histogram: Manifest.HasProperty.share_target recorded 1 samples, mean = 0.0 (flags = 0x41)
0  -O                                                                        (1 = 100.0%)
1  ... 

Histogram: Manifest.HasProperty.short_name recorded 1 samples, mean = 1.0 (flags = 0x41)
0  O                                                                         (0 = 0.0%)
1  -O                                                                        (1 = 100.0%) {0.0%}
2  O                                                                         (0 = 0.0%) {100.0%}

Histogram: Manifest.HasProperty.start_url recorded 1 samples, mean = 1.0 (flags = 0x41)
0  O                                                                         (0 = 0.0%)
1  -O                                                                        (1 = 100.0%) {0.0%}
2  O                                                                         (0 = 0.0%) {100.0%}

Histogram: Manifest.ParseIdResult recorded 1 samples, mean = 1.0 (flags = 0x41)
0  O                                                                         (0 = 0.0%)
1  -O                                                                        (1 = 100.0%) {0.0%}
2  ... 

Histogram: Media.GPU.VideoDecoderType recorded 1 samples, mean = 11.0 (flags = 0x41)
0   ... 
11  -O                                                                        (1 = 100.0%) {0.0%}
12  ... 

Histogram: Media.MediaHistory.DatabaseExists recorded 1 samples, mean = 0.0 (flags = 0x41)
0  -O                                                                        (1 = 100.0%)
1  ... 

Histogram: MediaRouter.Cast.Discovery.ConnectedDevicesCount recorded 1 samples, mean = 0.0 (flags = 0x41)
0  -O                                                                        (1 = 100.0%)
1  ... 

Histogram: MediaRouter.Cast.Discovery.KnownDevicesCount recorded 1 samples, mean = 0.0 (flags = 0x41)
0  -O                                                                        (1 = 100.0%)
1  ... 

Histogram: MediaRouter.Dial.AvailableDevicesCount recorded 1 samples, mean = 0.0 (flags = 0x41)
0  -O                                                                        (1 = 100.0%)
1  ... 

Histogram: MediaRouter.Dial.KnownDevicesCount recorded 1 samples, mean = 0.0 (flags = 0x41)
0  -O                                                                        (1 = 100.0%)
1  ... 

Histogram: Memory.Discardable.FreelistSize.Foreground recorded 4 samples, mean = 0.0 (flags = 0x41)
0  ----O                                                                     (4 = 100.0%)
1  ... 

Histogram: Memory.Discardable.Size.Foreground recorded 4 samples, mean = 0.0 (flags = 0x41)
0  ----O                                                                     (4 = 100.0%)
1  ... 

Histogram: Memory.Discardable.VirtualSize.Foreground recorded 4 samples, mean = 0.0 (flags = 0x41)
0  ----O                                                                     (4 = 100.0%)
1  ... 

Histogram: Memory.Experimental.AvailableMemoryMB recorded 306 samples, mean = 12432.7 (flags = 0x41)
0      ... 
6554   -O                                                                        (2 = 0.7%) {0.0%}
7237   --O                                                                       (3 = 1.0%) {0.7%}
7991   -O                                                                        (1 = 0.3%) {1.6%}
8823   -O                                                                        (1 = 0.3%) {2.0%}
9742   -------O                                                                  (13 = 4.2%) {2.3%}
10757  -------------------------------------O                                    (68 = 22.2%) {6.5%}
11877  ------------------------------------------------------------------------O (132 = 43.1%) {28.8%}
13114  -----------------------------------O                                      (64 = 20.9%) {71.9%}
14480  ------------O                                                             (22 = 7.2%) {92.8%}
15988  ... 

Histogram: Memory.Experimental.AvailableMemoryPercent recorded 306 samples, mean = 38.1 (flags = 0x41)
0   ... 
20  -O                                                                        (1 = 0.3%) {0.0%}
21  -O                                                                        (1 = 0.3%) {0.3%}
22  --O                                                                       (2 = 0.7%) {0.7%}
23  -O                                                                        (1 = 0.3%) {1.3%}
24  ... 
26  -O                                                                        (1 = 0.3%) {1.6%}
27  ... 
29  -O                                                                        (1 = 0.3%) {2.0%}
30  O                                                                         (0 = 0.0%) {2.3%}
31  --O                                                                       (2 = 0.7%) {2.3%}
32  --------O                                                                 (8 = 2.6%) {2.9%}
33  ------------O                                                             (12 = 3.9%) {5.6%}
34  ---------------O                                                          (15 = 4.9%) {9.5%}
35  --------------------O                                                     (20 = 6.5%) {14.4%}
36  ------------------------------O                                           (30 = 9.8%) {20.9%}
37  ----------------------------------------------O                           (46 = 15.0%) {30.7%}
38  ------------------------------------------O                               (42 = 13.7%) {45.8%}
39  ---------------------------O                                              (27 = 8.8%) {59.5%}
40  ---------------O                                                          (15 = 4.9%) {68.3%}
41  ------------------O                                                       (18 = 5.9%) {73.2%}
42  -------------O                                                            (13 = 4.2%) {79.1%}
43  --------------O                                                           (14 = 4.6%) {83.3%}
44  ---------------O                                                          (15 = 4.9%) {87.9%}
45  ------------O                                                             (12 = 3.9%) {92.8%}
46  ----------O                                                               (10 = 3.3%) {96.7%}
47  ... 

Histogram: Memory.Experimental.Renderer.HighestPrivateMemoryFootprint.0to2min recorded 1 samples, mean = 84.0 (flags = 0x41)
0   ... 
84  -O                                                                        (1 = 100.0%) {0.0%}
95  ... 

Histogram: Memory.Experimental.Renderer.HighestPrivateMemoryFootprint.2to4min recorded 1 samples, mean = 67.0 (flags = 0x41)
0   ... 
67  -O                                                                        (1 = 100.0%) {0.0%}
75  ... 

Histogram: Memory.Experimental.Renderer.HighestPrivateMemoryFootprint.4to8min recorded 1 samples, mean = 67.0 (flags = 0x41)
0   ... 
67  -O                                                                        (1 = 100.0%) {0.0%}
75  ... 

Histogram: Memory.Experimental.Renderer.HighestPrivateMemoryFootprint.8to16min recorded 1 samples, mean = 67.0 (flags = 0x41)
0   ... 
67  -O                                                                        (1 = 100.0%) {0.0%}
75  ... 

Histogram: Memory.GPU.PeakMemoryAllocationSource2.PageLoad.SharedContextState recorded 1 samples, mean = 0.0 (flags = 0x41)
0  -O                                                                        (1 = 100.0%)
1  ... 

Histogram: Memory.GPU.PeakMemoryAllocationSource2.PageLoad.SharedImageStub recorded 1 samples, mean = 0.0 (flags = 0x41)
0  -O                                                                        (1 = 100.0%)
1  ... 

Histogram: Memory.GPU.PeakMemoryAllocationSource2.PageLoad.Skia recorded 1 samples, mean = 0.0 (flags = 0x41)
0  -O                                                                        (1 = 100.0%)
1  ... 

Histogram: Memory.GPU.PeakMemoryUsage2.PageLoad recorded 1 samples, mean = 0.0 (flags = 0x41)
0  -O                                                                        (1 = 100.0%)
1  ... 

Histogram: Memory.ParkableString.Compression.Latency recorded 18 samples, mean = 3299.1 (flags = 0x41)
0      -----O                                                                    (5 = 27.8%)
500    ... 
860    -O                                                                        (1 = 5.6%) {27.8%}
929    O                                                                         (0 = 0.0%) {33.3%}
1004   -O                                                                        (1 = 5.6%) {33.3%}
1085   ... 
1480   -O                                                                        (1 = 5.6%) {38.9%}
1599   O                                                                         (0 = 0.0%) {44.4%}
1728   -O                                                                        (1 = 5.6%) {44.4%}
1867   -O                                                                        (1 = 5.6%) {50.0%}
2018   -O                                                                        (1 = 5.6%) {55.6%}
2181   ... 
2547   -O                                                                        (1 = 5.6%) {61.1%}
2752   -O                                                                        (1 = 5.6%) {66.7%}
2974   ... 
3753   -O                                                                        (1 = 5.6%) {72.2%}
4056   ... 
8810   -O                                                                        (1 = 5.6%) {77.8%}
9521   --O                                                                       (2 = 11.1%) {83.3%}
10289  -O                                                                        (1 = 5.6%) {94.4%}
11119  ... 

Histogram: Memory.ParkableString.Compression.SizeKb recorded 18 samples, mean = 268.5 (flags = 0x41)
0    ... 
14   -O                                                                        (1 = 5.6%) {0.0%}
16   ... 
23   -O                                                                        (1 = 5.6%) {5.6%}
26   -O                                                                        (1 = 5.6%) {11.1%}
29   -O                                                                        (1 = 5.6%) {16.7%}
33   ... 
60   -O                                                                        (1 = 5.6%) {22.2%}
67   -O                                                                        (1 = 5.6%) {27.8%}
75   O                                                                         (0 = 0.0%) {33.3%}
84   -O                                                                        (1 = 5.6%) {33.3%}
95   O                                                                         (0 = 0.0%) {38.9%}
107  -O                                                                        (1 = 5.6%) {38.9%}
120  O                                                                         (0 = 0.0%) {44.4%}
135  -O                                                                        (1 = 5.6%) {44.4%}
152  O                                                                         (0 = 0.0%) {50.0%}
171  --O                                                                       (2 = 11.1%) {50.0%}
192  -O                                                                        (1 = 5.6%) {61.1%}
216  ... 
307  -O                                                                        (1 = 5.6%) {66.7%}
345  -O                                                                        (1 = 5.6%) {72.2%}
388  ... 
623  -O                                                                        (1 = 5.6%) {77.8%}
701  -O                                                                        (1 = 5.6%) {83.3%}
789  --O                                                                       (2 = 11.1%) {88.9%}
888  ... 

Histogram: Memory.ParkableString.Decompression.Latency recorded 3 samples, mean = 847.7 (flags = 0x41)
0     -O                                                                        (1 = 33.3%)
500   ... 
929   -O                                                                        (1 = 33.3%) {33.3%}
1004  ... 
1268  -O                                                                        (1 = 33.3%) {66.7%}
1370  ... 

Histogram: Memory.ParkableString.Decompression.ThroughputMBps recorded 3 samples, mean = 223.7 (flags = 0x41)
0    ... 
23   -O                                                                        (1 = 33.3%) {0.0%}
26   ... 
171  -O                                                                        (1 = 33.3%) {33.3%}
192  ... 
437  -O                                                                        (1 = 33.3%) {66.7%}
492  ... 

Histogram: Memory.ParkableString.DiskReadTime.5min recorded 1 samples, mean = 0.0 (flags = 0x41)
0  -O                                                                        (1 = 100.0%)
1  ... 

Histogram: Memory.ParkableString.DiskWriteTime.5min recorded 1 samples, mean = 16.0 (flags = 0x41)
0   ... 
14  -O                                                                        (1 = 100.0%) {0.0%}
17  ... 

Histogram: Memory.ParkableString.OnDiskSizeKb.5min recorded 1 samples, mean = 956.0 (flags = 0x41)
0    ... 
896  -O                                                                        (1 = 100.0%) {0.0%}
1122 ... 

Histogram: Memory.ParkableString.Read.Latency recorded 3 samples, mean = 517.0 (flags = 0x41)
0     --O                                                                       (2 = 66.7%)
500   ... 
1268  -O                                                                        (1 = 33.3%) {66.7%}
1370  ... 

Histogram: Memory.ParkableString.TotalParkingThreadTime.5min recorded 1 samples, mean = 58.0 (flags = 0x41)
0   ... 
57  -O                                                                        (1 = 100.0%) {0.0%}
68  ... 

Histogram: Memory.ParkableString.TotalUnparkingTime.5min recorded 1 samples, mean = 0.0 (flags = 0x41)
0  -O                                                                        (1 = 100.0%)
1  ... 

Histogram: Memory.PartitionAlloc.MemoryReclaim recorded 36620 samples, mean = 271.5 (flags = 0x41)
0      ... 
49     -O                                                                        (85 = 0.2%) {0.0%}
65     ------------------------O                                                 (3544 = 9.7%) {0.2%}
86     ------------------------------------------------------------------------O (10763 = 29.4%) {9.9%}
113    ---------------------O                                                    (3087 = 8.4%) {39.3%}
149    -----O                                                                    (759 = 2.1%) {47.7%}
196    --------------------------------------------O                             (6521 = 17.8%) {49.8%}
258    -------------O                                                            (1991 = 5.4%) {67.6%}
340    ----O                                                                     (557 = 1.5%) {73.0%}
448    ---------------------------------------------O                            (6745 = 18.4%) {74.6%}
590    -----------O                                                              (1620 = 4.4%) {93.0%}
777    ---O                                                                      (377 = 1.0%) {97.4%}
1023   --O                                                                       (258 = 0.7%) {98.4%}
1347   --O                                                                       (233 = 0.6%) {99.1%}
1774   O                                                                         (72 = 0.2%) {99.8%}
2336   O                                                                         (3 = 0.0%) {100.0%}
3077   O                                                                         (1 = 0.0%) {100.0%}
4053   O                                                                         (0 = 0.0%) {100.0%}
5338   O                                                                         (2 = 0.0%) {100.0%}
7031   O                                                                         (1 = 0.0%) {100.0%}
9260   ... 
16063  O                                                                         (1 = 0.0%) {100.0%}
21156  ... 

Histogram: Memory.PartitionAlloc.PartitionRoot.ExtrasSize recorded 1 samples, mean = 4.0 (flags = 0x41)
0  ... 
4  -O                                                                        (1 = 100.0%) {0.0%}
5  ... 

Histogram: Memory.PartitionAlloc.PeriodicPurge recorded 3723 samples, mean = 27.7 (flags = 0x41)
0    ... 
3    O                                                                         (1 = 0.0%) {0.0%}
4    --O                                                                       (23 = 0.6%) {0.0%}
5    ---O                                                                      (30 = 0.8%) {0.6%}
7    -----O                                                                    (50 = 1.3%) {1.5%}
9    ------------------------O                                                 (261 = 7.0%) {2.8%}
12   ----------------------------------------------------------O               (636 = 17.1%) {9.8%}
16   ---------------------------------------O                                  (431 = 11.6%) {26.9%}
21   ---------------------------------------------------------------------O    (764 = 20.5%) {38.5%}
28   ------------------------------------------------------------------------O (794 = 21.3%) {59.0%}
37   --------------------------------------O                                   (423 = 11.4%) {80.3%}
49   -------------------O                                                      (205 = 5.5%) {91.7%}
65   -----O                                                                    (53 = 1.4%) {97.2%}
86   --O                                                                       (24 = 0.6%) {98.6%}
113  -O                                                                        (14 = 0.4%) {99.2%}
149  -O                                                                        (7 = 0.2%) {99.6%}
196  O                                                                         (3 = 0.1%) {99.8%}
258  O                                                                         (1 = 0.0%) {99.9%}
340  O                                                                         (2 = 0.1%) {99.9%}
448  O                                                                         (1 = 0.0%) {100.0%}
590  ... 

Histogram: Memory.PressureLevel2 recorded 36765 samples, mean = 0.0 (flags = 0x41)
0  ------------------------------------------------------------------------O (36765 = 100.0%)
1  ... 

Histogram: Mojo.Channel.WriteReceiveMessageProcessType recorded 23 samples, mean = 2.5 (flags = 0x41)
0  --------------O                                                           (14 = 60.9%)
1  O                                                                         (0 = 0.0%) {60.9%}
2  --O                                                                       (2 = 8.7%) {60.9%}
3  ... 
6  ---O                                                                      (3 = 13.0%) {69.6%}
7  ... 
9  ----O                                                                     (4 = 17.4%) {82.6%}
10 ... 

Histogram: NQE.ContentObserver.NetworkQualityMeaningfullyChanged recorded 7 samples, mean = 0.7 (flags = 0x40)
0  --O                                                                       (2 = 28.6%)
1  -----O                                                                    (5 = 71.4%) {28.6%}
2  O                                                                         (0 = 0.0%) {100.0%}

Histogram: NQE.RTT.Error.Absolute recorded 7 samples, mean = 165.6 (flags = 0x41)
0    ... 
48   -O                                                                        (1 = 14.3%) {0.0%}
57   O                                                                         (0 = 0.0%) {14.3%}
68   ---O                                                                      (3 = 42.9%) {14.3%}
81   ... 
226  -O                                                                        (1 = 14.3%) {57.1%}
268  -O                                                                        (1 = 14.3%) {71.4%}
318  -O                                                                        (1 = 14.3%) {85.7%}
378  ... 

Histogram: NQE.RTT.Error.IsZero recorded 7 samples, mean = 0.0 (flags = 0x41)
0  -------O                                                                  (7 = 100.0%)
1  ... 

Histogram: NQE.RTT.Error.Negative recorded 6 samples, mean = 181.2 (flags = 0x41)
0    ... 
48   -O                                                                        (1 = 16.7%) {0.0%}
57   O                                                                         (0 = 0.0%) {16.7%}
68   --O                                                                       (2 = 33.3%) {16.7%}
81   ... 
226  -O                                                                        (1 = 16.7%) {50.0%}
268  -O                                                                        (1 = 16.7%) {66.7%}
318  -O                                                                        (1 = 16.7%) {83.3%}
378  ... 

Histogram: NQE.RTT.Error.Positive recorded 1 samples, mean = 72.0 (flags = 0x41)
0   ... 
68  -O                                                                        (1 = 100.0%) {0.0%}
81  ... 

Histogram: NQE.RTT.HittingThreshold.EndToEnd.FallbackSuccess recorded 13 samples, mean = 0.0 (flags = 0x41)
0  -------------O                                                            (13 = 100.0%)
1  ... 

Histogram: NQE.RTT.HittingThreshold.Transport.FallbackSuccess recorded 1 samples, mean = 0.0 (flags = 0x41)
0  -O                                                                        (1 = 100.0%)
1  ... 

Histogram: NQE.RTT.ObservationSource recorded 44 samples, mean = 6.5 (flags = 0x41)
0  -------O                                                                  (7 = 15.9%)
1  ... 
3  -O                                                                        (1 = 2.3%) {15.9%}
4  -O                                                                        (1 = 2.3%) {18.2%}
5  O                                                                         (0 = 0.0%) {20.5%}
6  -O                                                                        (1 = 2.3%) {20.5%}
7  -O                                                                        (1 = 2.3%) {22.7%}
8  ---------------------------------O                                        (33 = 75.0%) {25.0%}
9  O                                                                         (0 = 0.0%) {100.0%}

Histogram: NQE.RTT.OnECTComputation recorded 232 samples, mean = 318.6 (flags = 0x41)
0    ... 
114  -O                                                                        (4 = 1.7%) {0.0%}
135  ... 
318  ------------------------------------------------------------------------O (223 = 96.1%) {1.7%}
378  O                                                                         (0 = 0.0%) {97.8%}
449  --O                                                                       (5 = 2.2%) {97.8%}
533  ... 

Histogram: NQE.RenderThreadNotified recorded 15 samples, mean = 1.0 (flags = 0x40)
0  O                                                                         (0 = 0.0%)
1  ---------------O                                                          (15 = 100.0%) {0.0%}
2  O                                                                         (0 = 0.0%) {100.0%}

Histogram: NQE.TransportRTT.OnECTComputation recorded 231 samples, mean = 220.3 (flags = 0x41)
0    ... 
57   -O                                                                        (3 = 1.3%) {0.0%}
68   ... 
114  --------------------O                                                     (47 = 20.3%) {1.3%}
135  ---O                                                                      (6 = 2.6%) {21.6%}
160  ... 
226  ------------------------------------------------------------------------O (166 = 71.9%) {24.2%}
268  ... 
378  ----O                                                                     (9 = 3.9%) {96.1%}
449  ... 

Histogram: Navigation.BeginNavigationImpl.MainFrame recorded 2 samples, mean = 1.0 (flags = 0x41)
0  -O                                                                        (1 = 50.0%)
1  O                                                                         (0 = 0.0%) {50.0%}
2  -O                                                                        (1 = 50.0%) {50.0%}
3  ... 

Histogram: Navigation.BrowserInitiatedSessionHistoryCount recorded 1 samples, mean = 0.0 (flags = 0x41)
0  -O                                                                        (1 = 100.0%)
1  ... 

Histogram: Navigation.CommitRenderFrame recorded 1 samples, mean = 19.0 (flags = 0x41)
0   ... 
17  -O                                                                        (1 = 100.0%) {0.0%}
20  ... 

Histogram: Navigation.CommitToCompositorCreation recorded 1 samples, mean = 662.0 (flags = 0x41)
0    ... 
635  -O                                                                        (1 = 100.0%) {0.0%}
826  ... 

Histogram: Navigation.CompositorRequestedBeforeCommit2 recorded 1 samples, mean = 0.0 (flags = 0x41)
0  -O                                                                        (1 = 100.0%)
1  ... 

Histogram: Navigation.CompositorRequestedBeforeSwapRFH2 recorded 1 samples, mean = 0.0 (flags = 0x41)
0  -O                                                                        (1 = 100.0%)
1  ... 

Histogram: Navigation.CreateSpeculativeRFH recorded 1 samples, mean = 3.0 (flags = 0x41)
0  ... 
3  -O                                                                        (1 = 100.0%) {0.0%}
4  ... 

Histogram: Navigation.DidCommitSameDocumentNavigation.Duration recorded 1 samples, mean = 0.0 (flags = 0x41)
0  -O                                                                        (1 = 100.0%)
1  ... 

Histogram: Navigation.DidStartLoading.MainFrame recorded 3 samples, mean = 0.0 (flags = 0x41)
0  ---O                                                                      (3 = 100.0%)
1  ... 

Histogram: Navigation.DidStartLoading.Subframe recorded 2 samples, mean = 0.0 (flags = 0x41)
0  --O                                                                       (2 = 100.0%)
1  ... 

Histogram: Navigation.EarlyRenderFrameHostSwapType recorded 6 samples, mean = 0.0 (flags = 0x41)
0  ------O                                                                   (6 = 100.0%)
1  ... 

Histogram: Navigation.EngagementTime.HTTPS recorded 1 samples, mean = 36760096.0 (flags = 0x41)
0        ... 
3600000  -O                                                                        (1 = 100.0%) {0.0%}

Histogram: Navigation.GetFrameHostForNavigation recorded 4 samples, mean = 8.5 (flags = 0x41)
0   --O                                                                       (2 = 50.0%)
1   ... 
3   -O                                                                        (1 = 25.0%) {50.0%}
4   ... 
29  -O                                                                        (1 = 25.0%) {75.0%}
34  ... 

Histogram: Navigation.GetFrameHostForNavigationTime.InDidCreateNavigationRequest.IsHTTPOrHTTPS recorded 3 samples, mean = 10479.0 (flags = 0x41)
0      ... 
76     -O                                                                        (1 = 33.3%) {0.0%}
105    -O                                                                        (1 = 33.3%) {33.3%}
146    ... 
27562  -O                                                                        (1 = 33.3%) {66.7%}
38240  ... 

Histogram: Navigation.IsGuest recorded 1 samples, mean = 0.0 (flags = 0x41)
0  -O                                                                        (1 = 100.0%)
1  ... 

Histogram: Navigation.IsLockedProcess recorded 1 samples, mean = 1.0 (flags = 0x41)
0  O                                                                         (0 = 0.0%)
1  -O                                                                        (1 = 100.0%) {0.0%}
2  O                                                                         (0 = 0.0%) {100.0%}

Histogram: Navigation.IsLockedProcess.HTTPOrHTTPS recorded 1 samples, mean = 1.0 (flags = 0x41)
0  O                                                                         (0 = 0.0%)
1  -O                                                                        (1 = 100.0%) {0.0%}
2  O                                                                         (0 = 0.0%) {100.0%}

Histogram: Navigation.IsProcessBackgrounded.OnCommit recorded 1 samples, mean = 0.0 (flags = 0x41)
0  -O                                                                        (1 = 100.0%)
1  ... 

Histogram: Navigation.IsProcessBackgrounded.OnDOMContentLoaded recorded 1 samples, mean = 0.0 (flags = 0x41)
0  -O                                                                        (1 = 100.0%)
1  ... 

Histogram: Navigation.IsSameBrowsingInstance recorded 1 samples, mean = 0.0 (flags = 0x41)
0  -O                                                                        (1 = 100.0%)
1  ... 

Histogram: Navigation.IsSameSiteInstance recorded 1 samples, mean = 0.0 (flags = 0x41)
0  -O                                                                        (1 = 100.0%)
1  ... 

Histogram: Navigation.IsSameSiteInstance.MainFrame recorded 1 samples, mean = 0.0 (flags = 0x41)
0  -O                                                                        (1 = 100.0%)
1  ... 

Histogram: Navigation.LoaderCreateToRequestStart.MainFrame recorded 1 samples, mean = 1.0 (flags = 0x41)
0  O                                                                         (0 = 0.0%)
1  -O                                                                        (1 = 100.0%) {0.0%}
2  ... 

Histogram: Navigation.MainFrame.FrameCount recorded 1 samples, mean = 2.0 (flags = 0x41)
0  ... 
2  -O                                                                        (1 = 100.0%) {0.0%}
3  ... 

Histogram: Navigation.MainFrame.MaxFrameCount recorded 3 samples, mean = 2.0 (flags = 0x41)
0  O                                                                         (0 = 0.0%)
1  -O                                                                        (1 = 33.3%) {0.0%}
2  -O                                                                        (1 = 33.3%) {33.3%}
3  -O                                                                        (1 = 33.3%) {66.7%}
4  ... 

Histogram: Navigation.MainFrame.NewNavigation.IgnoreRestore.IsHTTPOrHTTPS.BeginNavigationToLoaderStart.Time2 recorded 1 samples, mean = 3.0 (flags = 0x41)
0  ... 
3  -O                                                                        (1 = 100.0%) {0.0%}
4  ... 

Histogram: Navigation.MainFrame.NewNavigation.IgnoreRestore.IsHTTPOrHTTPS.FetchStart.Time2 recorded 1 samples, mean = 0.0 (flags = 0x41)
0  -O                                                                        (1 = 100.0%)
1  ... 

Histogram: Navigation.MainFrame.NewNavigation.IgnoreRestore.IsHTTPOrHTTPS.LoaderStartToFetchStart.Time2 recorded 1 samples, mean = 1546.0 (flags = 0x41)
0     ... 
1500  -O                                                                        (1 = 100.0%) {0.0%}
1782  ... 

Histogram: Navigation.MainFrame.NewNavigation.IgnoreRestore.IsHTTPOrHTTPS.LoaderStartToReceiveResponse.Time2 recorded 1 samples, mean = 2551.0 (flags = 0x41)
0     ... 
2516  -O                                                                        (1 = 100.0%) {0.0%}
2990  ... 

Histogram: Navigation.MainFrame.NewNavigation.IgnoreRestore.IsHTTPOrHTTPS.NavigationStartToBeginNavigation.Time2 recorded 1 samples, mean = 4907.0 (flags = 0x41)
0     ... 
4222  -O                                                                        (1 = 100.0%) {0.0%}
5017  ... 

Histogram: Navigation.MainFrame.NewNavigation.IgnoreRestore.IsHTTPOrHTTPS.ReceiveHeaders.Time2 recorded 1 samples, mean = 862.0 (flags = 0x41)
0    ... 
752  -O                                                                        (1 = 100.0%) {0.0%}
894  ... 

Histogram: Navigation.MainFrame.NewNavigation.IgnoreRestore.IsHTTPOrHTTPS.ReceiveHeadersToReceiveResponse.Time2 recorded 1 samples, mean = 141.0 (flags = 0x41)
0    ... 
135  -O                                                                        (1 = 100.0%) {0.0%}
160  ... 

Histogram: Navigation.MainFrame.NewNavigation.IgnoreRestore.IsHTTPOrHTTPS.ReceiveResponseToCommitNavigation.Time2 recorded 1 samples, mean = 7.0 (flags = 0x41)
0  ... 
7  -O                                                                        (1 = 100.0%) {0.0%}
8  ... 

Histogram: Navigation.MainFrame.RendererInitiated.InitiatorFramePresentAtStart recorded 1 samples, mean = 0.0 (flags = 0x41)
0  -O                                                                        (1 = 100.0%)
1  ... 

Histogram: Navigation.MainFrame.SiteEngagementLevel recorded 1 samples, mean = 3.0 (flags = 0x41)
0  ... 
3  -O                                                                        (1 = 100.0%) {0.0%}
4  ... 

Histogram: Navigation.MainFrame.ThirdPartyCookieBlockingEnabled recorded 2 samples, mean = 0.0 (flags = 0x41)
0  --O                                                                       (2 = 100.0%)
1  ... 

Histogram: Navigation.MainFrameHasRTLDomain2 recorded 2 samples, mean = 0.0 (flags = 0x41)
0  --O                                                                       (2 = 100.0%)
1  ... 

Histogram: Navigation.MainFrameHasRTLDomainDifferentPage2 recorded 1 samples, mean = 0.0 (flags = 0x41)
0  -O                                                                        (1 = 100.0%)
1  ... 

Histogram: Navigation.MainFrameProfileType2 recorded 2 samples, mean = 0.0 (flags = 0x41)
0  --O                                                                       (2 = 100.0%)
1  ... 

Histogram: Navigation.MainFrameScheme2 recorded 2 samples, mean = 2.0 (flags = 0x41)
0  ... 
2  --O                                                                       (2 = 100.0%) {0.0%}
3  ... 

Histogram: Navigation.MainFrameSchemeDifferentPage2 recorded 1 samples, mean = 2.0 (flags = 0x41)
0  ... 
2  -O                                                                        (1 = 100.0%) {0.0%}
3  ... 

Histogram: Navigation.OnBeforeUnloadOverheadTime recorded 2 samples, mean = 2458.5 (flags = 0x41)
0     ... 
10    -O                                                                        (1 = 50.0%) {0.0%}
12    ... 
4222  -O                                                                        (1 = 50.0%) {50.0%}
5017  ... 

Histogram: Navigation.OnBeforeUnloadTotalTime recorded 2 samples, mean = 0.0 (flags = 0x41)
0  --O                                                                       (2 = 100.0%)
1  ... 

Histogram: Navigation.OriginAgentCluster.Result recorded 1 samples, mean = 9.0 (flags = 0x41)
0  ... 
9  -O                                                                        (1 = 100.0%) {0.0%}
10 O                                                                         (0 = 0.0%) {100.0%}

Histogram: Navigation.PendingCommit.DidBlockGetFrameHostForNavigation.Regular recorded 1 samples, mean = 0.0 (flags = 0x41)
0  -O                                                                        (1 = 100.0%)
1  ... 

Histogram: Navigation.PendingCommit.Duration.Regular recorded 1 samples, mean = 332.0 (flags = 0x41)
0    ... 
318  -O                                                                        (1 = 100.0%) {0.0%}
378  ... 

Histogram: Navigation.Preconnect.PreresolveJobQueueLength recorded 16 samples, mean = 0.5 (flags = 0x41)
0  --------O                                                                 (8 = 50.0%)
1  --------O                                                                 (8 = 50.0%) {50.0%}
2  ... 

Histogram: Navigation.Preconnect.PreresolveJobQueueingTime recorded 8 samples, mean = 0.0 (flags = 0x41)
0  --------O                                                                 (8 = 100.0%)
1  ... 

Histogram: Navigation.Preconnect.ProxyLookupCallbackQueueingTime recorded 8 samples, mean = 275.0 (flags = 0x41)
0    --O                                                                       (2 = 25.0%)
1    ... 
318  ----O                                                                     (4 = 50.0%) {25.0%}
378  --O                                                                       (2 = 25.0%) {75.0%}
449  ... 

Histogram: Navigation.Preconnect.ProxyLookupLatency recorded 8 samples, mean = 1016.5 (flags = 0x41)
0     O                                                                         (0 = 0.0%)
1     --O                                                                       (2 = 25.0%) {0.0%}
2     ... 
318   ----O                                                                     (4 = 50.0%) {25.0%}
378   ... 
894   -O                                                                        (1 = 12.5%) {75.0%}
1062  ... 
5017  -O                                                                        (1 = 12.5%) {87.5%}
5961  ... 

Histogram: Navigation.ProcessNavigationThrottlesTime.WillStartRequest.MainFrame recorded 2 samples, mean = 5.0 (flags = 0x41)
0  ... 
3  -O                                                                        (1 = 50.0%) {0.0%}
4  ... 
7  -O                                                                        (1 = 50.0%) {50.0%}
8  ... 

Histogram: Navigation.QueueTime.OnReceiveRedirect.MainFrame recorded 1 samples, mean = 0.0 (flags = 0x41)
0  -O                                                                        (1 = 100.0%)
1  ... 

Histogram: Navigation.QueueTime.OnReceiveResponse.MainFrame recorded 1 samples, mean = 140.0 (flags = 0x41)
0    ... 
135  -O                                                                        (1 = 100.0%) {0.0%}
160  ... 

Histogram: Navigation.ReadyToCommitUntilCommit2 recorded 1 samples, mean = 331.0 (flags = 0x41)
0    ... 
280  -O                                                                        (1 = 100.0%) {0.0%}
356  ... 

Histogram: Navigation.ReadyToCommitUntilCommit2.ForegroundProcessPriority recorded 1 samples, mean = 331.0 (flags = 0x41)
0    ... 
280  -O                                                                        (1 = 100.0%) {0.0%}
356  ... 

Histogram: Navigation.ReadyToCommitUntilCommit2.NewNavigation recorded 1 samples, mean = 331.0 (flags = 0x41)
0    ... 
280  -O                                                                        (1 = 100.0%) {0.0%}
356  ... 

Histogram: Navigation.RegisterNavigationThrottlesTime.MainFrame recorded 2 samples, mean = 1.5 (flags = 0x41)
0  -O                                                                        (1 = 50.0%)
1  ... 
3  -O                                                                        (1 = 50.0%) {50.0%}
4  ... 

Histogram: Navigation.RenderFrameDelete recorded 1 samples, mean = 2.0 (flags = 0x41)
0  ... 
2  -O                                                                        (1 = 100.0%) {0.0%}
3  ... 

Histogram: Navigation.RenderFrameHostConstructor recorded 4 samples, mean = 0.2 (flags = 0x41)
0  ---O                                                                      (3 = 75.0%)
1  -O                                                                        (1 = 25.0%) {75.0%}
2  ... 

Histogram: Navigation.RenderFrameHostDestructor recorded 4 samples, mean = 1.8 (flags = 0x41)
0  -O                                                                        (1 = 25.0%)
1  -O                                                                        (1 = 25.0%) {25.0%}
2  -O                                                                        (1 = 25.0%) {50.0%}
3  O                                                                         (0 = 0.0%) {75.0%}
4  -O                                                                        (1 = 25.0%) {75.0%}
5  ... 

Histogram: Navigation.RenderViewHostConstructor recorded 2 samples, mean = 0.0 (flags = 0x41)
0  --O                                                                       (2 = 100.0%)
1  ... 

Histogram: Navigation.RenderViewHostDestructor recorded 2 samples, mean = 1.0 (flags = 0x41)
0  O                                                                         (0 = 0.0%)
1  --O                                                                       (2 = 100.0%) {0.0%}
2  ... 

Histogram: Navigation.RenderWidgetHostConstructor recorded 2 samples, mean = 1.0 (flags = 0x41)
0  -O                                                                        (1 = 50.0%)
1  O                                                                         (0 = 0.0%) {50.0%}
2  -O                                                                        (1 = 50.0%) {50.0%}
3  ... 

Histogram: Navigation.RenderWidgetHostDestructor recorded 2 samples, mean = 0.0 (flags = 0x41)
0  --O                                                                       (2 = 100.0%)
1  ... 

Histogram: Navigation.RendererCommitDelay.MainFrame recorded 1 samples, mean = 2.0 (flags = 0x41)
0  ... 
2  -O                                                                        (1 = 100.0%) {0.0%}
3  ... 

Histogram: Navigation.RendererCommitQueueTime.MainFrame recorded 1 samples, mean = 1.0 (flags = 0x41)
0  O                                                                         (0 = 0.0%)
1  -O                                                                        (1 = 100.0%) {0.0%}
2  ... 

Histogram: Navigation.RendererDidNavigateTime.MainFrame recorded 1 samples, mean = 0.0 (flags = 0x41)
0  -O                                                                        (1 = 100.0%)
1  ... 

Histogram: Navigation.RendererDidNavigateTime.Subframe recorded 2 samples, mean = 0.0 (flags = 0x41)
0  --O                                                                       (2 = 100.0%)
1  ... 

Histogram: Navigation.RequiresDedicatedProcess recorded 1 samples, mean = 1.0 (flags = 0x41)
0  O                                                                         (0 = 0.0%)
1  -O                                                                        (1 = 100.0%) {0.0%}
2  O                                                                         (0 = 0.0%) {100.0%}

Histogram: Navigation.RequiresDedicatedProcess.HTTPOrHTTPS recorded 1 samples, mean = 1.0 (flags = 0x41)
0  O                                                                         (0 = 0.0%)
1  -O                                                                        (1 = 100.0%) {0.0%}
2  O                                                                         (0 = 0.0%) {100.0%}

Histogram: Navigation.SameDocumentNavigationWithScreenshot recorded 1 samples, mean = 0.0 (flags = 0x41)
0  -O                                                                        (1 = 100.0%)
1  ... 

Histogram: Navigation.SendCommitNavigationTime.MainFrame recorded 1 samples, mean = 0.0 (flags = 0x41)
0  -O                                                                        (1 = 100.0%)
1  ... 

Histogram: Navigation.StartToCommit recorded 3 samples, mean = 2600.0 (flags = 0x41)
0     --O                                                                       (2 = 66.7%)
1     ... 
6296  -O                                                                        (1 = 33.3%) {66.7%}
8000  ... 

Histogram: Navigation.StartToCommit.CrossProcess recorded 1 samples, mean = 7800.0 (flags = 0x41)
0     ... 
6296  -O                                                                        (1 = 100.0%) {0.0%}
8000  ... 

Histogram: Navigation.StartToCommit.CrossProcess.ForegroundProcessPriority recorded 1 samples, mean = 7800.0 (flags = 0x41)
0     ... 
6296  -O                                                                        (1 = 100.0%) {0.0%}
8000  ... 

Histogram: Navigation.StartToCommit.CrossProcess.MainFrame recorded 1 samples, mean = 7800.0 (flags = 0x41)
0     ... 
6296  -O                                                                        (1 = 100.0%) {0.0%}
8000  ... 

Histogram: Navigation.StartToCommit.CrossProcess.MainFrame.ForegroundProcessPriority recorded 1 samples, mean = 7800.0 (flags = 0x41)
0     ... 
6296  -O                                                                        (1 = 100.0%) {0.0%}
8000  ... 

Histogram: Navigation.StartToCommit.CrossProcess.MainFrame.NewNavigation recorded 1 samples, mean = 7800.0 (flags = 0x41)
0     ... 
6296  -O                                                                        (1 = 100.0%) {0.0%}
8000  ... 

Histogram: Navigation.StartToCommit.CrossProcess.NewNavigation recorded 1 samples, mean = 7800.0 (flags = 0x41)
0     ... 
6296  -O                                                                        (1 = 100.0%) {0.0%}
8000  ... 

Histogram: Navigation.StartToCommit.ForegroundProcessPriority recorded 3 samples, mean = 2600.0 (flags = 0x41)
0     --O                                                                       (2 = 66.7%)
1     ... 
6296  -O                                                                        (1 = 33.3%) {66.7%}
8000  ... 

Histogram: Navigation.StartToCommit.MainFrame recorded 1 samples, mean = 7800.0 (flags = 0x41)
0     ... 
6296  -O                                                                        (1 = 100.0%) {0.0%}
8000  ... 

Histogram: Navigation.StartToCommit.MainFrame.ForegroundProcessPriority recorded 1 samples, mean = 7800.0 (flags = 0x41)
0     ... 
6296  -O                                                                        (1 = 100.0%) {0.0%}
8000  ... 

Histogram: Navigation.StartToCommit.MainFrame.NewNavigation recorded 1 samples, mean = 7800.0 (flags = 0x41)
0     ... 
6296  -O                                                                        (1 = 100.0%) {0.0%}
8000  ... 

Histogram: Navigation.StartToCommit.NewNavigation recorded 3 samples, mean = 2600.0 (flags = 0x41)
0     --O                                                                       (2 = 66.7%)
1     ... 
6296  -O                                                                        (1 = 33.3%) {66.7%}
8000  ... 

Histogram: Navigation.StartToCommit.SameProcess recorded 2 samples, mean = 0.0 (flags = 0x41)
0  --O                                                                       (2 = 100.0%)
1  ... 

Histogram: Navigation.StartToCommit.SameProcess.ForegroundProcessPriority recorded 2 samples, mean = 0.0 (flags = 0x41)
0  --O                                                                       (2 = 100.0%)
1  ... 

Histogram: Navigation.StartToCommit.SameProcess.NewNavigation recorded 2 samples, mean = 0.0 (flags = 0x41)
0  --O                                                                       (2 = 100.0%)
1  ... 

Histogram: Navigation.StartToCommit.SameProcess.Subframe recorded 2 samples, mean = 0.0 (flags = 0x41)
0  --O                                                                       (2 = 100.0%)
1  ... 

Histogram: Navigation.StartToCommit.SameProcess.Subframe.ForegroundProcessPriority recorded 2 samples, mean = 0.0 (flags = 0x41)
0  --O                                                                       (2 = 100.0%)
1  ... 

Histogram: Navigation.StartToCommit.SameProcess.Subframe.NewNavigation recorded 2 samples, mean = 0.0 (flags = 0x41)
0  --O                                                                       (2 = 100.0%)
1  ... 

Histogram: Navigation.StartToCommit.Subframe recorded 2 samples, mean = 0.0 (flags = 0x41)
0  --O                                                                       (2 = 100.0%)
1  ... 

Histogram: Navigation.StartToCommit.Subframe.ForegroundProcessPriority recorded 2 samples, mean = 0.0 (flags = 0x41)
0  --O                                                                       (2 = 100.0%)
1  ... 

Histogram: Navigation.StartToCommit.Subframe.NewNavigation recorded 2 samples, mean = 0.0 (flags = 0x41)
0  --O                                                                       (2 = 100.0%)
1  ... 

Histogram: Navigation.SuddenTerminationDisabler.AllOrigins recorded 1 samples, mean = 13.0 (flags = 0x41)
0   ... 
13  -O                                                                        (1 = 100.0%) {0.0%}
14  ... 

Histogram: Navigation.SuddenTerminationDisabler.SameOrigin recorded 1 samples, mean = 13.0 (flags = 0x41)
0   ... 
13  -O                                                                        (1 = 100.0%) {0.0%}
14  ... 

Histogram: Navigation.SwapRFHToCompositorCreation recorded 1 samples, mean = 336.0 (flags = 0x41)
0    ... 
288  -O                                                                        (1 = 100.0%) {0.0%}
375  ... 

Histogram: Navigation.ThrottleCount recorded 2 samples, mean = 20.0 (flags = 0x41)
0   ... 
20  --O                                                                       (2 = 100.0%) {0.0%}
21  ... 

Histogram: Navigation.ThrottleEventDurationTime.WillProcessResponse recorded 1 samples, mean = 0.0 (flags = 0x41)
0  -O                                                                        (1 = 100.0%)
1  ... 

Histogram: Navigation.ThrottleEventDurationTime.WillRedirectRequest recorded 1 samples, mean = 0.0 (flags = 0x41)
0  -O                                                                        (1 = 100.0%)
1  ... 

Histogram: Navigation.ThrottleEventDurationTime.WillStartRequest recorded 2 samples, mean = 3.0 (flags = 0x41)
0  O                                                                         (0 = 0.0%)
1  -O                                                                        (1 = 50.0%) {0.0%}
2  ... 
5  -O                                                                        (1 = 50.0%) {50.0%}
6  ... 

Histogram: Navigation.ThrottleEventExecutionTime.WillProcessResponse recorded 1 samples, mean = 0.0 (flags = 0x41)
0  -O                                                                        (1 = 100.0%)
1  ... 

Histogram: Navigation.ThrottleEventExecutionTime.WillRedirectRequest recorded 1 samples, mean = 0.0 (flags = 0x41)
0  -O                                                                        (1 = 100.0%)
1  ... 

Histogram: Navigation.ThrottleEventExecutionTime.WillStartRequest recorded 2 samples, mean = 3.0 (flags = 0x41)
0  O                                                                         (0 = 0.0%)
1  -O                                                                        (1 = 50.0%) {0.0%}
2  ... 
5  -O                                                                        (1 = 50.0%) {50.0%}
6  ... 

Histogram: Navigation.ThrottleExecutionTime.WillProcessResponse recorded 20 samples, mean = 0.0 (flags = 0x41)
0  --------------------O                                                     (20 = 100.0%)
1  ... 

Histogram: Navigation.ThrottleExecutionTime.WillRedirectRequest recorded 20 samples, mean = 0.0 (flags = 0x41)
0  --------------------O                                                     (20 = 100.0%)
1  ... 

Histogram: Navigation.ThrottleExecutionTime.WillStartRequest recorded 40 samples, mean = 0.1 (flags = 0x41)
0  --------------------------------------O                                   (38 = 95.0%)
1  -O                                                                        (1 = 2.5%) {95.0%}
2  O                                                                         (0 = 0.0%) {97.5%}
3  -O                                                                        (1 = 2.5%) {97.5%}
4  ... 

Histogram: Navigation.ThrottleTotalDeferCount recorded 5 samples, mean = 0.0 (flags = 0x41)
0  -----O                                                                    (5 = 100.0%)
1  ... 

Histogram: Navigation.ThrottleTotalDeferCount.Request recorded 5 samples, mean = 0.0 (flags = 0x41)
0  -----O                                                                    (5 = 100.0%)
1  ... 

Histogram: Navigation.ThrottleTotalDeferTime recorded 5 samples, mean = 0.0 (flags = 0x41)
0  -----O                                                                    (5 = 100.0%)
1  ... 

Histogram: Navigation.ThrottleTotalDeferTime.Request recorded 5 samples, mean = 0.0 (flags = 0x41)
0  -----O                                                                    (5 = 100.0%)
1  ... 

Histogram: Navigation.Throttles.PolicyBlocklist.DeferDurationTime recorded 2 samples, mean = 0.0 (flags = 0x41)
0  --O                                                                       (2 = 100.0%)
1  ... 

Histogram: Navigation.Throttles.PolicyBlocklist.RequestThrottleAction recorded 2 samples, mean = 2.5 (flags = 0x41)
0  O                                                                         (0 = 0.0%)
1  -O                                                                        (1 = 50.0%) {0.0%}
2  ... 
4  -O                                                                        (1 = 50.0%) {50.0%}
5  ... 

Histogram: Navigation.Throttles.PolicyBlocklist.RequestToResponseTime recorded 1 samples, mean = 0.0 (flags = 0x41)
0  -O                                                                        (1 = 100.0%)
1  ... 

Histogram: Navigation.TimeToReadyToCommit2 recorded 1 samples, mean = 7468.0 (flags = 0x41)
0     ... 
6296  -O                                                                        (1 = 100.0%) {0.0%}
8000  ... 

Histogram: Navigation.TimeToReadyToCommit2.CrossProcess recorded 1 samples, mean = 7468.0 (flags = 0x41)
0     ... 
6296  -O                                                                        (1 = 100.0%) {0.0%}
8000  ... 

Histogram: Navigation.TimeToReadyToCommit2.CrossProcess.NewNavigation recorded 1 samples, mean = 7468.0 (flags = 0x41)
0     ... 
6296  -O                                                                        (1 = 100.0%) {0.0%}
8000  ... 

Histogram: Navigation.TimeToReadyToCommit2.MainFrame recorded 1 samples, mean = 7468.0 (flags = 0x41)
0     ... 
6296  -O                                                                        (1 = 100.0%) {0.0%}
8000  ... 

Histogram: Navigation.TimeToReadyToCommit2.MainFrame.NewNavigation recorded 1 samples, mean = 7468.0 (flags = 0x41)
0     ... 
6296  -O                                                                        (1 = 100.0%) {0.0%}
8000  ... 

Histogram: Navigation.TimeToReadyToCommit2.NewNavigation recorded 1 samples, mean = 7468.0 (flags = 0x41)
0     ... 
6296  -O                                                                        (1 = 100.0%) {0.0%}
8000  ... 

Histogram: Navigation.Unload recorded 1 samples, mean = 0.0 (flags = 0x41)
0  -O                                                                        (1 = 100.0%)
1  ... 

Histogram: Navigation.UserAgentStringType recorded 4 samples, mean = 1.0 (flags = 0x41)
0  O                                                                         (0 = 0.0%)
1  ----O                                                                     (4 = 100.0%) {0.0%}
2  ... 

Histogram: Navigation.WillStartRequestToLoaderStart.MainFrame recorded 2 samples, mean = 5.0 (flags = 0x41)
0  O                                                                         (0 = 0.0%)
1  -O                                                                        (1 = 50.0%) {0.0%}
2  ... 
8  -O                                                                        (1 = 50.0%) {50.0%}
10 ... 

Histogram: NavigationPredictor.SearchEnginePreconnector.IsBrowserAppLikelyInForeground recorded 611 samples, mean = 0.0 (flags = 0x41)
0  ------------------------------------------------------------------------O (608 = 99.5%)
1  O                                                                         (3 = 0.5%) {99.5%}
2  O                                                                         (0 = 0.0%) {100.0%}

Histogram: NavigationSuggestion.GetDomainInfoDelayBeforeAllowingNavigation recorded 1 samples, mean = 0.0 (flags = 0x41)
0  -O                                                                        (1 = 100.0%)
1  ... 

Histogram: NavigationSuggestion.IsLookalikeUrlDelayBeforeAllowingNavigation recorded 1 samples, mean = 0.0 (flags = 0x41)
0  -O                                                                        (1 = 100.0%)
1  ... 

Histogram: NavigationSuggestion.PerformChecksDelayBeforeAllowingNavigation recorded 1 samples, mean = 0.0 (flags = 0x41)
0  -O                                                                        (1 = 100.0%)
1  ... 

Histogram: Net.AlternateProtocolBrokenLocation recorded 5 samples, mean = 2.0 (flags = 0x41)
0  ... 
2  -----O                                                                    (5 = 100.0%) {0.0%}
3  ... 

Histogram: Net.AlternateProtocolUsage recorded 451 samples, mean = 5.5 (flags = 0x41)
0  ... 
3  O                                                                         (1 = 0.2%) {0.0%}
4  ------------------------------------------------------------------------O (229 = 50.8%) {0.2%}
5  ... 
7  ---------------------------------------------------------------------O    (221 = 49.0%) {51.0%}
8  O                                                                         (0 = 0.0%) {100.0%}

Histogram: Net.AlternateProtocolUsageGoogle recorded 430 samples, mean = 5.4 (flags = 0x41)
0  ... 
4  ------------------------------------------------------------------------O (224 = 52.1%) {0.0%}
5  ... 
7  ------------------------------------------------------------------O       (206 = 47.9%) {52.1%}
8  O                                                                         (0 = 0.0%) {100.0%}

Histogram: Net.AlternateServiceFailed recorded 5 samples (flags = 0x41)
336  -----O                                                                    (5 = 100.0%)

Histogram: Net.AlternativeServiceTypeForRequest recorded 250 samples, mean = 0.0 (flags = 0x41)
0  ------------------------------------------------------------------------O (244 = 97.6%)
1  --O                                                                       (6 = 2.4%) {97.6%}
2  ... 

Histogram: Net.CertVerifier.PathBuilderIterationCount recorded 27 samples, mean = 2.0 (flags = 0x41)
0  ... 
2  ---------------------------O                                              (27 = 100.0%) {0.0%}
3  ... 

Histogram: Net.CertVerifier_First_Job_Latency recorded 1 samples, mean = 489.0 (flags = 0x41)
0    ... 
446  -O                                                                        (1 = 100.0%) {0.0%}
505  ... 

Histogram: Net.CertVerifier_Job_Latency recorded 27 samples, mean = 249.9 (flags = 0x41)
0    ... 
16   -O                                                                        (1 = 3.7%) {0.0%}
18   ... 
23   ---O                                                                      (3 = 11.1%) {3.7%}
26   -O                                                                        (1 = 3.7%) {14.8%}
29   -O                                                                        (1 = 3.7%) {18.5%}
33   --O                                                                       (2 = 7.4%) {22.2%}
37   ... 
48   -O                                                                        (1 = 3.7%) {29.6%}
54   ... 
69   ---O                                                                      (3 = 11.1%) {33.3%}
78   ... 
145  --O                                                                       (2 = 7.4%) {44.4%}
164  ... 
307  -O                                                                        (1 = 3.7%) {51.9%}
348  -O                                                                        (1 = 3.7%) {55.6%}
394  ---O                                                                      (3 = 11.1%) {59.3%}
446  ------O                                                                   (6 = 22.2%) {70.4%}
505  --O                                                                       (2 = 7.4%) {92.6%}
572  ... 

Histogram: Net.Certificate.TrustAnchor.Request recorded 220 samples (flags = 0x41)
200  O                                                                         (1 = 0.5%)
210  -O                                                                        (4 = 1.8%)
486  ------------------------------------------------------------------------O (215 = 97.7%)

Histogram: Net.Certificate.TrustAnchor.Verify recorded 27 samples (flags = 0x41)
200  -O                                                                        (1 = 3.7%)
210  --O                                                                       (2 = 7.4%)
486  ------------------------O                                                 (24 = 88.9%)

Histogram: Net.ConnectionInfo.MainFrame recorded 1 samples, mean = 4.0 (flags = 0x41)
0  ... 
4  -O                                                                        (1 = 100.0%) {0.0%}
5  ... 

Histogram: Net.ConnectionInfo.SubResource recorded 12 samples, mean = 3.8 (flags = 0x41)
0  O                                                                         (0 = 0.0%)
1  -O                                                                        (1 = 8.3%) {0.0%}
2  ... 
4  -----------O                                                              (11 = 91.7%) {8.3%}
5  ... 

Histogram: Net.ContentEncodingType recorded 254 samples, mean = 0.2 (flags = 0x41)
0  ------------------------------------------------------------------------O (216 = 85.0%)
1  -----------O                                                              (34 = 13.4%) {85.0%}
2  -O                                                                        (4 = 1.6%) {98.4%}
3  ... 

Histogram: Net.Cors.AccessCheckResult recorded 10 samples, mean = 0.0 (flags = 0x41)
0  ----------O                                                               (10 = 100.0%)
1  ... 

Histogram: Net.CountOfBrokenAlternativeServices recorded 1 samples, mean = 1.0 (flags = 0x41)
0  O                                                                         (0 = 0.0%)
1  -O                                                                        (1 = 100.0%) {0.0%}
2  ... 

Histogram: Net.CountOfQuicServerInfos recorded 1 samples, mean = 0.0 (flags = 0x41)
0  -O                                                                        (1 = 100.0%)
1  ... 

Histogram: Net.CountOfRecentlyBrokenAlternativeServices recorded 1 samples, mean = 6.0 (flags = 0x41)
0  ... 
6  -O                                                                        (1 = 100.0%) {0.0%}
7  ... 

Histogram: Net.DNS.DnsConfig.DnsClientCapability recorded 221 samples, mean = 1.0 (flags = 0x41)
0  O                                                                         (0 = 0.0%)
1  ------------------------------------------------------------------------O (221 = 100.0%) {0.0%}
2  ... 

Histogram: Net.DNS.DnsConfig.SecureDnsMode recorded 1 samples, mean = 4.0 (flags = 0x41)
0  ... 
4  -O                                                                        (1 = 100.0%) {0.0%}
5  ... 

Histogram: Net.DNS.DnsConfig.Windows.Compatibility recorded 22 samples, mean = 0.0 (flags = 0x41)
0  ----------------------O                                                   (22 = 100.0%)
1  ... 

Histogram: Net.DNS.DnsConfig.Windows.ReadSystemSettings0 recorded 22 samples, mean = 0.0 (flags = 0x41)
0  ----------------------O                                                   (22 = 100.0%)
1  ... 

Histogram: Net.DNS.DnsHosts.Count recorded 2 samples, mean = 0.0 (flags = 0x41)
0  --O                                                                       (2 = 100.0%)
1  ... 

Histogram: Net.DNS.DnsHosts.EstimateMemoryUsage recorded 2 samples, mean = 0.0 (flags = 0x41)
0  --O                                                                       (2 = 100.0%)
1000... 

Histogram: Net.DNS.DnsHosts.FileSize recorded 2 samples, mean = 822.0 (flags = 0x41)
0    ... 
737  --O                                                                       (2 = 100.0%) {0.0%}
1065 ... 

Histogram: Net.DNS.Request.TotalTime recorded 749 samples, mean = 0.0 (flags = 0x41)
0  ------------------------------------------------------------------------O (749 = 100.0%)
10 ... 

Histogram: Net.DNS.UpgradeConfig.HasPublicInsecureNameserver recorded 1 samples, mean = 0.0 (flags = 0x41)
0  -O                                                                        (1 = 100.0%)
1  ... 

Histogram: Net.DNS.UpgradeConfig.Ineligible.DohSpecified recorded 1 samples, mean = 0.0 (flags = 0x41)
0  -O                                                                        (1 = 100.0%)
1  ... 

Histogram: Net.DNS.UpgradeConfig.Ineligible.UnhandledOptions recorded 1 samples, mean = 0.0 (flags = 0x41)
0  -O                                                                        (1 = 100.0%)
1  ... 

Histogram: Net.DNS.UpgradeConfig.InsecureUpgradeSucceeded recorded 1 samples, mean = 0.0 (flags = 0x41)
0  -O                                                                        (1 = 100.0%)
1  ... 

Histogram: Net.DNS_Resolution_And_TCP_Connection_Latency2 recorded 221 samples, mean = 0.0 (flags = 0x41)
0  ------------------------------------------------------------------------O (216 = 97.7%)
1  -O                                                                        (3 = 1.4%) {97.7%}
2  O                                                                         (1 = 0.5%) {99.1%}
3  O                                                                         (1 = 0.5%) {99.5%}
4  ... 

Histogram: Net.ErrorCodesForMainFrame4 recorded 2 samples (flags = 0x41)
0  -O                                                                        (1 = 50.0%)
3  -O                                                                        (1 = 50.0%)

Histogram: Net.ErrorCodesForSubresources3 recorded 48 samples (flags = 0x41)
0  ------------------------------------------------O                         (48 = 100.0%)

Histogram: Net.HttpJob.BytesReceived2 recorded 239 samples, mean = 1649.0 (flags = 0x41)
0      -------O                                                                  (19 = 7.9%)
1      ... 
340    -O                                                                        (3 = 1.3%) {7.9%}
488    -O                                                                        (4 = 1.7%) {9.2%}
700    O                                                                         (1 = 0.4%) {10.9%}
1004   ------------------------------------------------------------------------O (205 = 85.8%) {11.3%}
1440   ... 
2961   -O                                                                        (4 = 1.7%) {97.1%}
4246   ... 
8732   O                                                                         (1 = 0.4%) {98.7%}
12523  O                                                                         (0 = 0.0%) {99.2%}
17959  O                                                                         (1 = 0.4%) {99.2%}
25755  ... 
75961  O                                                                         (1 = 0.4%) {99.6%}
108935 ... 

Histogram: Net.HttpJob.BytesSent2 recorded 239 samples, mean = 1297.5 (flags = 0x41)
0      --------O                                                                 (19 = 7.9%)
1      ... 
56     -O                                                                        (2 = 0.8%) {7.9%}
80     ... 
165    -O                                                                        (2 = 0.8%) {8.8%}
237    O                                                                         (0 = 0.0%) {9.6%}
340    --O                                                                       (4 = 1.7%) {9.6%}
488    --O                                                                       (5 = 2.1%) {11.3%}
700    -O                                                                        (2 = 0.8%) {13.4%}
1004   --------------O                                                           (33 = 13.8%) {14.2%}
1440   ------------------------------------------------------------------------O (171 = 71.5%) {28.0%}
2065   ... 
12523  O                                                                         (1 = 0.4%) {99.6%}
17959  ... 

Histogram: Net.HttpJob.PrefilterBytesRead recorded 276 samples, mean = 5821.3 (flags = 0x41)
0       --------O                                                                 (24 = 8.7%)
1       ... 
13      O                                                                         (1 = 0.4%) {8.7%}
19      O                                                                         (1 = 0.4%) {9.1%}
27      O                                                                         (0 = 0.0%) {9.4%}
39      O                                                                         (1 = 0.4%) {9.4%}
56      O                                                                         (1 = 0.4%) {9.8%}
80      O                                                                         (1 = 0.4%) {10.1%}
115     O                                                                         (0 = 0.0%) {10.5%}
165     O                                                                         (1 = 0.4%) {10.5%}
237     O                                                                         (0 = 0.0%) {10.9%}
340     O                                                                         (1 = 0.4%) {10.9%}
488     -O                                                                        (4 = 1.4%) {11.2%}
700     -O                                                                        (4 = 1.4%) {12.7%}
1004    ------------------------------------------------------------------------O (205 = 74.3%) {14.1%}
1440    -O                                                                        (2 = 0.7%) {88.4%}
2065    -O                                                                        (2 = 0.7%) {89.1%}
2961    -O                                                                        (2 = 0.7%) {89.9%}
4246    -O                                                                        (2 = 0.7%) {90.6%}
6089    O                                                                         (1 = 0.4%) {91.3%}
8732    -O                                                                        (3 = 1.1%) {91.7%}
12523   O                                                                         (0 = 0.0%) {92.8%}
17959   --O                                                                       (6 = 2.2%) {92.8%}
25755   -O                                                                        (2 = 0.7%) {94.9%}
36935   -O                                                                        (4 = 1.4%) {95.7%}
52968   O                                                                         (0 = 0.0%) {97.1%}
75961   --O                                                                       (5 = 1.8%) {97.1%}
108935  -O                                                                        (2 = 0.7%) {98.9%}
156223  O                                                                         (1 = 0.4%) {99.6%}
224038  ... 

Histogram: Net.HttpJob.PrefilterBytesRead.Cache recorded 40 samples, mean = 31446.5 (flags = 0x41)
0       -O                                                                        (1 = 2.5%)
1       ... 
165     -O                                                                        (1 = 2.5%) {2.5%}
237     O                                                                         (0 = 0.0%) {5.0%}
340     -O                                                                        (1 = 2.5%) {5.0%}
488     ----O                                                                     (4 = 10.0%) {7.5%}
700     ----O                                                                     (4 = 10.0%) {17.5%}
1004    -O                                                                        (1 = 2.5%) {27.5%}
1440    --O                                                                       (2 = 5.0%) {30.0%}
2065    -O                                                                        (1 = 2.5%) {35.0%}
2961    --O                                                                       (2 = 5.0%) {37.5%}
4246    --O                                                                       (2 = 5.0%) {42.5%}
6089    -O                                                                        (1 = 2.5%) {47.5%}
8732    --O                                                                       (2 = 5.0%) {50.0%}
12523   O                                                                         (0 = 0.0%) {55.0%}
17959   -----O                                                                    (5 = 12.5%) {55.0%}
25755   --O                                                                       (2 = 5.0%) {67.5%}
36935   ----O                                                                     (4 = 10.0%) {72.5%}
52968   O                                                                         (0 = 0.0%) {82.5%}
75961   ----O                                                                     (4 = 10.0%) {82.5%}
108935  --O                                                                       (2 = 5.0%) {92.5%}
156223  -O                                                                        (1 = 2.5%) {97.5%}
224038  ... 

Histogram: Net.HttpJob.PrefilterBytesRead.Net recorded 236 samples, mean = 1478.1 (flags = 0x41)
0      --------O                                                                 (23 = 9.7%)
1      ... 
13     O                                                                         (1 = 0.4%) {9.7%}
19     O                                                                         (1 = 0.4%) {10.2%}
27     O                                                                         (0 = 0.0%) {10.6%}
39     O                                                                         (1 = 0.4%) {10.6%}
56     O                                                                         (1 = 0.4%) {11.0%}
80     O                                                                         (1 = 0.4%) {11.4%}
115    ... 
1004   ------------------------------------------------------------------------O (204 = 86.4%) {11.9%}
1440   O                                                                         (0 = 0.0%) {98.3%}
2065   O                                                                         (1 = 0.4%) {98.3%}
2961   ... 
8732   O                                                                         (1 = 0.4%) {98.7%}
12523  O                                                                         (0 = 0.0%) {99.2%}
17959  O                                                                         (1 = 0.4%) {99.2%}
25755  ... 
75961  O                                                                         (1 = 0.4%) {99.6%}
108935 ... 

Histogram: Net.HttpJob.ProxyTypeFailed recorded 19 samples, mean = 4.0 (flags = 0x41)
0  ... 
4  -------------------O                                                      (19 = 100.0%) {0.0%}
5  ... 

Histogram: Net.HttpJob.ProxyTypeSuccess recorded 221 samples, mean = 4.0 (flags = 0x41)
0  ... 
4  ------------------------------------------------------------------------O (221 = 100.0%) {0.0%}
5  ... 

Histogram: Net.HttpJob.TotalTime recorded 276 samples, mean = 1437.5 (flags = 0x41)
0      -O                                                                        (1 = 0.4%)
1      ---O                                                                      (3 = 1.1%) {0.4%}
2      -O                                                                        (1 = 0.4%) {1.4%}
3      ... 
6      ----O                                                                     (4 = 1.4%) {1.8%}
7      -----O                                                                    (5 = 1.8%) {3.3%}
8      -----O                                                                    (5 = 1.8%) {5.1%}
10     -O                                                                        (1 = 0.4%) {6.9%}
12     ------------O                                                             (12 = 4.3%) {7.2%}
14     -O                                                                        (1 = 0.4%) {11.6%}
17     -O                                                                        (1 = 0.4%) {12.0%}
20     ---O                                                                      (3 = 1.1%) {12.3%}
24     ... 
114    -O                                                                        (1 = 0.4%) {13.4%}
135    -O                                                                        (1 = 0.4%) {13.8%}
160    ... 
226    -O                                                                        (1 = 0.4%) {14.1%}
268    O                                                                         (0 = 0.0%) {14.5%}
318    --O                                                                       (2 = 0.7%) {14.5%}
378    --------O                                                                 (8 = 2.9%) {15.2%}
449    -----------O                                                              (11 = 4.0%) {18.1%}
533    -----------------------O                                                  (23 = 8.3%) {22.1%}
633    ------------------O                                                       (18 = 6.5%) {30.4%}
752    -----------------------O                                                  (23 = 8.3%) {37.0%}
894    ---------------------------------------------------O                      (51 = 18.5%) {45.3%}
1062   ----------------------------------------------------------------------O   (70 = 25.4%) {63.8%}
1262   ---O                                                                      (3 = 1.1%) {89.1%}
1500   -------O                                                                  (7 = 2.5%) {90.2%}
1782   ... 
3553   -O                                                                        (1 = 0.4%) {92.8%}
4222   ... 
10000  -------------------O                                                      (19 = 6.9%) {93.1%}

Histogram: Net.HttpJob.TotalTime.TLS13.Google recorded 205 samples, mean = 967.8 (flags = 0x41)
0     ... 
378   -----O                                                                    (5 = 2.4%) {0.0%}
449   ----------O                                                               (10 = 4.9%) {2.4%}
533   ---------------------O                                                    (21 = 10.2%) {7.3%}
633   ------------------O                                                       (18 = 8.8%) {17.6%}
752   ---------------------O                                                    (21 = 10.2%) {26.3%}
894   --------------------------------------------------O                       (50 = 24.4%) {36.6%}
1062  ----------------------------------------------------------------------O   (70 = 34.1%) {61.0%}
1262  --O                                                                       (2 = 1.0%) {95.1%}
1500  -------O                                                                  (7 = 3.4%) {96.1%}
1782  ... 
3553  -O                                                                        (1 = 0.5%) {99.5%}
4222  ... 

Histogram: Net.HttpJob.TotalTimeCached recorded 40 samples, mean = 55.5 (flags = 0x41)
0    -O                                                                        (1 = 2.5%)
1    ---O                                                                      (3 = 7.5%) {2.5%}
2    -O                                                                        (1 = 2.5%) {10.0%}
3    ... 
6    ----O                                                                     (4 = 10.0%) {12.5%}
7    -----O                                                                    (5 = 12.5%) {22.5%}
8    -----O                                                                    (5 = 12.5%) {35.0%}
10   -O                                                                        (1 = 2.5%) {47.5%}
12   ------------O                                                             (12 = 30.0%) {50.0%}
14   -O                                                                        (1 = 2.5%) {80.0%}
17   -O                                                                        (1 = 2.5%) {82.5%}
20   ---O                                                                      (3 = 7.5%) {85.0%}
24   ... 
378  -O                                                                        (1 = 2.5%) {92.5%}
449  O                                                                         (0 = 0.0%) {95.0%}
533  -O                                                                        (1 = 2.5%) {95.0%}
633  O                                                                         (0 = 0.0%) {97.5%}
752  -O                                                                        (1 = 2.5%) {97.5%}
894  ... 

Histogram: Net.HttpJob.TotalTimeCancel recorded 20 samples, mean = 9551.5 (flags = 0x41)
0      ... 
894    -O                                                                        (1 = 5.0%) {0.0%}
1062   ... 
10000  -------------------O                                                      (19 = 95.0%) {5.0%}

Histogram: Net.HttpJob.TotalTimeNotCached recorded 236 samples, mean = 1671.8 (flags = 0x41)
0      ... 
114    -O                                                                        (1 = 0.4%) {0.0%}
135    -O                                                                        (1 = 0.4%) {0.4%}
160    ... 
226    -O                                                                        (1 = 0.4%) {0.8%}
268    O                                                                         (0 = 0.0%) {1.3%}
318    --O                                                                       (2 = 0.8%) {1.3%}
378    -------O                                                                  (7 = 3.0%) {2.1%}
449    -----------O                                                              (11 = 4.7%) {5.1%}
533    ----------------------O                                                   (22 = 9.3%) {9.7%}
633    ------------------O                                                       (18 = 7.6%) {19.1%}
752    ----------------------O                                                   (22 = 9.3%) {26.7%}
894    ---------------------------------------------------O                      (51 = 21.6%) {36.0%}
1062   ----------------------------------------------------------------------O   (70 = 29.7%) {57.6%}
1262   ---O                                                                      (3 = 1.3%) {87.3%}
1500   -------O                                                                  (7 = 3.0%) {88.6%}
1782   ... 
3553   -O                                                                        (1 = 0.4%) {91.5%}
4222   ... 
10000  -------------------O                                                      (19 = 8.1%) {91.9%}

Histogram: Net.HttpJob.TotalTimeSuccess recorded 256 samples, mean = 803.6 (flags = 0x41)
0     -O                                                                        (1 = 0.4%)
1     ---O                                                                      (3 = 1.2%) {0.4%}
2     -O                                                                        (1 = 0.4%) {1.6%}
3     ... 
6     ----O                                                                     (4 = 1.6%) {2.0%}
7     -----O                                                                    (5 = 2.0%) {3.5%}
8     -----O                                                                    (5 = 2.0%) {5.5%}
10    -O                                                                        (1 = 0.4%) {7.4%}
12    ------------O                                                             (12 = 4.7%) {7.8%}
14    -O                                                                        (1 = 0.4%) {12.5%}
17    -O                                                                        (1 = 0.4%) {12.9%}
20    ---O                                                                      (3 = 1.2%) {13.3%}
24    ... 
114   -O                                                                        (1 = 0.4%) {14.5%}
135   -O                                                                        (1 = 0.4%) {14.8%}
160   ... 
226   -O                                                                        (1 = 0.4%) {15.2%}
268   O                                                                         (0 = 0.0%) {15.6%}
318   --O                                                                       (2 = 0.8%) {15.6%}
378   --------O                                                                 (8 = 3.1%) {16.4%}
449   -----------O                                                              (11 = 4.3%) {19.5%}
533   -----------------------O                                                  (23 = 9.0%) {23.8%}
633   ------------------O                                                       (18 = 7.0%) {32.8%}
752   -----------------------O                                                  (23 = 9.0%) {39.8%}
894   --------------------------------------------------O                       (50 = 19.5%) {48.8%}
1062  ----------------------------------------------------------------------O   (70 = 27.3%) {68.4%}
1262  ---O                                                                      (3 = 1.2%) {95.7%}
1500  -------O                                                                  (7 = 2.7%) {96.9%}
1782  ... 
3553  -O                                                                        (1 = 0.4%) {99.6%}
4222  ... 

Histogram: Net.HttpJob.TotalTimeSuccess.Priority1 recorded 205 samples, mean = 964.7 (flags = 0x41)
0     ... 
318   -O                                                                        (1 = 0.5%) {0.0%}
378   -----O                                                                    (5 = 2.4%) {0.5%}
449   ----------O                                                               (10 = 4.9%) {2.9%}
533   ---------------------O                                                    (21 = 10.2%) {7.8%}
633   ------------------O                                                       (18 = 8.8%) {18.0%}
752   ---------------------O                                                    (21 = 10.2%) {26.8%}
894   -------------------------------------------------O                        (49 = 23.9%) {37.1%}
1062  ----------------------------------------------------------------------O   (70 = 34.1%) {61.0%}
1262  --O                                                                       (2 = 1.0%) {95.1%}
1500  -------O                                                                  (7 = 3.4%) {96.1%}
1782  ... 
3553  -O                                                                        (1 = 0.5%) {99.5%}
4222  ... 

Histogram: Net.HttpJob.TotalTimeSuccess.Priority2 recorded 29 samples, mean = 100.7 (flags = 0x41)
0     O                                                                         (0 = 0.0%)
1     --O                                                                       (2 = 6.9%) {0.0%}
2     -O                                                                        (1 = 3.4%) {6.9%}
3     ... 
6     ---O                                                                      (3 = 10.3%) {10.3%}
7     ----O                                                                     (4 = 13.8%) {20.7%}
8     O                                                                         (0 = 0.0%) {34.5%}
10    -O                                                                        (1 = 3.4%) {34.5%}
12    ----------O                                                               (10 = 34.5%) {37.9%}
14    -O                                                                        (1 = 3.4%) {72.4%}
17    -O                                                                        (1 = 3.4%) {75.9%}
20    -O                                                                        (1 = 3.4%) {79.3%}
24    ... 
114   -O                                                                        (1 = 3.4%) {82.8%}
135   -O                                                                        (1 = 3.4%) {86.2%}
160   ... 
318   -O                                                                        (1 = 3.4%) {89.7%}
378   ... 
752   -O                                                                        (1 = 3.4%) {93.1%}
894   ... 
1262  -O                                                                        (1 = 3.4%) {96.6%}
1500  ... 

Histogram: Net.HttpJob.TotalTimeSuccess.Priority3 recorded 1 samples, mean = 617.0 (flags = 0x41)
0    ... 
533  -O                                                                        (1 = 100.0%) {0.0%}
633  ... 

Histogram: Net.HttpJob.TotalTimeSuccess.Priority4 recorded 7 samples, mean = 460.7 (flags = 0x41)
0    ... 
6    -O                                                                        (1 = 14.3%) {0.0%}
7    ... 
226  -O                                                                        (1 = 14.3%) {14.3%}
268  ... 
378  --O                                                                       (2 = 28.6%) {28.6%}
449  -O                                                                        (1 = 14.3%) {57.1%}
533  ... 
752  -O                                                                        (1 = 14.3%) {71.4%}
894  -O                                                                        (1 = 14.3%) {85.7%}
1062 ... 

Histogram: Net.HttpJob.TotalTimeSuccess.Priority5 recorded 14 samples, mean = 85.2 (flags = 0x41)
0    -O                                                                        (1 = 7.1%)
1    -O                                                                        (1 = 7.1%) {7.1%}
2    ... 
7    -O                                                                        (1 = 7.1%) {14.3%}
8    -----O                                                                    (5 = 35.7%) {21.4%}
10   O                                                                         (0 = 0.0%) {57.1%}
12   --O                                                                       (2 = 14.3%) {57.1%}
14   ... 
20   --O                                                                       (2 = 14.3%) {71.4%}
24   ... 
378  -O                                                                        (1 = 7.1%) {85.7%}
449  O                                                                         (0 = 0.0%) {92.9%}
533  -O                                                                        (1 = 7.1%) {92.9%}
633  ... 

Histogram: Net.HttpProxy.ConnectLatency.Insecure.Success recorded 221 samples, mean = 0.0 (flags = 0x41)
0  ------------------------------------------------------------------------O (216 = 97.7%)
1  -O                                                                        (3 = 1.4%) {97.7%}
2  O                                                                         (1 = 0.5%) {99.1%}
3  O                                                                         (1 = 0.5%) {99.5%}
4  ... 

Histogram: Net.HttpRequestSSLUpgradeDecision recorded 2 samples, mean = 5.0 (flags = 0x41)
0  ... 
5  --O                                                                       (2 = 100.0%) {0.0%}
6  O                                                                         (0 = 0.0%) {100.0%}

Histogram: Net.HttpRequestStsState recorded 2 samples, mean = 2.0 (flags = 0x41)
0  ... 
2  --O                                                                       (2 = 100.0%) {0.0%}
3  ... 

Histogram: Net.HttpResponseCode recorded 493 samples, mean = 285.7 (flags = 0x41)
0    ... 
200  ------------------------------------------------------------------------O (279 = 56.6%) {0.0%}
201  ... 
204  -O                                                                        (2 = 0.4%) {56.6%}
205  ... 
302  -O                                                                        (4 = 0.8%) {57.0%}
303  O                                                                         (0 = 0.0%) {57.8%}
304  -O                                                                        (3 = 0.6%) {57.8%}
305  ... 
308  O                                                                         (1 = 0.2%) {58.4%}
309  ... 
403  -----------------------------------------------------O                    (204 = 41.4%) {58.6%}
404  ... 

Histogram: Net.HttpTimeToFirstByte recorded 276 samples, mean = 1435.5 (flags = 0x41)
0     ------------------------------------O                                     (36 = 13.0%)
10    O                                                                         (0 = 0.0%) {13.0%}
12    -O                                                                        (1 = 0.4%) {13.0%}
15    ... 
113   --O                                                                       (2 = 0.7%) {13.4%}
139   ... 
210   -O                                                                        (1 = 0.4%) {14.1%}
258   O                                                                         (0 = 0.0%) {14.5%}
317   ---O                                                                      (3 = 1.1%) {14.5%}
389   -------------O                                                            (13 = 4.7%) {15.6%}
477   -------------O                                                            (13 = 4.7%) {20.3%}
585   ----------------------------O                                             (28 = 10.1%) {25.0%}
718   ---------------------------O                                              (27 = 9.8%) {35.1%}
881   ---------------------------------------------------------O                (57 = 20.7%) {44.9%}
1081  -------------------------------------------------------------------O      (67 = 24.3%) {65.6%}
1326  ------O                                                                   (6 = 2.2%) {89.9%}
1627  --O                                                                       (2 = 0.7%) {92.0%}
1996  ... 
3687  -O                                                                        (1 = 0.4%) {92.8%}
4524  ... 
8359  -------------------O                                                      (19 = 6.9%) {93.1%}
10257 ... 

Histogram: Net.HttpTimeToFirstByte.TLS13.Google recorded 205 samples, mean = 970.2 (flags = 0x41)
0     ... 
356   -----O                                                                    (6 = 2.9%) {0.0%}
452   ------------O                                                             (15 = 7.3%) {2.9%}
574   ------------------------O                                                 (30 = 14.6%) {10.2%}
729   -------------------O                                                      (24 = 11.7%) {24.9%}
926   ------------------------------------------------------------------------O (90 = 43.9%) {36.6%}
1177  --------------------------O                                               (32 = 15.6%) {80.5%}
1496  ------O                                                                   (7 = 3.4%) {96.1%}
1901  ... 
3069  -O                                                                        (1 = 0.5%) {99.5%}
3900  ... 

Histogram: Net.NetworkChangeNotifier.NewConnectionCost recorded 2 samples, mean = 1.0 (flags = 0x41)
0  O                                                                         (0 = 0.0%)
1  --O                                                                       (2 = 100.0%) {0.0%}
2  ... 

Histogram: Net.NetworkTransaction.RetryReason recorded 1 samples, mean = 7.0 (flags = 0x41)
0  ... 
7  -O                                                                        (1 = 100.0%) {0.0%}
8  ... 

Histogram: Net.NumQuicSessionsAtShutdown recorded 3 samples, mean = 0.0 (flags = 0x41)
0  ---O                                                                      (3 = 100.0%)
1  ... 

Histogram: Net.OnTransferSizeUpdated.Experimental.OverridenBy recorded 246 samples, mean = 3.0 (flags = 0x41)
0   O                                                                         (0 = 0.0%)
1   ------------------------------------------------------------------------O (219 = 89.0%) {0.0%}
2   ... 
11  ----O                                                                     (12 = 4.9%) {89.0%}
12  -O                                                                        (2 = 0.8%) {93.9%}
13  ... 
26  O                                                                         (1 = 0.4%) {94.7%}
27  O                                                                         (0 = 0.0%) {95.1%}
28  ----O                                                                     (12 = 4.9%) {95.1%}
29  ... 

Histogram: Net.QuicSession.CloseAllSessionsError recorded 3 samples (flags = 0x41)
3  ---O                                                                      (3 = 100.0%)

Histogram: Net.QuicSession.FinchConfigIsValid recorded 3 samples, mean = 1.0 (flags = 0x41)
0  O                                                                         (0 = 0.0%)
1  ---O                                                                      (3 = 100.0%) {0.0%}
2  O                                                                         (0 = 0.0%) {100.0%}

Histogram: Net.RestrictedCookieManager.GetCookiesString.Count30Seconds recorded 1225 samples, mean = 0.0 (flags = 0x41)
0  ------------------------------------------------------------------------O (1224 = 99.9%)
1  O                                                                         (0 = 0.0%) {99.9%}
2  O                                                                         (1 = 0.1%) {99.9%}
3  ... 

Histogram: Net.RestrictedCookieManager.SiteForCookiesOK recorded 2 samples, mean = 1.0 (flags = 0x41)
0  O                                                                         (0 = 0.0%)
1  --O                                                                       (2 = 100.0%) {0.0%}
2  O                                                                         (0 = 0.0%) {100.0%}

Histogram: Net.RestrictedCookieManager.TopFrameOriginOK recorded 2 samples, mean = 1.0 (flags = 0x41)
0  O                                                                         (0 = 0.0%)
1  --O                                                                       (2 = 100.0%) {0.0%}
2  O                                                                         (0 = 0.0%) {100.0%}

Histogram: Net.SSLHandshakeDetails recorded 183 samples, mean = 6.9 (flags = 0x41)
0  ... 
6  ------O                                                                   (15 = 8.2%) {0.0%}
7  ------------------------------------------------------------------------O (168 = 91.8%) {8.2%}
8  ... 

Histogram: Net.SSLNegotiatedAlpnProtocol recorded 183 samples, mean = 2.0 (flags = 0x41)
0  O                                                                         (0 = 0.0%)
1  O                                                                         (1 = 0.5%) {0.0%}
2  ------------------------------------------------------------------------O (182 = 99.5%) {0.5%}
3  ... 

Histogram: Net.SSLRenegotiationInfoSupported recorded 183 samples, mean = 1.0 (flags = 0x41)
0  O                                                                         (0 = 0.0%)
1  ------------------------------------------------------------------------O (183 = 100.0%) {0.0%}
2  O                                                                         (0 = 0.0%) {100.0%}

Histogram: Net.SSLSignatureAlgorithm recorded 183 samples (flags = 0x41)
1027  ------------------------------------------------------------------------O (180 = 98.4%)
2052  -O                                                                        (3 = 1.6%)

Histogram: Net.SSLVersion recorded 183 samples, mean = 6.0 (flags = 0x41)
0  ... 
6  ------------------------------------------------------------------------O (183 = 100.0%) {0.0%}
7  ... 

Histogram: Net.SSL_CipherSuite recorded 183 samples (flags = 0x41)
4865  -----O                                                                    (12 = 6.6%)
4866  ------------------------------------------------------------------------O (171 = 93.4%)

Histogram: Net.SSL_Connection_Error recorded 202 samples (flags = 0x41)
0    ------------------------------------------------------------------------O (183 = 90.6%)
100  -------O                                                                  (19 = 9.4%)

Histogram: Net.SSL_Connection_Latency_2 recorded 183 samples, mean = 474.5 (flags = 0x41)
0     ... 
221   -O                                                                        (2 = 1.1%) {0.0%}
244   -----------------------O                                                  (32 = 17.5%) {1.1%}
269   ------O                                                                   (9 = 4.9%) {18.6%}
297   ---O                                                                      (4 = 2.2%) {23.5%}
328   -O                                                                        (1 = 0.5%) {25.7%}
362   -O                                                                        (1 = 0.5%) {26.2%}
399   O                                                                         (0 = 0.0%) {26.8%}
440   --------O                                                                 (11 = 6.0%) {26.8%}
485   ------------------------------------------------------------------------O (100 = 54.6%) {32.8%}
535   ---O                                                                      (4 = 2.2%) {87.4%}
590   --O                                                                       (3 = 1.6%) {89.6%}
651   -----O                                                                    (7 = 3.8%) {91.3%}
718   -O                                                                        (1 = 0.5%) {95.1%}
792   ... 
964   -----O                                                                    (7 = 3.8%) {95.6%}
1064  ... 
1429  -O                                                                        (1 = 0.5%) {99.5%}
1577  ... 

Histogram: Net.SSL_KeyExchange.ECDHE recorded 183 samples (flags = 0x41)
29     ------------------------------------------------------------------------O (178 = 97.3%)
25497  --O                                                                       (5 = 2.7%)

Histogram: Net.SharedDictionaryStorageOnDisk.IsMetadataReadyOnFirstUse recorded 1 samples, mean = 1.0 (flags = 0x41)
0  O                                                                         (0 = 0.0%)
1  -O                                                                        (1 = 100.0%) {0.0%}
2  O                                                                         (0 = 0.0%) {100.0%}

Histogram: Net.SharedDictionaryStorageOnDisk.MetadataReadTime.Empty recorded 1 samples, mean = 0.0 (flags = 0x41)
0  -O                                                                        (1 = 100.0%)
1  ... 

Histogram: Net.SharedDictionaryStore.DeleteExpiredDictionaries.Error recorded 2 samples, mean = 0.0 (flags = 0x41)
0  --O                                                                       (2 = 100.0%)
1  ... 

Histogram: Net.SharedDictionaryStore.GetDictionaries.Error recorded 1 samples, mean = 0.0 (flags = 0x41)
0  -O                                                                        (1 = 100.0%)
1  ... 

Histogram: Net.SharedDictionaryStore.ProcessEviction.Error recorded 1 samples, mean = 0.0 (flags = 0x41)
0  -O                                                                        (1 = 100.0%)
1  ... 

Histogram: Net.SpdyFrameStreamAndSessionFlowControlState recorded 208 samples, mean = 0.0 (flags = 0x41)
0  ------------------------------------------------------------------------O (208 = 100.0%)
1  ... 

Histogram: Net.SpdyHeadersCompressionPercentage recorded 219 samples, mean = 53.3 (flags = 0x41)
0   ... 
34  -O                                                                        (2 = 0.9%) {0.0%}
35  ... 
40  -O                                                                        (2 = 0.9%) {0.9%}
41  -O                                                                        (2 = 0.9%) {1.8%}
42  O                                                                         (1 = 0.5%) {2.7%}
43  O                                                                         (0 = 0.0%) {3.2%}
44  O                                                                         (1 = 0.5%) {3.2%}
45  ------------------------------------------------------------------------O (171 = 78.1%) {3.7%}
46  ... 
67  O                                                                         (1 = 0.5%) {81.7%}
68  O                                                                         (1 = 0.5%) {82.2%}
69  ... 
78  O                                                                         (1 = 0.5%) {82.6%}
79  O                                                                         (1 = 0.5%) {83.1%}
80  ... 
88  O                                                                         (1 = 0.5%) {83.6%}
89  ... 
94  --------------O                                                           (33 = 15.1%) {84.0%}
95  -O                                                                        (2 = 0.9%) {99.1%}
96  ... 

Histogram: Net.SpdyResponseCode recorded 219 samples (flags = 0x41)
200  ---O                                                                      (9 = 4.1%)
204  O                                                                         (1 = 0.5%)
302  -O                                                                        (2 = 0.9%)
304  -O                                                                        (3 = 1.4%)
403  ------------------------------------------------------------------------O (204 = 93.2%)

Histogram: Net.SpdySession.AcceptChForOrigin recorded 219 samples, mean = 0.9 (flags = 0x41)
0  -----O                                                                    (14 = 6.4%)
1  ------------------------------------------------------------------------O (205 = 93.6%) {6.4%}
2  O                                                                         (0 = 0.0%) {100.0%}

Histogram: Net.SpdySession.AlpsAcceptChEntries recorded 172 samples, mean = 1.0 (flags = 0x41)
0  O                                                                         (0 = 0.0%)
1  ------------------------------------------------------------------------O (172 = 100.0%) {0.0%}
2  ... 

Histogram: Net.SpdySession.AlpsDecoderStatus recorded 172 samples, mean = 0.0 (flags = 0x41)
0  ------------------------------------------------------------------------O (172 = 100.0%)
1  ... 

Histogram: Net.SpdySession.AlpsDecoderStatus.Bypassed recorded 172 samples, mean = 0.0 (flags = 0x41)
0  ------------------------------------------------------------------------O (172 = 100.0%)
1  ... 

Histogram: Net.SpdySession.AlpsSettingParameterCount recorded 172 samples, mean = 0.0 (flags = 0x41)
0  ------------------------------------------------------------------------O (172 = 100.0%)
1  ... 

Histogram: Net.SpdySession.ClosedOnError recorded 179 samples (flags = 0x41)
0    -O                                                                        (2 = 1.1%)
3    O                                                                         (1 = 0.6%)
100  ------------------------------------------------------------------------O (175 = 97.8%)
101  O                                                                         (1 = 0.6%)

Histogram: Net.SpdySession.CreateStreamWithSocketConnected recorded 219 samples, mean = 1.0 (flags = 0x41)
0  O                                                                         (0 = 0.0%)
1  ------------------------------------------------------------------------O (219 = 100.0%) {0.0%}
2  O                                                                         (0 = 0.0%) {100.0%}

Histogram: Net.SpdySession.GoAwayReceived recorded 2 samples (flags = 0x41)
0  --O                                                                       (2 = 100.0%)

Histogram: Net.SpdySession.OnSettings.ActiveStreamCount2 recorded 179 samples, mean = 1.0 (flags = 0x41)
0  O                                                                         (1 = 0.6%)
1  ------------------------------------------------------------------------O (178 = 99.4%) {0.6%}
2  ... 

Histogram: Net.SpdySession.OnSettings.CreatedAndActiveStreamCount2 recorded 179 samples, mean = 1.0 (flags = 0x41)
0  O                                                                         (1 = 0.6%)
1  ------------------------------------------------------------------------O (178 = 99.4%) {0.6%}
2  ... 

Histogram: Net.SpdySession.OnSettings.CreatedStreamCount2 recorded 179 samples, mean = 0.0 (flags = 0x41)
0  ------------------------------------------------------------------------O (179 = 100.0%)
1  ... 

Histogram: Net.SpdySession.OnSettings.PendingStreamCount2 recorded 179 samples, mean = 0.0 (flags = 0x41)
0  ------------------------------------------------------------------------O (179 = 100.0%)
1  ... 

Histogram: Net.SpdySession.ServerSupportsWebSocket recorded 179 samples, mean = 0.0 (flags = 0x41)
0  ------------------------------------------------------------------------O (179 = 100.0%)
1  ... 

Histogram: Net.SpdySessionErrorDetails2 recorded 1 samples, mean = 15.0 (flags = 0x41)
0   ... 
15  -O                                                                        (1 = 100.0%) {0.0%}
16  ... 

Histogram: Net.SpdySessionGet recorded 220 samples, mean = 2.6 (flags = 0x41)
0  O                                                                         (0 = 0.0%)
1  ----------------O                                                         (41 = 18.6%) {0.0%}
2  O                                                                         (0 = 0.0%) {18.6%}
3  ------------------------------------------------------------------------O (179 = 81.4%) {18.6%}
4  O                                                                         (0 = 0.0%) {100.0%}

Histogram: Net.SpdyStreamsAbandonedPerSession recorded 179 samples, mean = 0.0 (flags = 0x41)
0  ------------------------------------------------------------------------O (179 = 100.0%)
1  ... 

Histogram: Net.SpdyStreamsPerSession recorded 179 samples, mean = 1.2 (flags = 0x41)
0  O                                                                         (0 = 0.0%)
1  ------------------------------------------------------------------------O (144 = 80.4%) {0.0%}
2  -----------------O                                                        (34 = 19.0%) {80.4%}
3  ... 
7  -O                                                                        (1 = 0.6%) {99.4%}
8  ... 

Histogram: Net.TCP_Connection_Latency recorded 221 samples, mean = 0.0 (flags = 0x41)
0  ------------------------------------------------------------------------O (218 = 98.6%)
1  -O                                                                        (2 = 0.9%) {98.6%}
2  O                                                                         (1 = 0.5%) {99.5%}
3  ... 

Histogram: Net.TcpConnectAttempt.Latency.Success recorded 221 samples, mean = 0.0 (flags = 0x41)
0  ------------------------------------------------------------------------O (221 = 100.0%)
10 ... 

Histogram: Net.UDPSocketWinClose recorded 886 samples, mean = 0.0 (flags = 0x41)
0  ------------------------------------------------------------------------O (886 = 100.0%)
1  ... 

Histogram: Net.URLLoaderThrottle.OnReceiveResponseTime recorded 49 samples, mean = 0.2 (flags = 0x41)
0  ----------------------------------------------O                           (46 = 93.9%)
1  --O                                                                       (2 = 4.1%) {93.9%}
2  ... 
8  -O                                                                        (1 = 2.0%) {98.0%}
10 ... 

Histogram: Net.URLLoaderThrottleExecutionTime.BeforeWillProcessResponse recorded 247 samples, mean = 0.0 (flags = 0x41)
0  ------------------------------------------------------------------------O (247 = 100.0%)
1  ... 

Histogram: Net.URLLoaderThrottleExecutionTime.WillProcessResponse recorded 247 samples, mean = 0.0 (flags = 0x41)
0  ------------------------------------------------------------------------O (247 = 100.0%)
1  ... 

Histogram: Net.URLLoaderThrottleExecutionTime.WillRedirectRequest recorded 21 samples, mean = 0.0 (flags = 0x41)
0  ---------------------O                                                    (21 = 100.0%)
1  ... 

Histogram: Net.URLLoaderThrottleExecutionTime.WillStartRequest recorded 247 samples, mean = 0.0 (flags = 0x41)
0  ------------------------------------------------------------------------O (247 = 100.0%)
1  ... 

Histogram: Net.URLRequest.ReferrerHasInformativePath.CrossOrigin recorded 268 samples, mean = 0.0 (flags = 0x41)
0  ------------------------------------------------------------------------O (268 = 100.0%)
1  ... 

Histogram: Net.URLRequest.ReferrerHasInformativePath.SameOrigin recorded 8 samples, mean = 1.0 (flags = 0x41)
0  O                                                                         (0 = 0.0%)
1  --------O                                                                 (8 = 100.0%) {0.0%}
2  O                                                                         (0 = 0.0%) {100.0%}

Histogram: Net.URLRequest.ReferrerPolicyForRequest.CrossOrigin recorded 268 samples, mean = 2.7 (flags = 0x41)
0  O                                                                         (0 = 0.0%)
1  --------------O                                                           (44 = 16.4%) {0.0%}
2  O                                                                         (0 = 0.0%) {16.4%}
3  ------------------------------------------------------------------------O (224 = 83.6%) {16.4%}
4  ... 

Histogram: Net.URLRequest.ReferrerPolicyForRequest.SameOrigin recorded 8 samples, mean = 1.0 (flags = 0x41)
0  O                                                                         (0 = 0.0%)
1  --------O                                                                 (8 = 100.0%) {0.0%}
2  ... 

Histogram: Network.Mdns.Googlecast recorded 3 samples, mean = 0.0 (flags = 0x41)
0  ---O                                                                      (3 = 100.0%)
1  ... 

Histogram: NetworkService.DeletedOldCacheData recorded 1 samples, mean = 0.0 (flags = 0x41)
0  -O                                                                        (1 = 100.0%)
1  ... 

Histogram: NetworkService.GrantSandboxResult recorded 3 samples, mean = 9.0 (flags = 0x41)
0   ... 
7   -O                                                                        (1 = 33.3%) {0.0%}
8   ... 
10  --O                                                                       (2 = 66.7%) {33.3%}
11  ... 

Histogram: NetworkService.NetworkLoaderCompletionTime2.DiskCache recorded 39 samples, mean = 66.9 (flags = 0x41)
0    O                                                                         (0 = 0.0%)
1    -O                                                                        (1 = 2.6%) {0.0%}
2    -O                                                                        (1 = 2.6%) {2.6%}
3    ... 
7    --O                                                                       (2 = 5.1%) {5.1%}
8    ----O                                                                     (4 = 10.3%) {10.3%}
10   ---O                                                                      (3 = 7.7%) {20.5%}
12   --O                                                                       (2 = 5.1%) {28.2%}
14   ------O                                                                   (6 = 15.4%) {33.3%}
17   -O                                                                        (1 = 2.6%) {48.7%}
20   ----O                                                                     (4 = 10.3%) {51.3%}
24   ----O                                                                     (4 = 10.3%) {61.5%}
29   O                                                                         (0 = 0.0%) {71.8%}
34   ---O                                                                      (3 = 7.7%) {71.8%}
40   --O                                                                       (2 = 5.1%) {79.5%}
48   --O                                                                       (2 = 5.1%) {84.6%}
57   -O                                                                        (1 = 2.6%) {89.7%}
68   ... 
378  -O                                                                        (1 = 2.6%) {92.3%}
449  O                                                                         (0 = 0.0%) {94.9%}
533  -O                                                                        (1 = 2.6%) {94.9%}
633  O                                                                         (0 = 0.0%) {97.4%}
752  -O                                                                        (1 = 2.6%) {97.4%}
894  ... 

Histogram: NetworkService.NetworkLoaderCompletionTime2.Network recorded 214 samples, mean = 947.2 (flags = 0x41)
0     ... 
160   -O                                                                        (1 = 0.5%) {0.0%}
190   O                                                                         (0 = 0.0%) {0.5%}
226   -O                                                                        (1 = 0.5%) {0.5%}
268   O                                                                         (0 = 0.0%) {0.9%}
318   --O                                                                       (2 = 0.9%) {0.9%}
378   -------O                                                                  (7 = 3.3%) {1.9%}
449   -----------O                                                              (11 = 5.1%) {5.1%}
533   ---------------------O                                                    (21 = 9.8%) {10.3%}
633   -------------------O                                                      (19 = 8.9%) {20.1%}
752   ---------------------O                                                    (21 = 9.8%) {29.0%}
894   --------------------------------------------------O                       (50 = 23.4%) {38.8%}
1062  -----------------------------------------------------------------------O  (71 = 33.2%) {62.1%}
1262  --O                                                                       (2 = 0.9%) {95.3%}
1500  -------O                                                                  (7 = 3.3%) {96.3%}
1782  ... 
3553  -O                                                                        (1 = 0.5%) {99.5%}
4222  ... 

Histogram: NetworkService.TimeToGrantCacheAccess recorded 1 samples, mean = 57.0 (flags = 0x41)
0   ... 
57  -O                                                                        (1 = 100.0%) {0.0%}
68  ... 

Histogram: NetworkService.TimeToGrantDataAccess recorded 2 samples, mean = 2.5 (flags = 0x41)
0  O                                                                         (0 = 0.0%)
1  -O                                                                        (1 = 50.0%) {0.0%}
2  ... 
4  -O                                                                        (1 = 50.0%) {50.0%}
5  ... 

Histogram: NetworkService.TimeToGrantSharedDictionaryAccess recorded 1 samples, mean = 3.0 (flags = 0x41)
0  ... 
3  -O                                                                        (1 = 100.0%) {0.0%}
4  ... 

Histogram: NetworkedProfile.Check recorded 1 samples, mean = 4.0 (flags = 0x41)
0  ... 
4  -O                                                                        (1 = 100.0%) {0.0%}
5  ... 

Histogram: NewTabPage.MostVisited.DeciScore.0.Local recorded 1 samples, mean = 473.0 (flags = 0x41)
0    ... 
448  -O                                                                        (1 = 100.0%) {0.0%}
590  ... 

Histogram: NewTabPage.MostVisited.DeciScore.1.Local recorded 1 samples, mean = 473.0 (flags = 0x41)
0    ... 
448  -O                                                                        (1 = 100.0%) {0.0%}
590  ... 

Histogram: NewTabPage.MostVisited.DeciScore.2.Local recorded 1 samples, mean = 18.0 (flags = 0x41)
0   ... 
16  -O                                                                        (1 = 100.0%) {0.0%}
21  ... 

Histogram: Notifications.UsingSystemNotificationCenter recorded 1 samples, mean = 0.0 (flags = 0x41)
0  -O                                                                        (1 = 100.0%)
1  ... 

Histogram: Notifications.Windows.GetDisplayedStatus recorded 1 samples, mean = 0.0 (flags = 0x41)
0  -O                                                                        (1 = 100.0%)
1  ... 

Histogram: Notifications.Windows.GetSettingStatusStartup recorded 1 samples, mean = 1.0 (flags = 0x41)
0  O                                                                         (0 = 0.0%)
1  -O                                                                        (1 = 100.0%) {0.0%}
2  O                                                                         (0 = 0.0%) {100.0%}

Histogram: Notifications.Windows.HistoryStatus recorded 1 samples, mean = 0.0 (flags = 0x41)
0  -O                                                                        (1 = 100.0%)
1  ... 

Histogram: Notifications.Windows.SetReadyCallbackStatus2 recorded 1 samples, mean = 3.0 (flags = 0x41)
0  ... 
3  -O                                                                        (1 = 100.0%) {0.0%}
4  ... 

Histogram: Notifications.Windows.StartMenuShortcutStatus recorded 1 samples, mean = 2.0 (flags = 0x41)
0  ... 
2  -O                                                                        (1 = 100.0%) {0.0%}
3  ... 

Histogram: OSCrypt.AppBoundEncryption.SupportLevel recorded 1 samples, mean = 1.0 (flags = 0x41)
0  O                                                                         (0 = 0.0%)
1  -O                                                                        (1 = 100.0%) {0.0%}
2  ... 

Histogram: OSCrypt.AppBoundProvider.KeyRetrieval.Status recorded 1 samples, mean = 1.0 (flags = 0x41)
0  O                                                                         (0 = 0.0%)
1  -O                                                                        (1 = 100.0%) {0.0%}
2  ... 

Histogram: OSCrypt.AsyncInitialization.Result recorded 1 samples, mean = 1.0 (flags = 0x41)
0  O                                                                         (0 = 0.0%)
1  -O                                                                        (1 = 100.0%) {0.0%}
2  O                                                                         (0 = 0.0%) {100.0%}

Histogram: OSCrypt.AsyncInitialization.Time recorded 1 samples, mean = 1.0 (flags = 0x41)
0  O                                                                         (0 = 0.0%)
1  -O                                                                        (1 = 100.0%) {0.0%}
2  ... 

Histogram: OSCrypt.DPAPIProvider.Status recorded 1 samples, mean = 0.0 (flags = 0x41)
0  -O                                                                        (1 = 100.0%)
1  ... 

Histogram: OSCrypt.Win.Decrypt.Result recorded 1 samples, mean = 1.0 (flags = 0x41)
0  O                                                                         (0 = 0.0%)
1  -O                                                                        (1 = 100.0%) {0.0%}
2  O                                                                         (0 = 0.0%) {100.0%}

Histogram: OSCrypt.Win.Decrypt.Time recorded 1 samples, mean = 0.0 (flags = 0x41)
0  -O                                                                        (1 = 100.0%)
1  ... 

Histogram: Omnibox.TemplateUrl.RlzPresent recorded 618 samples, mean = 0.0 (flags = 0x41)
0  ------------------------------------------------------------------------O (618 = 100.0%)
1  ... 

Histogram: Omnibox.TemplateUrl.SearchClientPresent recorded 618 samples, mean = 0.0 (flags = 0x41)
0  ------------------------------------------------------------------------O (618 = 100.0%)
1  ... 

Histogram: OptimizationGuide.ApplyDecision.AboutThisSite recorded 1 samples, mean = 8.0 (flags = 0x41)
0  ... 
8  -O                                                                        (1 = 100.0%) {0.0%}
9  ... 

Histogram: OptimizationGuide.ApplyDecision.V8CompileHints recorded 1 samples, mean = 8.0 (flags = 0x41)
0  ... 
8  -O                                                                        (1 = 100.0%) {0.0%}
9  ... 

Histogram: OptimizationGuide.HintCacheLevelDBStore.LoadMetadataResult recorded 1 samples, mean = 6.0 (flags = 0x41)
0  ... 
6  -O                                                                        (1 = 100.0%) {0.0%}
7  O                                                                         (0 = 0.0%) {100.0%}

Histogram: OptimizationGuide.HintCacheLevelDBStore.Status recorded 3 samples, mean = 1.0 (flags = 0x41)
0  -O                                                                        (1 = 33.3%)
1  -O                                                                        (1 = 33.3%) {33.3%}
2  -O                                                                        (1 = 33.3%) {66.7%}
3  ... 

Histogram: OptimizationGuide.HintsManager.HintCacheInitialized recorded 1 samples, mean = 1.0 (flags = 0x40)
0  O                                                                         (0 = 0.0%)
1  -O                                                                        (1 = 100.0%) {0.0%}
2  O                                                                         (0 = 0.0%) {100.0%}

Histogram: OptimizationGuide.LoadedHint.Result recorded 4 samples, mean = 0.0 (flags = 0x40)
0  ----O                                                                     (4 = 100.0%)
1  ... 

Histogram: OptimizationGuide.ModelExecution.FeatureCurrentlyEnabledResult.Compose recorded 1 samples, mean = 1.0 (flags = 0x41)
0  O                                                                         (0 = 0.0%)
1  -O                                                                        (1 = 100.0%) {0.0%}
2  ... 

Histogram: OptimizationGuide.ModelExecution.FeatureCurrentlyEnabledResult.HistorySearch recorded 2 samples, mean = 3.0 (flags = 0x41)
0  ... 
3  --O                                                                       (2 = 100.0%) {0.0%}
4  ... 

Histogram: OptimizationGuide.ModelExecution.FeatureCurrentlyEnabledResult.TabOrganization recorded 1 samples, mean = 3.0 (flags = 0x41)
0  ... 
3  -O                                                                        (1 = 100.0%) {0.0%}
4  ... 

Histogram: OptimizationGuide.ModelExecution.FeatureCurrentlyEnabledResult.WallpaperSearch recorded 1 samples, mean = 1.0 (flags = 0x41)
0  O                                                                         (0 = 0.0%)
1  -O                                                                        (1 = 100.0%) {0.0%}
2  ... 

Histogram: OptimizationGuide.ModelExecution.FeatureEnabledAtStartup.Compose recorded 1 samples, mean = 0.0 (flags = 0x41)
0  -O                                                                        (1 = 100.0%)
1  ... 

Histogram: OptimizationGuide.ModelExecution.FeatureEnabledAtStartup.HistorySearch recorded 1 samples, mean = 0.0 (flags = 0x41)
0  -O                                                                        (1 = 100.0%)
1  ... 

Histogram: OptimizationGuide.ModelExecution.FeatureEnabledAtStartup.TabOrganization recorded 1 samples, mean = 0.0 (flags = 0x41)
0  -O                                                                        (1 = 100.0%)
1  ... 

Histogram: OptimizationGuide.ModelExecution.FeatureEnabledAtStartup.WallpaperSearch recorded 1 samples, mean = 0.0 (flags = 0x41)
0  -O                                                                        (1 = 100.0%)
1  ... 

Histogram: OptimizationGuide.ModelExecution.OnDeviceModelInstallCriteria.AtRegistration.All recorded 1 samples, mean = 0.0 (flags = 0x41)
0  -O                                                                        (1 = 100.0%)
1  ... 

Histogram: OptimizationGuide.ModelExecution.OnDeviceModelInstallCriteria.AtRegistration.DeviceCapability recorded 1 samples, mean = 0.0 (flags = 0x41)
0  -O                                                                        (1 = 100.0%)
1  ... 

Histogram: OptimizationGuide.ModelExecution.OnDeviceModelInstallCriteria.AtRegistration.DiskSpace recorded 1 samples, mean = 1.0 (flags = 0x41)
0  O                                                                         (0 = 0.0%)
1  -O                                                                        (1 = 100.0%) {0.0%}
2  O                                                                         (0 = 0.0%) {100.0%}

Histogram: OptimizationGuide.ModelExecution.OnDeviceModelInstallCriteria.AtRegistration.EnabledByEnterprisePolicy recorded 1 samples, mean = 1.0 (flags = 0x41)
0  O                                                                         (0 = 0.0%)
1  -O                                                                        (1 = 100.0%) {0.0%}
2  O                                                                         (0 = 0.0%) {100.0%}

Histogram: OptimizationGuide.ModelExecution.OnDeviceModelInstallCriteria.AtRegistration.EnabledByFeature recorded 1 samples, mean = 0.0 (flags = 0x41)
0  -O                                                                        (1 = 100.0%)
1  ... 

Histogram: OptimizationGuide.ModelExecution.OnDeviceModelInstallCriteria.AtRegistration.FeatureUse recorded 1 samples, mean = 0.0 (flags = 0x41)
0  -O                                                                        (1 = 100.0%)
1  ... 

Histogram: OptimizationGuide.ModelHandler.HandlerCreated.GeolocationPermissions recorded 1 samples, mean = 1.0 (flags = 0x41)
0  O                                                                         (0 = 0.0%)
1  -O                                                                        (1 = 100.0%) {0.0%}
2  O                                                                         (0 = 0.0%) {100.0%}

Histogram: OptimizationGuide.ModelHandler.HandlerCreated.NewTabPageHistoryClustersModuleRanking recorded 1 samples, mean = 1.0 (flags = 0x41)
0  O                                                                         (0 = 0.0%)
1  -O                                                                        (1 = 100.0%) {0.0%}
2  O                                                                         (0 = 0.0%) {100.0%}

Histogram: OptimizationGuide.ModelHandler.HandlerCreated.NotificationPermissions recorded 1 samples, mean = 1.0 (flags = 0x41)
0  O                                                                         (0 = 0.0%)
1  -O                                                                        (1 = 100.0%) {0.0%}
2  O                                                                         (0 = 0.0%) {100.0%}

Histogram: OptimizationGuide.ModelHandler.HandlerCreated.OmniboxUrlScoring recorded 1 samples, mean = 1.0 (flags = 0x41)
0  O                                                                         (0 = 0.0%)
1  -O                                                                        (1 = 100.0%) {0.0%}
2  O                                                                         (0 = 0.0%) {100.0%}

Histogram: OptimizationGuide.ModelHandler.HandlerCreated.PageTopicsV2 recorded 1 samples, mean = 1.0 (flags = 0x41)
0  O                                                                         (0 = 0.0%)
1  -O                                                                        (1 = 100.0%) {0.0%}
2  O                                                                         (0 = 0.0%) {100.0%}

Histogram: OptimizationGuide.ModelHandler.HandlerCreated.SegmentationChromeLowUserEngagement recorded 1 samples, mean = 1.0 (flags = 0x41)
0  O                                                                         (0 = 0.0%)
1  -O                                                                        (1 = 100.0%) {0.0%}
2  O                                                                         (0 = 0.0%) {100.0%}

Histogram: OptimizationGuide.ModelHandler.HandlerCreated.SegmentationComposePromotion recorded 1 samples, mean = 1.0 (flags = 0x41)
0  O                                                                         (0 = 0.0%)
1  -O                                                                        (1 = 100.0%) {0.0%}
2  O                                                                         (0 = 0.0%) {100.0%}

Histogram: OptimizationGuide.ModelHandler.HandlerCreated.SegmentationDeviceSwitcher recorded 1 samples, mean = 1.0 (flags = 0x41)
0  O                                                                         (0 = 0.0%)
1  -O                                                                        (1 = 100.0%) {0.0%}
2  O                                                                         (0 = 0.0%) {100.0%}

Histogram: OptimizationGuide.ModelHandler.HandlerCreated.SegmentationSearchUser recorded 1 samples, mean = 1.0 (flags = 0x41)
0  O                                                                         (0 = 0.0%)
1  -O                                                                        (1 = 100.0%) {0.0%}
2  O                                                                         (0 = 0.0%) {100.0%}

Histogram: OptimizationGuide.ModelHandler.HandlerCreated.SegmentationShoppingUser recorded 1 samples, mean = 1.0 (flags = 0x41)
0  O                                                                         (0 = 0.0%)
1  -O                                                                        (1 = 100.0%) {0.0%}
2  O                                                                         (0 = 0.0%) {100.0%}

Histogram: OptimizationGuide.ModelHandler.HandlerCreated.URLVisitResumptionRanker recorded 1 samples, mean = 1.0 (flags = 0x41)
0  O                                                                         (0 = 0.0%)
1  -O                                                                        (1 = 100.0%) {0.0%}
2  O                                                                         (0 = 0.0%) {100.0%}

Histogram: OptimizationGuide.ModelHandler.HandlerCreated.WebAppInstallationPromo recorded 1 samples, mean = 1.0 (flags = 0x41)
0  O                                                                         (0 = 0.0%)
1  -O                                                                        (1 = 100.0%) {0.0%}
2  O                                                                         (0 = 0.0%) {100.0%}

Histogram: OptimizationGuide.PageContentAnnotations.AnnotateVisitResultCached recorded 4 samples, mean = 0.0 (flags = 0x41)
0  ----O                                                                     (4 = 100.0%)
1  ... 

Histogram: OptimizationGuide.PageContentAnnotationsService.ContentAnnotated recorded 4 samples, mean = 0.0 (flags = 0x41)
0  ----O                                                                     (4 = 100.0%)
1  ... 

Histogram: OptimizationGuide.PredictionManager.DownloadServiceAvailabilityBlockedFetch recorded 223 samples, mean = 0.0 (flags = 0x41)
0  ------------------------------------------------------------------------O (223 = 100.0%)
1  ... 

Histogram: OptimizationGuide.PredictionManager.FirstModelFetchSinceServiceInit recorded 1 samples, mean = 9969.0 (flags = 0x41)
0     ... 
8000  -O                                                                        (1 = 100.0%) {0.0%}
10165 ... 

Histogram: OptimizationGuide.PredictionManager.ModelAvailableAtRegistration.ClientSidePhishing recorded 1 samples, mean = 0.0 (flags = 0x41)
0  -O                                                                        (1 = 100.0%)
1  ... 

Histogram: OptimizationGuide.PredictionManager.ModelAvailableAtRegistration.GeolocationPermissions recorded 1 samples, mean = 0.0 (flags = 0x41)
0  -O                                                                        (1 = 100.0%)
1  ... 

Histogram: OptimizationGuide.PredictionManager.ModelAvailableAtRegistration.LanguageDetection recorded 2 samples, mean = 0.0 (flags = 0x41)
0  --O                                                                       (2 = 100.0%)
1  ... 

Histogram: OptimizationGuide.PredictionManager.ModelAvailableAtRegistration.NewTabPageHistoryClustersModuleRanking recorded 1 samples, mean = 0.0 (flags = 0x41)
0  -O                                                                        (1 = 100.0%)
1  ... 

Histogram: OptimizationGuide.PredictionManager.ModelAvailableAtRegistration.NotificationPermissions recorded 1 samples, mean = 0.0 (flags = 0x41)
0  -O                                                                        (1 = 100.0%)
1  ... 

Histogram: OptimizationGuide.PredictionManager.ModelAvailableAtRegistration.OmniboxUrlScoring recorded 1 samples, mean = 0.0 (flags = 0x41)
0  -O                                                                        (1 = 100.0%)
1  ... 

Histogram: OptimizationGuide.PredictionManager.ModelAvailableAtRegistration.PageTopicsV2 recorded 1 samples, mean = 0.0 (flags = 0x41)
0  -O                                                                        (1 = 100.0%)
1  ... 

Histogram: OptimizationGuide.PredictionManager.ModelAvailableAtRegistration.SegmentationChromeLowUserEngagement recorded 1 samples, mean = 0.0 (flags = 0x41)
0  -O                                                                        (1 = 100.0%)
1  ... 

Histogram: OptimizationGuide.PredictionManager.ModelAvailableAtRegistration.SegmentationComposePromotion recorded 1 samples, mean = 0.0 (flags = 0x41)
0  -O                                                                        (1 = 100.0%)
1  ... 

Histogram: OptimizationGuide.PredictionManager.ModelAvailableAtRegistration.SegmentationDeviceSwitcher recorded 1 samples, mean = 0.0 (flags = 0x41)
0  -O                                                                        (1 = 100.0%)
1  ... 

Histogram: OptimizationGuide.PredictionManager.ModelAvailableAtRegistration.SegmentationSearchUser recorded 1 samples, mean = 0.0 (flags = 0x41)
0  -O                                                                        (1 = 100.0%)
1  ... 

Histogram: OptimizationGuide.PredictionManager.ModelAvailableAtRegistration.SegmentationShoppingUser recorded 1 samples, mean = 0.0 (flags = 0x41)
0  -O                                                                        (1 = 100.0%)
1  ... 

Histogram: OptimizationGuide.PredictionManager.ModelAvailableAtRegistration.TextSafety recorded 1 samples, mean = 0.0 (flags = 0x41)
0  -O                                                                        (1 = 100.0%)
1  ... 

Histogram: OptimizationGuide.PredictionManager.ModelAvailableAtRegistration.URLVisitResumptionRanker recorded 1 samples, mean = 0.0 (flags = 0x41)
0  -O                                                                        (1 = 100.0%)
1  ... 

Histogram: OptimizationGuide.PredictionManager.ModelAvailableAtRegistration.VisualSearchClassification recorded 1 samples, mean = 0.0 (flags = 0x41)
0  -O                                                                        (1 = 100.0%)
1  ... 

Histogram: OptimizationGuide.PredictionManager.ModelAvailableAtRegistration.WebAppInstallationPromo recorded 1 samples, mean = 0.0 (flags = 0x41)
0  -O                                                                        (1 = 100.0%)
1  ... 

Histogram: OptimizationGuide.PredictionManager.ModelDeliveryEvents.ClientSidePhishing recorded 446 samples, mean = 5.5 (flags = 0x41)
0  ... 
3  ------------------------------------------------------------------------O (223 = 50.0%) {0.0%}
4  ... 
8  ------------------------------------------------------------------------O (223 = 50.0%) {50.0%}
9  ... 

Histogram: OptimizationGuide.PredictionManager.ModelDeliveryEvents.GeolocationPermissions recorded 446 samples, mean = 5.5 (flags = 0x41)
0  ... 
3  ------------------------------------------------------------------------O (223 = 50.0%) {0.0%}
4  ... 
8  ------------------------------------------------------------------------O (223 = 50.0%) {50.0%}
9  ... 

Histogram: OptimizationGuide.PredictionManager.ModelDeliveryEvents.LanguageDetection recorded 446 samples, mean = 5.5 (flags = 0x41)
0  ... 
3  ------------------------------------------------------------------------O (223 = 50.0%) {0.0%}
4  ... 
8  ------------------------------------------------------------------------O (223 = 50.0%) {50.0%}
9  ... 

Histogram: OptimizationGuide.PredictionManager.ModelDeliveryEvents.NewTabPageHistoryClustersModuleRanking recorded 446 samples, mean = 5.5 (flags = 0x41)
0  ... 
3  ------------------------------------------------------------------------O (223 = 50.0%) {0.0%}
4  ... 
8  ------------------------------------------------------------------------O (223 = 50.0%) {50.0%}
9  ... 

Histogram: OptimizationGuide.PredictionManager.ModelDeliveryEvents.NotificationPermissions recorded 446 samples, mean = 5.5 (flags = 0x41)
0  ... 
3  ------------------------------------------------------------------------O (223 = 50.0%) {0.0%}
4  ... 
8  ------------------------------------------------------------------------O (223 = 50.0%) {50.0%}
9  ... 

Histogram: OptimizationGuide.PredictionManager.ModelDeliveryEvents.OmniboxUrlScoring recorded 446 samples, mean = 5.5 (flags = 0x41)
0  ... 
3  ------------------------------------------------------------------------O (223 = 50.0%) {0.0%}
4  ... 
8  ------------------------------------------------------------------------O (223 = 50.0%) {50.0%}
9  ... 

Histogram: OptimizationGuide.PredictionManager.ModelDeliveryEvents.PageTopicsV2 recorded 446 samples, mean = 5.5 (flags = 0x41)
0  ... 
3  ------------------------------------------------------------------------O (223 = 50.0%) {0.0%}
4  ... 
8  ------------------------------------------------------------------------O (223 = 50.0%) {50.0%}
9  ... 

Histogram: OptimizationGuide.PredictionManager.ModelDeliveryEvents.SegmentationChromeLowUserEngagement recorded 446 samples, mean = 5.5 (flags = 0x41)
0  ... 
3  ------------------------------------------------------------------------O (223 = 50.0%) {0.0%}
4  ... 
8  ------------------------------------------------------------------------O (223 = 50.0%) {50.0%}
9  ... 

Histogram: OptimizationGuide.PredictionManager.ModelDeliveryEvents.SegmentationComposePromotion recorded 446 samples, mean = 5.5 (flags = 0x41)
0  ... 
3  ------------------------------------------------------------------------O (223 = 50.0%) {0.0%}
4  ... 
8  ------------------------------------------------------------------------O (223 = 50.0%) {50.0%}
9  ... 

Histogram: OptimizationGuide.PredictionManager.ModelDeliveryEvents.SegmentationDeviceSwitcher recorded 446 samples, mean = 5.5 (flags = 0x41)
0  ... 
3  ------------------------------------------------------------------------O (223 = 50.0%) {0.0%}
4  ... 
8  ------------------------------------------------------------------------O (223 = 50.0%) {50.0%}
9  ... 

Histogram: OptimizationGuide.PredictionManager.ModelDeliveryEvents.SegmentationSearchUser recorded 446 samples, mean = 5.5 (flags = 0x41)
0  ... 
3  ------------------------------------------------------------------------O (223 = 50.0%) {0.0%}
4  ... 
8  ------------------------------------------------------------------------O (223 = 50.0%) {50.0%}
9  ... 

Histogram: OptimizationGuide.PredictionManager.ModelDeliveryEvents.SegmentationShoppingUser recorded 446 samples, mean = 5.5 (flags = 0x41)
0  ... 
3  ------------------------------------------------------------------------O (223 = 50.0%) {0.0%}
4  ... 
8  ------------------------------------------------------------------------O (223 = 50.0%) {50.0%}
9  ... 

Histogram: OptimizationGuide.PredictionManager.ModelDeliveryEvents.TextSafety recorded 446 samples, mean = 5.5 (flags = 0x41)
0  ... 
3  ------------------------------------------------------------------------O (223 = 50.0%) {0.0%}
4  ... 
8  ------------------------------------------------------------------------O (223 = 50.0%) {50.0%}
9  ... 

Histogram: OptimizationGuide.PredictionManager.ModelDeliveryEvents.URLVisitResumptionRanker recorded 446 samples, mean = 5.5 (flags = 0x41)
0  ... 
3  ------------------------------------------------------------------------O (223 = 50.0%) {0.0%}
4  ... 
8  ------------------------------------------------------------------------O (223 = 50.0%) {50.0%}
9  ... 

Histogram: OptimizationGuide.PredictionManager.ModelDeliveryEvents.VisualSearchClassification recorded 446 samples, mean = 5.5 (flags = 0x41)
0  ... 
3  ------------------------------------------------------------------------O (223 = 50.0%) {0.0%}
4  ... 
8  ------------------------------------------------------------------------O (223 = 50.0%) {50.0%}
9  ... 

Histogram: OptimizationGuide.PredictionManager.ModelDeliveryEvents.WebAppInstallationPromo recorded 446 samples, mean = 5.5 (flags = 0x41)
0  ... 
3  ------------------------------------------------------------------------O (223 = 50.0%) {0.0%}
4  ... 
8  ------------------------------------------------------------------------O (223 = 50.0%) {50.0%}
9  ... 

Histogram: OptimizationGuide.PredictionManager.RegistrationTimeSinceServiceInit.ClientSidePhishing recorded 1 samples, mean = 0.0 (flags = 0x41)
0  -O                                                                        (1 = 100.0%)
1  ... 

Histogram: OptimizationGuide.PredictionManager.RegistrationTimeSinceServiceInit.GeolocationPermissions recorded 1 samples, mean = 0.0 (flags = 0x41)
0  -O                                                                        (1 = 100.0%)
1  ... 

Histogram: OptimizationGuide.PredictionManager.RegistrationTimeSinceServiceInit.LanguageDetection recorded 2 samples, mean = 25.5 (flags = 0x41)
0   -O                                                                        (1 = 50.0%)
1   ... 
41  -O                                                                        (1 = 50.0%) {50.0%}
52  ... 

Histogram: OptimizationGuide.PredictionManager.RegistrationTimeSinceServiceInit.NewTabPageHistoryClustersModuleRanking recorded 1 samples, mean = 0.0 (flags = 0x41)
0  -O                                                                        (1 = 100.0%)
1  ... 

Histogram: OptimizationGuide.PredictionManager.RegistrationTimeSinceServiceInit.NotificationPermissions recorded 1 samples, mean = 0.0 (flags = 0x41)
0  -O                                                                        (1 = 100.0%)
1  ... 

Histogram: OptimizationGuide.PredictionManager.RegistrationTimeSinceServiceInit.OmniboxUrlScoring recorded 1 samples, mean = 0.0 (flags = 0x41)
0  -O                                                                        (1 = 100.0%)
1  ... 

Histogram: OptimizationGuide.PredictionManager.RegistrationTimeSinceServiceInit.PageTopicsV2 recorded 1 samples, mean = 0.0 (flags = 0x41)
0  -O                                                                        (1 = 100.0%)
1  ... 

Histogram: OptimizationGuide.PredictionManager.RegistrationTimeSinceServiceInit.SegmentationChromeLowUserEngagement recorded 1 samples, mean = 5990.0 (flags = 0x41)
0     ... 
4955  -O                                                                        (1 = 100.0%) {0.0%}
6296  ... 

Histogram: OptimizationGuide.PredictionManager.RegistrationTimeSinceServiceInit.SegmentationComposePromotion recorded 1 samples, mean = 5991.0 (flags = 0x41)
0     ... 
4955  -O                                                                        (1 = 100.0%) {0.0%}
6296  ... 

Histogram: OptimizationGuide.PredictionManager.RegistrationTimeSinceServiceInit.SegmentationDeviceSwitcher recorded 1 samples, mean = 5991.0 (flags = 0x41)
0     ... 
4955  -O                                                                        (1 = 100.0%) {0.0%}
6296  ... 

Histogram: OptimizationGuide.PredictionManager.RegistrationTimeSinceServiceInit.SegmentationSearchUser recorded 1 samples, mean = 5990.0 (flags = 0x41)
0     ... 
4955  -O                                                                        (1 = 100.0%) {0.0%}
6296  ... 

Histogram: OptimizationGuide.PredictionManager.RegistrationTimeSinceServiceInit.SegmentationShoppingUser recorded 1 samples, mean = 5990.0 (flags = 0x41)
0     ... 
4955  -O                                                                        (1 = 100.0%) {0.0%}
6296  ... 

Histogram: OptimizationGuide.PredictionManager.RegistrationTimeSinceServiceInit.TextSafety recorded 1 samples, mean = 0.0 (flags = 0x41)
0  -O                                                                        (1 = 100.0%)
1  ... 

Histogram: OptimizationGuide.PredictionManager.RegistrationTimeSinceServiceInit.URLVisitResumptionRanker recorded 1 samples, mean = 5991.0 (flags = 0x41)
0     ... 
4955  -O                                                                        (1 = 100.0%) {0.0%}
6296  ... 

Histogram: OptimizationGuide.PredictionManager.RegistrationTimeSinceServiceInit.VisualSearchClassification recorded 1 samples, mean = 0.0 (flags = 0x41)
0  -O                                                                        (1 = 100.0%)
1  ... 

Histogram: OptimizationGuide.PredictionManager.RegistrationTimeSinceServiceInit.WebAppInstallationPromo recorded 1 samples, mean = 5991.0 (flags = 0x41)
0     ... 
4955  -O                                                                        (1 = 100.0%) {0.0%}
6296  ... 

Histogram: OptimizationGuide.PredictionManager.StoreInitialized recorded 1 samples, mean = 1.0 (flags = 0x40)
0  O                                                                         (0 = 0.0%)
1  -O                                                                        (1 = 100.0%) {0.0%}
2  O                                                                         (0 = 0.0%) {100.0%}

Histogram: OptimizationGuide.PredictionManager.SupportedModelEngineVersion recorded 223 samples, mean = 18.0 (flags = 0x40)
0   ... 
18  ------------------------------------------------------------------------O (223 = 100.0%) {0.0%}
19  ... 

Histogram: OptimizationGuide.PredictionModelFetcher.GetModelsResponse.NetErrorCode recorded 223 samples (flags = 0x41)
100  -------O                                                                  (19 = 8.5%)
379  ------------------------------------------------------------------------O (204 = 91.5%)

Histogram: OptimizationGuide.PredictionModelFetcher.GetModelsResponse.NetErrorCode.ClientSidePhishing recorded 223 samples (flags = 0x41)
100  -------O                                                                  (19 = 8.5%)
379  ------------------------------------------------------------------------O (204 = 91.5%)

Histogram: OptimizationGuide.PredictionModelFetcher.GetModelsResponse.NetErrorCode.GeolocationPermissions recorded 223 samples (flags = 0x41)
100  -------O                                                                  (19 = 8.5%)
379  ------------------------------------------------------------------------O (204 = 91.5%)

Histogram: OptimizationGuide.PredictionModelFetcher.GetModelsResponse.NetErrorCode.LanguageDetection recorded 223 samples (flags = 0x41)
100  -------O                                                                  (19 = 8.5%)
379  ------------------------------------------------------------------------O (204 = 91.5%)

Histogram: OptimizationGuide.PredictionModelFetcher.GetModelsResponse.NetErrorCode.NewTabPageHistoryClustersModuleRanking recorded 223 samples (flags = 0x41)
100  -------O                                                                  (19 = 8.5%)
379  ------------------------------------------------------------------------O (204 = 91.5%)

Histogram: OptimizationGuide.PredictionModelFetcher.GetModelsResponse.NetErrorCode.NotificationPermissions recorded 223 samples (flags = 0x41)
100  -------O                                                                  (19 = 8.5%)
379  ------------------------------------------------------------------------O (204 = 91.5%)

Histogram: OptimizationGuide.PredictionModelFetcher.GetModelsResponse.NetErrorCode.OmniboxUrlScoring recorded 223 samples (flags = 0x41)
100  -------O                                                                  (19 = 8.5%)
379  ------------------------------------------------------------------------O (204 = 91.5%)

Histogram: OptimizationGuide.PredictionModelFetcher.GetModelsResponse.NetErrorCode.PageTopicsV2 recorded 223 samples (flags = 0x41)
100  -------O                                                                  (19 = 8.5%)
379  ------------------------------------------------------------------------O (204 = 91.5%)

Histogram: OptimizationGuide.PredictionModelFetcher.GetModelsResponse.NetErrorCode.SegmentationChromeLowUserEngagement recorded 223 samples (flags = 0x41)
100  -------O                                                                  (19 = 8.5%)
379  ------------------------------------------------------------------------O (204 = 91.5%)

Histogram: OptimizationGuide.PredictionModelFetcher.GetModelsResponse.NetErrorCode.SegmentationComposePromotion recorded 223 samples (flags = 0x41)
100  -------O                                                                  (19 = 8.5%)
379  ------------------------------------------------------------------------O (204 = 91.5%)

Histogram: OptimizationGuide.PredictionModelFetcher.GetModelsResponse.NetErrorCode.SegmentationDeviceSwitcher recorded 223 samples (flags = 0x41)
100  -------O                                                                  (19 = 8.5%)
379  ------------------------------------------------------------------------O (204 = 91.5%)

Histogram: OptimizationGuide.PredictionModelFetcher.GetModelsResponse.NetErrorCode.SegmentationSearchUser recorded 223 samples (flags = 0x41)
100  -------O                                                                  (19 = 8.5%)
379  ------------------------------------------------------------------------O (204 = 91.5%)

Histogram: OptimizationGuide.PredictionModelFetcher.GetModelsResponse.NetErrorCode.SegmentationShoppingUser recorded 223 samples (flags = 0x41)
100  -------O                                                                  (19 = 8.5%)
379  ------------------------------------------------------------------------O (204 = 91.5%)

Histogram: OptimizationGuide.PredictionModelFetcher.GetModelsResponse.NetErrorCode.TextSafety recorded 223 samples (flags = 0x41)
100  -------O                                                                  (19 = 8.5%)
379  ------------------------------------------------------------------------O (204 = 91.5%)

Histogram: OptimizationGuide.PredictionModelFetcher.GetModelsResponse.NetErrorCode.URLVisitResumptionRanker recorded 223 samples (flags = 0x41)
100  -------O                                                                  (19 = 8.5%)
379  ------------------------------------------------------------------------O (204 = 91.5%)

Histogram: OptimizationGuide.PredictionModelFetcher.GetModelsResponse.NetErrorCode.VisualSearchClassification recorded 223 samples (flags = 0x41)
100  -------O                                                                  (19 = 8.5%)
379  ------------------------------------------------------------------------O (204 = 91.5%)

Histogram: OptimizationGuide.PredictionModelFetcher.GetModelsResponse.NetErrorCode.WebAppInstallationPromo recorded 223 samples (flags = 0x41)
100  -------O                                                                  (19 = 8.5%)
379  ------------------------------------------------------------------------O (204 = 91.5%)

Histogram: OptimizationGuide.PredictionModelFetcher.GetModelsResponse.Status recorded 204 samples, mean = 403.0 (flags = 0x41)
0    ... 
403  ------------------------------------------------------------------------O (204 = 100.0%) {0.0%}
404  ... 

Histogram: OptimizationGuide.PredictionModelFetcher.GetModelsResponse.Status.ClientSidePhishing recorded 204 samples, mean = 403.0 (flags = 0x41)
0    ... 
403  ------------------------------------------------------------------------O (204 = 100.0%) {0.0%}
404  ... 

Histogram: OptimizationGuide.PredictionModelFetcher.GetModelsResponse.Status.GeolocationPermissions recorded 204 samples, mean = 403.0 (flags = 0x41)
0    ... 
403  ------------------------------------------------------------------------O (204 = 100.0%) {0.0%}
404  ... 

Histogram: OptimizationGuide.PredictionModelFetcher.GetModelsResponse.Status.LanguageDetection recorded 204 samples, mean = 403.0 (flags = 0x41)
0    ... 
403  ------------------------------------------------------------------------O (204 = 100.0%) {0.0%}
404  ... 

Histogram: OptimizationGuide.PredictionModelFetcher.GetModelsResponse.Status.NewTabPageHistoryClustersModuleRanking recorded 204 samples, mean = 403.0 (flags = 0x41)
0    ... 
403  ------------------------------------------------------------------------O (204 = 100.0%) {0.0%}
404  ... 

Histogram: OptimizationGuide.PredictionModelFetcher.GetModelsResponse.Status.NotificationPermissions recorded 204 samples, mean = 403.0 (flags = 0x41)
0    ... 
403  ------------------------------------------------------------------------O (204 = 100.0%) {0.0%}
404  ... 

Histogram: OptimizationGuide.PredictionModelFetcher.GetModelsResponse.Status.OmniboxUrlScoring recorded 204 samples, mean = 403.0 (flags = 0x41)
0    ... 
403  ------------------------------------------------------------------------O (204 = 100.0%) {0.0%}
404  ... 

Histogram: OptimizationGuide.PredictionModelFetcher.GetModelsResponse.Status.PageTopicsV2 recorded 204 samples, mean = 403.0 (flags = 0x41)
0    ... 
403  ------------------------------------------------------------------------O (204 = 100.0%) {0.0%}
404  ... 

Histogram: OptimizationGuide.PredictionModelFetcher.GetModelsResponse.Status.SegmentationChromeLowUserEngagement recorded 204 samples, mean = 403.0 (flags = 0x41)
0    ... 
403  ------------------------------------------------------------------------O (204 = 100.0%) {0.0%}
404  ... 

Histogram: OptimizationGuide.PredictionModelFetcher.GetModelsResponse.Status.SegmentationComposePromotion recorded 204 samples, mean = 403.0 (flags = 0x41)
0    ... 
403  ------------------------------------------------------------------------O (204 = 100.0%) {0.0%}
404  ... 

Histogram: OptimizationGuide.PredictionModelFetcher.GetModelsResponse.Status.SegmentationDeviceSwitcher recorded 204 samples, mean = 403.0 (flags = 0x41)
0    ... 
403  ------------------------------------------------------------------------O (204 = 100.0%) {0.0%}
404  ... 

Histogram: OptimizationGuide.PredictionModelFetcher.GetModelsResponse.Status.SegmentationSearchUser recorded 204 samples, mean = 403.0 (flags = 0x41)
0    ... 
403  ------------------------------------------------------------------------O (204 = 100.0%) {0.0%}
404  ... 

Histogram: OptimizationGuide.PredictionModelFetcher.GetModelsResponse.Status.SegmentationShoppingUser recorded 204 samples, mean = 403.0 (flags = 0x41)
0    ... 
403  ------------------------------------------------------------------------O (204 = 100.0%) {0.0%}
404  ... 

Histogram: OptimizationGuide.PredictionModelFetcher.GetModelsResponse.Status.TextSafety recorded 204 samples, mean = 403.0 (flags = 0x41)
0    ... 
403  ------------------------------------------------------------------------O (204 = 100.0%) {0.0%}
404  ... 

Histogram: OptimizationGuide.PredictionModelFetcher.GetModelsResponse.Status.URLVisitResumptionRanker recorded 204 samples, mean = 403.0 (flags = 0x41)
0    ... 
403  ------------------------------------------------------------------------O (204 = 100.0%) {0.0%}
404  ... 

Histogram: OptimizationGuide.PredictionModelFetcher.GetModelsResponse.Status.VisualSearchClassification recorded 204 samples, mean = 403.0 (flags = 0x41)
0    ... 
403  ------------------------------------------------------------------------O (204 = 100.0%) {0.0%}
404  ... 

Histogram: OptimizationGuide.PredictionModelFetcher.GetModelsResponse.Status.WebAppInstallationPromo recorded 204 samples, mean = 403.0 (flags = 0x41)
0    ... 
403  ------------------------------------------------------------------------O (204 = 100.0%) {0.0%}
404  ... 

Histogram: OptimizationGuide.ProcessingComponentAtShutdown recorded 1 samples, mean = 0.0 (flags = 0x41)
0  -O                                                                        (1 = 100.0%)
1  ... 

Histogram: OptimizationGuide.RemoteFetchingEnabled recorded 1 samples, mean = 0.0 (flags = 0x41)
0  -O                                                                        (1 = 100.0%)
1  ... 

Histogram: OriginTrials.PersistentOriginTrial.LevelDbInitSuccess recorded 1 samples, mean = 1.0 (flags = 0x41)
0  O                                                                         (0 = 0.0%)
1  -O                                                                        (1 = 100.0%) {0.0%}
2  O                                                                         (0 = 0.0%) {100.0%}

Histogram: OriginTrials.PersistentOriginTrial.LevelDbLoadSize recorded 1 samples, mean = 0.0 (flags = 0x41)
0  -O                                                                        (1 = 100.0%)
1  ... 

Histogram: OriginTrials.PersistentOriginTrial.LevelDbLoadSuccess recorded 1 samples, mean = 1.0 (flags = 0x41)
0  O                                                                         (0 = 0.0%)
1  -O                                                                        (1 = 100.0%) {0.0%}
2  O                                                                         (0 = 0.0%) {100.0%}

Histogram: OriginTrials.PersistentOriginTrial.LevelDbLoadTime recorded 1 samples, mean = 6300.0 (flags = 0x41)
0     ... 
5961  -O                                                                        (1 = 100.0%) {0.0%}
7083  ... 

Histogram: OriginTrials.PersistentOriginTrial.OriginLookupsBeforeDbLoad recorded 1 samples, mean = 0.0 (flags = 0x41)
0  -O                                                                        (1 = 100.0%)
1  ... 

Histogram: OriginTrials.PersistentOriginTrial.OriginsAddedBeforeDbLoad recorded 1 samples, mean = 0.0 (flags = 0x41)
0  -O                                                                        (1 = 100.0%)
1  ... 

Histogram: PageActionController.ExtensionsWithPageActions recorded 1 samples, mean = 0.0 (flags = 0x41)
0  -O                                                                        (1 = 100.0%)
1  ... 

Histogram: PageContentAnnotations.AnnotateVisit.AnnotationRequestQueued recorded 4 samples, mean = 1.0 (flags = 0x40)
0  O                                                                         (0 = 0.0%)
1  ----O                                                                     (4 = 100.0%) {0.0%}
2  O                                                                         (0 = 0.0%) {100.0%}

Histogram: PageContentAnnotations.AnnotateVisit.AnnotationRequested recorded 4 samples, mean = 1.0 (flags = 0x40)
0  O                                                                         (0 = 0.0%)
1  ----O                                                                     (4 = 100.0%) {0.0%}
2  O                                                                         (0 = 0.0%) {100.0%}

Histogram: PageContentAnnotations.AnnotateVisit.BatchAnnotationStarted recorded 1 samples, mean = 1.0 (flags = 0x40)
0  O                                                                         (0 = 0.0%)
1  -O                                                                        (1 = 100.0%) {0.0%}
2  O                                                                         (0 = 0.0%) {100.0%}

Histogram: PageLoad.Clients.Ads.AllPages.NonAdNetworkBytes recorded 1 samples, mean = 139.0 (flags = 0x41)
0    ... 
108  -O                                                                        (1 = 100.0%) {0.0%}
141  ... 

Histogram: PageLoad.Clients.Ads.AllPages.PercentNetworkBytesAds recorded 1 samples, mean = 0.0 (flags = 0x41)
0  -O                                                                        (1 = 100.0%)
1  ... 

Histogram: PageLoad.Clients.Ads.AllPages.PercentTotalBytesAds recorded 1 samples, mean = 0.0 (flags = 0x41)
0  -O                                                                        (1 = 100.0%)
1  ... 

Histogram: PageLoad.Clients.Ads.AverageViewportAdDensity recorded 1 samples, mean = 0.0 (flags = 0x41)
0  -O                                                                        (1 = 100.0%)
1  ... 

Histogram: PageLoad.Clients.Ads.FrameCounts.AdFrames.Total recorded 1 samples, mean = 0.0 (flags = 0x41)
0  -O                                                                        (1 = 100.0%)
1  ... 

Histogram: PageLoad.Clients.Ads.NonVisible.FrameCounts.AdFrames.Total recorded 1 samples, mean = 0.0 (flags = 0x41)
0  -O                                                                        (1 = 100.0%)
1  ... 

Histogram: PageLoad.Clients.Ads.Visible.FrameCounts.AdFrames.Total recorded 1 samples, mean = 0.0 (flags = 0x41)
0  -O                                                                        (1 = 100.0%)
1  ... 

Histogram: PageLoad.Clients.CrossOrigin.LayoutInstability.CumulativeShiftScore recorded 1 samples, mean = 0.0 (flags = 0x41)
0  -O                                                                        (1 = 100.0%)
1  ... 

Histogram: PageLoad.Clients.CrossOrigin.LayoutInstability.CumulativeShiftScore.MainFrame recorded 1 samples, mean = 0.0 (flags = 0x41)
0  -O                                                                        (1 = 100.0%)
1  ... 

Histogram: PageLoad.Clients.Leakage2.AbandonReasonAt.LoaderStart recorded 1 samples, mean = 10.0 (flags = 0x41)
0   ... 
10  -O                                                                        (1 = 100.0%) {0.0%}
11  ... 

Histogram: PageLoad.Clients.Leakage2.LastMilestoneBeforeAbandon.NewReloadNavigation recorded 1 samples, mean = 1.0 (flags = 0x41)
0  O                                                                         (0 = 0.0%)
1  -O                                                                        (1 = 100.0%) {0.0%}
2  ... 

Histogram: PageLoad.Clients.Leakage2.LoaderStartToAbandon.NewReloadNavigation recorded 1 samples, mean = 4956.0 (flags = 0x41)
0     ... 
4780  -O                                                                        (1 = 100.0%) {0.0%}
5349  ... 

Histogram: PageLoad.Clients.Leakage2.NavigationStart recorded 2 samples, mean = 6410.5 (flags = 0x41)
0     ... 
4780  -O                                                                        (1 = 50.0%) {0.0%}
5349  ... 
7494  -O                                                                        (1 = 50.0%) {50.0%}
8385  ... 

Histogram: PageLoad.Clients.Leakage2.NavigationStartToCommitReceived recorded 1 samples, mean = 7472.0 (flags = 0x41)
0     ... 
6697  -O                                                                        (1 = 100.0%) {0.0%}
7494  ... 

Histogram: PageLoad.Clients.Leakage2.NavigationStartToCommitSent recorded 1 samples, mean = 7470.0 (flags = 0x41)
0     ... 
6697  -O                                                                        (1 = 100.0%) {0.0%}
7494  ... 

Histogram: PageLoad.Clients.Leakage2.NavigationStartToDOMContentLoaded recorded 1 samples, mean = 8748.0 (flags = 0x41)
0     ... 
8385  -O                                                                        (1 = 100.0%) {0.0%}
9382  ... 

Histogram: PageLoad.Clients.Leakage2.NavigationStartToDidCommit recorded 1 samples, mean = 7800.0 (flags = 0x41)
0     ... 
7494  -O                                                                        (1 = 100.0%) {0.0%}
8385  ... 

Histogram: PageLoad.Clients.Leakage2.NavigationStartToFirstRedirectResponseLoaderCallback recorded 1 samples, mean = 6459.0 (flags = 0x41)
0     ... 
5985  -O                                                                        (1 = 100.0%) {0.0%}
6697  ... 

Histogram: PageLoad.Clients.Leakage2.NavigationStartToFirstRedirectResponseStart recorded 1 samples, mean = 6458.0 (flags = 0x41)
0     ... 
5985  -O                                                                        (1 = 100.0%) {0.0%}
6697  ... 

Histogram: PageLoad.Clients.Leakage2.NavigationStartToFirstRedirectedRequestStart recorded 1 samples, mean = 6458.0 (flags = 0x41)
0     ... 
5985  -O                                                                        (1 = 100.0%) {0.0%}
6697  ... 

Histogram: PageLoad.Clients.Leakage2.NavigationStartToLoadStarted recorded 1 samples, mean = 9814.0 (flags = 0x41)
0     ... 
9382  -O                                                                        (1 = 100.0%) {0.0%}
10498 ... 

Histogram: PageLoad.Clients.Leakage2.NavigationStartToLoaderStart recorded 2 samples, mean = 2485.0 (flags = 0x41)
0     ... 
54    -O                                                                        (1 = 50.0%) {0.0%}
60    ... 
4780  -O                                                                        (1 = 50.0%) {50.0%}
5349  ... 

Histogram: PageLoad.Clients.Leakage2.NavigationStartToNonRedirectResponseLoaderCallback recorded 1 samples, mean = 7462.0 (flags = 0x41)
0     ... 
6697  -O                                                                        (1 = 100.0%) {0.0%}
7494  ... 

Histogram: PageLoad.Clients.Leakage2.NavigationStartToNonRedirectResponseStart recorded 1 samples, mean = 7313.0 (flags = 0x41)
0     ... 
6697  -O                                                                        (1 = 100.0%) {0.0%}
7494  ... 

Histogram: PageLoad.Clients.Leakage2.NavigationStartToNonRedirectedRequestStart recorded 1 samples, mean = 6798.0 (flags = 0x41)
0     ... 
6697  -O                                                                        (1 = 100.0%) {0.0%}
7494  ... 

Histogram: PageLoad.Clients.Leakage2.NavigationStartToParseStart recorded 1 samples, mean = 7483.0 (flags = 0x41)
0     ... 
6697  -O                                                                        (1 = 100.0%) {0.0%}
7494  ... 

Histogram: PageLoad.Clients.Leakage2.RendererProcessCreatedBeforeNav recorded 1 samples, mean = 1.0 (flags = 0x41)
0  O                                                                         (0 = 0.0%)
1  -O                                                                        (1 = 100.0%) {0.0%}
2  O                                                                         (0 = 0.0%) {100.0%}

Histogram: PageLoad.Clients.LinkPreview.Usage recorded 1 samples, mean = 0.0 (flags = 0x41)
0  -O                                                                        (1 = 100.0%)
1  ... 

Histogram: PageLoad.Clients.MultiTabLoading.WithTabCount_0.DocumentTiming.NavigationToDOMContentLoadedEventFired recorded 1 samples, mean = 8748.0 (flags = 0x41)
0     ... 
8385  -O                                                                        (1 = 100.0%) {0.0%}
9382  ... 

Histogram: PageLoad.Clients.MultiTabLoading.WithTabCount_0.DocumentTiming.NavigationToLoadEventFired recorded 1 samples, mean = 9814.0 (flags = 0x41)
0     ... 
9382  -O                                                                        (1 = 100.0%) {0.0%}
10498 ... 

Histogram: PageLoad.Clients.MultiTabLoading.With_0_OtherLoading.DocumentTiming.NavigationToDOMContentLoadedEventFired recorded 1 samples, mean = 8748.0 (flags = 0x41)
0     ... 
8385  -O                                                                        (1 = 100.0%) {0.0%}
9382  ... 

Histogram: PageLoad.Clients.MultiTabLoading.With_0_OtherLoading.DocumentTiming.NavigationToLoadEventFired recorded 1 samples, mean = 9814.0 (flags = 0x41)
0     ... 
9382  -O                                                                        (1 = 100.0%) {0.0%}
10498 ... 

Histogram: PageLoad.Clients.PerformanceManager.LoadedIdleWithoutLCP recorded 1 samples, mean = 12122.0 (flags = 0x41)
0      ... 
10165  -O                                                                        (1 = 100.0%) {0.0%}
12916  ... 

Histogram: PageLoad.Clients.PerformanceManager.LoadedIdleWithoutLCP.Foreground recorded 1 samples, mean = 12122.0 (flags = 0x41)
0      ... 
10165  -O                                                                        (1 = 100.0%) {0.0%}
12916  ... 

Histogram: PageLoad.Clients.Protocol.H2.DocumentTiming.NavigationToDOMContentLoadedEventFired recorded 1 samples, mean = 8748.0 (flags = 0x41)
0     ... 
8385  -O                                                                        (1 = 100.0%) {0.0%}
9382  ... 

Histogram: PageLoad.Clients.Protocol.H2.DocumentTiming.NavigationToLoadEventFired recorded 1 samples, mean = 9814.0 (flags = 0x41)
0     ... 
9382  -O                                                                        (1 = 100.0%) {0.0%}
10498 ... 

Histogram: PageLoad.Clients.Protocol.H2.ParseTiming.NavigationToParseStart recorded 1 samples, mean = 7483.0 (flags = 0x41)
0     ... 
6697  -O                                                                        (1 = 100.0%) {0.0%}
7494  ... 

Histogram: PageLoad.Clients.Scheme.HTTPS.ParseTiming.NavigationToParseStart recorded 1 samples, mean = 7483.0 (flags = 0x41)
0     ... 
6697  -O                                                                        (1 = 100.0%) {0.0%}
7494  ... 

Histogram: PageLoad.Clients.SubresourceLoading.DaysSinceLastVisitToOrigin recorded 1 samples, mean = 0.0 (flags = 0x40)
0  -O                                                                        (1 = 100.0%)
1  ... 

Histogram: PageLoad.Clients.SubresourceLoading.HasPreviousVisitToOrigin recorded 1 samples, mean = 1.0 (flags = 0x40)
0  O                                                                         (0 = 0.0%)
1  -O                                                                        (1 = 100.0%) {0.0%}
2  O                                                                         (0 = 0.0%) {100.0%}

Histogram: PageLoad.Clients.TPCD.CookieAccess.ThirdPartyCookieAllowMechanism3 recorded 1 samples, mean = 2.0 (flags = 0x41)
0  ... 
2  -O                                                                        (1 = 100.0%) {0.0%}
3  ... 

Histogram: PageLoad.Clients.TPCD.ThirdPartyCookieAccessBlockedByExperiment2 recorded 1 samples, mean = 0.0 (flags = 0x41)
0  -O                                                                        (1 = 100.0%)
1  ... 

Histogram: PageLoad.Clients.ThirdParty.Origins.CookieRead2 recorded 1 samples, mean = 0.0 (flags = 0x41)
0  -O                                                                        (1 = 100.0%)
1  ... 

Histogram: PageLoad.Cpu.TotalUsage recorded 1 samples, mean = 647.0 (flags = 0x41)
0    ... 
632  -O                                                                        (1 = 100.0%) {0.0%}
707  ... 

Histogram: PageLoad.Cpu.TotalUsageForegrounded recorded 1 samples, mean = 647.0 (flags = 0x41)
0    ... 
632  -O                                                                        (1 = 100.0%) {0.0%}
707  ... 

Histogram: PageLoad.DocumentTiming.NavigationToDOMContentLoadedEventFired recorded 1 samples, mean = 8748.0 (flags = 0x41)
0     ... 
8385  -O                                                                        (1 = 100.0%) {0.0%}
9382  ... 

Histogram: PageLoad.DocumentTiming.NavigationToLoadEventFired recorded 1 samples, mean = 9814.0 (flags = 0x41)
0     ... 
9382  -O                                                                        (1 = 100.0%) {0.0%}
10498 ... 

Histogram: PageLoad.Experimental.NavigationTiming.FinalLoaderCallbackToNavigationCommitSent recorded 1 samples, mean = 7.0 (flags = 0x41)
0  -O                                                                        (1 = 100.0%)
10 ... 

Histogram: PageLoad.Experimental.NavigationTiming.FinalRequestStartToFinalResponseStart recorded 1 samples, mean = 514.0 (flags = 0x41)
0    ... 
505  -O                                                                        (1 = 100.0%) {0.0%}
565  ... 

Histogram: PageLoad.Experimental.NavigationTiming.FinalResponseStartToFinalLoaderCallback recorded 1 samples, mean = 149.0 (flags = 0x41)
0    ... 
147  -O                                                                        (1 = 100.0%) {0.0%}
164  ... 

Histogram: PageLoad.Experimental.NavigationTiming.FirstRequestStartToFirstResponseStart recorded 1 samples, mean = 0.0 (flags = 0x41)
0  -O                                                                        (1 = 100.0%)
10 ... 

Histogram: PageLoad.Experimental.NavigationTiming.FirstResponseStartToFirstLoaderCallback recorded 1 samples, mean = 0.0 (flags = 0x41)
0  -O                                                                        (1 = 100.0%)
10 ... 

Histogram: PageLoad.Experimental.NavigationTiming.NavigationStartToFinalLoaderCallback recorded 1 samples, mean = 7462.0 (flags = 0x41)
0     ... 
6697  -O                                                                        (1 = 100.0%) {0.0%}
7494  ... 

Histogram: PageLoad.Experimental.NavigationTiming.NavigationStartToFinalRequestStart recorded 1 samples, mean = 6798.0 (flags = 0x41)
0     ... 
6697  -O                                                                        (1 = 100.0%) {0.0%}
7494  ... 

Histogram: PageLoad.Experimental.NavigationTiming.NavigationStartToFinalResponseStart recorded 1 samples, mean = 7313.0 (flags = 0x41)
0     ... 
6697  -O                                                                        (1 = 100.0%) {0.0%}
7494  ... 

Histogram: PageLoad.Experimental.NavigationTiming.NavigationStartToFirstLoaderCallback recorded 1 samples, mean = 6459.0 (flags = 0x41)
0     ... 
5985  -O                                                                        (1 = 100.0%) {0.0%}
6697  ... 

Histogram: PageLoad.Experimental.NavigationTiming.NavigationStartToFirstRequestStart recorded 1 samples, mean = 6458.0 (flags = 0x41)
0     ... 
5985  -O                                                                        (1 = 100.0%) {0.0%}
6697  ... 

Histogram: PageLoad.Experimental.NavigationTiming.NavigationStartToFirstResponseStart recorded 1 samples, mean = 6458.0 (flags = 0x41)
0     ... 
5985  -O                                                                        (1 = 100.0%) {0.0%}
6697  ... 

Histogram: PageLoad.Experimental.NavigationTiming.NavigationStartToNavigationCommitSent recorded 1 samples, mean = 7470.0 (flags = 0x41)
0     ... 
6697  -O                                                                        (1 = 100.0%) {0.0%}
7494  ... 

Histogram: PageLoad.Experimental.PageTiming.CachedResourceLoadTime. recorded 1 samples, mean = 792.0 (flags = 0x41)
0    ... 
729  -O                                                                        (1 = 100.0%) {0.0%}
926  ... 

Histogram: PageLoad.Experimental.PageTiming.CachedResourceLoadTime.font recorded 5 samples, mean = 0.6 (flags = 0x41)
0  --O                                                                       (2 = 40.0%)
1  ---O                                                                      (3 = 60.0%) {40.0%}
2  ... 

Histogram: PageLoad.Experimental.PageTiming.CachedResourceLoadTime.manifest recorded 1 samples, mean = 616.0 (flags = 0x41)
0    ... 
574  -O                                                                        (1 = 100.0%) {0.0%}
729  ... 

Histogram: PageLoad.Experimental.PageTiming.CachedResourceLoadTime.script recorded 24 samples, mean = 3.1 (flags = 0x41)
0   --O                                                                       (2 = 8.3%)
1   -------------O                                                            (13 = 54.2%) {8.3%}
2   ... 
6   --------O                                                                 (8 = 33.3%) {62.5%}
8   O                                                                         (0 = 0.0%) {95.8%}
10  -O                                                                        (1 = 4.2%) {95.8%}
13  ... 

Histogram: PageLoad.Experimental.PageTiming.CachedResourceLoadTime.style recorded 8 samples, mean = 58.8 (flags = 0x41)
0    O                                                                         (0 = 0.0%)
1    -O                                                                        (1 = 12.5%) {0.0%}
2    ----O                                                                     (4 = 50.0%) {12.5%}
3    ... 
8    --O                                                                       (2 = 25.0%) {62.5%}
10   ... 
356  -O                                                                        (1 = 12.5%) {87.5%}
452  ... 

Histogram: PageLoad.Experimental.PageTiming.CommitSentToFirstSubresourceLoadStart recorded 1 samples, mean = 653.0 (flags = 0x41)
0    ... 
632  -O                                                                        (1 = 100.0%) {0.0%}
707  ... 

Histogram: PageLoad.Experimental.PageTiming.NavigationToFirstSubresourceLoadStart recorded 1 samples, mean = 8123.0 (flags = 0x41)
0     ... 
7494  -O                                                                        (1 = 100.0%) {0.0%}
8385  ... 

Histogram: PageLoad.Experimental.PageTiming.ResourceLoadTime. recorded 6 samples, mean = 465.3 (flags = 0x41)
0    ... 
220  -O                                                                        (1 = 16.7%) {0.0%}
280  O                                                                         (0 = 0.0%) {16.7%}
356  ---O                                                                      (3 = 50.0%) {16.7%}
452  -O                                                                        (1 = 16.7%) {66.7%}
574  ... 
926  -O                                                                        (1 = 16.7%) {83.3%}
1177 ... 

Histogram: PageLoad.Experimental.PageTiming.ResourceLoadTime.document recorded 1 samples, mean = 523.0 (flags = 0x41)
0    ... 
452  -O                                                                        (1 = 100.0%) {0.0%}
574  ... 

Histogram: PageLoad.Experimental.PageTiming.ResourceLoadTime.image recorded 1 samples, mean = 322.0 (flags = 0x41)
0    ... 
280  -O                                                                        (1 = 100.0%) {0.0%}
356  ... 

Histogram: PageLoad.Experimental.PageTiming.ResourceLoadTime.script recorded 2 samples, mean = 293.5 (flags = 0x41)
0    ... 
107  -O                                                                        (1 = 50.0%) {0.0%}
136  ... 
452  -O                                                                        (1 = 50.0%) {50.0%}
574  ... 

Histogram: PageLoad.Experimental.PageVisitFinalStatus recorded 1 samples, mean = 1.0 (flags = 0x41)
0  O                                                                         (0 = 0.0%)
1  -O                                                                        (1 = 100.0%) {0.0%}
2  ... 

Histogram: PageLoad.Experimental.PageVisitType2 recorded 1 samples, mean = 6.0 (flags = 0x41)
0  ... 
6  -O                                                                        (1 = 100.0%) {0.0%}
7  ... 

Histogram: PageLoad.Experimental.PaintTiming.FirstEligibleToPaintToFirstPaint recorded 1 samples, mean = 519.0 (flags = 0x41)
0    ... 
505  -O                                                                        (1 = 100.0%) {0.0%}
565  ... 

Histogram: PageLoad.Experimental.TotalForegroundDuration recorded 1 samples, mean = 36765008.0 (flags = 0x41)
0        ... 
3600000  -O                                                                        (1 = 100.0%) {0.0%}

Histogram: PageLoad.Experimental.TotalForegroundDuration.AllVisit recorded 1 samples, mean = 36765008.0 (flags = 0x41)
0        ... 
3600000  -O                                                                        (1 = 100.0%) {0.0%}

Histogram: PageLoad.Experimental.TotalForegroundDuration.IndependentUIVisit recorded 1 samples, mean = 36765008.0 (flags = 0x41)
0        ... 
3600000  -O                                                                        (1 = 100.0%) {0.0%}

Histogram: PageLoad.Expermental.SoftNavigations.Count recorded 1 samples, mean = 0.0 (flags = 0x41)
0  -O                                                                        (1 = 100.0%)
1  ... 

Histogram: PageLoad.Internal.PageLoadTimingStatus recorded 17 samples, mean = 0.0 (flags = 0x41)
0  -----------------O                                                        (17 = 100.0%)
1  ... 

Histogram: PageLoad.Internal.PageLoadTimingStatus.AtTimingCallbackDispatch recorded 4 samples, mean = 0.0 (flags = 0x41)
0  ----O                                                                     (4 = 100.0%)
1  ... 

Histogram: PageLoad.Internal.PageType recorded 2 samples, mean = 0.0 (flags = 0x41)
0  --O                                                                       (2 = 100.0%)
1  ... 

Histogram: PageLoad.Internal.SuppressedEventsBeforeMissingFirstPaint recorded 1 samples, mean = 0.0 (flags = 0x41)
0  -O                                                                        (1 = 100.0%)
1  ... 

Histogram: PageLoad.Internal.SuppressedEventsCountBeforePaint3 recorded 1 samples, mean = 0.0 (flags = 0x41)
0  -O                                                                        (1 = 100.0%)
1  ... 

Histogram: PageLoad.Internal.SuppressedEventsTimingBeforePaint3 recorded 1 samples, mean = 0.0 (flags = 0x41)
0  -O                                                                        (1 = 100.0%)
1  ... 

Histogram: PageLoad.Internal.SuppressedInteractionsCountBeforePaint3 recorded 1 samples, mean = 0.0 (flags = 0x41)
0  -O                                                                        (1 = 100.0%)
1  ... 

Histogram: PageLoad.LayoutInstability.CumulativeShiftScore recorded 1 samples, mean = 0.0 (flags = 0x41)
0  -O                                                                        (1 = 100.0%)
1  ... 

Histogram: PageLoad.LayoutInstability.CumulativeShiftScore.MainFrame recorded 1 samples, mean = 0.0 (flags = 0x41)
0  -O                                                                        (1 = 100.0%)
1  ... 

Histogram: PageLoad.LayoutInstability.MaxCumulativeShiftScore.SessionWindow.Gap1000ms.Max5000ms recorded 1 samples, mean = 0.0 (flags = 0x41)
0  -O                                                                        (1 = 100.0%)
1  ... 

Histogram: PageLoad.LayoutInstability.MaxCumulativeShiftScore.SessionWindow.Gap1000ms.Max5000ms2 recorded 1 samples, mean = 0.0 (flags = 0x41)
0  -O                                                                        (1 = 100.0%)
1  ... 

Histogram: PageLoad.PageTiming.ForegroundDuration recorded 1 samples, mean = 36765004.0 (flags = 0x41)
0        ... 
3600000  -O                                                                        (1 = 100.0%) {0.0%}

Histogram: PageLoad.PageTiming.ForegroundDuration.AfterPaint recorded 1 samples, mean = 36755884.0 (flags = 0x41)
0        ... 
3600000  -O                                                                        (1 = 100.0%) {0.0%}

Histogram: PageLoad.PageTiming.ForegroundDuration.NoCommit recorded 1 samples, mean = 104.0 (flags = 0x41)
0   ... 
92  -O                                                                        (1 = 100.0%) {0.0%}
105 ... 

Histogram: PageLoad.PageTiming.ForegroundDuration.WithPaint recorded 1 samples, mean = 36765004.0 (flags = 0x41)
0        ... 
3600000  -O                                                                        (1 = 100.0%) {0.0%}

Histogram: PageLoad.PaintTiming.NavigationToFirstPaint recorded 1 samples, mean = 9121.0 (flags = 0x41)
0     ... 
8385  -O                                                                        (1 = 100.0%) {0.0%}
9382  ... 

Histogram: PageLoad.ParseTiming.NavigationToParseStart recorded 1 samples, mean = 7483.0 (flags = 0x41)
0     ... 
6697  -O                                                                        (1 = 100.0%) {0.0%}
7494  ... 

Histogram: PageLoad.ParseTiming.NavigationToParseStart.LoadType.NewNavigation recorded 1 samples, mean = 7483.0 (flags = 0x41)
0     ... 
6697  -O                                                                        (1 = 100.0%) {0.0%}
7494  ... 

Histogram: PageLoad.ParseTiming.ParseBlockedOnScriptExecution recorded 1 samples, mean = 16.0 (flags = 0x41)
0   ... 
15  -O                                                                        (1 = 100.0%) {0.0%}
17  ... 

Histogram: PageLoad.ParseTiming.ParseBlockedOnScriptExecutionFromDocumentWrite recorded 1 samples, mean = 0.0 (flags = 0x41)
0  -O                                                                        (1 = 100.0%)
10 ... 

Histogram: PageLoad.ParseTiming.ParseBlockedOnScriptLoad recorded 1 samples, mean = 1079.0 (flags = 0x41)
0    ... 
990  -O                                                                        (1 = 100.0%) {0.0%}
1108 ... 

Histogram: PaintHolding.CommitTrigger2 recorded 1 samples, mean = 3.0 (flags = 0x41)
0  ... 
3  -O                                                                        (1 = 100.0%) {0.0%}
4  ... 

Histogram: PasswordManager.AccountStore.InaccessiblePasswords3 recorded 1 samples, mean = 0.0 (flags = 0x41)
0  -O                                                                        (1 = 100.0%)
1  ... 

Histogram: PasswordManager.AccountStore.LoginDatabaseEncryptionStatus recorded 1 samples, mean = 0.0 (flags = 0x41)
0  -O                                                                        (1 = 100.0%)
1  ... 

Histogram: PasswordManager.AffiliationDatabase.DatabaseSize recorded 1 samples, mean = 52.0 (flags = 0x41)
0  -O                                                                        (1 = 100.0%)
1000... 

Histogram: PasswordManager.BubbleSuppression.AccountsInStatisticsTable2 recorded 1 samples, mean = 0.0 (flags = 0x41)
0  -O                                                                        (1 = 100.0%)
1  ... 

Histogram: PasswordManager.GetAllLogins.TimeSinceInit recorded 2 samples, mean = 30246.0 (flags = 0x41)
0      ... 
26495  --O                                                                       (2 = 100.0%) {0.0%}
33665  ... 

Histogram: PasswordManager.GetAutofillableLogins.TimeSinceInit recorded 2 samples, mean = 7589.5 (flags = 0x41)
0     ... 
6296  --O                                                                       (2 = 100.0%) {0.0%}
8000  ... 

Histogram: PasswordManager.LoginDatabaseInit2 recorded 2 samples, mean = 0.0 (flags = 0x41)
0  --O                                                                       (2 = 100.0%)
1  ... 

Histogram: PasswordManager.OnEncryptorReceived.Success recorded 2 samples, mean = 1.0 (flags = 0x41)
0  O                                                                         (0 = 0.0%)
1  --O                                                                       (2 = 100.0%) {0.0%}
2  O                                                                         (0 = 0.0%) {100.0%}

Histogram: PasswordManager.PasswordStore.InitTime recorded 2 samples, mean = 5495.0 (flags = 0x41)
0     ... 
5017  --O                                                                       (2 = 100.0%) {0.0%}
5961  ... 

Histogram: PasswordManager.PasswordStoreBackend.GetAllLoginsAsync recorded 4 samples, mean = 1.0 (flags = 0x41)
0  --O                                                                       (2 = 50.0%)
1  O                                                                         (0 = 0.0%) {50.0%}
2  --O                                                                       (2 = 50.0%) {50.0%}
3  ... 

Histogram: PasswordManager.PasswordStoreBackend.GetAllLoginsAsync.Latency recorded 2 samples, mean = 333.0 (flags = 0x41)
0    ... 
280  --O                                                                       (2 = 100.0%) {0.0%}
356  ... 

Histogram: PasswordManager.PasswordStoreBackend.GetAllLoginsAsync.Success recorded 2 samples, mean = 1.0 (flags = 0x41)
0  O                                                                         (0 = 0.0%)
1  --O                                                                       (2 = 100.0%) {0.0%}
2  O                                                                         (0 = 0.0%) {100.0%}

Histogram: PasswordManager.PasswordStoreBackend.GetAutofillableLoginsAsync recorded 4 samples, mean = 1.0 (flags = 0x41)
0  --O                                                                       (2 = 50.0%)
1  O                                                                         (0 = 0.0%) {50.0%}
2  --O                                                                       (2 = 50.0%) {50.0%}
3  ... 

Histogram: PasswordManager.PasswordStoreBackend.GetAutofillableLoginsAsync.Latency recorded 2 samples, mean = 2.0 (flags = 0x41)
0  ... 
2  --O                                                                       (2 = 100.0%) {0.0%}
3  ... 

Histogram: PasswordManager.PasswordStoreBackend.GetAutofillableLoginsAsync.Success recorded 2 samples, mean = 1.0 (flags = 0x41)
0  O                                                                         (0 = 0.0%)
1  --O                                                                       (2 = 100.0%) {0.0%}
2  O                                                                         (0 = 0.0%) {100.0%}

Histogram: PasswordManager.PasswordStoreBuiltInBackend.GetAllLoginsAsync recorded 4 samples, mean = 1.0 (flags = 0x41)
0  --O                                                                       (2 = 50.0%)
1  O                                                                         (0 = 0.0%) {50.0%}
2  --O                                                                       (2 = 50.0%) {50.0%}
3  ... 

Histogram: PasswordManager.PasswordStoreBuiltInBackend.GetAllLoginsAsync.Latency recorded 2 samples, mean = 333.0 (flags = 0x41)
0    ... 
280  --O                                                                       (2 = 100.0%) {0.0%}
356  ... 

Histogram: PasswordManager.PasswordStoreBuiltInBackend.GetAllLoginsAsync.Success recorded 2 samples, mean = 1.0 (flags = 0x41)
0  O                                                                         (0 = 0.0%)
1  --O                                                                       (2 = 100.0%) {0.0%}
2  O                                                                         (0 = 0.0%) {100.0%}

Histogram: PasswordManager.PasswordStoreBuiltInBackend.GetAutofillableLoginsAsync recorded 4 samples, mean = 1.0 (flags = 0x41)
0  --O                                                                       (2 = 50.0%)
1  O                                                                         (0 = 0.0%) {50.0%}
2  --O                                                                       (2 = 50.0%) {50.0%}
3  ... 

Histogram: PasswordManager.PasswordStoreBuiltInBackend.GetAutofillableLoginsAsync.Latency recorded 2 samples, mean = 2.0 (flags = 0x41)
0  ... 
2  --O                                                                       (2 = 100.0%) {0.0%}
3  ... 

Histogram: PasswordManager.PasswordStoreBuiltInBackend.GetAutofillableLoginsAsync.Success recorded 2 samples, mean = 1.0 (flags = 0x41)
0  O                                                                         (0 = 0.0%)
1  --O                                                                       (2 = 100.0%) {0.0%}
2  O                                                                         (0 = 0.0%) {100.0%}

Histogram: PasswordManager.ProfileStore.InaccessiblePasswords3 recorded 1 samples, mean = 0.0 (flags = 0x41)
0  -O                                                                        (1 = 100.0%)
1  ... 

Histogram: PasswordManager.ProfileStore.LoginDatabaseEncryptionStatus recorded 1 samples, mean = 0.0 (flags = 0x41)
0  -O                                                                        (1 = 100.0%)
1  ... 

Histogram: PasswordManager.SavedGaiaPasswordHashCount2 recorded 1 samples, mean = 0.0 (flags = 0x41)
0  -O                                                                        (1 = 100.0%)
1  ... 

Histogram: PasswordManager.SyncMetadataReadError2 recorded 2 samples, mean = 0.0 (flags = 0x41)
0  --O                                                                       (2 = 100.0%)
1  ... 

Histogram: PaymentRequest.IsCanMakePaymentAllowedByPref.Startup recorded 1 samples, mean = 1.0 (flags = 0x41)
0  O                                                                         (0 = 0.0%)
1  -O                                                                        (1 = 100.0%) {0.0%}
2  O                                                                         (0 = 0.0%) {100.0%}

Histogram: PerformanceManager.LoadingNotQuiescentPageCount.All recorded 1224 samples, mean = 0.0 (flags = 0x41)
0  ------------------------------------------------------------------------O (1224 = 100.0%)
1  ... 

Histogram: PerformanceManager.LoadingNotQuiescentPageCount.Hidden recorded 1224 samples, mean = 0.0 (flags = 0x41)
0  ------------------------------------------------------------------------O (1224 = 100.0%)
1  ... 

Histogram: PerformanceManager.LoadingNotQuiescentPageCount.MixedVisibility recorded 1224 samples, mean = 0.0 (flags = 0x41)
0  ------------------------------------------------------------------------O (1224 = 100.0%)
1  ... 

Histogram: PerformanceManager.LoadingNotQuiescentPageCount.Visible recorded 1224 samples, mean = 0.0 (flags = 0x41)
0  ------------------------------------------------------------------------O (1224 = 100.0%)
1  ... 

Histogram: PerformanceManager.QuiescentPageCount recorded 1224 samples, mean = 1.0 (flags = 0x41)
0  O                                                                         (0 = 0.0%)
1  ------------------------------------------------------------------------O (1224 = 100.0%) {0.0%}
2  ... 

Histogram: PerformanceManager.SiteDB.DatabaseInit recorded 1 samples, mean = 0.0 (flags = 0x41)
0  -O                                                                        (1 = 100.0%)
1  ... 

Histogram: PerformanceManager.SiteDB.OnDiskSize recorded 1 samples, mean = 3.0 (flags = 0x41)
0  -O                                                                        (1 = 100.0%)
1000... 

Histogram: PerformanceManager.SiteDB.WriteCompleted.WriteSiteDataIntoStore recorded 1 samples, mean = 1.0 (flags = 0x41)
0  O                                                                         (0 = 0.0%)
1  -O                                                                        (1 = 100.0%) {0.0%}
2  O                                                                         (0 = 0.0%) {100.0%}

Histogram: PerformanceManager.SiteDB.WriteScheduled.WriteSiteDataIntoStore recorded 1 samples, mean = 1.0 (flags = 0x41)
0  O                                                                         (0 = 0.0%)
1  -O                                                                        (1 = 100.0%) {0.0%}
2  O                                                                         (0 = 0.0%) {100.0%}

Histogram: PerformanceManager.TabRevisitTracker.TimeToClose2 recorded 1 samples, mean = 36765.0 (flags = 0x41)
0      ... 
35632  -O                                                                        (1 = 100.0%) {0.0%}
37494  ... 

Histogram: PerformanceManager.UserTuning.BatterySaverModeEnabledPercent recorded 1 samples, mean = 0.0 (flags = 0x41)
0  -O                                                                        (1 = 100.0%)
1  ... 

Histogram: PerformanceManager.UserTuning.MemorySaverModeEnabledPercent recorded 1 samples, mean = 0.0 (flags = 0x41)
0  -O                                                                        (1 = 100.0%)
1  ... 

Histogram: PerformanceMonitor.AverageCPU8.BrowserProcess recorded 305 samples, mean = 6521.0 (flags = 0x41)
0      ... 
558    -O                                                                        (1 = 0.3%) {0.0%}
674    ------------------O                                                       (20 = 6.6%) {0.3%}
814    ------------------------------------------------------------------------O (78 = 25.6%) {6.9%}
983    ------------------------------O                                           (33 = 10.8%) {32.5%}
1187   ----O                                                                     (4 = 1.3%) {43.3%}
1433   ---O                                                                      (3 = 1.0%) {44.6%}
1730   ----O                                                                     (4 = 1.3%) {45.6%}
2088   ------O                                                                   (7 = 2.3%) {46.9%}
2521   -----O                                                                    (5 = 1.6%) {49.2%}
3043   ---O                                                                      (3 = 1.0%) {50.8%}
3673   ------O                                                                   (6 = 2.0%) {51.8%}
4434   ---------O                                                                (10 = 3.3%) {53.8%}
5353   --------O                                                                 (9 = 3.0%) {57.0%}
6462   ------O                                                                   (7 = 2.3%) {60.0%}
7801   ---------O                                                                (10 = 3.3%) {62.3%}
9417   ----------O                                                               (11 = 3.6%) {65.6%}
11368  --------------------------------O                                         (35 = 11.5%) {69.2%}
13724  --------------------------O                                               (28 = 9.2%) {80.7%}
16567  ------------------------O                                                 (26 = 8.5%) {89.8%}
20000  -----O                                                                    (5 = 1.6%) {98.4%}

Histogram: PerformanceMonitor.AverageCPU8.GPUProcess recorded 305 samples, mean = 11.8 (flags = 0x41)
0    ... 
5    --------------------------------O                                         (32 = 10.5%) {0.0%}
6    --------------------------------------------------O                       (50 = 16.4%) {10.5%}
7    --------------------------------------O                                   (38 = 12.5%) {26.9%}
8    -------------------------------------------------------------O            (61 = 20.0%) {39.3%}
10   -----------------------------O                                            (29 = 9.5%) {59.3%}
12   ------------------------O                                                 (24 = 7.9%) {68.9%}
15   -------------O                                                            (13 = 4.3%) {76.7%}
18   ----------------------O                                                   (22 = 7.2%) {81.0%}
22   -----------------------O                                                  (23 = 7.5%) {88.2%}
27   ------------O                                                             (12 = 3.9%) {95.7%}
33   ... 
181  -O                                                                        (1 = 0.3%) {99.7%}
218  ... 

Histogram: PerformanceMonitor.AverageCPU8.NetworkProcess recorded 305 samples, mean = 1.2 (flags = 0x41)
0   -O                                                                        (2 = 0.7%)
1   ------------------------------------------------------------------------O (276 = 90.5%) {0.7%}
2   -O                                                                        (4 = 1.3%) {91.1%}
3   ---O                                                                      (11 = 3.6%) {92.5%}
4   ---O                                                                      (11 = 3.6%) {96.1%}
5   ... 
12  O                                                                         (1 = 0.3%) {99.7%}
15  ... 

Histogram: PerformanceMonitor.AverageCPU8.OtherProcess recorded 305 samples, mean = 0.0 (flags = 0x41)
0  ------------------------------------------------------------------------O (305 = 100.0%)
1  ... 

Histogram: PerformanceMonitor.AverageCPU8.RendererExtensionEventProcess recorded 305 samples, mean = 0.0 (flags = 0x41)
0  ------------------------------------------------------------------------O (305 = 100.0%)
1  ... 

Histogram: PerformanceMonitor.AverageCPU8.RendererExtensionPersistentProcess recorded 305 samples, mean = 0.0 (flags = 0x41)
0  ------------------------------------------------------------------------O (305 = 100.0%)
1  ... 

Histogram: PerformanceMonitor.AverageCPU8.RendererProcess recorded 305 samples, mean = 0.7 (flags = 0x41)
0    ------------------------------------------------------------------------O (304 = 99.7%)
1    ... 
181  O                                                                         (1 = 0.3%) {99.7%}
218  ... 

Histogram: PerformanceMonitor.AverageCPU8.Total recorded 305 samples, mean = 6535.2 (flags = 0x41)
0      ... 
674    ------------------O                                                       (19 = 6.2%) {0.0%}
814    ------------------------------------------------------------------------O (74 = 24.3%) {6.2%}
983    --------------------------------------O                                   (39 = 12.8%) {30.5%}
1187   ----O                                                                     (4 = 1.3%) {43.3%}
1433   ---O                                                                      (3 = 1.0%) {44.6%}
1730   ----O                                                                     (4 = 1.3%) {45.6%}
2088   -------O                                                                  (7 = 2.3%) {46.9%}
2521   -----O                                                                    (5 = 1.6%) {49.2%}
3043   ---O                                                                      (3 = 1.0%) {50.8%}
3673   ------O                                                                   (6 = 2.0%) {51.8%}
4434   ----------O                                                               (10 = 3.3%) {53.8%}
5353   ---------O                                                                (9 = 3.0%) {57.0%}
6462   -------O                                                                  (7 = 2.3%) {60.0%}
7801   ----------O                                                               (10 = 3.3%) {62.3%}
9417   -----------O                                                              (11 = 3.6%) {65.6%}
11368  ----------------------------------O                                       (35 = 11.5%) {69.2%}
13724  ---------------------------O                                              (28 = 9.2%) {80.7%}
16567  -------------------------O                                                (26 = 8.5%) {89.8%}
20000  -----O                                                                    (5 = 1.6%) {98.4%}

Histogram: PerformanceMonitor.AverageCPU8.Total.ZeroWindow recorded 305 samples, mean = 6535.2 (flags = 0x41)
0      ... 
674    ------------------O                                                       (19 = 6.2%) {0.0%}
814    ------------------------------------------------------------------------O (74 = 24.3%) {6.2%}
983    --------------------------------------O                                   (39 = 12.8%) {30.5%}
1187   ----O                                                                     (4 = 1.3%) {43.3%}
1433   ---O                                                                      (3 = 1.0%) {44.6%}
1730   ----O                                                                     (4 = 1.3%) {45.6%}
2088   -------O                                                                  (7 = 2.3%) {46.9%}
2521   -----O                                                                    (5 = 1.6%) {49.2%}
3043   ---O                                                                      (3 = 1.0%) {50.8%}
3673   ------O                                                                   (6 = 2.0%) {51.8%}
4434   ----------O                                                               (10 = 3.3%) {53.8%}
5353   ---------O                                                                (9 = 3.0%) {57.0%}
6462   -------O                                                                  (7 = 2.3%) {60.0%}
7801   ----------O                                                               (10 = 3.3%) {62.3%}
9417   -----------O                                                              (11 = 3.6%) {65.6%}
11368  ----------------------------------O                                       (35 = 11.5%) {69.2%}
13724  ---------------------------O                                              (28 = 9.2%) {80.7%}
16567  -------------------------O                                                (26 = 8.5%) {89.8%}
20000  -----O                                                                    (5 = 1.6%) {98.4%}

Histogram: PerformanceMonitor.AverageCPU8.UtilityProcess recorded 305 samples, mean = 0.0 (flags = 0x41)
0  ------------------------------------------------------------------------O (305 = 100.0%)
1  ... 

Histogram: PerformanceMonitor.HasPreciseCPUUsage recorded 9 samples, mean = 1.0 (flags = 0x41)
0  O                                                                         (0 = 0.0%)
1  ---------O                                                                (9 = 100.0%) {0.0%}
2  O                                                                         (0 = 0.0%) {100.0%}

Histogram: PerformanceMonitor.UsageScenario.LongInterval recorded 305 samples, mean = 13.0 (flags = 0x41)
0   ... 
13  ------------------------------------------------------------------------O (305 = 100.0%) {0.0%}
14  ... 

Histogram: Permissions.API.CreatedPermissionStatusObjects recorded 1 samples, mean = 0.0 (flags = 0x41)
0  -O                                                                        (1 = 100.0%)
1  ... 

Histogram: Permissions.Experimental.PrimaryMainNavigationFinished.AudioCapture.TopLevelHeaderPolicy recorded 1 samples, mean = 0.0 (flags = 0x41)
0  -O                                                                        (1 = 100.0%)
1  ... 

Histogram: Permissions.Experimental.PrimaryMainNavigationFinished.Geolocation.TopLevelHeaderPolicy recorded 1 samples, mean = 0.0 (flags = 0x41)
0  -O                                                                        (1 = 100.0%)
1  ... 

Histogram: Permissions.Experimental.PrimaryMainNavigationFinished.VideoCapture.TopLevelHeaderPolicy recorded 1 samples, mean = 0.0 (flags = 0x41)
0  -O                                                                        (1 = 100.0%)
1  ... 

Histogram: Permissions.QuietNotificationPrompts.RegularProfile.IsEnabledInPrefs recorded 1 samples, mean = 0.0 (flags = 0x41)
0  -O                                                                        (1 = 100.0%)
1  ... 

Histogram: Platform.IntelMaxMicroArchitecture recorded 1 samples, mean = 10.0 (flags = 0x41)
0   ... 
10  -O                                                                        (1 = 100.0%) {0.0%}
11  ... 

Histogram: Power.BatteryDischargeGranularityIsOrdered recorded 919 samples, mean = 1.0 (flags = 0x41)
0  O                                                                         (0 = 0.0%)
1  ------------------------------------------------------------------------O (919 = 100.0%) {0.0%}
2  O                                                                         (0 = 0.0%) {100.0%}

Histogram: Power.BatteryDischargeMode5 recorded 612 samples, mean = 1.0 (flags = 0x41)
0  O                                                                         (0 = 0.0%)
1  ------------------------------------------------------------------------O (612 = 100.0%) {0.0%}
2  ... 

Histogram: Power.BatteryDischargeMode5.Initial recorded 1 samples, mean = 1.0 (flags = 0x41)
0  O                                                                         (0 = 0.0%)
1  -O                                                                        (1 = 100.0%) {0.0%}
2  ... 

Histogram: Power.BatteryDischargeMode5.Periodic recorded 611 samples, mean = 1.0 (flags = 0x41)
0  O                                                                         (0 = 0.0%)
1  ------------------------------------------------------------------------O (611 = 100.0%) {0.0%}
2  ... 

Histogram: Power.BatteryDischargeMode5.TenMinutes recorded 60 samples, mean = 1.0 (flags = 0x41)
0  O                                                                         (0 = 0.0%)
1  ------------------------------------------------------------O             (60 = 100.0%) {0.0%}
2  ... 

Histogram: Power.BatteryDischargeMode5.ZeroWindow recorded 612 samples, mean = 1.0 (flags = 0x41)
0  O                                                                         (0 = 0.0%)
1  ------------------------------------------------------------------------O (612 = 100.0%) {0.0%}
2  ... 

Histogram: Power.BatteryDischargeMode5.ZeroWindow.Initial recorded 1 samples, mean = 1.0 (flags = 0x41)
0  O                                                                         (0 = 0.0%)
1  -O                                                                        (1 = 100.0%) {0.0%}
2  ... 

Histogram: Power.BatteryDischargeMode5.ZeroWindow.Periodic recorded 611 samples, mean = 1.0 (flags = 0x41)
0  O                                                                         (0 = 0.0%)
1  ------------------------------------------------------------------------O (611 = 100.0%) {0.0%}
2  ... 

Histogram: Power.HasPreciseBatteryDischargeGranularity recorded 612 samples, mean = 0.0 (flags = 0x41)
0  ------------------------------------------------------------------------O (612 = 100.0%)
1  ... 

Histogram: Prefs.JSonStore.SetValueKey recorded 285 samples (flags = 0x41)
67499933    O                                                                         (1 = 0.4%)
174384190   -O                                                                        (2 = 0.7%)
372921139   -O                                                                        (2 = 0.7%)
819550135   O                                                                         (1 = 0.4%)
830521985   O                                                                         (1 = 0.4%)
852125461   -O                                                                        (2 = 0.7%)
1227647714  O                                                                         (1 = 0.4%)
1285180254  O                                                                         (1 = 0.4%)
1441835268  O                                                                         (1 = 0.4%)
1886855768  O                                                                         (1 = 0.4%)
1923415074  --------------O                                                           (42 = 14.7%)
1927273959  O                                                                         (1 = 0.4%)
1936820420  -O                                                                        (2 = 0.7%)
1956100443  -O                                                                        (3 = 1.1%)
2056672062  ------------------------------------------------------------------------O (223 = 78.2%)
2082524502  O                                                                         (1 = 0.4%)

Histogram: Privacy.CookieControlsSetting.RegularProfile recorded 1 samples, mean = 2.0 (flags = 0x41)
0  ... 
2  -O                                                                        (1 = 100.0%) {0.0%}
3  O                                                                         (0 = 0.0%) {100.0%}

Histogram: Privacy.DIPS.BounceCategoryServer.Block3PC recorded 1 samples, mean = 0.0 (flags = 0x41)
0  -O                                                                        (1 = 100.0%)
1  ... 

Histogram: Privacy.DIPS.ClearedSitesCount.Block3PC recorded 11 samples, mean = 0.0 (flags = 0x41)
0  -----------O                                                              (11 = 100.0%)
1  ... 

Histogram: Privacy.DIPS.DIPSErrorCodes recorded 3 samples, mean = 2.0 (flags = 0x41)
0  --O                                                                       (2 = 66.7%)
1  ... 
6  -O                                                                        (1 = 33.3%) {66.7%}
7  ... 

Histogram: Privacy.DIPS.Database.Operation.FilterSitesWithProtectiveEventTime recorded 1 samples, mean = 0.0 (flags = 0x41)
0  -O                                                                        (1 = 100.0%)
1  ... 

Histogram: Privacy.DIPS.Database.Operation.GetSitesThatBouncedWithStateTime recorded 11 samples, mean = 0.0 (flags = 0x41)
0  -----------O                                                              (11 = 100.0%)
1  ... 

Histogram: Privacy.DIPS.Database.Operation.InitTime recorded 1 samples, mean = 3.0 (flags = 0x41)
0  ... 
3  -O                                                                        (1 = 100.0%) {0.0%}
4  ... 

Histogram: Privacy.DIPS.Database.Operation.ReadPopupTime recorded 1 samples, mean = 0.0 (flags = 0x41)
0  -O                                                                        (1 = 100.0%)
1  ... 

Histogram: Privacy.DIPS.Database.Operation.ReadTime recorded 3 samples, mean = 0.0 (flags = 0x41)
0  ---O                                                                      (3 = 100.0%)
1  ... 

Histogram: Privacy.DIPS.Database.Operation.RemoveRowsTime recorded 1 samples, mean = 3.0 (flags = 0x41)
0  ... 
3  -O                                                                        (1 = 100.0%) {0.0%}
4  ... 

Histogram: Privacy.DIPS.Database.Operation.WriteTime recorded 1 samples, mean = 52.0 (flags = 0x41)
0   ... 
48  -O                                                                        (1 = 100.0%) {0.0%}
57  ... 

Histogram: Privacy.DIPS.DatabaseEntryCount recorded 1 samples, mean = 2.0 (flags = 0x41)
0  ... 
2  -O                                                                        (1 = 100.0%) {0.0%}
3  ... 

Histogram: Privacy.DIPS.DatabaseHealthMetricsTime recorded 1 samples, mean = 0.0 (flags = 0x41)
0  -O                                                                        (1 = 100.0%)
1  ... 

Histogram: Privacy.DIPS.DatabaseInit recorded 1 samples, mean = 1.0 (flags = 0x41)
0  O                                                                         (0 = 0.0%)
1  -O                                                                        (1 = 100.0%) {0.0%}
2  ... 

Histogram: Privacy.DIPS.DatabaseSize recorded 1 samples, mean = 36.0 (flags = 0x41)
0  -O                                                                        (1 = 100.0%)
1000... 

Histogram: Privacy.DoNotTrackSetting2 recorded 1 samples, mean = 0.0 (flags = 0x41)
0  -O                                                                        (1 = 100.0%)
1  ... 

Histogram: Privacy.ThirdPartyCookieBlockingSetting.RegularProfile recorded 1 samples, mean = 0.0 (flags = 0x41)
0  -O                                                                        (1 = 100.0%)
1  ... 

Histogram: PrivacyBudget.Identifiability.FinchConfigValidationResult recorded 1 samples, mean = 1.0 (flags = 0x41)
0  O                                                                         (0 = 0.0%)
1  -O                                                                        (1 = 100.0%) {0.0%}
2  O                                                                         (0 = 0.0%) {100.0%}

Histogram: PrivacySandbox.NoticeRequirement.IsVariationCountryEmpty recorded 3 samples, mean = 1.0 (flags = 0x41)
0  O                                                                         (0 = 0.0%)
1  ---O                                                                      (3 = 100.0%) {0.0%}
2  O                                                                         (0 = 0.0%) {100.0%}

Histogram: PrivacySandbox.NoticeRequirement.IsVariationServiceReady recorded 3 samples, mean = 1.0 (flags = 0x41)
0  O                                                                         (0 = 0.0%)
1  ---O                                                                      (3 = 100.0%) {0.0%}
2  O                                                                         (0 = 0.0%) {100.0%}

Histogram: PrivacySandbox.TrackingProtection.OnboardingStartup.State recorded 1 samples, mean = 0.0 (flags = 0x41)
0  -O                                                                        (1 = 100.0%)
1  ... 

Histogram: PrivacySandbox.TrackingProtection.SilentOnboardingStartup.State recorded 1 samples, mean = 0.0 (flags = 0x41)
0  -O                                                                        (1 = 100.0%)
1  ... 

Histogram: Profile.AppCount recorded 1 samples, mean = 0.0 (flags = 0x41)
0  -O                                                                        (1 = 100.0%)
1  ... 

Histogram: Profile.BookmarksSize recorded 1 samples, mean = 0.0 (flags = 0x41)
0  -O                                                                        (1 = 100.0%)
1  ... 

Histogram: Profile.CookiesSize recorded 1 samples, mean = 0.0 (flags = 0x41)
0  -O                                                                        (1 = 100.0%)
1  ... 

Histogram: Profile.Destroyer.OffTheRecord recorded 1 samples, mean = 1.0 (flags = 0x41)
0  O                                                                         (0 = 0.0%)
1  -O                                                                        (1 = 100.0%) {0.0%}
2  ... 

Histogram: Profile.DidDestroyProfileBeforeShutdown recorded 1 samples, mean = 0.0 (flags = 0x41)
0  -O                                                                        (1 = 100.0%)
1  ... 

Histogram: Profile.ExtensionSize recorded 1 samples, mean = 0.0 (flags = 0x41)
0  -O                                                                        (1 = 100.0%)
1  ... 

Histogram: Profile.FaviconsSize recorded 1 samples, mean = 0.0 (flags = 0x41)
0  -O                                                                        (1 = 100.0%)
1  ... 

Histogram: Profile.HistorySize recorded 1 samples, mean = 0.0 (flags = 0x41)
0  -O                                                                        (1 = 100.0%)
1  ... 

Histogram: Profile.KeepAliveLeakAtShutdown recorded 2 samples, mean = 3.5 (flags = 0x41)
0  -O                                                                        (1 = 50.0%)
1  ... 
7  -O                                                                        (1 = 50.0%) {50.0%}
8  ... 

Histogram: Profile.LiveProfileCount recorded 20 samples, mean = 1.0 (flags = 0x41)
0  O                                                                         (0 = 0.0%)
1  --------------------O                                                     (20 = 100.0%) {0.0%}
2  ... 

Histogram: Profile.NumberOfActiveProfiles recorded 1 samples, mean = 0.0 (flags = 0x41)
0  -O                                                                        (1 = 100.0%)
1  ... 

Histogram: Profile.NumberOfManagedProfiles recorded 1 samples, mean = 0.0 (flags = 0x41)
0  -O                                                                        (1 = 100.0%)
1  ... 

Histogram: Profile.NumberOfProfiles recorded 1 samples, mean = 1.0 (flags = 0x41)
0  O                                                                         (0 = 0.0%)
1  -O                                                                        (1 = 100.0%) {0.0%}
2  ... 

Histogram: Profile.NumberOfSignedInProfiles recorded 1 samples, mean = 0.0 (flags = 0x41)
0  -O                                                                        (1 = 100.0%)
1  ... 

Histogram: Profile.NumberOfUnusedProfiles recorded 1 samples, mean = 1.0 (flags = 0x41)
0  O                                                                         (0 = 0.0%)
1  -O                                                                        (1 = 100.0%) {0.0%}
2  ... 

Histogram: Profile.PercentageOfManagedProfiles recorded 1 samples, mean = 0.0 (flags = 0x41)
0  -O                                                                        (1 = 100.0%)
1  ... 

Histogram: Profile.TopSitesSize recorded 1 samples, mean = 0.0 (flags = 0x41)
0  -O                                                                        (1 = 100.0%)
1  ... 

Histogram: Profile.TotalHistorySize recorded 1 samples, mean = 0.0 (flags = 0x41)
0  -O                                                                        (1 = 100.0%)
1  ... 

Histogram: Profile.TotalSize recorded 1 samples, mean = 0.0 (flags = 0x41)
0  -O                                                                        (1 = 100.0%)
1  ... 

Histogram: Profile.TotalSizeRecursive recorded 1 samples, mean = 23.0 (flags = 0x41)
0   ... 
20  -O                                                                        (1 = 100.0%) {0.0%}
24  ... 

Histogram: Profile.TriggeredReset recorded 1 samples, mean = 0.0 (flags = 0x41)
0  -O                                                                        (1 = 100.0%)
1  ... 

Histogram: Profile.VisitedLinksSize recorded 1 samples, mean = 0.0 (flags = 0x41)
0  -O                                                                        (1 = 100.0%)
1  ... 

Histogram: Profile.WebDataSize recorded 1 samples, mean = 0.0 (flags = 0x41)
0  -O                                                                        (1 = 100.0%)
1  ... 

Histogram: Profile.ZombieProfileCount recorded 20 samples, mean = 0.0 (flags = 0x41)
0  --------------------O                                                     (20 = 100.0%)
1  ... 

Histogram: ProfilePicker.StartupMode.CreateInitialProfile recorded 1 samples, mean = 0.0 (flags = 0x41)
0  -O                                                                        (1 = 100.0%)
1  ... 

Histogram: ProfilePicker.StartupMode.GetStartupProfile recorded 1 samples, mean = 0.0 (flags = 0x41)
0  -O                                                                        (1 = 100.0%)
1  ... 

Histogram: ProfilePicker.StartupReason.GetStartupProfile recorded 1 samples, mean = 27.0 (flags = 0x41)
0   ... 
27  -O                                                                        (1 = 100.0%) {0.0%}
28  ... 

Histogram: ProtoDB.GetErrorStatus.Metadata recorded 0 samples (flags = 0x41)
0 ... 

Histogram: ProtoDB.GetFound.Metadata recorded 18 samples, mean = 1.0 (flags = 0x41)
0  O                                                                         (0 = 0.0%)
1  ------------------O                                                       (18 = 100.0%) {0.0%}
2  O                                                                         (0 = 0.0%) {100.0%}

Histogram: ProtoDB.GetSuccess.Metadata recorded 18 samples, mean = 1.0 (flags = 0x41)
0  O                                                                         (0 = 0.0%)
1  ------------------O                                                       (18 = 100.0%) {0.0%}
2  O                                                                         (0 = 0.0%) {100.0%}

Histogram: ProtoDB.InitStatus.BudgetManager recorded 1 samples, mean = 4.0 (flags = 0x41)
0  ... 
4  -O                                                                        (1 = 100.0%) {0.0%}
5  ... 

Histogram: ProtoDB.InitStatus.CartDatabase recorded 1 samples, mean = 4.0 (flags = 0x41)
0  ... 
4  -O                                                                        (1 = 100.0%) {0.0%}
5  ... 

Histogram: ProtoDB.InitStatus.ClientCertificatesDatabase recorded 1 samples, mean = 4.0 (flags = 0x41)
0  ... 
4  -O                                                                        (1 = 100.0%) {0.0%}
5  ... 

Histogram: ProtoDB.InitStatus.CommerceParcelTrackingDatabase recorded 1 samples, mean = 4.0 (flags = 0x41)
0  ... 
4  -O                                                                        (1 = 100.0%) {0.0%}
5  ... 

Histogram: ProtoDB.InitStatus.CommerceSubscriptionDatabase recorded 1 samples, mean = 4.0 (flags = 0x41)
0  ... 
4  -O                                                                        (1 = 100.0%) {0.0%}
5  ... 

Histogram: ProtoDB.InitStatus.CouponDatabase recorded 1 samples, mean = 4.0 (flags = 0x41)
0  ... 
4  -O                                                                        (1 = 100.0%) {0.0%}
5  ... 

Histogram: ProtoDB.InitStatus.DiscountsDatabase recorded 1 samples, mean = 4.0 (flags = 0x41)
0  ... 
4  -O                                                                        (1 = 100.0%) {0.0%}
5  ... 

Histogram: ProtoDB.InitStatus.DownloadDB recorded 1 samples, mean = 4.0 (flags = 0x41)
0  ... 
4  -O                                                                        (1 = 100.0%) {0.0%}
5  ... 

Histogram: ProtoDB.InitStatus.DownloadService recorded 1 samples, mean = 4.0 (flags = 0x41)
0  ... 
4  -O                                                                        (1 = 100.0%) {0.0%}
5  ... 

Histogram: ProtoDB.InitStatus.FeatureEngagementTrackerAvailabilityStore recorded 1 samples, mean = 4.0 (flags = 0x41)
0  ... 
4  -O                                                                        (1 = 100.0%) {0.0%}
5  ... 

Histogram: ProtoDB.InitStatus.FeatureEngagementTrackerEventStore recorded 1 samples, mean = 4.0 (flags = 0x41)
0  ... 
4  -O                                                                        (1 = 100.0%) {0.0%}
5  ... 

Histogram: ProtoDB.InitStatus.Metadata recorded 1 samples, mean = 0.0 (flags = 0x41)
0  -O                                                                        (1 = 100.0%)
1  ... 

Histogram: ProtoDB.InitStatus.PersistentOriginTrials recorded 1 samples, mean = 4.0 (flags = 0x41)
0  ... 
4  -O                                                                        (1 = 100.0%) {0.0%}
5  ... 

Histogram: ProtoDB.InitStatus.PreviewsHintCacheStore recorded 1 samples, mean = 4.0 (flags = 0x41)
0  ... 
4  -O                                                                        (1 = 100.0%) {0.0%}
5  ... 

Histogram: ProtoDB.InitStatus.SegmentInfoDatabase recorded 1 samples, mean = 4.0 (flags = 0x41)
0  ... 
4  -O                                                                        (1 = 100.0%) {0.0%}
5  ... 

Histogram: ProtoDB.InitStatus.SharedDb recorded 1 samples, mean = 0.0 (flags = 0x41)
0  -O                                                                        (1 = 100.0%)
1  ... 

Histogram: ProtoDB.InitStatus.SignalDatabase recorded 1 samples, mean = 4.0 (flags = 0x41)
0  ... 
4  -O                                                                        (1 = 100.0%) {0.0%}
5  ... 

Histogram: ProtoDB.InitStatus.SignalStorageConfigDatabase recorded 1 samples, mean = 4.0 (flags = 0x41)
0  ... 
4  -O                                                                        (1 = 100.0%) {0.0%}
5  ... 

Histogram: ProtoDB.InitStatus.StrikeService recorded 1 samples, mean = 4.0 (flags = 0x41)
0  ... 
4  -O                                                                        (1 = 100.0%) {0.0%}
5  ... 

Histogram: ProtoDB.LoadEntriesSuccess.CartDatabase recorded 1 samples, mean = 1.0 (flags = 0x41)
0  O                                                                         (0 = 0.0%)
1  -O                                                                        (1 = 100.0%) {0.0%}
2  O                                                                         (0 = 0.0%) {100.0%}

Histogram: ProtoDB.LoadEntriesSuccess.CouponDatabase recorded 1 samples, mean = 1.0 (flags = 0x41)
0  O                                                                         (0 = 0.0%)
1  -O                                                                        (1 = 100.0%) {0.0%}
2  O                                                                         (0 = 0.0%) {100.0%}

Histogram: ProtoDB.LoadEntriesSuccess.DownloadDB recorded 1 samples, mean = 1.0 (flags = 0x41)
0  O                                                                         (0 = 0.0%)
1  -O                                                                        (1 = 100.0%) {0.0%}
2  O                                                                         (0 = 0.0%) {100.0%}

Histogram: ProtoDB.LoadEntriesSuccess.DownloadService recorded 1 samples, mean = 1.0 (flags = 0x41)
0  O                                                                         (0 = 0.0%)
1  -O                                                                        (1 = 100.0%) {0.0%}
2  O                                                                         (0 = 0.0%) {100.0%}

Histogram: ProtoDB.LoadEntriesSuccess.FeatureEngagementTrackerAvailabilityStore recorded 1 samples, mean = 1.0 (flags = 0x41)
0  O                                                                         (0 = 0.0%)
1  -O                                                                        (1 = 100.0%) {0.0%}
2  O                                                                         (0 = 0.0%) {100.0%}

Histogram: ProtoDB.LoadEntriesSuccess.FeatureEngagementTrackerEventStore recorded 1 samples, mean = 1.0 (flags = 0x41)
0  O                                                                         (0 = 0.0%)
1  -O                                                                        (1 = 100.0%) {0.0%}
2  O                                                                         (0 = 0.0%) {100.0%}

Histogram: ProtoDB.LoadEntriesSuccess.PersistentOriginTrials recorded 1 samples, mean = 1.0 (flags = 0x41)
0  O                                                                         (0 = 0.0%)
1  -O                                                                        (1 = 100.0%) {0.0%}
2  O                                                                         (0 = 0.0%) {100.0%}

Histogram: ProtoDB.LoadEntriesSuccess.SegmentInfoDatabase recorded 1 samples, mean = 1.0 (flags = 0x41)
0  O                                                                         (0 = 0.0%)
1  -O                                                                        (1 = 100.0%) {0.0%}
2  O                                                                         (0 = 0.0%) {100.0%}

Histogram: ProtoDB.LoadEntriesSuccess.SignalStorageConfigDatabase recorded 1 samples, mean = 1.0 (flags = 0x41)
0  O                                                                         (0 = 0.0%)
1  -O                                                                        (1 = 100.0%) {0.0%}
2  O                                                                         (0 = 0.0%) {100.0%}

Histogram: ProtoDB.LoadKeysAndEntriesSuccess.PreviewsHintCacheStore recorded 2 samples, mean = 1.0 (flags = 0x41)
0  O                                                                         (0 = 0.0%)
1  --O                                                                       (2 = 100.0%) {0.0%}
2  O                                                                         (0 = 0.0%) {100.0%}

Histogram: ProtoDB.LoadKeysAndEntriesSuccess.SignalDatabase recorded 40 samples, mean = 1.0 (flags = 0x41)
0  O                                                                         (0 = 0.0%)
1  ----------------------------------------O                                 (40 = 100.0%) {0.0%}
2  O                                                                         (0 = 0.0%) {100.0%}

Histogram: ProtoDB.LoadKeysAndEntriesSuccess.StrikeService recorded 1 samples, mean = 1.0 (flags = 0x41)
0  O                                                                         (0 = 0.0%)
1  -O                                                                        (1 = 100.0%) {0.0%}
2  O                                                                         (0 = 0.0%) {100.0%}

Histogram: ProtoDB.SharedDbInitStatus recorded 53 samples, mean = 11.4 (flags = 0x41)
0   ------------------O                                                       (18 = 34.0%)
1   ... 
11  -----------------O                                                        (17 = 32.1%) {34.0%}
12  ... 
23  -----------------O                                                        (17 = 32.1%) {66.0%}
24  ... 
27  -O                                                                        (1 = 1.9%) {98.1%}
28  ... 

Histogram: ProtoDB.UpdateErrorStatus.CartDatabase recorded 0 samples (flags = 0x41)
0 ... 

Histogram: ProtoDB.UpdateErrorStatus.CouponDatabase recorded 0 samples (flags = 0x41)
0 ... 

Histogram: ProtoDB.UpdateErrorStatus.Default recorded 0 samples (flags = 0x41)
0 ... 

Histogram: ProtoDB.UpdateErrorStatus.FeatureEngagementTrackerAvailabilityStore recorded 0 samples (flags = 0x41)
0 ... 

Histogram: ProtoDB.UpdateErrorStatus.Metadata recorded 0 samples (flags = 0x41)
0 ... 

Histogram: ProtoDB.UpdateErrorStatus.SegmentInfoDatabase recorded 0 samples (flags = 0x41)
0 ... 

Histogram: ProtoDB.UpdateErrorStatus.SignalDatabase recorded 0 samples (flags = 0x41)
0 ... 

Histogram: ProtoDB.UpdateErrorStatus.SignalStorageConfigDatabase recorded 0 samples (flags = 0x41)
0 ... 

Histogram: ProtoDB.UpdateSuccess.CartDatabase recorded 1 samples, mean = 1.0 (flags = 0x41)
0  O                                                                         (0 = 0.0%)
1  -O                                                                        (1 = 100.0%) {0.0%}
2  O                                                                         (0 = 0.0%) {100.0%}

Histogram: ProtoDB.UpdateSuccess.CouponDatabase recorded 1 samples, mean = 1.0 (flags = 0x41)
0  O                                                                         (0 = 0.0%)
1  -O                                                                        (1 = 100.0%) {0.0%}
2  O                                                                         (0 = 0.0%) {100.0%}

Histogram: ProtoDB.UpdateSuccess.Default recorded 5 samples, mean = 1.0 (flags = 0x41)
0  O                                                                         (0 = 0.0%)
1  -----O                                                                    (5 = 100.0%) {0.0%}
2  O                                                                         (0 = 0.0%) {100.0%}

Histogram: ProtoDB.UpdateSuccess.FeatureEngagementTrackerAvailabilityStore recorded 1 samples, mean = 1.0 (flags = 0x41)
0  O                                                                         (0 = 0.0%)
1  -O                                                                        (1 = 100.0%) {0.0%}
2  O                                                                         (0 = 0.0%) {100.0%}

Histogram: ProtoDB.UpdateSuccess.Metadata recorded 1 samples, mean = 1.0 (flags = 0x41)
0  O                                                                         (0 = 0.0%)
1  -O                                                                        (1 = 100.0%) {0.0%}
2  O                                                                         (0 = 0.0%) {100.0%}

Histogram: ProtoDB.UpdateSuccess.SegmentInfoDatabase recorded 11 samples, mean = 1.0 (flags = 0x41)
0  O                                                                         (0 = 0.0%)
1  -----------O                                                              (11 = 100.0%) {0.0%}
2  O                                                                         (0 = 0.0%) {100.0%}

Histogram: ProtoDB.UpdateSuccess.SignalDatabase recorded 20 samples, mean = 1.0 (flags = 0x41)
0  O                                                                         (0 = 0.0%)
1  --------------------O                                                     (20 = 100.0%) {0.0%}
2  O                                                                         (0 = 0.0%) {100.0%}

Histogram: ProtoDB.UpdateSuccess.SignalStorageConfigDatabase recorded 1 samples, mean = 1.0 (flags = 0x41)
0  O                                                                         (0 = 0.0%)
1  -O                                                                        (1 = 100.0%) {0.0%}
2  O                                                                         (0 = 0.0%) {100.0%}

Histogram: Quota.AvailableDiskSpace recorded 31 samples, mean = 460960.7 (flags = 0x41)
0       ... 
412711  -------------------------------O                                          (31 = 100.0%) {0.0%}
481447  ... 

Histogram: Quota.AvailableDiskSpace2 recorded 10 samples, mean = 460957.9 (flags = 0x41)
0       ... 
412711  ----------O                                                               (10 = 100.0%) {0.0%}
481447  ... 

Histogram: Quota.EvictedBucketsPerHour recorded 10 samples, mean = 0.0 (flags = 0x41)
0  ----------O                                                               (10 = 100.0%)
1  ... 

Histogram: Quota.EvictionRoundsPerHour recorded 10 samples, mean = 2.0 (flags = 0x41)
0  ... 
2  ----------O                                                               (10 = 100.0%) {0.0%}
3  ... 

Histogram: Quota.GlobalTemporaryPoolSize recorded 21 samples, mean = 819199.1 (flags = 0x41)
0       ... 
764286  ---------------------O                                                    (21 = 100.0%) {0.0%}
891576  ... 

Histogram: Quota.GlobalUsageOfTemporaryStorage recorded 10 samples, mean = 0.0 (flags = 0x41)
0  ----------O                                                               (10 = 100.0%)
1  ... 

Histogram: Quota.PercentDiskAvailable recorded 31 samples, mean = 45.0 (flags = 0x41)
0   ... 
45  -------------------------------O                                          (31 = 100.0%) {0.0%}
46  ... 

Histogram: Quota.PercentDiskAvailable2 recorded 10 samples, mean = 45.0 (flags = 0x41)
0   ... 
45  ----------O                                                               (10 = 100.0%) {0.0%}
46  ... 

Histogram: Quota.PercentUsedForTemporaryStorage2 recorded 10 samples, mean = 0.0 (flags = 0x41)
0  ----------O                                                               (10 = 100.0%)
1  ... 

Histogram: Quota.SkippedEvictionRoundsPerHour recorded 10 samples, mean = 2.0 (flags = 0x41)
0  ... 
2  ----------O                                                               (10 = 100.0%) {0.0%}
3  ... 

Histogram: Quota.StorageKeyNonceCount recorded 10 samples, mean = 0.0 (flags = 0x41)
0  ----------O                                                               (10 = 100.0%)
1  ... 

Histogram: Quota.TotalBucketCount recorded 10 samples, mean = 0.0 (flags = 0x41)
0  ----------O                                                               (10 = 100.0%)
1  ... 

Histogram: Quota.TotalDiskSpace recorded 31 samples, mean = 1023998.9 (flags = 0x41)
0       ... 
891576  -------------------------------O                                          (31 = 100.0%) {0.0%}
1040066 ... 

Histogram: Quota.TotalDiskSpaceIsZero recorded 21 samples, mean = 0.0 (flags = 0x41)
0  ---------------------O                                                    (21 = 100.0%)
1  ... 

Histogram: ReadingList.Read.Count.OnModelLoaded.AccountStorage recorded 1 samples, mean = 0.0 (flags = 0x41)
0  -O                                                                        (1 = 100.0%)
1  ... 

Histogram: ReadingList.Read.Count.OnModelLoaded.LocalStorage recorded 1 samples, mean = 0.0 (flags = 0x41)
0  -O                                                                        (1 = 100.0%)
1  ... 

Histogram: ReadingList.Unread.Count.OnModelLoaded.AccountStorage recorded 1 samples, mean = 0.0 (flags = 0x41)
0  -O                                                                        (1 = 100.0%)
1  ... 

Histogram: ReadingList.Unread.Count.OnModelLoaded.LocalStorage recorded 1 samples, mean = 0.0 (flags = 0x41)
0  -O                                                                        (1 = 100.0%)
1  ... 

Histogram: Renderer.Core.Timing.Performance.SwapsPerPerformanceEntryInsertion recorded 57 samples, mean = 0.4 (flags = 0x41)
0  -------------------------------------------------O                        (49 = 86.0%)
1  ----O                                                                     (4 = 7.0%) {86.0%}
2  -O                                                                        (1 = 1.8%) {93.0%}
3  O                                                                         (0 = 0.0%) {94.7%}
4  -O                                                                        (1 = 1.8%) {94.7%}
5  -O                                                                        (1 = 1.8%) {96.5%}
6  -O                                                                        (1 = 1.8%) {98.2%}
7  ... 

Histogram: Renderer.CriticalFonts.BlockingResourcesLoadTime recorded 1 samples, mean = 8578.0 (flags = 0x41)
0     ... 
8416  -O                                                                        (1 = 100.0%) {0.0%}
10000 O                                                                         (0 = 0.0%) {100.0%}

Histogram: Renderer.CriticalFonts.CriticalFontDelay recorded 1 samples, mean = 0.0 (flags = 0x41)
0  -O                                                                        (1 = 100.0%)
1  ... 

Histogram: Renderer.CriticalFonts.PreloadedFontsLoadTime recorded 1 samples, mean = 8131.0 (flags = 0x41)
0     ... 
7083  -O                                                                        (1 = 100.0%) {0.0%}
8416  ... 

Histogram: Renderer.Font.PrimaryFont.DomContentLoaded recorded 1 samples, mean = 0.0 (flags = 0x41)
0  -O                                                                        (1 = 100.0%)
1  ... 

Histogram: Renderer.Font.PrimaryFont.DomContentLoaded.Style recorded 1 samples, mean = 0.0 (flags = 0x41)
0  -O                                                                        (1 = 100.0%)
1  ... 

Histogram: Renderer.Font.SystemFallback.DomContentLoaded recorded 1 samples, mean = 0.0 (flags = 0x41)
0  -O                                                                        (1 = 100.0%)
1  ... 

Histogram: Renderer.ProcessLifetime3 recorded 3 samples, mean = 24506430.0 (flags = 0x41)
0         ... 
2530      -O                                                                        (1 = 33.3%) {0.0%}
2841      ... 
34161999  --O                                                                       (2 = 66.7%) {33.3%}
38363179  ... 

Histogram: Renderer.ProcessLifetime3.Empty recorded 1 samples, mean = 36756896.0 (flags = 0x41)
0         ... 
34161999  -O                                                                        (1 = 100.0%) {0.0%}
38363179  ... 

Histogram: Renderer.ProcessLifetime3.MainFrame recorded 1 samples, mean = 36759636.0 (flags = 0x41)
0         ... 
34161999  -O                                                                        (1 = 100.0%) {0.0%}
38363179  ... 

Histogram: Renderer.ProcessLifetime3.Speculative recorded 1 samples, mean = 2753.0 (flags = 0x41)
0     ... 
2530  -O                                                                        (1 = 100.0%) {0.0%}
2841  ... 

Histogram: Renderer.ReduceSubresourceResponseIPC.DidNotifyBrowser recorded 48 samples, mean = 1.0 (flags = 0x41)
0  O                                                                         (0 = 0.0%)
1  ------------------------------------------------O                         (48 = 100.0%) {0.0%}
2  O                                                                         (0 = 0.0%) {100.0%}

Histogram: Renderer4.GpuRasterizationEnabled recorded 1 samples, mean = 1.0 (flags = 0x41)
0  O                                                                         (0 = 0.0%)
1  -O                                                                        (1 = 100.0%) {0.0%}
2  O                                                                         (0 = 0.0%) {100.0%}

Histogram: RendererScheduler.RendererMainThreadLoad5 recorded 73530 samples, mean = 0.0 (flags = 0x41)
0   ------------------------------------------------------------------------O (73523 = 100.0%)
1   O                                                                         (2 = 0.0%) {100.0%}
2   ... 
13  O                                                                         (1 = 0.0%) {100.0%}
14  ... 
23  O                                                                         (1 = 0.0%) {100.0%}
24  ... 
37  O                                                                         (1 = 0.0%) {100.0%}
38  ... 
58  O                                                                         (1 = 0.0%) {100.0%}
59  ... 
63  O                                                                         (1 = 0.0%) {100.0%}
64  ... 

Histogram: RendererScheduler.RendererMainThreadLoad5.Background recorded 36758 samples, mean = 0.0 (flags = 0x41)
0  ------------------------------------------------------------------------O (36758 = 100.0%)
1  ... 

Histogram: RendererScheduler.RendererMainThreadLoad5.Background.AfterFifthMinute recorded 36457 samples, mean = 0.0 (flags = 0x41)
0  ------------------------------------------------------------------------O (36457 = 100.0%)
1  ... 

Histogram: RendererScheduler.RendererMainThreadLoad5.Background.AfterFirstMinute recorded 36697 samples, mean = 0.0 (flags = 0x41)
0  ------------------------------------------------------------------------O (36697 = 100.0%)
1  ... 

Histogram: RendererScheduler.RendererMainThreadLoad5.Background.AfterTenthMinute recorded 36157 samples, mean = 0.0 (flags = 0x41)
0  ------------------------------------------------------------------------O (36157 = 100.0%)
1  ... 

Histogram: RendererScheduler.RendererMainThreadLoad5.Foreground recorded 7 samples, mean = 10.9 (flags = 0x41)
0   -----O                                                                    (5 = 71.4%)
1   ... 
13  -O                                                                        (1 = 14.3%) {71.4%}
14  ... 
63  -O                                                                        (1 = 14.3%) {85.7%}
64  ... 

Histogram: RendererScheduler.RendererMainThreadLoad5.Foreground.AfterFirstMinute recorded 36698 samples, mean = 0.0 (flags = 0x41)
0  ------------------------------------------------------------------------O (36697 = 100.0%)
1  O                                                                         (1 = 0.0%) {100.0%}
2  ... 

Histogram: ResourceScheduler.RequestQueuingDuration.Priority1 recorded 225 samples, mean = 0.0 (flags = 0x41)
0  ------------------------------------------------------------------------O (225 = 100.0%)
1  ... 

Histogram: ResourceScheduler.RequestQueuingDuration.Priority2 recorded 29 samples, mean = 13.7 (flags = 0x41)
0   ----------O                                                               (10 = 34.5%)
1   ... 
6   -O                                                                        (1 = 3.4%) {34.5%}
8   O                                                                         (0 = 0.0%) {37.9%}
10  ----O                                                                     (4 = 13.8%) {37.9%}
13  ---O                                                                      (3 = 10.3%) {51.7%}
16  --O                                                                       (2 = 6.9%) {62.1%}
20  ---O                                                                      (3 = 10.3%) {69.0%}
25  --O                                                                       (2 = 6.9%) {79.3%}
32  ---O                                                                      (3 = 10.3%) {86.2%}
41  -O                                                                        (1 = 3.4%) {96.6%}
52  ... 

Histogram: ResourceScheduler.RequestQueuingDuration.Priority3 recorded 1 samples, mean = 0.0 (flags = 0x41)
0  -O                                                                        (1 = 100.0%)
1  ... 

Histogram: ResourceScheduler.RequestQueuingDuration.Priority4 recorded 7 samples, mean = 0.0 (flags = 0x41)
0  -------O                                                                  (7 = 100.0%)
1  ... 

Histogram: ResourceScheduler.RequestQueuingDuration.Priority5 recorded 14 samples, mean = 0.0 (flags = 0x41)
0  --------------O                                                           (14 = 100.0%)
1  ... 

Histogram: SBClientPhishing.Classifier.Event recorded 2 samples, mean = 1.0 (flags = 0x41)
0  O                                                                         (0 = 0.0%)
1  --O                                                                       (2 = 100.0%) {0.0%}
2  ... 

Histogram: SBClientPhishing.ImageEmbedder.Event recorded 2 samples, mean = 1.0 (flags = 0x41)
0  O                                                                         (0 = 0.0%)
1  --O                                                                       (2 = 100.0%) {0.0%}
2  ... 

Histogram: SBClientPhishing.LoadReportTimesFromPrefAtServiceCreationSuccessful recorded 1 samples, mean = 1.0 (flags = 0x41)
0  O                                                                         (0 = 0.0%)
1  -O                                                                        (1 = 100.0%) {0.0%}
2  O                                                                         (0 = 0.0%) {100.0%}

Histogram: SBClientPhishing.PreClassificationCheckResult recorded 1 samples, mean = 1.0 (flags = 0x41)
0  O                                                                         (0 = 0.0%)
1  -O                                                                        (1 = 100.0%) {0.0%}
2  ... 

Histogram: SBIRS.DroppedIncident recorded 1 samples, mean = 1.0 (flags = 0x41)
0  O                                                                         (0 = 0.0%)
1  -O                                                                        (1 = 100.0%) {0.0%}
2  ... 

Histogram: SBIRS.ReceivedIncident recorded 1 samples, mean = 1.0 (flags = 0x41)
0  O                                                                         (0 = 0.0%)
1  -O                                                                        (1 = 100.0%) {0.0%}
2  ... 

Histogram: SSL.Experimental.SubresourceResponse recorded 48 samples, mean = 0.0 (flags = 0x41)
0  ------------------------------------------------O                         (48 = 100.0%)
1  ... 

Histogram: SafeBrowsing.AsyncCheck.CommittedNavigationIdsSize recorded 5 samples, mean = 1.6 (flags = 0x41)
0  -O                                                                        (1 = 20.0%)
1  -O                                                                        (1 = 20.0%) {20.0%}
2  --O                                                                       (2 = 40.0%) {40.0%}
3  -O                                                                        (1 = 20.0%) {80.0%}
4  ... 

Histogram: SafeBrowsing.BrowserThrottle.CheckerOnIOLifetime recorded 1 samples, mean = 2552.0 (flags = 0x41)
0     ... 
2415  -O                                                                        (1 = 100.0%) {0.0%}
3069  ... 

Histogram: SafeBrowsing.BrowserThrottle.IntervalBetweenStartAndProcess recorded 1 samples, mean = 2551.0 (flags = 0x41)
0     ... 
2516  -O                                                                        (1 = 100.0%) {0.0%}
2990  ... 

Histogram: SafeBrowsing.BrowserThrottle.IntervalBetweenStartAndProcess.FromNetwork recorded 1 samples, mean = 2551.0 (flags = 0x41)
0     ... 
2516  -O                                                                        (1 = 100.0%) {0.0%}
2990  ... 

Histogram: SafeBrowsing.BrowserThrottle.IsCheckCompletedOnProcessResponse recorded 1 samples, mean = 1.0 (flags = 0x41)
0  O                                                                         (0 = 0.0%)
1  -O                                                                        (1 = 100.0%) {0.0%}
2  O                                                                         (0 = 0.0%) {100.0%}

Histogram: SafeBrowsing.BrowserThrottle.RequestDestination recorded 1 samples, mean = 3.0 (flags = 0x41)
0  ... 
3  -O                                                                        (1 = 100.0%) {0.0%}
4  ... 

Histogram: SafeBrowsing.BrowserThrottle.RequestDestination.Checked recorded 1 samples, mean = 3.0 (flags = 0x41)
0  ... 
3  -O                                                                        (1 = 100.0%) {0.0%}
4  ... 

Histogram: SafeBrowsing.BrowserThrottle.TotalDelay2.FromNetwork recorded 1 samples, mean = 0.0 (flags = 0x41)
0  -O                                                                        (1 = 100.0%)
1  ... 

Histogram: SafeBrowsing.BrowserThrottle.TotalDelay2.HashPrefixDatabaseCheck recorded 2 samples, mean = 0.0 (flags = 0x41)
0  --O                                                                       (2 = 100.0%)
1  ... 

Histogram: SafeBrowsing.BrowserThrottle.WillProcessResponseCount recorded 1 samples, mean = 1.0 (flags = 0x41)
0  O                                                                         (0 = 0.0%)
1  -O                                                                        (1 = 100.0%) {0.0%}
2  ... 

Histogram: SafeBrowsing.CheckBrowseUrl.HasLocalMatch recorded 2 samples, mean = 1.0 (flags = 0x41)
0  O                                                                         (0 = 0.0%)
1  --O                                                                       (2 = 100.0%) {0.0%}
2  O                                                                         (0 = 0.0%) {100.0%}

Histogram: SafeBrowsing.CheckUrl.Action recorded 2 samples, mean = 0.0 (flags = 0x41)
0  --O                                                                       (2 = 100.0%)
1  ... 

Histogram: SafeBrowsing.CheckUrl.FirstRequestThreatType2 recorded 1 samples, mean = 1.0 (flags = 0x41)
0  O                                                                         (0 = 0.0%)
1  -O                                                                        (1 = 100.0%) {0.0%}
2  ... 

Histogram: SafeBrowsing.CheckUrl.FirstRequestThreatType2.LocalPVer4 recorded 1 samples, mean = 1.0 (flags = 0x41)
0  O                                                                         (0 = 0.0%)
1  -O                                                                        (1 = 100.0%) {0.0%}
2  ... 

Histogram: SafeBrowsing.CheckUrl.FirstRequestTimedOut recorded 1 samples, mean = 0.0 (flags = 0x41)
0  -O                                                                        (1 = 100.0%)
1  ... 

Histogram: SafeBrowsing.CheckUrl.FirstRequestTimedOut.LocalPVer4 recorded 1 samples, mean = 0.0 (flags = 0x41)
0  -O                                                                        (1 = 100.0%)
1  ... 

Histogram: SafeBrowsing.CheckUrl.IsDocumentCheckPrefetch recorded 2 samples, mean = 0.0 (flags = 0x41)
0  --O                                                                       (2 = 100.0%)
1  ... 

Histogram: SafeBrowsing.CheckUrl.TimeTaken.HashDatabase recorded 2 samples, mean = 267.5 (flags = 0x41)
0    ... 
3    -O                                                                        (1 = 50.0%) {0.0%}
4    ... 
449  -O                                                                        (1 = 50.0%) {50.0%}
533  ... 

Histogram: SafeBrowsing.CheckUrl.Timeout recorded 2 samples, mean = 0.0 (flags = 0x41)
0  --O                                                                       (2 = 100.0%)
1  ... 

Histogram: SafeBrowsing.CheckUrl.UrlScheme recorded 2 samples, mean = 10.0 (flags = 0x41)
0   ... 
10  --O                                                                       (2 = 100.0%) {0.0%}
11  ... 

Histogram: SafeBrowsing.Daily.BypassCountLast28Days.StandardProtection.AllEvents recorded 1 samples, mean = 0.0 (flags = 0x41)
0  -O                                                                        (1 = 100.0%)
1  ... 

Histogram: SafeBrowsing.Daily.SecuritySensitiveCountLast28Days.StandardProtection.AllEvents recorded 1 samples, mean = 0.0 (flags = 0x41)
0  -O                                                                        (1 = 100.0%)
1  ... 

Histogram: SafeBrowsing.FileTypeUpdate.ResourceBundleResult recorded 1 samples (flags = 0x41)
1  -O                                                                        (1 = 100.0%)

Histogram: SafeBrowsing.FileTypeUpdate.ResourceBundleVersion recorded 1 samples (flags = 0x41)
66  -O                                                                        (1 = 100.0%)

Histogram: SafeBrowsing.HPRT.Cache.FullHashCount recorded 22 samples, mean = 0.0 (flags = 0x41)
0  ----------------------O                                                   (22 = 100.0%)
1  ... 

Histogram: SafeBrowsing.HPRT.Cache.HashPrefixCount recorded 22 samples, mean = 0.0 (flags = 0x41)
0  ----------------------O                                                   (22 = 100.0%)
1  ... 

Histogram: SafeBrowsing.HPRT.Ineligible.FeatureOff recorded 1 samples, mean = 0.0 (flags = 0x41)
0  -O                                                                        (1 = 100.0%)
1  ... 

Histogram: SafeBrowsing.HPRT.Ineligible.IneligibleForLocation recorded 1 samples, mean = 0.0 (flags = 0x41)
0  -O                                                                        (1 = 100.0%)
1  ... 

Histogram: SafeBrowsing.HPRT.Ineligible.IneligibleForSessionOrLocation recorded 1 samples, mean = 1.0 (flags = 0x41)
0  O                                                                         (0 = 0.0%)
1  -O                                                                        (1 = 100.0%) {0.0%}
2  O                                                                         (0 = 0.0%) {100.0%}

Histogram: SafeBrowsing.HPRT.Ineligible.NoGoogleChromeBranding recorded 1 samples, mean = 1.0 (flags = 0x41)
0  O                                                                         (0 = 0.0%)
1  -O                                                                        (1 = 100.0%) {0.0%}
2  O                                                                         (0 = 0.0%) {100.0%}

Histogram: SafeBrowsing.HPRT.Ineligible.NotAllowedByPolicy recorded 1 samples, mean = 0.0 (flags = 0x41)
0  -O                                                                        (1 = 100.0%)
1  ... 

Histogram: SafeBrowsing.HPRT.Ineligible.NotStandardProtection recorded 1 samples, mean = 0.0 (flags = 0x41)
0  -O                                                                        (1 = 100.0%)
1  ... 

Histogram: SafeBrowsing.HPRT.Ineligible.OffTheRecord recorded 1 samples, mean = 0.0 (flags = 0x41)
0  -O                                                                        (1 = 100.0%)
1  ... 

Histogram: SafeBrowsing.HasCookieAtStartup2 recorded 1 samples, mean = 0.0 (flags = 0x41)
0  -O                                                                        (1 = 100.0%)
1  ... 

Histogram: SafeBrowsing.PageLoadToken.TokenCount recorded 22 samples, mean = 0.0 (flags = 0x41)
0  ----------------------O                                                   (22 = 100.0%)
1  ... 

Histogram: SafeBrowsing.Pref.Daily.Extended recorded 1 samples, mean = 0.0 (flags = 0x41)
0  -O                                                                        (1 = 100.0%)
1  ... 

Histogram: SafeBrowsing.Pref.Daily.PasswordLeakToggle recorded 1 samples, mean = 1.0 (flags = 0x41)
0  O                                                                         (0 = 0.0%)
1  -O                                                                        (1 = 100.0%) {0.0%}
2  O                                                                         (0 = 0.0%) {100.0%}

Histogram: SafeBrowsing.Pref.Daily.SafeBrowsingModeManaged recorded 1 samples, mean = 0.0 (flags = 0x41)
0  -O                                                                        (1 = 100.0%)
1  ... 

Histogram: SafeBrowsing.Pref.Daily.SafeBrowsingState recorded 1 samples, mean = 1.0 (flags = 0x41)
0  O                                                                         (0 = 0.0%)
1  -O                                                                        (1 = 100.0%) {0.0%}
2  ... 

Histogram: SafeBrowsing.Pref.Enhanced recorded 1 samples, mean = 0.0 (flags = 0x41)
0  -O                                                                        (1 = 100.0%)
1  ... 

Histogram: SafeBrowsing.Pref.Enhanced.RegularProfile recorded 1 samples, mean = 0.0 (flags = 0x41)
0  -O                                                                        (1 = 100.0%)
1  ... 

Histogram: SafeBrowsing.Pref.Extended recorded 1 samples, mean = 0.0 (flags = 0x41)
0  -O                                                                        (1 = 100.0%)
1  ... 

Histogram: SafeBrowsing.Pref.General recorded 1 samples, mean = 1.0 (flags = 0x41)
0  O                                                                         (0 = 0.0%)
1  -O                                                                        (1 = 100.0%) {0.0%}
2  O                                                                         (0 = 0.0%) {100.0%}

Histogram: SafeBrowsing.RT.CacheManager.CleanUpTime recorded 22 samples, mean = 0.0 (flags = 0x41)
0  ----------------------O                                                   (22 = 100.0%)
1  ... 

Histogram: SafeBrowsing.RT.CanCheckDatabase recorded 2 samples, mean = 1.0 (flags = 0x41)
0  O                                                                         (0 = 0.0%)
1  --O                                                                       (2 = 100.0%) {0.0%}
2  O                                                                         (0 = 0.0%) {100.0%}

Histogram: SafeBrowsing.RT.ConsumerVersionReason recorded 2 samples, mean = 1.0 (flags = 0x41)
0  -O                                                                        (1 = 50.0%)
1  O                                                                         (0 = 0.0%) {50.0%}
2  -O                                                                        (1 = 50.0%) {50.0%}
3  ... 

Histogram: SafeBrowsing.RendererThrottle.IsCheckCompletedOnProcessResponse recorded 48 samples, mean = 1.0 (flags = 0x41)
0  O                                                                         (0 = 0.0%)
1  ------------------------------------------------O                         (48 = 100.0%) {0.0%}
2  O                                                                         (0 = 0.0%) {100.0%}

Histogram: SafeBrowsing.RendererThrottle.RequestDestination recorded 48 samples, mean = 10.6 (flags = 0x41)
0   -------O                                                                  (7 = 14.6%)
1   ... 
5   -----O                                                                    (5 = 10.4%) {14.6%}
6   ... 
8   -O                                                                        (1 = 2.1%) {25.0%}
9   -O                                                                        (1 = 2.1%) {27.1%}
10  ... 
13  --------------------------O                                               (26 = 54.2%) {29.2%}
14  ... 
16  --------O                                                                 (8 = 16.7%) {83.3%}
17  ... 

Histogram: SafeBrowsing.V4Database.Size recorded 1 samples, mean = 0.0 (flags = 0x41)
0  -O                                                                        (1 = 100.0%)
1  ... 

Histogram: SafeBrowsing.V4Database.Size.ChromeExtMalware recorded 1 samples, mean = 0.0 (flags = 0x41)
0  -O                                                                        (1 = 100.0%)
1  ... 

Histogram: SafeBrowsing.V4Database.Size.UrlBilling recorded 1 samples, mean = 0.0 (flags = 0x41)
0  -O                                                                        (1 = 100.0%)
1  ... 

Histogram: SafeBrowsing.V4Database.Size.UrlCsdDownloadAllowlist recorded 1 samples, mean = 0.0 (flags = 0x41)
0  -O                                                                        (1 = 100.0%)
1  ... 

Histogram: SafeBrowsing.V4Database.Size.UrlMalBin recorded 1 samples, mean = 0.0 (flags = 0x41)
0  -O                                                                        (1 = 100.0%)
1  ... 

Histogram: SafeBrowsing.V4Database.Size.UrlMalware recorded 1 samples, mean = 0.0 (flags = 0x41)
0  -O                                                                        (1 = 100.0%)
1  ... 

Histogram: SafeBrowsing.V4Database.Size.UrlSoceng recorded 1 samples, mean = 0.0 (flags = 0x41)
0  -O                                                                        (1 = 100.0%)
1  ... 

Histogram: SafeBrowsing.V4Database.Size.UrlUws recorded 1 samples, mean = 0.0 (flags = 0x41)
0  -O                                                                        (1 = 100.0%)
1  ... 

Histogram: SafeBrowsing.V4Database.SizeLinear recorded 1 samples, mean = 0.0 (flags = 0x41)
0  -O                                                                        (1 = 100.0%)
1  ... 

Histogram: SafeBrowsing.V4Database.SizeLinear.ChromeExtMalware recorded 1 samples, mean = 0.0 (flags = 0x41)
0  -O                                                                        (1 = 100.0%)
1  ... 

Histogram: SafeBrowsing.V4Database.SizeLinear.UrlMalBin recorded 1 samples, mean = 0.0 (flags = 0x41)
0  -O                                                                        (1 = 100.0%)
1  ... 

Histogram: SafeBrowsing.V4Database.SizeLinear.UrlSoceng recorded 1 samples, mean = 0.0 (flags = 0x41)
0  -O                                                                        (1 = 100.0%)
1  ... 

Histogram: SafeBrowsing.V4DatabaseInitializationTime recorded 1 samples, mean = 5537.0 (flags = 0x41)
0     ... 
5017  -O                                                                        (1 = 100.0%) {0.0%}
5961  ... 

Histogram: SafeBrowsing.V4Store.IsStoreValid recorded 7 samples, mean = 0.0 (flags = 0x41)
0  -------O                                                                  (7 = 100.0%)
1  ... 

Histogram: SafeBrowsing.V4Store.IsStoreValid.ChromeExtMalware recorded 1 samples, mean = 0.0 (flags = 0x41)
0  -O                                                                        (1 = 100.0%)
1  ... 

Histogram: SafeBrowsing.V4Store.IsStoreValid.UrlBilling recorded 1 samples, mean = 0.0 (flags = 0x41)
0  -O                                                                        (1 = 100.0%)
1  ... 

Histogram: SafeBrowsing.V4Store.IsStoreValid.UrlCsdDownloadAllowlist recorded 1 samples, mean = 0.0 (flags = 0x41)
0  -O                                                                        (1 = 100.0%)
1  ... 

Histogram: SafeBrowsing.V4Store.IsStoreValid.UrlMalBin recorded 1 samples, mean = 0.0 (flags = 0x41)
0  -O                                                                        (1 = 100.0%)
1  ... 

Histogram: SafeBrowsing.V4Store.IsStoreValid.UrlMalware recorded 1 samples, mean = 0.0 (flags = 0x41)
0  -O                                                                        (1 = 100.0%)
1  ... 

Histogram: SafeBrowsing.V4Store.IsStoreValid.UrlSoceng recorded 1 samples, mean = 0.0 (flags = 0x41)
0  -O                                                                        (1 = 100.0%)
1  ... 

Histogram: SafeBrowsing.V4Store.IsStoreValid.UrlUws recorded 1 samples, mean = 0.0 (flags = 0x41)
0  -O                                                                        (1 = 100.0%)
1  ... 

Histogram: SafeBrowsing.V4Store.ReadyOnStartup recorded 7 samples, mean = 0.0 (flags = 0x41)
0  -------O                                                                  (7 = 100.0%)
1  ... 

Histogram: SafeBrowsing.V4StoreRead.Result recorded 7 samples, mean = 2.0 (flags = 0x41)
0  ... 
2  -------O                                                                  (7 = 100.0%) {0.0%}
3  ... 

Histogram: Scheduling.MessagePumpTimeKeeper.BrowserIO recorded 0 samples (flags = 0x41)
0 ... 

Histogram: Scheduling.MessagePumpTimeKeeper.BrowserUI recorded 0 samples (flags = 0x41)
0 ... 

Histogram: Scheduling.ThreadController.ActiveIntervalDuration.Any.BrowserUI recorded 46 samples, mean = 0.0 (flags = 0x41)
0  ----------------------------------------------O                           (46 = 100.0%)
1  ... 

Histogram: Scheduling.ThreadController.ActiveIntervalDuration.Any.Other recorded 444 samples, mean = 0.1 (flags = 0x41)
0  ------------------------------------------------------------------------O (437 = 98.4%)
1  O                                                                         (3 = 0.7%) {98.4%}
2  ... 
4  O                                                                         (1 = 0.2%) {99.1%}
5  O                                                                         (2 = 0.5%) {99.3%}
6  ... 
8  O                                                                         (1 = 0.2%) {99.8%}
10 ... 

Histogram: Scheduling.ThreadController.ActiveIntervalDuration.Medium.Other recorded 7 samples, mean = 3.6 (flags = 0x41)
0  O                                                                         (0 = 0.0%)
1  ---O                                                                      (3 = 42.9%) {0.0%}
2  ... 
4  -O                                                                        (1 = 14.3%) {42.9%}
5  --O                                                                       (2 = 28.6%) {57.1%}
6  ... 
8  -O                                                                        (1 = 14.3%) {85.7%}
9  ... 

Histogram: Scheduling.ThreadController.ActiveIntervalDuration.Short.BrowserUI recorded 46 samples, mean = 0.8 (flags = 0x41)
0  ------------O                                                             (12 = 26.1%)
1  -----------------------------O                                            (29 = 63.0%) {26.1%}
2  -----O                                                                    (5 = 10.9%) {89.1%}
3  ... 

Histogram: Scheduling.ThreadController.ActiveIntervalDuration.Short.Other recorded 437 samples, mean = 37.9 (flags = 0x41)
0    O                                                                         (0 = 0.0%)
1    -O                                                                        (2 = 0.5%) {0.0%}
2    O                                                                         (0 = 0.0%) {0.5%}
3    --O                                                                       (3 = 0.7%) {0.5%}
4    -----O                                                                    (9 = 2.1%) {1.1%}
5    ---O                                                                      (6 = 1.4%) {3.2%}
6    ---------O                                                                (16 = 3.7%) {4.6%}
7    ------------------------------------------------------------------------O (130 = 29.7%) {8.2%}
8    -----------------------------------O                                      (63 = 14.4%) {38.0%}
9    -------------O                                                            (24 = 5.5%) {52.4%}
10   -------O                                                                  (12 = 2.7%) {57.9%}
11   --O                                                                       (4 = 0.9%) {60.6%}
12   -O                                                                        (2 = 0.5%) {61.6%}
13   -O                                                                        (2 = 0.5%) {62.0%}
14   --O                                                                       (4 = 0.9%) {62.5%}
15   ---O                                                                      (6 = 1.4%) {63.4%}
16   -O                                                                        (2 = 0.5%) {64.8%}
17   -O                                                                        (2 = 0.5%) {65.2%}
18   ... 
20   -O                                                                        (1 = 0.2%) {65.7%}
21   -O                                                                        (1 = 0.2%) {65.9%}
22   -O                                                                        (1 = 0.2%) {66.1%}
23   --O                                                                       (3 = 0.7%) {66.4%}
24   -O                                                                        (2 = 0.5%) {67.0%}
25   O                                                                         (0 = 0.0%) {67.5%}
26   -O                                                                        (1 = 0.2%) {67.5%}
27   -O                                                                        (2 = 0.5%) {67.7%}
28   -O                                                                        (2 = 0.5%) {68.2%}
29   O                                                                         (0 = 0.0%) {68.6%}
31   -O                                                                        (2 = 0.5%) {68.6%}
33   ------O                                                                   (10 = 2.3%) {69.1%}
35   -----------O                                                              (19 = 4.3%) {71.4%}
37   ---O                                                                      (5 = 1.1%) {75.7%}
39   --O                                                                       (4 = 0.9%) {76.9%}
41   -O                                                                        (1 = 0.2%) {77.8%}
43   O                                                                         (0 = 0.0%) {78.0%}
45   --O                                                                       (3 = 0.7%) {78.0%}
47   --O                                                                       (4 = 0.9%) {78.7%}
49   ----O                                                                     (8 = 1.8%) {79.6%}
52   --O                                                                       (3 = 0.7%) {81.5%}
55   -O                                                                        (2 = 0.5%) {82.2%}
58   --O                                                                       (3 = 0.7%) {82.6%}
61   O                                                                         (0 = 0.0%) {83.3%}
64   -O                                                                        (1 = 0.2%) {83.3%}
67   -O                                                                        (2 = 0.5%) {83.5%}
70   -O                                                                        (1 = 0.2%) {84.0%}
74   -O                                                                        (2 = 0.5%) {84.2%}
78   -O                                                                        (1 = 0.2%) {84.7%}
82   --O                                                                       (4 = 0.9%) {84.9%}
86   --O                                                                       (4 = 0.9%) {85.8%}
90   ----O                                                                     (7 = 1.6%) {86.7%}
95   ---O                                                                      (5 = 1.1%) {88.3%}
100  --O                                                                       (4 = 0.9%) {89.5%}
105  O                                                                         (0 = 0.0%) {90.4%}
110  --O                                                                       (3 = 0.7%) {90.4%}
116  --O                                                                       (3 = 0.7%) {91.1%}
122  --O                                                                       (3 = 0.7%) {91.8%}
128  ----O                                                                     (8 = 1.8%) {92.4%}
135  --O                                                                       (3 = 0.7%) {94.3%}
142  -O                                                                        (2 = 0.5%) {95.0%}
149  O                                                                         (0 = 0.0%) {95.4%}
157  -O                                                                        (1 = 0.2%) {95.4%}
165  --O                                                                       (4 = 0.9%) {95.7%}
173  O                                                                         (0 = 0.0%) {96.6%}
182  -O                                                                        (1 = 0.2%) {96.6%}
191  ... 
222  -O                                                                        (2 = 0.5%) {96.8%}
233  --O                                                                       (3 = 0.7%) {97.3%}
245  -O                                                                        (1 = 0.2%) {97.9%}
258  -O                                                                        (1 = 0.2%) {98.2%}
271  O                                                                         (0 = 0.0%) {98.4%}
285  -O                                                                        (2 = 0.5%) {98.4%}
300  ... 
348  -O                                                                        (1 = 0.2%) {98.9%}
366  O                                                                         (0 = 0.0%) {99.1%}
385  -O                                                                        (1 = 0.2%) {99.1%}
405  ... 
495  -O                                                                        (1 = 0.2%) {99.3%}
520  ... 
605  -O                                                                        (1 = 0.2%) {99.5%}
636  -O                                                                        (1 = 0.2%) {99.8%}
669  ... 

Histogram: Scheduling.ThreadController.ActiveIntervalOffCpuDuration.Any.BrowserUI recorded 46 samples, mean = 0.0 (flags = 0x41)
0  ----------------------------------------------O                           (46 = 100.0%)
1  ... 

Histogram: Scheduling.ThreadController.ActiveIntervalOffCpuDuration.Any.Other recorded 444 samples, mean = 0.0 (flags = 0x41)
0  ------------------------------------------------------------------------O (443 = 99.8%)
1  ... 
3  O                                                                         (1 = 0.2%) {99.8%}
4  ... 

Histogram: Scheduling.ThreadController.ActiveIntervalOffCpuDuration.Medium.Other recorded 7 samples, mean = 0.4 (flags = 0x41)
0  ------O                                                                   (6 = 85.7%)
1  ... 
3  -O                                                                        (1 = 14.3%) {85.7%}
4  ... 

Histogram: Scheduling.ThreadController.ActiveIntervalOffCpuDuration.Short.BrowserUI recorded 46 samples, mean = 0.5 (flags = 0x41)
0  -------------------------O                                                (25 = 54.3%)
1  ---------------------O                                                    (21 = 45.7%) {54.3%}
2  ... 

Histogram: Scheduling.ThreadController.ActiveIntervalOffCpuDuration.Short.Other recorded 437 samples, mean = 5.5 (flags = 0x41)
0    ---------------------------O                                              (79 = 18.1%)
1    ------------------------------------------------------------------------O (209 = 47.8%) {18.1%}
2    -------------------O                                                      (54 = 12.4%) {65.9%}
3    -----O                                                                    (15 = 3.4%) {78.3%}
4    --O                                                                       (7 = 1.6%) {81.7%}
5    ---O                                                                      (9 = 2.1%) {83.3%}
6    -O                                                                        (3 = 0.7%) {85.4%}
7    -O                                                                        (2 = 0.5%) {86.0%}
8    --O                                                                       (5 = 1.1%) {86.5%}
9    -O                                                                        (3 = 0.7%) {87.6%}
10   ---O                                                                      (9 = 2.1%) {88.3%}
11   -O                                                                        (3 = 0.7%) {90.4%}
12   -O                                                                        (4 = 0.9%) {91.1%}
13   -O                                                                        (4 = 0.9%) {92.0%}
14   O                                                                         (1 = 0.2%) {92.9%}
15   -O                                                                        (3 = 0.7%) {93.1%}
16   -O                                                                        (2 = 0.5%) {93.8%}
17   -O                                                                        (3 = 0.7%) {94.3%}
18   O                                                                         (1 = 0.2%) {95.0%}
19   O                                                                         (1 = 0.2%) {95.2%}
20   O                                                                         (0 = 0.0%) {95.4%}
21   -O                                                                        (2 = 0.5%) {95.4%}
22   -O                                                                        (2 = 0.5%) {95.9%}
23   O                                                                         (1 = 0.2%) {96.3%}
24   ... 
26   -O                                                                        (2 = 0.5%) {96.6%}
27   O                                                                         (0 = 0.0%) {97.0%}
28   O                                                                         (1 = 0.2%) {97.0%}
29   O                                                                         (1 = 0.2%) {97.3%}
31   O                                                                         (0 = 0.0%) {97.5%}
33   -O                                                                        (2 = 0.5%) {97.5%}
35   ... 
43   O                                                                         (1 = 0.2%) {97.9%}
45   ... 
70   O                                                                         (1 = 0.2%) {98.2%}
74   O                                                                         (1 = 0.2%) {98.4%}
78   O                                                                         (1 = 0.2%) {98.6%}
82   ... 
105  O                                                                         (1 = 0.2%) {98.9%}
110  O                                                                         (1 = 0.2%) {99.1%}
116  O                                                                         (1 = 0.2%) {99.3%}
122  ... 
233  O                                                                         (1 = 0.2%) {99.5%}
245  ... 
348  O                                                                         (1 = 0.2%) {99.8%}
366  ... 

Histogram: Scheduling.ThreadController.ActiveIntervalOnCpuDuration.Any.BrowserUI recorded 46 samples, mean = 0.0 (flags = 0x41)
0  ----------------------------------------------O                           (46 = 100.0%)
1  ... 

Histogram: Scheduling.ThreadController.ActiveIntervalOnCpuDuration.Any.Other recorded 444 samples, mean = 0.0 (flags = 0x41)
0  ------------------------------------------------------------------------O (438 = 98.6%)
1  O                                                                         (2 = 0.5%) {98.6%}
2  ... 
4  O                                                                         (1 = 0.2%) {99.1%}
5  O                                                                         (3 = 0.7%) {99.3%}
6  ... 

Histogram: Scheduling.ThreadController.ActiveIntervalOnCpuDuration.Medium.Other recorded 7 samples, mean = 3.0 (flags = 0x41)
0  -O                                                                        (1 = 14.3%)
1  --O                                                                       (2 = 28.6%) {14.3%}
2  ... 
4  -O                                                                        (1 = 14.3%) {42.9%}
5  ---O                                                                      (3 = 42.9%) {57.1%}
6  ... 

Histogram: Scheduling.ThreadController.ActiveIntervalOnCpuDuration.Short.BrowserUI recorded 46 samples, mean = 0.4 (flags = 0x41)
0  -----------------------------O                                            (29 = 63.0%)
1  ----------------O                                                         (16 = 34.8%) {63.0%}
2  -O                                                                        (1 = 2.2%) {97.8%}
3  ... 

Histogram: Scheduling.ThreadController.ActiveIntervalOnCpuDuration.Short.Other recorded 437 samples, mean = 32.3 (flags = 0x41)
0    --O                                                                       (4 = 0.9%)
1    ... 
3    ------O                                                                   (12 = 2.7%) {0.9%}
4    ---O                                                                      (5 = 1.1%) {3.7%}
5    -----O                                                                    (9 = 2.1%) {4.8%}
6    ------------------------------------------------------------------------O (144 = 33.0%) {6.9%}
7    -----------------------------------------O                                (81 = 18.5%) {39.8%}
8    ---O                                                                      (6 = 1.4%) {58.4%}
9    -----O                                                                    (10 = 2.3%) {59.7%}
10   ---O                                                                      (6 = 1.4%) {62.0%}
11   ---O                                                                      (6 = 1.4%) {63.4%}
12   -O                                                                        (1 = 0.2%) {64.8%}
13   -O                                                                        (2 = 0.5%) {65.0%}
14   -O                                                                        (2 = 0.5%) {65.4%}
15   O                                                                         (0 = 0.0%) {65.9%}
16   -O                                                                        (2 = 0.5%) {65.9%}
17   -O                                                                        (1 = 0.2%) {66.4%}
18   O                                                                         (0 = 0.0%) {66.6%}
19   -O                                                                        (1 = 0.2%) {66.6%}
20   -O                                                                        (1 = 0.2%) {66.8%}
21   -O                                                                        (2 = 0.5%) {67.0%}
22   -O                                                                        (1 = 0.2%) {67.5%}
23   --O                                                                       (3 = 0.7%) {67.7%}
24   O                                                                         (0 = 0.0%) {68.4%}
25   -O                                                                        (2 = 0.5%) {68.4%}
26   -O                                                                        (2 = 0.5%) {68.9%}
27   O                                                                         (0 = 0.0%) {69.3%}
28   -O                                                                        (1 = 0.2%) {69.3%}
29   -O                                                                        (1 = 0.2%) {69.6%}
31   --O                                                                       (4 = 0.9%) {69.8%}
33   ----------O                                                               (20 = 4.6%) {70.7%}
35   -------O                                                                  (13 = 3.0%) {75.3%}
37   -O                                                                        (1 = 0.2%) {78.3%}
39   -O                                                                        (2 = 0.5%) {78.5%}
41   -O                                                                        (1 = 0.2%) {78.9%}
43   --O                                                                       (3 = 0.7%) {79.2%}
45   --O                                                                       (3 = 0.7%) {79.9%}
47   -----O                                                                    (10 = 2.3%) {80.5%}
49   --O                                                                       (3 = 0.7%) {82.8%}
52   -O                                                                        (2 = 0.5%) {83.5%}
55   --O                                                                       (3 = 0.7%) {84.0%}
58   -O                                                                        (2 = 0.5%) {84.7%}
61   O                                                                         (0 = 0.0%) {85.1%}
64   -O                                                                        (2 = 0.5%) {85.1%}
67   --O                                                                       (3 = 0.7%) {85.6%}
70   --O                                                                       (3 = 0.7%) {86.3%}
74   ---O                                                                      (6 = 1.4%) {87.0%}
78   ---O                                                                      (6 = 1.4%) {88.3%}
82   ----O                                                                     (7 = 1.6%) {89.7%}
86   -O                                                                        (1 = 0.2%) {91.3%}
90   -O                                                                        (2 = 0.5%) {91.5%}
95   --O                                                                       (3 = 0.7%) {92.0%}
100  ... 
110  --O                                                                       (3 = 0.7%) {92.7%}
116  ---O                                                                      (5 = 1.1%) {93.4%}
122  -O                                                                        (2 = 0.5%) {94.5%}
128  ---O                                                                      (6 = 1.4%) {95.0%}
135  O                                                                         (0 = 0.0%) {96.3%}
142  --O                                                                       (3 = 0.7%) {96.3%}
149  -O                                                                        (1 = 0.2%) {97.0%}
157  O                                                                         (0 = 0.0%) {97.3%}
165  -O                                                                        (1 = 0.2%) {97.3%}
173  ... 
222  -O                                                                        (1 = 0.2%) {97.5%}
233  -O                                                                        (2 = 0.5%) {97.7%}
245  -O                                                                        (2 = 0.5%) {98.2%}
258  -O                                                                        (1 = 0.2%) {98.6%}
271  -O                                                                        (1 = 0.2%) {98.9%}
285  ... 
348  -O                                                                        (1 = 0.2%) {99.1%}
366  ... 
495  -O                                                                        (1 = 0.2%) {99.3%}
520  ... 
605  -O                                                                        (2 = 0.5%) {99.5%}
636  ... 

Histogram: Scheduling.ThreadController.ActiveIntervalOnCpuPercentage.Any.BrowserUI recorded 46 samples, mean = 58.7 (flags = 0x41)
0    -----------------O                                                        (17 = 37.0%)
1    ... 
50   ----O                                                                     (4 = 8.7%) {37.0%}
51   ... 
100  -------------------------O                                                (25 = 54.3%) {45.7%}
101  O                                                                         (0 = 0.0%) {100.0%}

Histogram: Scheduling.ThreadController.ActiveIntervalOnCpuPercentage.Any.Other recorded 444 samples, mean = 86.0 (flags = 0x41)
0    ---O                                                                      (4 = 0.9%)
1    ... 
11   -O                                                                        (1 = 0.2%) {0.9%}
12   ... 
27   -O                                                                        (1 = 0.2%) {1.1%}
28   O                                                                         (0 = 0.0%) {1.4%}
29   -O                                                                        (1 = 0.2%) {1.4%}
30   ... 
32   -O                                                                        (1 = 0.2%) {1.6%}
33   O                                                                         (0 = 0.0%) {1.8%}
34   -O                                                                        (1 = 0.2%) {1.8%}
35   ... 
40   -O                                                                        (1 = 0.2%) {2.0%}
41   O                                                                         (0 = 0.0%) {2.3%}
42   -O                                                                        (1 = 0.2%) {2.3%}
43   ... 
50   -O                                                                        (2 = 0.5%) {2.5%}
51   ... 
54   -O                                                                        (1 = 0.2%) {2.9%}
55   ... 
60   ----O                                                                     (6 = 1.4%) {3.2%}
61   ... 
63   --O                                                                       (3 = 0.7%) {4.5%}
64   -O                                                                        (2 = 0.5%) {5.2%}
65   O                                                                         (0 = 0.0%) {5.6%}
66   --------O                                                                 (11 = 2.5%) {5.6%}
67   -O                                                                        (1 = 0.2%) {8.1%}
68   -O                                                                        (1 = 0.2%) {8.3%}
69   O                                                                         (0 = 0.0%) {8.6%}
70   -O                                                                        (1 = 0.2%) {8.6%}
71   ----O                                                                     (5 = 1.1%) {8.8%}
72   -O                                                                        (2 = 0.5%) {9.9%}
73   O                                                                         (0 = 0.0%) {10.4%}
74   --O                                                                       (3 = 0.7%) {10.4%}
75   --------------------O                                                     (28 = 6.3%) {11.0%}
76   -O                                                                        (2 = 0.5%) {17.3%}
77   ---------O                                                                (12 = 2.7%) {17.8%}
78   ---O                                                                      (4 = 0.9%) {20.5%}
79   O                                                                         (0 = 0.0%) {21.4%}
80   ---O                                                                      (4 = 0.9%) {21.4%}
81   -O                                                                        (1 = 0.2%) {22.3%}
82   O                                                                         (0 = 0.0%) {22.5%}
83   -O                                                                        (2 = 0.5%) {22.5%}
84   --O                                                                       (3 = 0.7%) {23.0%}
85   ------------------------------------------------------------------------O (99 = 22.3%) {23.6%}
86   -------O                                                                  (10 = 2.3%) {45.9%}
87   ---------------------------------O                                        (45 = 10.1%) {48.2%}
88   ---O                                                                      (4 = 0.9%) {58.3%}
89   -----O                                                                    (7 = 1.6%) {59.2%}
90   ------O                                                                   (8 = 1.8%) {60.8%}
91   -O                                                                        (2 = 0.5%) {62.6%}
92   ----O                                                                     (5 = 1.1%) {63.1%}
93   --O                                                                       (3 = 0.7%) {64.2%}
94   ---O                                                                      (4 = 0.9%) {64.9%}
95   ---------O                                                                (12 = 2.7%) {65.8%}
96   -----O                                                                    (7 = 1.6%) {68.5%}
97   -------------------------O                                                (34 = 7.7%) {70.0%}
98   -------O                                                                  (10 = 2.3%) {77.7%}
99   -------O                                                                  (10 = 2.3%) {80.0%}
100  ---------------------------------------------------------O                (79 = 17.8%) {82.2%}
101  O                                                                         (0 = 0.0%) {100.0%}

Histogram: Scheduling.ThreadController.ActiveIntervalOnCpuPercentage.Medium.Other recorded 7 samples, mean = 89.6 (flags = 0x41)
0   ... 
63  -O                                                                        (1 = 14.3%) {0.0%}
64  ... 
86  -O                                                                        (1 = 14.3%) {14.3%}
87  ... 
90  -O                                                                        (1 = 14.3%) {28.6%}
91  O                                                                         (0 = 0.0%) {42.9%}
92  -O                                                                        (1 = 14.3%) {42.9%}
93  ... 
98  -O                                                                        (1 = 14.3%) {57.1%}
99  --O                                                                       (2 = 28.6%) {71.4%}
100 ... 

Histogram: Scheduling.ThreadController.ActiveIntervalOnCpuPercentage.Short.BrowserUI recorded 46 samples, mean = 58.7 (flags = 0x41)
0    -----------------O                                                        (17 = 37.0%)
1    ... 
50   ----O                                                                     (4 = 8.7%) {37.0%}
51   ... 
100  -------------------------O                                                (25 = 54.3%) {45.7%}
101  O                                                                         (0 = 0.0%) {100.0%}

Histogram: Scheduling.ThreadController.ActiveIntervalOnCpuPercentage.Short.Other recorded 437 samples, mean = 85.9 (flags = 0x41)
0    ---O                                                                      (4 = 0.9%)
1    ... 
11   -O                                                                        (1 = 0.2%) {0.9%}
12   ... 
27   -O                                                                        (1 = 0.2%) {1.1%}
28   O                                                                         (0 = 0.0%) {1.4%}
29   -O                                                                        (1 = 0.2%) {1.4%}
30   ... 
32   -O                                                                        (1 = 0.2%) {1.6%}
33   O                                                                         (0 = 0.0%) {1.8%}
34   -O                                                                        (1 = 0.2%) {1.8%}
35   ... 
40   -O                                                                        (1 = 0.2%) {2.1%}
41   O                                                                         (0 = 0.0%) {2.3%}
42   -O                                                                        (1 = 0.2%) {2.3%}
43   ... 
50   -O                                                                        (2 = 0.5%) {2.5%}
51   ... 
54   -O                                                                        (1 = 0.2%) {3.0%}
55   ... 
60   ----O                                                                     (6 = 1.4%) {3.2%}
61   ... 
63   -O                                                                        (2 = 0.5%) {4.6%}
64   -O                                                                        (2 = 0.5%) {5.0%}
65   O                                                                         (0 = 0.0%) {5.5%}
66   --------O                                                                 (11 = 2.5%) {5.5%}
67   -O                                                                        (1 = 0.2%) {8.0%}
68   -O                                                                        (1 = 0.2%) {8.2%}
69   O                                                                         (0 = 0.0%) {8.5%}
70   -O                                                                        (1 = 0.2%) {8.5%}
71   ----O                                                                     (5 = 1.1%) {8.7%}
72   -O                                                                        (2 = 0.5%) {9.8%}
73   O                                                                         (0 = 0.0%) {10.3%}
74   --O                                                                       (3 = 0.7%) {10.3%}
75   --------------------O                                                     (28 = 6.4%) {11.0%}
76   -O                                                                        (2 = 0.5%) {17.4%}
77   ---------O                                                                (12 = 2.7%) {17.8%}
78   ---O                                                                      (4 = 0.9%) {20.6%}
79   O                                                                         (0 = 0.0%) {21.5%}
80   ---O                                                                      (4 = 0.9%) {21.5%}
81   -O                                                                        (1 = 0.2%) {22.4%}
82   O                                                                         (0 = 0.0%) {22.7%}
83   -O                                                                        (2 = 0.5%) {22.7%}
84   --O                                                                       (3 = 0.7%) {23.1%}
85   ------------------------------------------------------------------------O (99 = 22.7%) {23.8%}
86   -------O                                                                  (9 = 2.1%) {46.5%}
87   ---------------------------------O                                        (45 = 10.3%) {48.5%}
88   ---O                                                                      (4 = 0.9%) {58.8%}
89   -----O                                                                    (7 = 1.6%) {59.7%}
90   -----O                                                                    (7 = 1.6%) {61.3%}
91   -O                                                                        (2 = 0.5%) {62.9%}
92   ---O                                                                      (4 = 0.9%) {63.4%}
93   --O                                                                       (3 = 0.7%) {64.3%}
94   ---O                                                                      (4 = 0.9%) {65.0%}
95   ---------O                                                                (12 = 2.7%) {65.9%}
96   -----O                                                                    (7 = 1.6%) {68.6%}
97   -------------------------O                                                (34 = 7.8%) {70.3%}
98   -------O                                                                  (9 = 2.1%) {78.0%}
99   ------O                                                                   (8 = 1.8%) {80.1%}
100  ---------------------------------------------------------O                (79 = 18.1%) {81.9%}
101  O                                                                         (0 = 0.0%) {100.0%}

Histogram: Scheduling.ThreadController.IdleDuration.Any.BrowserUI recorded 46 samples, mean = 0.0 (flags = 0x41)
0  ----------------------------------------------O                           (46 = 100.0%)
1  ... 

Histogram: Scheduling.ThreadController.IdleDuration.Any.Other recorded 172 samples, mean = 2878.8 (flags = 0x41)
0      ---------------------------------------------------------O                (57 = 33.1%)
1      -O                                                                        (1 = 0.6%) {33.1%}
2      ... 
14     -O                                                                        (1 = 0.6%) {33.7%}
17     ... 
40     -O                                                                        (1 = 0.6%) {34.3%}
48     ... 
81     -----------O                                                              (11 = 6.4%) {34.9%}
96     ------------------------O                                                 (24 = 14.0%) {41.3%}
114    ... 
160    -O                                                                        (1 = 0.6%) {55.2%}
190    O                                                                         (0 = 0.0%) {55.8%}
226    -O                                                                        (1 = 0.6%) {55.8%}
268    O                                                                         (0 = 0.0%) {56.4%}
318    -O                                                                        (1 = 0.6%) {56.4%}
378    O                                                                         (0 = 0.0%) {57.0%}
449    -O                                                                        (1 = 0.6%) {57.0%}
533    ... 
752    -O                                                                        (1 = 0.6%) {57.6%}
894    ---------------------------------O                                        (33 = 19.2%) {58.1%}
1062   -O                                                                        (1 = 0.6%) {77.3%}
1262   -O                                                                        (1 = 0.6%) {77.9%}
1500   -O                                                                        (1 = 0.6%) {78.5%}
1782   ----O                                                                     (4 = 2.3%) {79.1%}
2117   ... 
2990   -O                                                                        (1 = 0.6%) {81.4%}
3553   ---------------------O                                                    (21 = 12.2%) {82.0%}
4222   ... 
10000  ----------O                                                               (10 = 5.8%) {94.2%}

Histogram: Scheduling.ThreadController.IdleDuration.Medium.Other recorded 21 samples, mean = 84.7 (flags = 0x41)
0   O                                                                         (0 = 0.0%)
1   -O                                                                        (1 = 4.8%) {0.0%}
2   ... 
15  -O                                                                        (1 = 4.8%) {4.8%}
16  ... 
45  -O                                                                        (1 = 4.8%) {9.5%}
46  ... 
92  ----O                                                                     (4 = 19.0%) {14.3%}
93  ---O                                                                      (3 = 14.3%) {33.3%}
94  --O                                                                       (2 = 9.5%) {47.6%}
95  --O                                                                       (2 = 9.5%) {57.1%}
96  ... 
98  -------O                                                                  (7 = 33.3%) {66.7%}
100 O                                                                         (0 = 0.0%) {100.0%}

Histogram: Scheduling.ThreadController.IdleDuration.Short.BrowserUI recorded 46 samples, mean = 3.9 (flags = 0x41)
0   ... 
2   --------------------------O                                               (26 = 56.5%) {0.0%}
3   ------------O                                                             (12 = 26.1%) {56.5%}
4   --O                                                                       (2 = 4.3%) {82.6%}
5   -O                                                                        (1 = 2.2%) {87.0%}
6   --O                                                                       (2 = 4.3%) {89.1%}
7   --O                                                                       (2 = 4.3%) {93.5%}
8   ... 
52  -O                                                                        (1 = 2.2%) {97.8%}
55  ... 

Histogram: Scheduling.ThreadController.IdleDuration.Short.Other recorded 57 samples, mean = 87.2 (flags = 0x41)
0    ... 
16   -O                                                                        (1 = 1.8%) {0.0%}
17   -O                                                                        (1 = 1.8%) {1.8%}
18   ------O                                                                   (6 = 10.5%) {3.5%}
19   ---O                                                                      (3 = 5.3%) {14.0%}
20   -----O                                                                    (5 = 8.8%) {19.3%}
21   ---O                                                                      (3 = 5.3%) {28.1%}
22   --O                                                                       (2 = 3.5%) {33.3%}
23   ... 
25   --O                                                                       (2 = 3.5%) {36.8%}
26   -O                                                                        (1 = 1.8%) {40.4%}
27   --O                                                                       (2 = 3.5%) {42.1%}
28   --O                                                                       (2 = 3.5%) {45.6%}
29   ----O                                                                     (4 = 7.0%) {49.1%}
31   -O                                                                        (1 = 1.8%) {56.1%}
33   --O                                                                       (2 = 3.5%) {57.9%}
35   -O                                                                        (1 = 1.8%) {61.4%}
37   O                                                                         (0 = 0.0%) {63.2%}
39   --O                                                                       (2 = 3.5%) {63.2%}
41   -O                                                                        (1 = 1.8%) {66.7%}
43   --O                                                                       (2 = 3.5%) {68.4%}
45   O                                                                         (0 = 0.0%) {71.9%}
47   --O                                                                       (2 = 3.5%) {71.9%}
49   ---O                                                                      (3 = 5.3%) {75.4%}
52   -O                                                                        (1 = 1.8%) {80.7%}
55   -O                                                                        (1 = 1.8%) {82.5%}
58   ... 
70   -O                                                                        (1 = 1.8%) {84.2%}
74   O                                                                         (0 = 0.0%) {86.0%}
78   -O                                                                        (1 = 1.8%) {86.0%}
82   O                                                                         (0 = 0.0%) {87.7%}
86   -O                                                                        (1 = 1.8%) {87.7%}
90   ... 
165  -O                                                                        (1 = 1.8%) {89.5%}
173  ... 
285  -O                                                                        (1 = 1.8%) {91.2%}
300  ... 
331  -O                                                                        (1 = 1.8%) {93.0%}
348  ... 
703  -O                                                                        (1 = 1.8%) {94.7%}
739  ... 
817  -O                                                                        (1 = 1.8%) {96.5%}
859  ... 
951  -O                                                                        (1 = 1.8%) {98.2%}
1000 O                                                                         (0 = 0.0%) {100.0%}

Histogram: Search.ChoiceReprompt recorded 1 samples, mean = 6.0 (flags = 0x41)
0  ... 
6  -O                                                                        (1 = 100.0%) {0.0%}
7  O                                                                         (0 = 0.0%) {100.0%}

Histogram: Search.SearchProviderOverrideStatus recorded 1 samples, mean = 0.0 (flags = 0x41)
0  -O                                                                        (1 = 100.0%)
1  ... 

Histogram: Security.GwpAsan.Activated.Malloc.Browser recorded 1 samples, mean = 0.0 (flags = 0x41)
0  -O                                                                        (1 = 100.0%)
1  ... 

Histogram: Security.GwpAsan.Activated.PartitionAlloc.Browser recorded 1 samples, mean = 0.0 (flags = 0x41)
0  -O                                                                        (1 = 100.0%)
1  ... 

Histogram: Security.HttpsFirstMode.SettingEnabledAtStartup recorded 1 samples, mean = 0.0 (flags = 0x41)
0  -O                                                                        (1 = 100.0%)
1  ... 

Histogram: Security.JSONParser.ChromiumExtensionUsage recorded 1 samples, mean = 1.0 (flags = 0x41)
0  O                                                                         (0 = 0.0%)
1  -O                                                                        (1 = 100.0%) {0.0%}
2  ... 

Histogram: Security.JSONParser.ParsingTime recorded 17 samples, mean = 69.9 (flags = 0x41)
0    -O                                                                        (1 = 5.9%)
1    O                                                                         (0 = 0.0%) {5.9%}
2    -O                                                                        (1 = 5.9%) {5.9%}
3    --O                                                                       (2 = 11.8%) {11.8%}
4    -O                                                                        (1 = 5.9%) {23.5%}
5    --O                                                                       (2 = 11.8%) {29.4%}
7    ... 
16   --O                                                                       (2 = 11.8%) {41.2%}
21   -O                                                                        (1 = 5.9%) {52.9%}
28   --O                                                                       (2 = 11.8%) {58.8%}
37   --O                                                                       (2 = 11.8%) {70.6%}
49   -O                                                                        (1 = 5.9%) {82.4%}
65   ... 
113  -O                                                                        (1 = 5.9%) {88.2%}
149  ... 
590  -O                                                                        (1 = 5.9%) {94.1%}
777  ... 

Histogram: Security.NavigationRequestSecurityLevel recorded 2 samples, mean = 1.0 (flags = 0x41)
0  O                                                                         (0 = 0.0%)
1  --O                                                                       (2 = 100.0%) {0.0%}
2  ... 

Histogram: Security.PageEndReason.SECURE recorded 1 samples, mean = 6.0 (flags = 0x41)
0  ... 
6  -O                                                                        (1 = 100.0%) {0.0%}
7  ... 

Histogram: Security.PageEndReason.SafetyTip_None recorded 1 samples, mean = 6.0 (flags = 0x41)
0  ... 
6  -O                                                                        (1 = 100.0%) {0.0%}
7  ... 

Histogram: Security.PrivateNetworkAccess.CheckResult recorded 253 samples, mean = 0.5 (flags = 0x41)
0   ------------------------------------------------------------------------O (207 = 81.8%)
1   --------------O                                                           (39 = 15.4%) {81.8%}
2   ... 
12  --O                                                                       (7 = 2.8%) {97.2%}
13  O                                                                         (0 = 0.0%) {100.0%}

Histogram: Security.SCTAuditing.NumPersistedReportsLoaded recorded 1 samples, mean = 0.0 (flags = 0x41)
0  -O                                                                        (1 = 100.0%)
1  ... 

Histogram: Security.SafetyTips.GetReputationStatusWithEngagedSitesTime recorded 1 samples, mean = 0.0 (flags = 0x41)
0  -O                                                                        (1 = 100.0%)
1  ... 

Histogram: Security.SafetyTips.ReputationCheckComplete.DidFinishNavigation recorded 1 samples, mean = 1.0 (flags = 0x41)
0  O                                                                         (0 = 0.0%)
1  -O                                                                        (1 = 100.0%) {0.0%}
2  ... 

Histogram: Security.SafetyTips.SafetyTipShown recorded 1 samples, mean = 1.0 (flags = 0x41)
0  O                                                                         (0 = 0.0%)
1  -O                                                                        (1 = 100.0%) {0.0%}
2  ... 

Histogram: Security.SafetyTips.StatusWithInitiator.Unknown recorded 1 samples, mean = 1.0 (flags = 0x41)
0  O                                                                         (0 = 0.0%)
1  -O                                                                        (1 = 100.0%) {0.0%}
2  ... 

Histogram: Security.SecurityLevel.OnCommit recorded 1 samples, mean = 3.0 (flags = 0x41)
0  ... 
3  -O                                                                        (1 = 100.0%) {0.0%}
4  ... 

Histogram: Security.SecurityLevel.OnComplete recorded 1 samples, mean = 3.0 (flags = 0x41)
0  ... 
3  -O                                                                        (1 = 100.0%) {0.0%}
4  ... 

Histogram: Security.SiteEngagement.SECURE recorded 1 samples, mean = 18.0 (flags = 0x41)
0   ... 
18  -O                                                                        (1 = 100.0%) {0.0%}
19  ... 

Histogram: Security.SiteEngagement.SafetyTip_None recorded 1 samples, mean = 18.0 (flags = 0x41)
0   ... 
18  -O                                                                        (1 = 100.0%) {0.0%}
19  ... 

Histogram: Security.TimeOnPage2.SECURE recorded 1 samples, mean = 36760096.0 (flags = 0x41)
0        ... 
3600000  -O                                                                        (1 = 100.0%) {0.0%}

Histogram: Security.TimeOnPage2.SafetyTip_None recorded 1 samples, mean = 36760096.0 (flags = 0x41)
0        ... 
3600000  -O                                                                        (1 = 100.0%) {0.0%}

Histogram: SegmentationPlatform.ChromeLowUserEngagement.PostProcessing.TopLabel.Computed recorded 1 samples (flags = 0x41)
1  -O                                                                        (1 = 100.0%)

Histogram: SegmentationPlatform.ClassificationRequest.TotalDuration.DeviceSwitcher recorded 1 samples, mean = 66323.0 (flags = 0x41)
0      ... 
10000  -O                                                                        (1 = 100.0%) {0.0%}

Histogram: SegmentationPlatform.ClassificationRequest.TotalDuration.WebAppInstallationPromo recorded 1 samples, mean = 0.0 (flags = 0x41)
0  -O                                                                        (1 = 100.0%)
1  ... 

Histogram: SegmentationPlatform.CrossDeviceUser.PostProcessing.TopLabel.Computed recorded 1 samples (flags = 0x41)
-1 -O                                                                        (1 = 100.0%)

Histogram: SegmentationPlatform.Database.UpdateUrlForUkmSource recorded 6 samples, mean = 0.7 (flags = 0x41)
0  ----O                                                                     (4 = 66.7%)
1  -O                                                                        (1 = 16.7%) {66.7%}
2  O                                                                         (0 = 0.0%) {83.3%}
3  -O                                                                        (1 = 16.7%) {83.3%}
4  ... 

Histogram: SegmentationPlatform.DefaultModelDelivery.Metadata.FeatureCount.ChromeLowUserEngagement recorded 1 samples, mean = 1.0 (flags = 0x41)
0  O                                                                         (0 = 0.0%)
1  -O                                                                        (1 = 100.0%) {0.0%}
2  ... 

Histogram: SegmentationPlatform.DefaultModelDelivery.Metadata.FeatureCount.ComposePromotion recorded 1 samples, mean = 1.0 (flags = 0x41)
0  O                                                                         (0 = 0.0%)
1  -O                                                                        (1 = 100.0%) {0.0%}
2  ... 

Histogram: SegmentationPlatform.DefaultModelDelivery.Metadata.FeatureCount.CrossDeviceUserSegment recorded 1 samples, mean = 4.0 (flags = 0x41)
0  ... 
4  -O                                                                        (1 = 100.0%) {0.0%}
5  ... 

Histogram: SegmentationPlatform.DefaultModelDelivery.Metadata.FeatureCount.DatabaseApiClients recorded 1 samples, mean = 3.0 (flags = 0x41)
0  ... 
3  -O                                                                        (1 = 100.0%) {0.0%}
4  ... 

Histogram: SegmentationPlatform.DefaultModelDelivery.Metadata.FeatureCount.DeviceSwitcher recorded 1 samples, mean = 1.0 (flags = 0x41)
0  O                                                                         (0 = 0.0%)
1  -O                                                                        (1 = 100.0%) {0.0%}
2  ... 

Histogram: SegmentationPlatform.DefaultModelDelivery.Metadata.FeatureCount.PasswordManagerUser recorded 1 samples, mean = 7.0 (flags = 0x41)
0  ... 
7  -O                                                                        (1 = 100.0%) {0.0%}
8  ... 

Histogram: SegmentationPlatform.DefaultModelDelivery.Metadata.FeatureCount.ResumeHeavyUserSegment recorded 1 samples, mean = 5.0 (flags = 0x41)
0  ... 
5  -O                                                                        (1 = 100.0%) {0.0%}
6  ... 

Histogram: SegmentationPlatform.DefaultModelDelivery.Metadata.FeatureCount.SearchUser recorded 1 samples, mean = 2.0 (flags = 0x41)
0  ... 
2  -O                                                                        (1 = 100.0%) {0.0%}
3  ... 

Histogram: SegmentationPlatform.DefaultModelDelivery.Metadata.FeatureCount.ShoppingUser recorded 1 samples, mean = 2.0 (flags = 0x41)
0  ... 
2  -O                                                                        (1 = 100.0%) {0.0%}
3  ... 

Histogram: SegmentationPlatform.DefaultModelDelivery.Metadata.FeatureCount.UrlVisitResumptionRanker recorded 1 samples, mean = 23.0 (flags = 0x41)
0   ... 
23  -O                                                                        (1 = 100.0%) {0.0%}
26  ... 

Histogram: SegmentationPlatform.DefaultModelDelivery.Metadata.Validation.Processed.ChromeLowUserEngagement recorded 1 samples, mean = 0.0 (flags = 0x41)
0  -O                                                                        (1 = 100.0%)
1  ... 

Histogram: SegmentationPlatform.DefaultModelDelivery.Metadata.Validation.Processed.ComposePromotion recorded 1 samples, mean = 0.0 (flags = 0x41)
0  -O                                                                        (1 = 100.0%)
1  ... 

Histogram: SegmentationPlatform.DefaultModelDelivery.Metadata.Validation.Processed.CrossDeviceUserSegment recorded 1 samples, mean = 0.0 (flags = 0x41)
0  -O                                                                        (1 = 100.0%)
1  ... 

Histogram: SegmentationPlatform.DefaultModelDelivery.Metadata.Validation.Processed.DatabaseApiClients recorded 1 samples, mean = 0.0 (flags = 0x41)
0  -O                                                                        (1 = 100.0%)
1  ... 

Histogram: SegmentationPlatform.DefaultModelDelivery.Metadata.Validation.Processed.DeviceSwitcher recorded 1 samples, mean = 0.0 (flags = 0x41)
0  -O                                                                        (1 = 100.0%)
1  ... 

Histogram: SegmentationPlatform.DefaultModelDelivery.Metadata.Validation.Processed.PasswordManagerUser recorded 1 samples, mean = 0.0 (flags = 0x41)
0  -O                                                                        (1 = 100.0%)
1  ... 

Histogram: SegmentationPlatform.DefaultModelDelivery.Metadata.Validation.Processed.ResumeHeavyUserSegment recorded 1 samples, mean = 0.0 (flags = 0x41)
0  -O                                                                        (1 = 100.0%)
1  ... 

Histogram: SegmentationPlatform.DefaultModelDelivery.Metadata.Validation.Processed.SearchUser recorded 1 samples, mean = 0.0 (flags = 0x41)
0  -O                                                                        (1 = 100.0%)
1  ... 

Histogram: SegmentationPlatform.DefaultModelDelivery.Metadata.Validation.Processed.ShoppingUser recorded 1 samples, mean = 0.0 (flags = 0x41)
0  -O                                                                        (1 = 100.0%)
1  ... 

Histogram: SegmentationPlatform.DefaultModelDelivery.Metadata.Validation.Processed.UrlVisitResumptionRanker recorded 1 samples, mean = 0.0 (flags = 0x41)
0  -O                                                                        (1 = 100.0%)
1  ... 

Histogram: SegmentationPlatform.DefaultModelDelivery.Received recorded 10 samples (flags = 0x41)
16    -O                                                                        (1 = 10.0%)
21    -O                                                                        (1 = 10.0%)
23    -O                                                                        (1 = 10.0%)
27    -O                                                                        (1 = 10.0%)
45    -O                                                                        (1 = 10.0%)
46    -O                                                                        (1 = 10.0%)
1001  -O                                                                        (1 = 10.0%)
1004  -O                                                                        (1 = 10.0%)
1007  -O                                                                        (1 = 10.0%)
1009  -O                                                                        (1 = 10.0%)

Histogram: SegmentationPlatform.DefaultModelDelivery.SaveResult.ChromeLowUserEngagement recorded 1 samples, mean = 1.0 (flags = 0x41)
0  O                                                                         (0 = 0.0%)
1  -O                                                                        (1 = 100.0%) {0.0%}
2  O                                                                         (0 = 0.0%) {100.0%}

Histogram: SegmentationPlatform.DefaultModelDelivery.SaveResult.ComposePromotion recorded 1 samples, mean = 1.0 (flags = 0x41)
0  O                                                                         (0 = 0.0%)
1  -O                                                                        (1 = 100.0%) {0.0%}
2  O                                                                         (0 = 0.0%) {100.0%}

Histogram: SegmentationPlatform.DefaultModelDelivery.SaveResult.CrossDeviceUserSegment recorded 1 samples, mean = 1.0 (flags = 0x41)
0  O                                                                         (0 = 0.0%)
1  -O                                                                        (1 = 100.0%) {0.0%}
2  O                                                                         (0 = 0.0%) {100.0%}

Histogram: SegmentationPlatform.DefaultModelDelivery.SaveResult.DatabaseApiClients recorded 1 samples, mean = 1.0 (flags = 0x41)
0  O                                                                         (0 = 0.0%)
1  -O                                                                        (1 = 100.0%) {0.0%}
2  O                                                                         (0 = 0.0%) {100.0%}

Histogram: SegmentationPlatform.DefaultModelDelivery.SaveResult.DeviceSwitcher recorded 1 samples, mean = 1.0 (flags = 0x41)
0  O                                                                         (0 = 0.0%)
1  -O                                                                        (1 = 100.0%) {0.0%}
2  O                                                                         (0 = 0.0%) {100.0%}

Histogram: SegmentationPlatform.DefaultModelDelivery.SaveResult.PasswordManagerUser recorded 1 samples, mean = 1.0 (flags = 0x41)
0  O                                                                         (0 = 0.0%)
1  -O                                                                        (1 = 100.0%) {0.0%}
2  O                                                                         (0 = 0.0%) {100.0%}

Histogram: SegmentationPlatform.DefaultModelDelivery.SaveResult.ResumeHeavyUserSegment recorded 1 samples, mean = 1.0 (flags = 0x41)
0  O                                                                         (0 = 0.0%)
1  -O                                                                        (1 = 100.0%) {0.0%}
2  O                                                                         (0 = 0.0%) {100.0%}

Histogram: SegmentationPlatform.DefaultModelDelivery.SaveResult.SearchUser recorded 1 samples, mean = 1.0 (flags = 0x41)
0  O                                                                         (0 = 0.0%)
1  -O                                                                        (1 = 100.0%) {0.0%}
2  O                                                                         (0 = 0.0%) {100.0%}

Histogram: SegmentationPlatform.DefaultModelDelivery.SaveResult.ShoppingUser recorded 1 samples, mean = 1.0 (flags = 0x41)
0  O                                                                         (0 = 0.0%)
1  -O                                                                        (1 = 100.0%) {0.0%}
2  O                                                                         (0 = 0.0%) {100.0%}

Histogram: SegmentationPlatform.DefaultModelDelivery.SaveResult.UrlVisitResumptionRanker recorded 1 samples, mean = 1.0 (flags = 0x41)
0  O                                                                         (0 = 0.0%)
1  -O                                                                        (1 = 100.0%) {0.0%}
2  O                                                                         (0 = 0.0%) {100.0%}

Histogram: SegmentationPlatform.DefaultModelDelivery.SegmentIdMatches.ChromeLowUserEngagement recorded 1 samples, mean = 1.0 (flags = 0x41)
0  O                                                                         (0 = 0.0%)
1  -O                                                                        (1 = 100.0%) {0.0%}
2  O                                                                         (0 = 0.0%) {100.0%}

Histogram: SegmentationPlatform.DefaultModelDelivery.SegmentIdMatches.ComposePromotion recorded 1 samples, mean = 1.0 (flags = 0x41)
0  O                                                                         (0 = 0.0%)
1  -O                                                                        (1 = 100.0%) {0.0%}
2  O                                                                         (0 = 0.0%) {100.0%}

Histogram: SegmentationPlatform.DefaultModelDelivery.SegmentIdMatches.CrossDeviceUserSegment recorded 1 samples, mean = 1.0 (flags = 0x41)
0  O                                                                         (0 = 0.0%)
1  -O                                                                        (1 = 100.0%) {0.0%}
2  O                                                                         (0 = 0.0%) {100.0%}

Histogram: SegmentationPlatform.DefaultModelDelivery.SegmentIdMatches.DatabaseApiClients recorded 1 samples, mean = 1.0 (flags = 0x41)
0  O                                                                         (0 = 0.0%)
1  -O                                                                        (1 = 100.0%) {0.0%}
2  O                                                                         (0 = 0.0%) {100.0%}

Histogram: SegmentationPlatform.DefaultModelDelivery.SegmentIdMatches.DeviceSwitcher recorded 1 samples, mean = 1.0 (flags = 0x41)
0  O                                                                         (0 = 0.0%)
1  -O                                                                        (1 = 100.0%) {0.0%}
2  O                                                                         (0 = 0.0%) {100.0%}

Histogram: SegmentationPlatform.DefaultModelDelivery.SegmentIdMatches.PasswordManagerUser recorded 1 samples, mean = 1.0 (flags = 0x41)
0  O                                                                         (0 = 0.0%)
1  -O                                                                        (1 = 100.0%) {0.0%}
2  O                                                                         (0 = 0.0%) {100.0%}

Histogram: SegmentationPlatform.DefaultModelDelivery.SegmentIdMatches.ResumeHeavyUserSegment recorded 1 samples, mean = 1.0 (flags = 0x41)
0  O                                                                         (0 = 0.0%)
1  -O                                                                        (1 = 100.0%) {0.0%}
2  O                                                                         (0 = 0.0%) {100.0%}

Histogram: SegmentationPlatform.DefaultModelDelivery.SegmentIdMatches.SearchUser recorded 1 samples, mean = 1.0 (flags = 0x41)
0  O                                                                         (0 = 0.0%)
1  -O                                                                        (1 = 100.0%) {0.0%}
2  O                                                                         (0 = 0.0%) {100.0%}

Histogram: SegmentationPlatform.DefaultModelDelivery.SegmentIdMatches.ShoppingUser recorded 1 samples, mean = 1.0 (flags = 0x41)
0  O                                                                         (0 = 0.0%)
1  -O                                                                        (1 = 100.0%) {0.0%}
2  O                                                                         (0 = 0.0%) {100.0%}

Histogram: SegmentationPlatform.DefaultModelDelivery.SegmentIdMatches.UrlVisitResumptionRanker recorded 1 samples, mean = 1.0 (flags = 0x41)
0  O                                                                         (0 = 0.0%)
1  -O                                                                        (1 = 100.0%) {0.0%}
2  O                                                                         (0 = 0.0%) {100.0%}

Histogram: SegmentationPlatform.DeviceSwitcher.PostProcessing.TopLabel.Computed recorded 1 samples (flags = 0x41)
7  -O                                                                        (1 = 100.0%)

Histogram: SegmentationPlatform.FeatureProcessing.Error.DeviceSwitcher recorded 1 samples, mean = 7.0 (flags = 0x41)
0  ... 
7  -O                                                                        (1 = 100.0%) {0.0%}
8  O                                                                         (0 = 0.0%) {100.0%}

Histogram: SegmentationPlatform.Init.CreationToInitializationLatency recorded 1 samples, mean = 6009.0 (flags = 0x41)
0     ... 
4955  -O                                                                        (1 = 100.0%) {0.0%}
6296  ... 

Histogram: SegmentationPlatform.Init.ModelUpdatedTimeDifferenceInDays.ChromeLowUserEngagement recorded 1 samples, mean = 51.0 (flags = 0x41)
0   ... 
47  -O                                                                        (1 = 100.0%) {0.0%}
53  ... 

Histogram: SegmentationPlatform.Init.ModelUpdatedTimeDifferenceInDays.ComposePromotion recorded 1 samples, mean = 51.0 (flags = 0x41)
0   ... 
47  -O                                                                        (1 = 100.0%) {0.0%}
53  ... 

Histogram: SegmentationPlatform.Init.ModelUpdatedTimeDifferenceInDays.CrossDeviceUserSegment recorded 1 samples, mean = 51.0 (flags = 0x41)
0   ... 
47  -O                                                                        (1 = 100.0%) {0.0%}
53  ... 

Histogram: SegmentationPlatform.Init.ModelUpdatedTimeDifferenceInDays.DatabaseApiClients recorded 1 samples, mean = 51.0 (flags = 0x41)
0   ... 
47  -O                                                                        (1 = 100.0%) {0.0%}
53  ... 

Histogram: SegmentationPlatform.Init.ModelUpdatedTimeDifferenceInDays.DeviceSwitcher recorded 1 samples, mean = 51.0 (flags = 0x41)
0   ... 
47  -O                                                                        (1 = 100.0%) {0.0%}
53  ... 

Histogram: SegmentationPlatform.Init.ModelUpdatedTimeDifferenceInDays.PasswordManagerUser recorded 1 samples, mean = 51.0 (flags = 0x41)
0   ... 
47  -O                                                                        (1 = 100.0%) {0.0%}
53  ... 

Histogram: SegmentationPlatform.Init.ModelUpdatedTimeDifferenceInDays.ResumeHeavyUserSegment recorded 1 samples, mean = 51.0 (flags = 0x41)
0   ... 
47  -O                                                                        (1 = 100.0%) {0.0%}
53  ... 

Histogram: SegmentationPlatform.Init.ModelUpdatedTimeDifferenceInDays.SearchUser recorded 1 samples, mean = 51.0 (flags = 0x41)
0   ... 
47  -O                                                                        (1 = 100.0%) {0.0%}
53  ... 

Histogram: SegmentationPlatform.Init.ModelUpdatedTimeDifferenceInDays.ShoppingUser recorded 1 samples, mean = 51.0 (flags = 0x41)
0   ... 
47  -O                                                                        (1 = 100.0%) {0.0%}
53  ... 

Histogram: SegmentationPlatform.Init.ModelUpdatedTimeDifferenceInDays.UrlVisitResumptionRanker recorded 1 samples, mean = 51.0 (flags = 0x41)
0   ... 
47  -O                                                                        (1 = 100.0%) {0.0%}
53  ... 

Histogram: SegmentationPlatform.Init.ProcessCreationToServiceCreationLatency recorded 1 samples, mean = 2250269.0 (flags = 0x41)
0       ... 
180000  -O                                                                        (1 = 100.0%) {0.0%}

Histogram: SegmentationPlatform.Maintenance.CleanupSignalSuccessCount recorded 1 samples, mean = 20.0 (flags = 0x41)
0   ... 
20  -O                                                                        (1 = 100.0%) {0.0%}
23  ... 

Histogram: SegmentationPlatform.Maintenance.CompactionResult.HistogramEnum recorded 7 samples, mean = 1.0 (flags = 0x41)
0  O                                                                         (0 = 0.0%)
1  -------O                                                                  (7 = 100.0%) {0.0%}
2  O                                                                         (0 = 0.0%) {100.0%}

Histogram: SegmentationPlatform.Maintenance.CompactionResult.HistogramValue recorded 6 samples, mean = 1.0 (flags = 0x41)
0  O                                                                         (0 = 0.0%)
1  ------O                                                                   (6 = 100.0%) {0.0%}
2  O                                                                         (0 = 0.0%) {100.0%}

Histogram: SegmentationPlatform.Maintenance.CompactionResult.UserAction recorded 7 samples, mean = 1.0 (flags = 0x41)
0  O                                                                         (0 = 0.0%)
1  -------O                                                                  (7 = 100.0%) {0.0%}
2  O                                                                         (0 = 0.0%) {100.0%}

Histogram: SegmentationPlatform.Maintenance.SignalIdentifierCount recorded 1 samples, mean = 20.0 (flags = 0x41)
0   ... 
20  -O                                                                        (1 = 100.0%) {0.0%}
23  ... 

Histogram: SegmentationPlatform.ModelAvailability.ChromeLowUserEngagement recorded 1 samples, mean = 0.0 (flags = 0x41)
0  -O                                                                        (1 = 100.0%)
1  ... 

Histogram: SegmentationPlatform.ModelAvailability.ComposePromotion recorded 1 samples, mean = 0.0 (flags = 0x41)
0  -O                                                                        (1 = 100.0%)
1  ... 

Histogram: SegmentationPlatform.ModelAvailability.DeviceSwitcher recorded 1 samples, mean = 0.0 (flags = 0x41)
0  -O                                                                        (1 = 100.0%)
1  ... 

Histogram: SegmentationPlatform.ModelAvailability.SearchUser recorded 1 samples, mean = 0.0 (flags = 0x41)
0  -O                                                                        (1 = 100.0%)
1  ... 

Histogram: SegmentationPlatform.ModelAvailability.ShoppingUser recorded 1 samples, mean = 0.0 (flags = 0x41)
0  -O                                                                        (1 = 100.0%)
1  ... 

Histogram: SegmentationPlatform.ModelAvailability.UrlVisitResumptionRanker recorded 1 samples, mean = 0.0 (flags = 0x41)
0  -O                                                                        (1 = 100.0%)
1  ... 

Histogram: SegmentationPlatform.ModelAvailability.WebAppInstallationPromo recorded 1 samples, mean = 0.0 (flags = 0x41)
0  -O                                                                        (1 = 100.0%)
1  ... 

Histogram: SegmentationPlatform.ModelExecution.DefaultProvider.Status.DeviceSwitcher recorded 1 samples, mean = 0.0 (flags = 0x41)
0  -O                                                                        (1 = 100.0%)
1  ... 

Histogram: SegmentationPlatform.ModelExecution.Duration.Model.DeviceSwitcher.Success recorded 1 samples, mean = 0.0 (flags = 0x41)
0  -O                                                                        (1 = 100.0%)
1  ... 

Histogram: SegmentationPlatform.ModelExecution.Duration.Total.DeviceSwitcher.Success recorded 1 samples, mean = 60001.0 (flags = 0x41)
0      ... 
10000  -O                                                                        (1 = 100.0%) {0.0%}

Histogram: SegmentationPlatform.ModelExecution.Result.0.DeviceSwitcher recorded 1 samples, mean = 0.0 (flags = 0x41)
0  -O                                                                        (1 = 100.0%)
1  ... 

Histogram: SegmentationPlatform.ModelExecution.Result.1.DeviceSwitcher recorded 1 samples, mean = 0.0 (flags = 0x41)
0  -O                                                                        (1 = 100.0%)
1  ... 

Histogram: SegmentationPlatform.ModelExecution.Result.2.DeviceSwitcher recorded 1 samples, mean = 0.0 (flags = 0x41)
0  -O                                                                        (1 = 100.0%)
1  ... 

Histogram: SegmentationPlatform.ModelExecution.Result.3.DeviceSwitcher recorded 1 samples, mean = 0.0 (flags = 0x41)
0  -O                                                                        (1 = 100.0%)
1  ... 

Histogram: SegmentationPlatform.ModelExecution.Result.4.DeviceSwitcher recorded 1 samples, mean = 0.0 (flags = 0x41)
0  -O                                                                        (1 = 100.0%)
1  ... 

Histogram: SegmentationPlatform.ModelExecution.Result.5.DeviceSwitcher recorded 1 samples, mean = 0.0 (flags = 0x41)
0  -O                                                                        (1 = 100.0%)
1  ... 

Histogram: SegmentationPlatform.ModelExecution.Result.6.DeviceSwitcher recorded 1 samples, mean = 0.0 (flags = 0x41)
0  -O                                                                        (1 = 100.0%)
1  ... 

Histogram: SegmentationPlatform.ModelExecution.Result.7.DeviceSwitcher recorded 1 samples, mean = 100.0 (flags = 0x41)
0    ... 
100  -O                                                                        (1 = 100.0%) {0.0%}
101  O                                                                         (0 = 0.0%) {100.0%}

Histogram: SegmentationPlatform.ModelExecution.ZeroValuePercent.DeviceSwitcher recorded 1 samples, mean = 90.0 (flags = 0x41)
0   ... 
90  -O                                                                        (1 = 100.0%) {0.0%}
91  ... 

Histogram: SegmentationPlatform.PasswordManagerUser.PostProcessing.TopLabel.Computed recorded 1 samples (flags = 0x41)
0  -O                                                                        (1 = 100.0%)

Histogram: SegmentationPlatform.ResumeHeavyUser.PostProcessing.TopLabel.Computed recorded 1 samples (flags = 0x41)
0  -O                                                                        (1 = 100.0%)

Histogram: SegmentationPlatform.SearchUser.PostProcessing.TopLabel.Computed recorded 1 samples (flags = 0x41)
-1 -O                                                                        (1 = 100.0%)

Histogram: SegmentationPlatform.SegmentInfoDatabase.ProtoDBUpdateResult.ChromeLowUserEngagement recorded 1 samples, mean = 1.0 (flags = 0x41)
0  O                                                                         (0 = 0.0%)
1  -O                                                                        (1 = 100.0%) {0.0%}
2  O                                                                         (0 = 0.0%) {100.0%}

Histogram: SegmentationPlatform.SegmentInfoDatabase.ProtoDBUpdateResult.ComposePromotion recorded 1 samples, mean = 1.0 (flags = 0x41)
0  O                                                                         (0 = 0.0%)
1  -O                                                                        (1 = 100.0%) {0.0%}
2  O                                                                         (0 = 0.0%) {100.0%}

Histogram: SegmentationPlatform.SegmentInfoDatabase.ProtoDBUpdateResult.CrossDeviceUserSegment recorded 1 samples, mean = 1.0 (flags = 0x41)
0  O                                                                         (0 = 0.0%)
1  -O                                                                        (1 = 100.0%) {0.0%}
2  O                                                                         (0 = 0.0%) {100.0%}

Histogram: SegmentationPlatform.SegmentInfoDatabase.ProtoDBUpdateResult.DatabaseApiClients recorded 1 samples, mean = 1.0 (flags = 0x41)
0  O                                                                         (0 = 0.0%)
1  -O                                                                        (1 = 100.0%) {0.0%}
2  O                                                                         (0 = 0.0%) {100.0%}

Histogram: SegmentationPlatform.SegmentInfoDatabase.ProtoDBUpdateResult.DeviceSwitcher recorded 1 samples, mean = 1.0 (flags = 0x41)
0  O                                                                         (0 = 0.0%)
1  -O                                                                        (1 = 100.0%) {0.0%}
2  O                                                                         (0 = 0.0%) {100.0%}

Histogram: SegmentationPlatform.SegmentInfoDatabase.ProtoDBUpdateResult.PasswordManagerUser recorded 1 samples, mean = 1.0 (flags = 0x41)
0  O                                                                         (0 = 0.0%)
1  -O                                                                        (1 = 100.0%) {0.0%}
2  O                                                                         (0 = 0.0%) {100.0%}

Histogram: SegmentationPlatform.SegmentInfoDatabase.ProtoDBUpdateResult.ResumeHeavyUserSegment recorded 1 samples, mean = 1.0 (flags = 0x41)
0  O                                                                         (0 = 0.0%)
1  -O                                                                        (1 = 100.0%) {0.0%}
2  O                                                                         (0 = 0.0%) {100.0%}

Histogram: SegmentationPlatform.SegmentInfoDatabase.ProtoDBUpdateResult.SearchUser recorded 1 samples, mean = 1.0 (flags = 0x41)
0  O                                                                         (0 = 0.0%)
1  -O                                                                        (1 = 100.0%) {0.0%}
2  O                                                                         (0 = 0.0%) {100.0%}

Histogram: SegmentationPlatform.SegmentInfoDatabase.ProtoDBUpdateResult.ShoppingUser recorded 1 samples, mean = 1.0 (flags = 0x41)
0  O                                                                         (0 = 0.0%)
1  -O                                                                        (1 = 100.0%) {0.0%}
2  O                                                                         (0 = 0.0%) {100.0%}

Histogram: SegmentationPlatform.SegmentInfoDatabase.ProtoDBUpdateResult.UrlVisitResumptionRanker recorded 1 samples, mean = 1.0 (flags = 0x41)
0  O                                                                         (0 = 0.0%)
1  -O                                                                        (1 = 100.0%) {0.0%}
2  O                                                                         (0 = 0.0%) {100.0%}

Histogram: SegmentationPlatform.SegmentInfoDatabase.ProtoDBUpdateResult.WebAppInstallationPromo recorded 1 samples, mean = 1.0 (flags = 0x41)
0  O                                                                         (0 = 0.0%)
1  -O                                                                        (1 = 100.0%) {0.0%}
2  O                                                                         (0 = 0.0%) {100.0%}

Histogram: SegmentationPlatform.SelectionFailedReason.ChromeLowUserEngagement recorded 3 samples, mean = 20.3 (flags = 0x41)
0   ... 
16  -O                                                                        (1 = 33.3%) {0.0%}
17  O                                                                         (0 = 0.0%) {33.3%}
18  -O                                                                        (1 = 33.3%) {33.3%}
19  ... 
27  -O                                                                        (1 = 33.3%) {66.7%}
28  ... 

Histogram: SegmentationPlatform.SelectionFailedReason.ComposePromotion recorded 1 samples, mean = 17.0 (flags = 0x41)
0   ... 
17  -O                                                                        (1 = 100.0%) {0.0%}
18  ... 

Histogram: SegmentationPlatform.SelectionFailedReason.CrossDeviceUser recorded 3 samples, mean = 20.3 (flags = 0x41)
0   ... 
16  -O                                                                        (1 = 33.3%) {0.0%}
17  O                                                                         (0 = 0.0%) {33.3%}
18  -O                                                                        (1 = 33.3%) {33.3%}
19  ... 
27  -O                                                                        (1 = 33.3%) {66.7%}
28  ... 

Histogram: SegmentationPlatform.SelectionFailedReason.DatabaseApiClients recorded 1 samples, mean = 17.0 (flags = 0x41)
0   ... 
17  -O                                                                        (1 = 100.0%) {0.0%}
18  ... 

Histogram: SegmentationPlatform.SelectionFailedReason.DeviceSwitcher recorded 2 samples, mean = 19.0 (flags = 0x41)
0   ... 
17  -O                                                                        (1 = 50.0%) {0.0%}
18  ... 
21  -O                                                                        (1 = 50.0%) {50.0%}
22  ... 

Histogram: SegmentationPlatform.SelectionFailedReason.PasswordManagerUser recorded 3 samples, mean = 20.3 (flags = 0x41)
0   ... 
16  -O                                                                        (1 = 33.3%) {0.0%}
17  O                                                                         (0 = 0.0%) {33.3%}
18  -O                                                                        (1 = 33.3%) {33.3%}
19  ... 
27  -O                                                                        (1 = 33.3%) {66.7%}
28  ... 

Histogram: SegmentationPlatform.SelectionFailedReason.ResumeHeavyUser recorded 3 samples, mean = 20.3 (flags = 0x41)
0   ... 
16  -O                                                                        (1 = 33.3%) {0.0%}
17  O                                                                         (0 = 0.0%) {33.3%}
18  -O                                                                        (1 = 33.3%) {33.3%}
19  ... 
27  -O                                                                        (1 = 33.3%) {66.7%}
28  ... 

Histogram: SegmentationPlatform.SelectionFailedReason.SearchUser recorded 3 samples, mean = 20.3 (flags = 0x41)
0   ... 
16  -O                                                                        (1 = 33.3%) {0.0%}
17  O                                                                         (0 = 0.0%) {33.3%}
18  -O                                                                        (1 = 33.3%) {33.3%}
19  ... 
27  -O                                                                        (1 = 33.3%) {66.7%}
28  ... 

Histogram: SegmentationPlatform.SelectionFailedReason.ShoppingUser recorded 3 samples, mean = 20.3 (flags = 0x41)
0   ... 
16  -O                                                                        (1 = 33.3%) {0.0%}
17  O                                                                         (0 = 0.0%) {33.3%}
18  -O                                                                        (1 = 33.3%) {33.3%}
19  ... 
27  -O                                                                        (1 = 33.3%) {66.7%}
28  ... 

Histogram: SegmentationPlatform.SelectionFailedReason.URLVisitResumptionRanker recorded 1 samples, mean = 17.0 (flags = 0x41)
0   ... 
17  -O                                                                        (1 = 100.0%) {0.0%}
18  ... 

Histogram: SegmentationPlatform.SelectionFailedReason.WebAppInstallationPromo recorded 3 samples, mean = 17.3 (flags = 0x41)
0   ... 
11  -O                                                                        (1 = 33.3%) {0.0%}
12  ... 
17  -O                                                                        (1 = 33.3%) {33.3%}
18  ... 
24  -O                                                                        (1 = 33.3%) {66.7%}
25  ... 

Histogram: SegmentationPlatform.ShoppingUser.PostProcessing.TopLabel.Computed recorded 1 samples (flags = 0x41)
0  -O                                                                        (1 = 100.0%)

Histogram: SegmentationPlatform.Signals.ListeningCount.HistogramEnum recorded 1 samples, mean = 7.0 (flags = 0x41)
0  ... 
7  -O                                                                        (1 = 100.0%) {0.0%}
8  ... 

Histogram: SegmentationPlatform.Signals.ListeningCount.HistogramValue recorded 1 samples, mean = 6.0 (flags = 0x41)
0  ... 
6  -O                                                                        (1 = 100.0%) {0.0%}
7  ... 

Histogram: SegmentationPlatform.Signals.ListeningCount.UserAction recorded 1 samples, mean = 7.0 (flags = 0x41)
0  ... 
7  -O                                                                        (1 = 100.0%) {0.0%}
8  ... 

Histogram: SegmentationPlatform.SyncSessions.TabsCountAtStartup recorded 1 samples, mean = 0.0 (flags = 0x41)
0  -O                                                                        (1 = 100.0%)
1  ... 

Histogram: SegmentationPlatform.UkmDatabase.InitTime recorded 1 samples, mean = 14.0 (flags = 0x41)
0   ... 
14  -O                                                                        (1 = 100.0%) {0.0%}
17  ... 

Histogram: SegmentationPlatform.WebAppInstallationPromo.PostProcessing.TopLabel.Computed recorded 1 samples (flags = 0x41)
-2 -O                                                                        (1 = 100.0%)

Histogram: ServiceWorker.FindRegistrationForClientUrl.IsCalledForNavigation recorded 5 samples, mean = 0.2 (flags = 0x41)
0  ----O                                                                     (4 = 80.0%)
1  -O                                                                        (1 = 20.0%) {80.0%}
2  O                                                                         (0 = 0.0%) {100.0%}

Histogram: ServiceWorker.FindRegistrationForClientUrl.SkippedMojoCall.OnNavigation recorded 1 samples, mean = 0.0 (flags = 0x41)
0  -O                                                                        (1 = 100.0%)
1  ... 

Histogram: ServiceWorker.OnBrowserStartup.SkipServiceWorkerOnFirstNavigation recorded 1 samples, mean = 0.0 (flags = 0x41)
0  -O                                                                        (1 = 100.0%)
1  ... 

Histogram: ServiceWorker.RegisteredStorageKeyCount recorded 1 samples, mean = 0.0 (flags = 0x41)
0  -O                                                                        (1 = 100.0%)
1  ... 

Histogram: ServiceWorker.SkipCallingFindRegistrationForClientUrl recorded 1 samples, mean = 1.0 (flags = 0x41)
0  O                                                                         (0 = 0.0%)
1  -O                                                                        (1 = 100.0%) {0.0%}
2  O                                                                         (0 = 0.0%) {100.0%}

Histogram: ServiceWorker.Storage.ReadInitialDataFromDB.Time recorded 1 samples, mean = 0.0 (flags = 0x41)
0  -O                                                                        (1 = 100.0%)
1  ... 

Histogram: ServiceWorker.Storage.RegisteredStorageKeyCacheInitialization.Time recorded 1 samples, mean = 5152.0 (flags = 0x41)
0     ... 
4955  -O                                                                        (1 = 100.0%) {0.0%}
6296  ... 

Histogram: SessionRestore.UnrecoverableWriteErrorCount recorded 1 samples, mean = 0.0 (flags = 0x41)
0  -O                                                                        (1 = 100.0%)
1  ... 

Histogram: SessionStorageContext.CommitResult recorded 2 samples, mean = 0.0 (flags = 0x41)
0  --O                                                                       (2 = 100.0%)
1  ... 

Histogram: Settings.AdvancedSpellcheck.OnStartup2 recorded 1 samples, mean = 0.0 (flags = 0x41)
0  -O                                                                        (1 = 100.0%)
1  ... 

Histogram: Settings.AutocompleteSearches.OnStartup2 recorded 1 samples, mean = 1.0 (flags = 0x41)
0  O                                                                         (0 = 0.0%)
1  -O                                                                        (1 = 100.0%) {0.0%}
2  O                                                                         (0 = 0.0%) {100.0%}

Histogram: Settings.FingerprintingProtection.Enabled recorded 1 samples, mean = 0.0 (flags = 0x41)
0  -O                                                                        (1 = 100.0%)
1  ... 

Histogram: Settings.FirstPartySets.State recorded 1 samples, mean = 0.0 (flags = 0x41)
0  -O                                                                        (1 = 100.0%)
1  ... 

Histogram: Settings.IpProtection.Enabled recorded 1 samples, mean = 0.0 (flags = 0x41)
0  -O                                                                        (1 = 100.0%)
1  ... 

Histogram: Settings.PreloadStatus.OnStartup3 recorded 1 samples, mean = 1.0 (flags = 0x41)
0  O                                                                         (0 = 0.0%)
1  -O                                                                        (1 = 100.0%) {0.0%}
2  ... 

Histogram: Settings.PrivacySandbox.AdMeasurement.Enabled recorded 1 samples, mean = 0.0 (flags = 0x41)
0  -O                                                                        (1 = 100.0%)
1  ... 

Histogram: Settings.PrivacySandbox.Fledge.Enabled recorded 1 samples, mean = 0.0 (flags = 0x41)
0  -O                                                                        (1 = 100.0%)
1  ... 

Histogram: Settings.PrivacySandbox.Topics.Enabled recorded 1 samples, mean = 0.0 (flags = 0x41)
0  -O                                                                        (1 = 100.0%)
1  ... 

Histogram: Settings.ShowHomeButton2 recorded 1 samples, mean = 0.0 (flags = 0x41)
0  -O                                                                        (1 = 100.0%)
1  ... 

Histogram: Settings.StartupPageLoadSettings2 recorded 1 samples, mean = 5.0 (flags = 0x41)
0  ... 
5  -O                                                                        (1 = 100.0%) {0.0%}
6  ... 

Histogram: Settings.TrackedPreferenceChanged.FromRegistry recorded 1 samples, mean = 5.0 (flags = 0x41)
0  ... 
5  -O                                                                        (1 = 100.0%) {0.0%}
6  ... 

Histogram: Settings.TrackedPreferenceUnchanged recorded 18 samples, mean = 14.5 (flags = 0x41)
0   -O                                                                        (1 = 5.6%)
1   -O                                                                        (1 = 5.6%) {5.6%}
2   -O                                                                        (1 = 5.6%) {11.1%}
3   -O                                                                        (1 = 5.6%) {16.7%}
4   -O                                                                        (1 = 5.6%) {22.2%}
5   -O                                                                        (1 = 5.6%) {27.8%}
6   -O                                                                        (1 = 5.6%) {33.3%}
7   -O                                                                        (1 = 5.6%) {38.9%}
8   ... 
11  -O                                                                        (1 = 5.6%) {44.4%}
12  ... 
14  -O                                                                        (1 = 5.6%) {50.0%}
15  -O                                                                        (1 = 5.6%) {55.6%}
16  ... 
18  -O                                                                        (1 = 5.6%) {61.1%}
19  ... 
23  -O                                                                        (1 = 5.6%) {66.7%}
24  -O                                                                        (1 = 5.6%) {72.2%}
25  ... 
29  -O                                                                        (1 = 5.6%) {77.8%}
30  ... 
32  -O                                                                        (1 = 5.6%) {83.3%}
33  -O                                                                        (1 = 5.6%) {88.9%}
34  -O                                                                        (1 = 5.6%) {94.4%}
35  O                                                                         (0 = 0.0%) {100.0%}

Histogram: Settings.TrackedPreferenceUnchanged.FromRegistry recorded 17 samples, mean = 15.1 (flags = 0x41)
0   -O                                                                        (1 = 5.9%)
1   -O                                                                        (1 = 5.9%) {5.9%}
2   -O                                                                        (1 = 5.9%) {11.8%}
3   -O                                                                        (1 = 5.9%) {17.6%}
4   -O                                                                        (1 = 5.9%) {23.5%}
5   O                                                                         (0 = 0.0%) {29.4%}
6   -O                                                                        (1 = 5.9%) {29.4%}
7   -O                                                                        (1 = 5.9%) {35.3%}
8   ... 
11  -O                                                                        (1 = 5.9%) {41.2%}
12  ... 
14  -O                                                                        (1 = 5.9%) {47.1%}
15  -O                                                                        (1 = 5.9%) {52.9%}
16  ... 
18  -O                                                                        (1 = 5.9%) {58.8%}
19  ... 
23  -O                                                                        (1 = 5.9%) {64.7%}
24  -O                                                                        (1 = 5.9%) {70.6%}
25  ... 
29  -O                                                                        (1 = 5.9%) {76.5%}
30  ... 
32  -O                                                                        (1 = 5.9%) {82.4%}
33  -O                                                                        (1 = 5.9%) {88.2%}
34  -O                                                                        (1 = 5.9%) {94.1%}
35  O                                                                         (0 = 0.0%) {100.0%}

Histogram: Settings.TrackingProtection.Enabled recorded 1 samples, mean = 0.0 (flags = 0x41)
0  -O                                                                        (1 = 100.0%)
1  ... 

Histogram: SharedDictionary.TimeInitializeDB recorded 1 samples, mean = 4.0 (flags = 0x41)
0  ... 
4  -O                                                                        (1 = 100.0%) {0.0%}
5  ... 

Histogram: Signin.APIKeyMatchesFeatureOnStartup recorded 3 samples, mean = 0.0 (flags = 0x41)
0  ---O                                                                      (3 = 100.0%)
1  ... 

Histogram: Signin.AccountTracker.CountOfLoadedAccounts recorded 1 samples, mean = 0.0 (flags = 0x41)
0  -O                                                                        (1 = 100.0%)
1  ... 

Histogram: Signin.ExplicitSigninMigration recorded 1 samples, mean = 0.0 (flags = 0x41)
0  -O                                                                        (1 = 100.0%)
1  ... 

Histogram: Signin.HadPreviousSyncAccount.SignedOutOnProfileLoad recorded 1 samples, mean = 0.0 (flags = 0x41)
0  -O                                                                        (1 = 100.0%)
1  ... 

Histogram: Signin.HadPreviousSyncAccount.SyncOffOnProfileLoad recorded 1 samples, mean = 0.0 (flags = 0x41)
0  -O                                                                        (1 = 100.0%)
1  ... 

Histogram: Signin.ListAccountsFailure recorded 1 samples, mean = 0.0 (flags = 0x41)
0  -O                                                                        (1 = 100.0%)
1  ... 

Histogram: Signin.PAMInitialize.PrimaryAccountPrefs recorded 1 samples, mean = 2.0 (flags = 0x41)
0  ... 
2  -O                                                                        (1 = 100.0%) {0.0%}
3  ... 

Histogram: Signin.SigninAllowed recorded 1 samples, mean = 0.0 (flags = 0x41)
0  -O                                                                        (1 = 100.0%)
1  ... 

Histogram: Signin.TokenTable.GetAllTokensSqlStatementValidity recorded 1 samples, mean = 1.0 (flags = 0x41)
0  O                                                                         (0 = 0.0%)
1  -O                                                                        (1 = 100.0%) {0.0%}
2  O                                                                         (0 = 0.0%) {100.0%}

Histogram: SimpleCache.App.CacheSizeOnInit recorded 1 samples, mean = 0.0 (flags = 0x41)
0  -O                                                                        (1 = 100.0%)
1000... 

Histogram: SimpleCache.App.ConsistencyResult recorded 1 samples, mean = 0.0 (flags = 0x41)
0  -O                                                                        (1 = 100.0%)
1  ... 

Histogram: SimpleCache.App.CreationToIndex recorded 1 samples, mean = 14.0 (flags = 0x41)
0   ... 
14  -O                                                                        (1 = 100.0%) {0.0%}
17  ... 

Histogram: SimpleCache.App.IndexFileStateOnLoad recorded 1 samples, mean = 2.0 (flags = 0x41)
0  ... 
2  -O                                                                        (1 = 100.0%) {0.0%}
3  ... 

Histogram: SimpleCache.App.IndexInitializeMethod recorded 1 samples, mean = 1.0 (flags = 0x41)
0  O                                                                         (0 = 0.0%)
1  -O                                                                        (1 = 100.0%) {0.0%}
2  ... 

Histogram: SimpleCache.App.IndexNumEntriesOnInit recorded 1 samples, mean = 0.0 (flags = 0x41)
0  -O                                                                        (1 = 100.0%)
1  ... 

Histogram: SimpleCache.App.MaxCacheSizeOnInit recorded 1 samples, mean = 0.0 (flags = 0x41)
0  -O                                                                        (1 = 100.0%)
1000... 

Histogram: SimpleCache.Code.CacheSizeOnInit recorded 1 samples, mean = 6448.0 (flags = 0x41)
0     ... 
6124  -O                                                                        (1 = 100.0%) {0.0%}
6971  ... 

Histogram: SimpleCache.Code.ConsistencyResult recorded 1 samples, mean = 0.0 (flags = 0x41)
0  -O                                                                        (1 = 100.0%)
1  ... 

Histogram: SimpleCache.Code.CreationToIndex recorded 1 samples, mean = 12.0 (flags = 0x41)
0   ... 
12  -O                                                                        (1 = 100.0%) {0.0%}
14  ... 

Histogram: SimpleCache.Code.DiskCloseLatency recorded 49 samples, mean = 0.0 (flags = 0x41)
0  -------------------------------------------------O                        (49 = 100.0%)
1  ... 

Histogram: SimpleCache.Code.DiskCreateLatency recorded 6 samples, mean = 0.3 (flags = 0x40)
0  ----O                                                                     (4 = 66.7%)
1  --O                                                                       (2 = 33.3%) {66.7%}
2  ... 

Histogram: SimpleCache.Code.DiskDoomLatency recorded 1 samples, mean = 0.0 (flags = 0x41)
0  -O                                                                        (1 = 100.0%)
1  ... 

Histogram: SimpleCache.Code.DiskOpenLatency recorded 43 samples, mean = 4.2 (flags = 0x41)
0   -----------------O                                                        (17 = 39.5%)
1   ---O                                                                      (3 = 7.0%) {39.5%}
2   ... 
5   --O                                                                       (2 = 4.7%) {46.5%}
6   -------------O                                                            (13 = 30.2%) {51.2%}
7   -O                                                                        (1 = 2.3%) {81.4%}
8   -O                                                                        (1 = 2.3%) {83.7%}
10  ---O                                                                      (3 = 7.0%) {86.0%}
12  -O                                                                        (1 = 2.3%) {93.0%}
14  --O                                                                       (2 = 4.7%) {95.3%}
17  ... 

Histogram: SimpleCache.Code.DiskWriteLatency recorded 9 samples, mean = 0.0 (flags = 0x41)
0  ---------O                                                                (9 = 100.0%)
1  ... 

Histogram: SimpleCache.Code.EntryCreationTime recorded 49 samples, mean = 6.8 (flags = 0x41)
0   ---------------------O                                                    (21 = 42.9%)
1   -----O                                                                    (5 = 10.2%) {42.9%}
2   ... 
5   -O                                                                        (1 = 2.0%) {53.1%}
6   ----O                                                                     (4 = 8.2%) {55.1%}
7   O                                                                         (0 = 0.0%) {63.3%}
8   -O                                                                        (1 = 2.0%) {63.3%}
10  --O                                                                       (2 = 4.1%) {65.3%}
12  --O                                                                       (2 = 4.1%) {69.4%}
14  ---O                                                                      (3 = 6.1%) {73.5%}
17  -----O                                                                    (5 = 10.2%) {79.6%}
20  ---O                                                                      (3 = 6.1%) {89.8%}
24  --O                                                                       (2 = 4.1%) {95.9%}
29  ... 

Histogram: SimpleCache.Code.HeaderSize recorded 28 samples, mean = 750.7 (flags = 0x41)
0     -----O                                                                    (5 = 17.9%)
1     ... 
12    ----O                                                                     (4 = 14.3%) {17.9%}
14    ... 
34    ---O                                                                      (3 = 10.7%) {32.1%}
40    ... 
68    -----O                                                                    (5 = 17.9%) {42.9%}
81    ... 
633   --O                                                                       (2 = 7.1%) {60.7%}
752   ... 
1062  --O                                                                       (2 = 7.1%) {67.9%}
1262  --O                                                                       (2 = 7.1%) {75.0%}
1500  -O                                                                        (1 = 3.6%) {82.1%}
1782  O                                                                         (0 = 0.0%) {85.7%}
2117  -O                                                                        (1 = 3.6%) {85.7%}
2516  -O                                                                        (1 = 3.6%) {89.3%}
2990  --O                                                                       (2 = 7.1%) {92.9%}
3553  ... 

Histogram: SimpleCache.Code.IndexFileStateOnLoad recorded 1 samples, mean = 2.0 (flags = 0x41)
0  ... 
2  -O                                                                        (1 = 100.0%) {0.0%}
3  ... 

Histogram: SimpleCache.Code.IndexInitializeMethod recorded 1 samples, mean = 1.0 (flags = 0x41)
0  O                                                                         (0 = 0.0%)
1  -O                                                                        (1 = 100.0%) {0.0%}
2  ... 

Histogram: SimpleCache.Code.IndexNumEntriesOnInit recorded 1 samples, mean = 221.0 (flags = 0x41)
0    ... 
186  -O                                                                        (1 = 100.0%) {0.0%}
233  ... 

Histogram: SimpleCache.Code.MaxCacheSizeOnInit recorded 1 samples, mean = 327680.0 (flags = 0x41)
0       ... 
297881  -O                                                                        (1 = 100.0%) {0.0%}
339058  ... 

Histogram: SimpleCache.Code.OpenEntryIndexState recorded 54 samples, mean = 1.8 (flags = 0x41)
0  O                                                                         (0 = 0.0%)
1  -----------O                                                              (11 = 20.4%) {0.0%}
2  -------------------------------------------O                              (43 = 79.6%) {20.4%}
3  O                                                                         (0 = 0.0%) {100.0%}

Histogram: SimpleCache.Code.SyncCheckEOFResult recorded 43 samples, mean = 0.0 (flags = 0x40)
0  -------------------------------------------O                              (43 = 100.0%)
1  ... 

Histogram: SimpleCache.Code.SyncCloseResult recorded 49 samples, mean = 0.0 (flags = 0x40)
0  -------------------------------------------------O                        (49 = 100.0%)
1  ... 

Histogram: SimpleCache.Code.SyncOpenPrefetchMode recorded 43 samples, mean = 0.0 (flags = 0x41)
0  -------------------------------------------O                              (43 = 100.0%)
1  ... 

Histogram: SimpleCache.Code.SyncOpenResult recorded 43 samples, mean = 0.0 (flags = 0x40)
0  -------------------------------------------O                              (43 = 100.0%)
1  ... 

Histogram: SimpleCache.Code.SyncWriteResult recorded 9 samples, mean = 0.0 (flags = 0x40)
0  ---------O                                                                (9 = 100.0%)
1  ... 

Histogram: SiteEngagementService.EngagementScore recorded 1 samples, mean = 19.0 (flags = 0x41)
0   ... 
19  -O                                                                        (1 = 100.0%) {0.0%}
20  ... 

Histogram: SiteEngagementService.EngagementType recorded 1 samples, mean = 0.0 (flags = 0x41)
0  -O                                                                        (1 = 100.0%)
1  ... 

Histogram: SiteEngagementService.MeanEngagement recorded 1 samples, mean = 19.0 (flags = 0x41)
0   ... 
19  -O                                                                        (1 = 100.0%) {0.0%}
20  ... 

Histogram: SiteEngagementService.MedianEngagement recorded 1 samples, mean = 19.0 (flags = 0x41)
0   ... 
19  -O                                                                        (1 = 100.0%) {0.0%}
20  ... 

Histogram: SiteEngagementService.OriginsEngaged recorded 1 samples, mean = 1.0 (flags = 0x41)
0  O                                                                         (0 = 0.0%)
1  -O                                                                        (1 = 100.0%) {0.0%}
2  ... 

Histogram: SiteIsolatedCodeCache.JS.Behaviour recorded 55 samples, mean = 1.8 (flags = 0x41)
0  ---------------------O                                                    (21 = 38.2%)
1  -----O                                                                    (5 = 9.1%) {38.2%}
2  -O                                                                        (1 = 1.8%) {47.3%}
3  ----------------------O                                                   (22 = 40.0%) {49.1%}
4  ------O                                                                   (6 = 10.9%) {89.1%}
5  ... 

Histogram: SiteIsolatedCodeCache.JS.FetchCodeCache recorded 21 samples, mean = 15.1 (flags = 0x41)
0   ... 
6   ---O                                                                      (3 = 14.3%) {0.0%}
7   O                                                                         (0 = 0.0%) {14.3%}
8   -O                                                                        (1 = 4.8%) {14.3%}
10  -O                                                                        (1 = 4.8%) {19.0%}
12  ---O                                                                      (3 = 14.3%) {23.8%}
14  ---O                                                                      (3 = 14.3%) {38.1%}
17  -----O                                                                    (5 = 23.8%) {52.4%}
20  ---O                                                                      (3 = 14.3%) {76.2%}
24  --O                                                                       (2 = 9.5%) {90.5%}
29  ... 

Histogram: SiteIsolatedCodeCache.JS.Hit recorded 26 samples, mean = 0.8 (flags = 0x41)
0  -----O                                                                    (5 = 19.2%)
1  ---------------------O                                                    (21 = 80.8%) {19.2%}
2  O                                                                         (0 = 0.0%) {100.0%}

Histogram: SiteIsolatedCodeCache.JS.PotentialMemoryBackedCodeCacheHit recorded 26 samples, mean = 0.0 (flags = 0x41)
0  --------------------------O                                               (26 = 100.0%)
1  ... 

Histogram: SiteIsolatedCodeCache.JS.PotentialMemoryBackedCodeCacheSize2 recorded 122 samples, mean = 238879.0 (flags = 0x41)
0       ... 
229760  ------------------------------------------------------------------------O (122 = 100.0%) {0.0%}
329985  ... 

Histogram: SiteIsolatedCodeCache.WASM.Behaviour recorded 6 samples, mean = 1.0 (flags = 0x41)
0  O                                                                         (0 = 0.0%)
1  ------O                                                                   (6 = 100.0%) {0.0%}
2  ... 

Histogram: SiteIsolation.BrowsingInstance.MaxCountPerProcess recorded 3 samples, mean = 0.7 (flags = 0x41)
0  -O                                                                        (1 = 33.3%)
1  --O                                                                       (2 = 66.7%) {33.3%}
2  ... 

Histogram: SiteIsolation.NewProcessUsedForNavigationWhenSameSiteProcessExists recorded 1 samples, mean = 0.0 (flags = 0x41)
0  -O                                                                        (1 = 100.0%)
1  ... 

Histogram: SiteIsolation.ProcessPerSiteWithMainFrameThreshold.IsDevToolsUser recorded 1 samples, mean = 0.0 (flags = 0x41)
0  -O                                                                        (1 = 100.0%)
1  ... 

Histogram: Skia.SubmitRenderPasses recorded 16 samples, mean = 0.8 (flags = 0x41)
0  -----------O                                                              (11 = 68.8%)
1  --O                                                                       (2 = 12.5%) {68.8%}
2  -O                                                                        (1 = 6.2%) {81.2%}
3  O                                                                         (0 = 0.0%) {87.5%}
4  --O                                                                       (2 = 12.5%) {87.5%}
5  ... 

Histogram: Sql.Statement.Affiliation.VMSteps recorded 15 samples, mean = 15.5 (flags = 0x41)
0   ... 
3   ----O                                                                     (4 = 26.7%) {0.0%}
4   O                                                                         (0 = 0.0%) {26.7%}
5   -O                                                                        (1 = 6.7%) {26.7%}
6   -O                                                                        (1 = 6.7%) {33.3%}
7   ... 
12  -----O                                                                    (5 = 33.3%) {40.0%}
14  ... 
20  -O                                                                        (1 = 6.7%) {73.3%}
24  O                                                                         (0 = 0.0%) {80.0%}
29  -O                                                                        (1 = 6.7%) {80.0%}
34  O                                                                         (0 = 0.0%) {86.7%}
40  -O                                                                        (1 = 6.7%) {86.7%}
48  -O                                                                        (1 = 6.7%) {93.3%}
57  ... 

Histogram: Sql.Statement.BrowsingTopics.VMSteps recorded 12 samples, mean = 8.0 (flags = 0x41)
0   ... 
3   ----O                                                                     (4 = 33.3%) {0.0%}
4   O                                                                         (0 = 0.0%) {33.3%}
5   -O                                                                        (1 = 8.3%) {33.3%}
6   ... 
8   --O                                                                       (2 = 16.7%) {41.7%}
10  O                                                                         (0 = 0.0%) {58.3%}
12  -----O                                                                    (5 = 41.7%) {58.3%}
14  ... 

Histogram: Sql.Statement.Cookie.VMSteps recorded 32 samples, mean = 20.8 (flags = 0x41)
0   ... 
3   ------O                                                                   (6 = 18.8%) {0.0%}
4   O                                                                         (0 = 0.0%) {18.8%}
5   --O                                                                       (2 = 6.2%) {18.8%}
6   O                                                                         (0 = 0.0%) {25.0%}
7   -O                                                                        (1 = 3.1%) {25.0%}
8   O                                                                         (0 = 0.0%) {28.1%}
10  -O                                                                        (1 = 3.1%) {28.1%}
12  ----------O                                                               (10 = 31.2%) {31.2%}
14  ... 
20  --O                                                                       (2 = 6.2%) {62.5%}
24  ----O                                                                     (4 = 12.5%) {68.8%}
29  O                                                                         (0 = 0.0%) {81.2%}
34  -O                                                                        (1 = 3.1%) {81.2%}
40  ... 
57  -----O                                                                    (5 = 15.6%) {84.4%}
68  ... 

Histogram: Sql.Statement.DIPS.VMSteps recorded 68 samples, mean = 16.9 (flags = 0x41)
0   ... 
3   --O                                                                       (2 = 2.9%) {0.0%}
4   O                                                                         (0 = 0.0%) {2.9%}
5   -O                                                                        (1 = 1.5%) {2.9%}
6   ... 
8   --------------O                                                           (14 = 20.6%) {4.4%}
10  -O                                                                        (1 = 1.5%) {25.0%}
12  ----------O                                                               (10 = 14.7%) {26.5%}
14  --O                                                                       (2 = 2.9%) {41.2%}
17  -----------O                                                              (11 = 16.2%) {44.1%}
20  -------------O                                                            (13 = 19.1%) {60.3%}
24  --------------O                                                           (14 = 20.6%) {79.4%}
29  ... 

Histogram: Sql.Statement.FirstPartySets.VMSteps recorded 31 samples, mean = 9.2 (flags = 0x41)
0   ... 
3   ----------O                                                               (10 = 32.3%) {0.0%}
4   O                                                                         (0 = 0.0%) {32.3%}
5   -O                                                                        (1 = 3.2%) {32.3%}
6   ... 
8   ----O                                                                     (4 = 12.9%) {35.5%}
10  ---O                                                                      (3 = 9.7%) {48.4%}
12  -----------O                                                              (11 = 35.5%) {58.1%}
14  ... 
20  -O                                                                        (1 = 3.2%) {93.5%}
24  -O                                                                        (1 = 3.2%) {96.8%}
29  ... 

Histogram: Sql.Statement.History.VMSteps recorded 633 samples, mean = 24.2 (flags = 0x41)
0     ... 
3     --O                                                                       (6 = 0.9%) {0.0%}
4     O                                                                         (0 = 0.0%) {0.9%}
5     O                                                                         (1 = 0.2%) {0.9%}
6     -O                                                                        (2 = 0.3%) {1.1%}
7     O                                                                         (0 = 0.0%) {1.4%}
8     -O                                                                        (4 = 0.6%) {1.4%}
10    -O                                                                        (4 = 0.6%) {2.1%}
12    ------------------------------------------------------------------------O (235 = 37.1%) {2.7%}
14    O                                                                         (1 = 0.2%) {39.8%}
17    --------------------------------------O                                   (125 = 19.7%) {40.0%}
20    ---------------------------------------------------------------------O    (225 = 35.5%) {59.7%}
24    ---O                                                                      (10 = 1.6%) {95.3%}
29    -O                                                                        (3 = 0.5%) {96.8%}
34    O                                                                         (1 = 0.2%) {97.3%}
40    O                                                                         (0 = 0.0%) {97.5%}
48    O                                                                         (1 = 0.2%) {97.5%}
57    O                                                                         (1 = 0.2%) {97.6%}
68    --O                                                                       (5 = 0.8%) {97.8%}
81    O                                                                         (1 = 0.2%) {98.6%}
96    O                                                                         (1 = 0.2%) {98.7%}
114   O                                                                         (0 = 0.0%) {98.9%}
135   -O                                                                        (4 = 0.6%) {98.9%}
160   ... 
268   O                                                                         (1 = 0.2%) {99.5%}
318   O                                                                         (0 = 0.0%) {99.7%}
378   O                                                                         (1 = 0.2%) {99.7%}
449   ... 
2990  O                                                                         (1 = 0.2%) {99.8%}
3553  ... 

Histogram: Sql.Statement.OptOutBlacklist.VMSteps recorded 4 samples, mean = 10.8 (flags = 0x41)
0   ... 
5   -O                                                                        (1 = 25.0%) {0.0%}
6   O                                                                         (0 = 0.0%) {25.0%}
7   -O                                                                        (1 = 25.0%) {25.0%}
8   O                                                                         (0 = 0.0%) {50.0%}
10  -O                                                                        (1 = 25.0%) {50.0%}
12  ... 
20  -O                                                                        (1 = 25.0%) {75.0%}
24  ... 

Histogram: Sql.Statement.Passwords.VMSteps recorded 51 samples, mean = 24.6 (flags = 0x41)
0   ... 
3   ----O                                                                     (4 = 7.8%) {0.0%}
4   O                                                                         (0 = 0.0%) {7.8%}
5   --O                                                                       (2 = 3.9%) {7.8%}
6   ------O                                                                   (6 = 11.8%) {11.8%}
7   ----O                                                                     (4 = 7.8%) {23.5%}
8   ---O                                                                      (3 = 5.9%) {31.4%}
10  O                                                                         (0 = 0.0%) {37.3%}
12  ------------O                                                             (12 = 23.5%) {37.3%}
14  --O                                                                       (2 = 3.9%) {60.8%}
17  O                                                                         (0 = 0.0%) {64.7%}
20  --O                                                                       (2 = 3.9%) {64.7%}
24  ... 
34  --O                                                                       (2 = 3.9%) {68.6%}
40  ----O                                                                     (4 = 7.8%) {72.5%}
48  O                                                                         (0 = 0.0%) {80.4%}
57  ----O                                                                     (4 = 7.8%) {80.4%}
68  ------O                                                                   (6 = 11.8%) {88.2%}
81  ... 

Histogram: Sql.Statement.Predictor.VMSteps recorded 15 samples, mean = 15.9 (flags = 0x41)
0   ... 
3   --O                                                                       (2 = 13.3%) {0.0%}
4   O                                                                         (0 = 0.0%) {13.3%}
5   -O                                                                        (1 = 6.7%) {13.3%}
6   -O                                                                        (1 = 6.7%) {20.0%}
7   O                                                                         (0 = 0.0%) {26.7%}
8   -O                                                                        (1 = 6.7%) {26.7%}
10  ----O                                                                     (4 = 26.7%) {33.3%}
12  -O                                                                        (1 = 6.7%) {60.0%}
14  -O                                                                        (1 = 6.7%) {66.7%}
17  ... 
24  -O                                                                        (1 = 6.7%) {73.3%}
29  -O                                                                        (1 = 6.7%) {80.0%}
34  O                                                                         (0 = 0.0%) {86.7%}
40  -O                                                                        (1 = 6.7%) {86.7%}
48  -O                                                                        (1 = 6.7%) {93.3%}
57  ... 

Histogram: Sql.Statement.Quota.VMSteps recorded 54 samples, mean = 8.2 (flags = 0x41)
0   ... 
3   ----O                                                                     (4 = 7.4%) {0.0%}
4   O                                                                         (0 = 0.0%) {7.4%}
5   -O                                                                        (1 = 1.9%) {7.4%}
6   ----------O                                                               (10 = 18.5%) {9.3%}
7   O                                                                         (0 = 0.0%) {27.8%}
8   ---------------------O                                                    (21 = 38.9%) {27.8%}
10  ----------O                                                               (10 = 18.5%) {66.7%}
12  --------O                                                                 (8 = 14.8%) {85.2%}
14  ... 

Histogram: Sql.Statement.SharedDictionary.VMSteps recorded 20 samples, mean = 9.1 (flags = 0x41)
0   ... 
3   --------O                                                                 (8 = 40.0%) {0.0%}
4   O                                                                         (0 = 0.0%) {40.0%}
5   -O                                                                        (1 = 5.0%) {40.0%}
6   ... 
8   -O                                                                        (1 = 5.0%) {45.0%}
10  O                                                                         (0 = 0.0%) {50.0%}
12  -------O                                                                  (7 = 35.0%) {50.0%}
14  O                                                                         (0 = 0.0%) {85.0%}
17  --O                                                                       (2 = 10.0%) {85.0%}
20  -O                                                                        (1 = 5.0%) {95.0%}
24  ... 

Histogram: Sql.Statement.SharedStorage.VMSteps recorded 3 samples, mean = 7.7 (flags = 0x41)
0   ... 
5   -O                                                                        (1 = 33.3%) {0.0%}
6   ... 
8   -O                                                                        (1 = 33.3%) {33.3%}
10  -O                                                                        (1 = 33.3%) {66.7%}
12  ... 

Histogram: Sql.Statement.Thumbnail.VMSteps recorded 22 samples, mean = 12.5 (flags = 0x41)
0   ... 
3   ------O                                                                   (6 = 27.3%) {0.0%}
4   O                                                                         (0 = 0.0%) {27.3%}
5   -O                                                                        (1 = 4.5%) {27.3%}
6   ... 
8   -O                                                                        (1 = 4.5%) {31.8%}
10  O                                                                         (0 = 0.0%) {36.4%}
12  ----------O                                                               (10 = 45.5%) {36.4%}
14  ... 
20  -O                                                                        (1 = 4.5%) {81.8%}
24  O                                                                         (0 = 0.0%) {86.4%}
29  ---O                                                                      (3 = 13.6%) {86.4%}
34  ... 

Histogram: Sql.Statement.TopSites.VMSteps recorded 13 samples, mean = 13.5 (flags = 0x41)
0   ... 
3   --O                                                                       (2 = 15.4%) {0.0%}
4   O                                                                         (0 = 0.0%) {15.4%}
5   -O                                                                        (1 = 7.7%) {15.4%}
6   ... 
12  ---------O                                                                (9 = 69.2%) {23.1%}
14  ... 
48  -O                                                                        (1 = 7.7%) {92.3%}
57  ... 

Histogram: Sql.Statement.TrustTokens.VMSteps recorded 16 samples, mean = 14.1 (flags = 0x41)
0   ... 
3   --O                                                                       (2 = 12.5%) {0.0%}
4   O                                                                         (0 = 0.0%) {12.5%}
5   -O                                                                        (1 = 6.2%) {12.5%}
6   ---O                                                                      (3 = 18.8%) {18.8%}
7   ... 
10  -O                                                                        (1 = 6.2%) {37.5%}
12  -----O                                                                    (5 = 31.2%) {43.8%}
14  ... 
20  -O                                                                        (1 = 6.2%) {75.0%}
24  O                                                                         (0 = 0.0%) {81.2%}
29  -O                                                                        (1 = 6.2%) {81.2%}
34  --O                                                                       (2 = 12.5%) {87.5%}
40  ... 

Histogram: Sql.Statement.UKMMetrics.VMSteps recorded 30 samples, mean = 13.4 (flags = 0x41)
0   ... 
3   -----O                                                                    (5 = 16.7%) {0.0%}
4   O                                                                         (0 = 0.0%) {16.7%}
5   -O                                                                        (1 = 3.3%) {16.7%}
6   ... 
8   -------O                                                                  (7 = 23.3%) {20.0%}
10  O                                                                         (0 = 0.0%) {43.3%}
12  -------O                                                                  (7 = 23.3%) {43.3%}
14  ... 
20  -------O                                                                  (7 = 23.3%) {66.7%}
24  -O                                                                        (1 = 3.3%) {90.0%}
29  -O                                                                        (1 = 3.3%) {93.3%}
34  O                                                                         (0 = 0.0%) {96.7%}
40  -O                                                                        (1 = 3.3%) {96.7%}
48  ... 

Histogram: Sql.Statement.Web.VMSteps recorded 116 samples, mean = 53.1 (flags = 0x41)
0    ... 
3    --------O                                                                 (8 = 6.9%) {0.0%}
4    -O                                                                        (1 = 0.9%) {6.9%}
5    -O                                                                        (1 = 0.9%) {7.8%}
6    ------------O                                                             (12 = 10.3%) {8.6%}
7    ----------O                                                               (10 = 8.6%) {19.0%}
8    ------O                                                                   (6 = 5.2%) {27.6%}
10   ---------O                                                                (9 = 7.8%) {32.8%}
12   --------------O                                                           (14 = 12.1%) {40.5%}
14   -O                                                                        (1 = 0.9%) {52.6%}
17   ---O                                                                      (3 = 2.6%) {53.4%}
20   -O                                                                        (1 = 0.9%) {56.0%}
24   -O                                                                        (1 = 0.9%) {56.9%}
29   --O                                                                       (2 = 1.7%) {57.8%}
34   --O                                                                       (2 = 1.7%) {59.5%}
40   --O                                                                       (2 = 1.7%) {61.2%}
48   ---O                                                                      (3 = 2.6%) {62.9%}
57   ----O                                                                     (4 = 3.4%) {65.5%}
68   ----O                                                                     (4 = 3.4%) {69.0%}
81   --O                                                                       (2 = 1.7%) {72.4%}
96   -------O                                                                  (7 = 6.0%) {74.1%}
114  -----O                                                                    (5 = 4.3%) {80.2%}
135  -------O                                                                  (7 = 6.0%) {84.5%}
160  -----O                                                                    (5 = 4.3%) {90.5%}
190  ------O                                                                   (6 = 5.2%) {94.8%}
226  ... 

Histogram: Sql.vfs.SyncTime recorded 87 samples, mean = 0.0 (flags = 0x41)
0  ------------------------------------------------------------------------O (84 = 96.6%)
1  ---O                                                                      (3 = 3.4%) {96.6%}
2  ... 

Histogram: Stability.Counts2 recorded 8 samples, mean = 24.2 (flags = 0x43)
0   ... 
2   -O                                                                        (1 = 12.5%) {0.0%}
3   ... 
15  -O                                                                        (1 = 12.5%) {12.5%}
16  ... 
26  ---O                                                                      (3 = 37.5%) {25.0%}
27  ... 
33  ---O                                                                      (3 = 37.5%) {62.5%}
34  O                                                                         (0 = 0.0%) {100.0%}

Histogram: Stability.Experimental.PageLoads recorded 1 samples, mean = 17.0 (flags = 0x41)
0   ... 
17  -O                                                                        (1 = 100.0%) {0.0%}
18  O                                                                         (0 = 0.0%) {100.0%}

Histogram: Startup.AfterStartupTaskCount recorded 1 samples, mean = 2.0 (flags = 0x41)
0  ... 
2  -O                                                                        (1 = 100.0%) {0.0%}
3  ... 

Histogram: Startup.AfterStartupTaskDelayedUntilTime recorded 1 samples, mean = 54683.0 (flags = 0x41)
0      ... 
51267  -O                                                                        (1 = 100.0%) {0.0%}
69459  ... 

Histogram: Startup.BrowserMainRunnerImplInitializeLongTime recorded 1 samples, mean = 393.0 (flags = 0x41)
0    ... 
372  -O                                                                        (1 = 100.0%) {0.0%}
429  ... 

Histogram: Startup.BrowserMessageLoopFirstIdle recorded 1 samples, mean = 36765728.0 (flags = 0x41)
0        ... 
3600000  -O                                                                        (1 = 100.0%) {0.0%}

Histogram: Startup.BrowserMessageLoopStartTime recorded 1 samples, mean = 580.0 (flags = 0x41)
0    ... 
571  -O                                                                        (1 = 100.0%) {0.0%}
659  ... 

Histogram: Startup.CreateFirstProfile recorded 1 samples, mean = 186.0 (flags = 0x41)
0    ... 
160  -O                                                                        (1 = 100.0%) {0.0%}
217  ... 

Histogram: Startup.FirstWebContents.FinishReason recorded 1 samples, mean = 6.0 (flags = 0x41)
0  ... 
6  -O                                                                        (1 = 100.0%) {0.0%}
7  ... 

Histogram: Startup.LoadTime.ApplicationStartToChromeMain recorded 1 samples, mean = 0.0 (flags = 0x41)
0  -O                                                                        (1 = 100.0%)
1  ... 

Histogram: Startup.LoadTime.ProcessCreateToApplicationStart recorded 1 samples, mean = 48133.0 (flags = 0x41)
0      ... 
37840  -O                                                                        (1 = 100.0%) {0.0%}
51267  ... 

Histogram: Startup.LoadTime.RecordedProcessCreation recorded 1 samples, mean = 1.0 (flags = 0x1)
0  O                                                                         (0 = 0.0%)
1  -O                                                                        (1 = 100.0%) {0.0%}
2  O                                                                         (0 = 0.0%) {100.0%}

Histogram: Startup.PreMainMessageLoopRunImplLongTime recorded 1 samples, mean = 250.0 (flags = 0x41)
0    ... 
242  -O                                                                        (1 = 100.0%) {0.0%}
279  ... 

Histogram: Startup.Temperature recorded 1 samples, mean = 3.0 (flags = 0x41)
0  ... 
3  -O                                                                        (1 = 100.0%) {0.0%}
4  O                                                                         (0 = 0.0%) {100.0%}

Histogram: Storage.Blob.CreateDirectoryResult recorded 1 samples, mean = 0.0 (flags = 0x41)
0  -O                                                                        (1 = 100.0%)
1  ... 

Histogram: Storage.SessionStorage.RendererAreaCacheHit recorded 2 samples, mean = 1.0 (flags = 0x41)
0  -O                                                                        (1 = 50.0%)
1  O                                                                         (0 = 0.0%) {50.0%}
2  -O                                                                        (1 = 50.0%) {50.0%}
3  O                                                                         (0 = 0.0%) {100.0%}

Histogram: Storage.SharedStorage.Database.Timing.OpenImpl recorded 1 samples, mean = 2.0 (flags = 0x41)
0  ... 
2  -O                                                                        (1 = 100.0%) {0.0%}
3  ... 

Histogram: Storage.SharedStorage.OnShutdown.NumSqlErrors recorded 1 samples, mean = 0.0 (flags = 0x41)
0  -O                                                                        (1 = 100.0%)
1  ... 

Histogram: Storage.SharedStorage.OnShutdown.RecoveryFromInitFailureAttempted recorded 1 samples, mean = 0.0 (flags = 0x41)
0  -O                                                                        (1 = 100.0%)
1  ... 

Histogram: Storage.SharedStorage.OnShutdown.RecoveryOnDiskAttempted recorded 1 samples, mean = 0.0 (flags = 0x41)
0  -O                                                                        (1 = 100.0%)
1  ... 

Histogram: Storage.SharedStorage.Worklet.NumPerPage recorded 1 samples, mean = 0.0 (flags = 0x41)
0  -O                                                                        (1 = 100.0%)
1  ... 

Histogram: Storage.SharedStorage.Worklet.SelectURL.CallsPerPage recorded 1 samples, mean = 0.0 (flags = 0x41)
0  -O                                                                        (1 = 100.0%)
1  ... 

Histogram: Style.InvalidationTime recorded 4 samples, mean = 33.0 (flags = 0x41)
0   ... 
21  -O                                                                        (1 = 25.0%) {0.0%}
29  ---O                                                                      (3 = 75.0%) {25.0%}
40  ... 

Histogram: Style.RebuildLayoutTreeTime recorded 10 samples, mean = 360.0 (flags = 0x41)
0     ... 
11    -O                                                                        (1 = 10.0%) {0.0%}
15    ... 
29    -----O                                                                    (5 = 50.0%) {10.0%}
40    -O                                                                        (1 = 10.0%) {60.0%}
55    ... 
391   -O                                                                        (1 = 10.0%) {70.0%}
542   -O                                                                        (1 = 10.0%) {80.0%}
752   ... 
2008  -O                                                                        (1 = 10.0%) {90.0%}
2786  ... 

Histogram: Style.RecalcTime recorded 14 samples, mean = 1778.1 (flags = 0x41)
0     O                                                                         (0 = 0.0%)
1     -O                                                                        (1 = 7.1%) {0.0%}
2     ... 
29    --O                                                                       (2 = 14.3%) {7.1%}
40    -O                                                                        (1 = 7.1%) {21.4%}
55    ... 
282   --O                                                                       (2 = 14.3%) {28.6%}
391   ... 
1043  --O                                                                       (2 = 14.3%) {42.9%}
1447  -O                                                                        (1 = 7.1%) {57.1%}
2008  -O                                                                        (1 = 7.1%) {64.3%}
2786  --O                                                                       (2 = 14.3%) {71.4%}
3865  -O                                                                        (1 = 7.1%) {85.7%}
5362  -O                                                                        (1 = 7.1%) {92.9%}
7439  ... 

Histogram: SubresourceFilter.MainFrameLoad.RulesetIsAvailableAnyActivationLevel recorded 1 samples, mean = 0.0 (flags = 0x41)
0  -O                                                                        (1 = 100.0%)
1  ... 

Histogram: SubresourceFilter.PageLoad.ActivationDecision recorded 1 samples, mean = 1.0 (flags = 0x41)
0  O                                                                         (0 = 0.0%)
1  -O                                                                        (1 = 100.0%) {0.0%}
2  ... 

Histogram: SubresourceFilter.PageLoad.ActivationList recorded 1 samples, mean = 0.0 (flags = 0x41)
0  -O                                                                        (1 = 100.0%)
1  ... 

Histogram: SubresourceFilter.PageLoad.ActivationState recorded 2 samples, mean = 0.0 (flags = 0x41)
0  --O                                                                       (2 = 100.0%)
1  ... 

Histogram: SubresourceFilter.PageLoad.SafeBrowsingDelay recorded 1 samples, mean = 0.0 (flags = 0x41)
0  -O                                                                        (1 = 100.0%)
1  ... 

Histogram: SubresourceFilter.SafeBrowsing.TotalCheckTime recorded 3 samples, mean = 0.0 (flags = 0x41)
0  ---O                                                                      (3 = 100.0%)
1  ... 

Histogram: Sync.ModelTypeStoreBackendError.ReadRecords recorded 5 samples, mean = 1.0 (flags = 0x41)
0  O                                                                         (0 = 0.0%)
1  -----O                                                                    (5 = 100.0%) {0.0%}
2  ... 

Histogram: Sync.ModelTypeStoreBackendInitializationSuccess recorded 1 samples, mean = 1.0 (flags = 0x41)
0  O                                                                         (0 = 0.0%)
1  -O                                                                        (1 = 100.0%) {0.0%}
2  O                                                                         (0 = 0.0%) {100.0%}

Histogram: Sync.PassphraseType2 recorded 1 samples, mean = 0.0 (flags = 0x41)
0  -O                                                                        (1 = 100.0%)
1  ... 

Histogram: Sync.SyncToSigninMigrationDecision recorded 1 samples, mean = 1.0 (flags = 0x41)
0  O                                                                         (0 = 0.0%)
1  -O                                                                        (1 = 100.0%) {0.0%}
2  ... 

Histogram: Sync.TrustedVaultFileReadStatus recorded 1 samples, mean = 0.0 (flags = 0x41)
0  -O                                                                        (1 = 100.0%)
1  ... 

Histogram: Sync.TrustedVaultFileWriteSuccess recorded 1 samples, mean = 1.0 (flags = 0x41)
0  O                                                                         (0 = 0.0%)
1  -O                                                                        (1 = 100.0%) {0.0%}
2  O                                                                         (0 = 0.0%) {100.0%}

Histogram: TabGroups.CollapsedGroupCountPerLoad recorded 1 samples, mean = 0.0 (flags = 0x41)
0  -O                                                                        (1 = 100.0%)
1  ... 

Histogram: TabGroups.UserCustomizedGroupCountPerLoad recorded 1 samples, mean = 0.0 (flags = 0x41)
0  -O                                                                        (1 = 100.0%)
1  ... 

Histogram: TabGroups.UserGroupCountPerLoad recorded 1 samples, mean = 0.0 (flags = 0x41)
0  -O                                                                        (1 = 100.0%)
1  ... 

Histogram: TabGroups.UserPinnedTabCountPerLoad recorded 1 samples, mean = 0.0 (flags = 0x41)
0  -O                                                                        (1 = 100.0%)
1  ... 

Histogram: Tabs.NewNavigationWithSameOriginTab recorded 1 samples, mean = 0.0 (flags = 0x41)
0  -O                                                                        (1 = 100.0%)
1  ... 

Histogram: Tabs.TabCount recorded 122 samples, mean = 0.0 (flags = 0x41)
0  ------------------------------------------------------------------------O (122 = 100.0%)
1  ... 

Histogram: Tabs.TabCount.PluggedIn recorded 122 samples, mean = 0.0 (flags = 0x41)
0  ------------------------------------------------------------------------O (122 = 100.0%)
1  ... 

Histogram: Tabs.TabCountPerLoad recorded 1 samples, mean = 0.0 (flags = 0x41)
0  -O                                                                        (1 = 100.0%)
1  ... 

Histogram: Tabs.WindowCount recorded 122 samples, mean = 0.0 (flags = 0x41)
0  ------------------------------------------------------------------------O (122 = 100.0%)
1  ... 

Histogram: Tabs.WindowCount.PluggedIn recorded 122 samples, mean = 0.0 (flags = 0x41)
0  ------------------------------------------------------------------------O (122 = 100.0%)
1  ... 

Histogram: ThirdPartyModules.InputMethodEditorsCount recorded 1 samples, mean = 0.0 (flags = 0x41)
0  -O                                                                        (1 = 100.0%)
1  ... 

Histogram: ThreadPool.UnnecessaryWakeup.Browser.Background recorded 5 samples, mean = 1.0 (flags = 0x41)
0  O                                                                         (0 = 0.0%)
1  -----O                                                                    (5 = 100.0%) {0.0%}
2  O                                                                         (0 = 0.0%) {100.0%}

Histogram: ThreadPool.UnnecessaryWakeup.Browser.Foreground recorded 229 samples, mean = 1.0 (flags = 0x41)
0  O                                                                         (0 = 0.0%)
1  ------------------------------------------------------------------------O (229 = 100.0%) {0.0%}
2  O                                                                         (0 = 0.0%) {100.0%}

Histogram: ThreadPool.UnnecessaryWakeup.ContentChild.Foreground recorded 21 samples, mean = 1.0 (flags = 0x41)
0  O                                                                         (0 = 0.0%)
1  ---------------------O                                                    (21 = 100.0%) {0.0%}
2  O                                                                         (0 = 0.0%) {100.0%}

Histogram: ThreadPool.UnnecessaryWakeup.GPU.Foreground recorded 2 samples, mean = 1.0 (flags = 0x41)
0  O                                                                         (0 = 0.0%)
1  --O                                                                       (2 = 100.0%) {0.0%}
2  O                                                                         (0 = 0.0%) {100.0%}

Histogram: ThreadPool.UnnecessaryWakeup.Renderer.Foreground recorded 98 samples, mean = 1.0 (flags = 0x41)
0  O                                                                         (0 = 0.0%)
1  ------------------------------------------------------------------------O (98 = 100.0%) {0.0%}
2  O                                                                         (0 = 0.0%) {100.0%}

Histogram: Translate.ApplicationStart.AlwaysTranslateLanguage.Count recorded 1 samples, mean = 0.0 (flags = 0x41)
0  -O                                                                        (1 = 100.0%)
1  ... 

Histogram: Translate.ApplicationStart.NeverTranslateLanguage recorded 1 samples (flags = 0x41)
-1898669966-O                                                                        (1 = 100.0%)

Histogram: Translate.ApplicationStart.NeverTranslateLanguage.Count recorded 1 samples, mean = 1.0 (flags = 0x41)
0  O                                                                         (0 = 0.0%)
1  -O                                                                        (1 = 100.0%) {0.0%}
2  ... 

Histogram: Translate.ApplicationStart.NeverTranslateSite.Count recorded 1 samples, mean = 0.0 (flags = 0x41)
0  -O                                                                        (1 = 100.0%)
1  ... 

Histogram: Translate.LanguageDetection.LanguageVerification recorded 1 samples, mean = 2.0 (flags = 0x41)
0  ... 
2  -O                                                                        (1 = 100.0%) {0.0%}
3  ... 

Histogram: Translate.LanguageDeterminedDuration recorded 1 samples, mean = 0.0 (flags = 0x41)
0  -O                                                                        (1 = 100.0%)
1  ... 

Histogram: Translate.PageLoad.FinalSourceLanguage recorded 1 samples (flags = 0x41)
-1898669966-O                                                                        (1 = 100.0%)

Histogram: Translate.PageLoad.FinalState recorded 1 samples, mean = 1.0 (flags = 0x41)
0  O                                                                         (0 = 0.0%)
1  -O                                                                        (1 = 100.0%) {0.0%}
2  ... 

Histogram: Translate.PageLoad.FinalTargetLanguage recorded 1 samples (flags = 0x41)
-1898669966-O                                                                        (1 = 100.0%)

Histogram: Translate.PageLoad.InitialSourceLanguage recorded 1 samples (flags = 0x41)
-1898669966-O                                                                        (1 = 100.0%)

Histogram: Translate.PageLoad.InitialState recorded 1 samples, mean = 1.0 (flags = 0x41)
0  O                                                                         (0 = 0.0%)
1  -O                                                                        (1 = 100.0%) {0.0%}
2  ... 

Histogram: Translate.PageLoad.InitialTargetLanguage recorded 1 samples (flags = 0x41)
-1898669966-O                                                                        (1 = 100.0%)

Histogram: Translate.PageLoad.InitialTargetLanguage.Origin recorded 1 samples, mean = 1.0 (flags = 0x41)
0  O                                                                         (0 = 0.0%)
1  -O                                                                        (1 = 100.0%) {0.0%}
2  ... 

Histogram: Translate.PageLoad.IsInitialSourceLanguageInUsersContentLanguages recorded 1 samples, mean = 1.0 (flags = 0x41)
0  O                                                                         (0 = 0.0%)
1  -O                                                                        (1 = 100.0%) {0.0%}
2  O                                                                         (0 = 0.0%) {100.0%}

Histogram: Translate.PageLoad.NumReversions recorded 1 samples, mean = 0.0 (flags = 0x41)
0  -O                                                                        (1 = 100.0%)
1  ... 

Histogram: Translate.PageLoad.NumTargetLanguageChanges recorded 1 samples, mean = 0.0 (flags = 0x41)
0  -O                                                                        (1 = 100.0%)
1  ... 

Histogram: Translate.PageLoad.NumTranslations recorded 1 samples, mean = 0.0 (flags = 0x41)
0  -O                                                                        (1 = 100.0%)
1  ... 

Histogram: Translate.PageLoad.Ranker.Decision recorded 1 samples, mean = 1.0 (flags = 0x41)
0  O                                                                         (0 = 0.0%)
1  -O                                                                        (1 = 100.0%) {0.0%}
2  ... 

Histogram: Translate.PageLoad.Ranker.Version recorded 1 samples (flags = 0x41)
0  -O                                                                        (1 = 100.0%)

Histogram: Translate.PageLoad.TriggerDecision recorded 1 samples, mean = 4.0 (flags = 0x41)
0  ... 
4  -O                                                                        (1 = 100.0%) {0.0%}
5  ... 

Histogram: Translate.Ranker.Model.Status2 recorded 2 samples, mean = 6.5 (flags = 0x41)
0  ... 
6  -O                                                                        (1 = 50.0%) {0.0%}
7  -O                                                                        (1 = 50.0%) {50.0%}
8  O                                                                         (0 = 0.0%) {100.0%}

Histogram: UI.DeviceScale recorded 1 samples (flags = 0x41)
150  -O                                                                        (1 = 100.0%)

Histogram: UKM.Entries.Dropped recorded 716 samples, mean = 1.0 (flags = 0x41)
0  O                                                                         (0 = 0.0%)
1  ------------------------------------------------------------------------O (716 = 100.0%) {0.0%}
2  ... 

Histogram: UKM.Entries.Dropped.ByEntryHash recorded 716 samples (flags = 0x41)
58315124    O                                                                         (1 = 0.1%)
181657211   O                                                                         (2 = 0.3%)
189164898   O                                                                         (1 = 0.1%)
251237400   O                                                                         (1 = 0.1%)
270025173   O                                                                         (1 = 0.1%)
277070773   O                                                                         (1 = 0.1%)
385121421   O                                                                         (1 = 0.1%)
480593958   -O                                                                        (5 = 0.7%)
532600439   -O                                                                        (3 = 0.4%)
575234402   O                                                                         (1 = 0.1%)
624513781   O                                                                         (1 = 0.1%)
654949485   ----O                                                                     (16 = 2.2%)
661477988   O                                                                         (1 = 0.1%)
705322609   -O                                                                        (3 = 0.4%)
805578149   O                                                                         (1 = 0.1%)
810755299   O                                                                         (1 = 0.1%)
828084724   ------------------------------------------------------------------------O (305 = 42.6%)
854760832   O                                                                         (1 = 0.1%)
888761441   O                                                                         (1 = 0.1%)
902138984   --O                                                                       (8 = 1.1%)
923024503   O                                                                         (1 = 0.1%)
986870865   -O                                                                        (4 = 0.6%)
1004547038  O                                                                         (1 = 0.1%)
1035062417  O                                                                         (1 = 0.1%)
1078164680  O                                                                         (2 = 0.3%)
1149114043  O                                                                         (1 = 0.1%)
1262170432  --O                                                                       (7 = 1.0%)
1321082436  O                                                                         (2 = 0.3%)
1350795912  O                                                                         (1 = 0.1%)
1354891390  O                                                                         (1 = 0.1%)
1404242571  ------------------------------------------------------------------------O (306 = 42.7%)
1548358279  O                                                                         (1 = 0.1%)
1576109827  O                                                                         (1 = 0.1%)
1604233346  --O                                                                       (7 = 1.0%)
1607081943  O                                                                         (1 = 0.1%)
1663717192  O                                                                         (1 = 0.1%)
1767609109  ---O                                                                      (11 = 1.5%)
1790338714  O                                                                         (1 = 0.1%)
1832900131  -O                                                                        (4 = 0.6%)
1866365893  O                                                                         (1 = 0.1%)
1871083634  O                                                                         (1 = 0.1%)
1982793904  O                                                                         (1 = 0.1%)
2037740339  -O                                                                        (3 = 0.4%)
2066033668  O                                                                         (1 = 0.1%)

Histogram: UKM.PersistentLogRecall.Status recorded 1 samples, mean = 1.0 (flags = 0x41)
0  O                                                                         (0 = 0.0%)
1  -O                                                                        (1 = 100.0%) {0.0%}
2  ... 

Histogram: UKM.Sources.Dropped recorded 7 samples, mean = 1.0 (flags = 0x41)
0  O                                                                         (0 = 0.0%)
1  -------O                                                                  (7 = 100.0%) {0.0%}
2  ... 

Histogram: UKM.WebDXFeatureSets.Dropped recorded 2 samples, mean = 1.0 (flags = 0x41)
0  O                                                                         (0 = 0.0%)
1  --O                                                                       (2 = 100.0%) {0.0%}
2  ... 

Histogram: UMA.ChildProcess.Ping.Periodic recorded 186 samples, mean = 1.0 (flags = 0x41)
0  --------------------------------------------------------------O           (62 = 33.3%)
1  --------------------------------------------------------------O           (62 = 33.3%) {33.3%}
2  --------------------------------------------------------------O           (62 = 33.3%) {66.7%}
3  O                                                                         (0 = 0.0%) {100.0%}

Histogram: UMA.ChildProcess.Ping.SharedMemorySetUp recorded 22 samples, mean = 1.0 (flags = 0x41)
0  --------O                                                                 (8 = 36.4%)
1  -------O                                                                  (7 = 31.8%) {36.4%}
2  -------O                                                                  (7 = 31.8%) {68.2%}
3  O                                                                         (0 = 0.0%) {100.0%}

Histogram: UMA.CleanExitBeaconConsistency3 recorded 1 samples, mean = 1.0 (flags = 0x41)
0  O                                                                         (0 = 0.0%)
1  -O                                                                        (1 = 100.0%) {0.0%}
2  ... 

Histogram: UMA.EntropySourceType recorded 1 samples, mean = 1.0 (flags = 0x41)
0  O                                                                         (0 = 0.0%)
1  -O                                                                        (1 = 100.0%) {0.0%}
2  ... 

Histogram: UMA.LocalHistogram recorded 9 samples, mean = 1.0 (flags = 0x40)
0  O                                                                         (0 = 0.0%)
1  ---------O                                                                (9 = 100.0%) {0.0%}
2  O                                                                         (0 = 0.0%) {100.0%}

Histogram: UMA.MachineIdState recorded 1 samples, mean = 3.0 (flags = 0x41)
0  ... 
3  -O                                                                        (1 = 100.0%) {0.0%}
4  O                                                                         (0 = 0.0%) {100.0%}

Histogram: UMA.MetricsService.Initialize.Time recorded 1 samples, mean = 201.0 (flags = 0x41)
0    ... 
196  -O                                                                        (1 = 100.0%) {0.0%}
258  ... 

Histogram: UMA.MetricsService.PendingOngoingLogOnDisable recorded 1 samples, mean = 0.0 (flags = 0x41)
0  -O                                                                        (1 = 100.0%)
1  ... 

Histogram: UMA.PersistentAllocator.BrowserMetrics.Errors recorded 0 samples (flags = 0x41)
0 ... 

Histogram: UMA.PersistentAllocator.BrowserMetrics.UsedPct recorded 0 samples (flags = 0x41)
0 ... 

Histogram: UMA.PersistentAllocator.EarlyHistograms.BrowserMetrics recorded 1 samples, mean = 1.0 (flags = 0x41)
0  O                                                                         (0 = 0.0%)
1  -O                                                                        (1 = 100.0%) {0.0%}
2  ... 

Histogram: UMA.PersistentAllocator.EarlyHistograms.GpuMetrics recorded 1 samples, mean = 25.0 (flags = 0x41)
0   ... 
25  -O                                                                        (1 = 100.0%) {0.0%}
26  ... 

Histogram: UMA.PersistentAllocator.EarlyHistograms.RendererMetrics recorded 3 samples, mean = 30.3 (flags = 0x41)
0   ... 
30  ---O                                                                      (3 = 100.0%) {0.0%}
32  ... 

Histogram: UMA.PersistentAllocator.EarlyHistograms.UtilityMetrics recorded 3 samples, mean = 7.0 (flags = 0x41)
0  ... 
7  ---O                                                                      (3 = 100.0%) {0.0%}
8  ... 

Histogram: UMA.PersistentAllocator.FieldTrialAllocator.Errors recorded 0 samples (flags = 0x41)
0 ... 

Histogram: UMA.PersistentAllocator.FieldTrialAllocator.UsedPct recorded 8 samples, mean = 0.0 (flags = 0x41)
0  --------O                                                                 (8 = 100.0%)
1  ... 

Histogram: UMA.PersistentHistograms.InitResult recorded 1 samples, mean = 2.0 (flags = 0x41)
0  ... 
2  -O                                                                        (1 = 100.0%) {0.0%}
3  ... 

Histogram: UMA.Pseudo.PageLoad.LayoutInstability.CumulativeShiftScore recorded 1 samples, mean = 0.0 (flags = 0x41)
0  -O                                                                        (1 = 100.0%)
1  ... 

Histogram: UMA.Pseudo.PageLoad.LayoutInstability.MaxCumulativeShiftScore.SessionWindow.Gap1000ms.Max5000ms2 recorded 1 samples, mean = 0.0 (flags = 0x41)
0  -O                                                                        (1 = 100.0%)
1  ... 

Histogram: UnifiedConsent.MakeSearchesAndBrowsingBetter.OnProfileLoad recorded 1 samples, mean = 0.0 (flags = 0x41)
0  -O                                                                        (1 = 100.0%)
1  ... 

Histogram: V8.CollectSourcePositions recorded 5 samples, mean = 78.2 (flags = 0x41)
0    ... 
49   --O                                                                       (2 = 40.0%) {0.0%}
65   -O                                                                        (1 = 20.0%) {40.0%}
86   -O                                                                        (1 = 20.0%) {60.0%}
113  -O                                                                        (1 = 20.0%) {80.0%}
149  ... 

Histogram: V8.CompileLazyMicroSeconds recorded 5 samples, mean = 3106.8 (flags = 0x41)
0      ... 
76     -O                                                                        (1 = 20.0%) {0.0%}
105    ... 
752    -O                                                                        (1 = 20.0%) {20.0%}
1043   -O                                                                        (1 = 20.0%) {40.0%}
1447   O                                                                         (0 = 0.0%) {60.0%}
2008   -O                                                                        (1 = 20.0%) {60.0%}
2786   ... 
10321  -O                                                                        (1 = 20.0%) {80.0%}
14319  ... 

Histogram: V8.CompileMicroSeconds recorded 22 samples, mean = 104.1 (flags = 0x41)
0     ... 
2     ------O                                                                   (6 = 27.3%) {0.0%}
3     O                                                                         (0 = 0.0%) {27.3%}
4     ----O                                                                     (4 = 18.2%) {27.3%}
5     O                                                                         (0 = 0.0%) {45.5%}
7     --O                                                                       (2 = 9.1%) {45.5%}
9     --O                                                                       (2 = 9.1%) {54.5%}
12    --O                                                                       (2 = 9.1%) {63.6%}
16    -O                                                                        (1 = 4.5%) {72.7%}
21    --O                                                                       (2 = 9.1%) {77.3%}
28    -O                                                                        (1 = 4.5%) {86.4%}
37    ... 
113   -O                                                                        (1 = 4.5%) {90.9%}
149   ... 
1774  -O                                                                        (1 = 4.5%) {95.5%}
2336  ... 

Histogram: V8.CompileScript.CacheBehaviour recorded 48 samples, mean = 9.2 (flags = 0x41)
0   ... 
4   ----------------O                                                         (16 = 33.3%) {0.0%}
5   ... 
8   --O                                                                       (2 = 4.2%) {33.3%}
9   ... 
12  --------------------------O                                               (26 = 54.2%) {37.5%}
13  ----O                                                                     (4 = 8.3%) {91.7%}
14  ... 

Histogram: V8.CompileScriptMicroSeconds recorded 48 samples, mean = 129.4 (flags = 0x41)
0     ... 
2     -O                                                                        (1 = 2.1%) {0.0%}
3     ---O                                                                      (3 = 6.2%) {2.1%}
4     ---O                                                                      (3 = 6.2%) {8.3%}
5     ----O                                                                     (4 = 8.3%) {14.6%}
7     ------O                                                                   (6 = 12.5%) {22.9%}
9     --------O                                                                 (8 = 16.7%) {35.4%}
12    ----O                                                                     (4 = 8.3%) {52.1%}
16    -----O                                                                    (5 = 10.4%) {60.4%}
21    ---O                                                                      (3 = 6.2%) {70.8%}
28    ----O                                                                     (4 = 8.3%) {77.1%}
37    -O                                                                        (1 = 2.1%) {85.4%}
49    -O                                                                        (1 = 2.1%) {87.5%}
65    --O                                                                       (2 = 4.2%) {89.6%}
86    O                                                                         (0 = 0.0%) {93.8%}
113   -O                                                                        (1 = 2.1%) {93.8%}
149   ... 
258   -O                                                                        (1 = 2.1%) {95.8%}
340   ... 
4053  -O                                                                        (1 = 2.1%) {97.9%}
5338  ... 

Histogram: V8.CompileScriptMicroSeconds.BackgroundThread recorded 26 samples, mean = 13459.4 (flags = 0x41)
0       ... 
113     ----O                                                                     (4 = 15.4%) {0.0%}
149     ---O                                                                      (3 = 11.5%) {15.4%}
196     -O                                                                        (1 = 3.8%) {26.9%}
258     O                                                                         (0 = 0.0%) {30.8%}
340     -O                                                                        (1 = 3.8%) {30.8%}
448     ---O                                                                      (3 = 11.5%) {34.6%}
590     O                                                                         (0 = 0.0%) {46.2%}
777     --O                                                                       (2 = 7.7%) {46.2%}
1023    ---O                                                                      (3 = 11.5%) {53.8%}
1347    O                                                                         (0 = 0.0%) {65.4%}
1774    --O                                                                       (2 = 7.7%) {65.4%}
2336    --O                                                                       (2 = 7.7%) {73.1%}
3077    O                                                                         (0 = 0.0%) {80.8%}
4053    -O                                                                        (1 = 3.8%) {80.8%}
5338    --O                                                                       (2 = 7.7%) {84.6%}
7031    ... 
12196   -O                                                                        (1 = 3.8%) {92.3%}
16063   ... 
252312  -O                                                                        (1 = 3.8%) {96.2%}
332315  ... 

Histogram: V8.CompileScriptMicroSeconds.NoCache.InlineScript recorded 16 samples, mean = 34.1 (flags = 0x41)
0    ... 
5    -O                                                                        (1 = 6.2%) {0.0%}
7    -O                                                                        (1 = 6.2%) {6.2%}
9    -O                                                                        (1 = 6.2%) {12.5%}
12   --O                                                                       (2 = 12.5%) {18.8%}
16   ---O                                                                      (3 = 18.8%) {31.2%}
21   -O                                                                        (1 = 6.2%) {50.0%}
28   ---O                                                                      (3 = 18.8%) {56.2%}
37   -O                                                                        (1 = 6.2%) {75.0%}
49   O                                                                         (0 = 0.0%) {81.2%}
65   --O                                                                       (2 = 12.5%) {81.2%}
86   O                                                                         (0 = 0.0%) {93.8%}
113  -O                                                                        (1 = 6.2%) {93.8%}
149  ... 

Histogram: V8.CompileScriptMicroSeconds.NoCache.Other recorded 6 samples, mean = 913.0 (flags = 0x41)
0     ... 
16    -O                                                                        (1 = 16.7%) {0.0%}
21    -O                                                                        (1 = 16.7%) {16.7%}
28    O                                                                         (0 = 0.0%) {33.3%}
37    -O                                                                        (1 = 16.7%) {33.3%}
49    -O                                                                        (1 = 16.7%) {50.0%}
65    ... 
258   -O                                                                        (1 = 16.7%) {66.7%}
340   ... 
4053  -O                                                                        (1 = 16.7%) {83.3%}
5338  ... 

Histogram: V8.CompileScriptMicroSeconds.StreamingFinalization recorded 26 samples, mean = 8.7 (flags = 0x41)
0   ... 
3   ----O                                                                     (4 = 15.4%) {0.0%}
4   ---O                                                                      (3 = 11.5%) {15.4%}
5   --O                                                                       (2 = 7.7%) {26.9%}
7   ------O                                                                   (6 = 23.1%) {34.6%}
9   -------O                                                                  (7 = 26.9%) {57.7%}
12  -O                                                                        (1 = 3.8%) {84.6%}
16  -O                                                                        (1 = 3.8%) {88.5%}
21  --O                                                                       (2 = 7.7%) {92.3%}
28  ... 

Histogram: V8.CompileSerializeMicroSeconds recorded 20 samples, mean = 70.6 (flags = 0x41)
0    ... 
8    -O                                                                        (1 = 5.0%) {0.0%}
10   -O                                                                        (1 = 5.0%) {5.0%}
13   O                                                                         (0 = 0.0%) {10.0%}
16   --O                                                                       (2 = 10.0%) {10.0%}
20   --O                                                                       (2 = 10.0%) {20.0%}
25   ---O                                                                      (3 = 15.0%) {30.0%}
31   -O                                                                        (1 = 5.0%) {45.0%}
39   ---O                                                                      (3 = 15.0%) {50.0%}
49   -O                                                                        (1 = 5.0%) {65.0%}
61   ... 
95   -O                                                                        (1 = 5.0%) {70.0%}
119  --O                                                                       (2 = 10.0%) {75.0%}
149  O                                                                         (0 = 0.0%) {85.0%}
186  --O                                                                       (2 = 10.0%) {85.0%}
233  -O                                                                        (1 = 5.0%) {95.0%}
292  ... 

Histogram: V8.ErrorsThrownPerContext recorded 1 samples, mean = 0.0 (flags = 0x41)
0  -O                                                                        (1 = 100.0%)
1  ... 

Histogram: V8.GC.Cycle.CollectionRate.Full recorded 2 samples, mean = 91.5 (flags = 0x41)
0   ... 
80  --O                                                                       (2 = 100.0%) {0.0%}
100 O                                                                         (0 = 0.0%) {100.0%}

Histogram: V8.GC.Cycle.CollectionRate.Full.Cpp recorded 2 samples, mean = 72.5 (flags = 0x41)
0   ... 
41  -O                                                                        (1 = 50.0%) {0.0%}
51  ... 
80  -O                                                                        (1 = 50.0%) {50.0%}
100 O                                                                         (0 = 0.0%) {100.0%}

Histogram: V8.GC.Cycle.CollectionRate.Young recorded 14 samples, mean = 30.5 (flags = 0x41)
0   ... 
14  ---O                                                                      (3 = 21.4%) {0.0%}
17  -O                                                                        (1 = 7.1%) {21.4%}
21  --O                                                                       (2 = 14.3%) {28.6%}
26  -O                                                                        (1 = 7.1%) {42.9%}
33  ----O                                                                     (4 = 28.6%) {50.0%}
41  --O                                                                       (2 = 14.3%) {78.6%}
51  -O                                                                        (1 = 7.1%) {92.9%}
64  ... 

Histogram: V8.GC.Cycle.CollectionWeight.Full recorded 2 samples, mean = 0.0 (flags = 0x41)
0  --O                                                                       (2 = 100.0%)
1  ... 

Histogram: V8.GC.Cycle.CollectionWeight.Full.Cpp recorded 2 samples, mean = 0.0 (flags = 0x41)
0  --O                                                                       (2 = 100.0%)
1  ... 

Histogram: V8.GC.Cycle.CollectionWeight.MainThread.Full recorded 2 samples, mean = 0.0 (flags = 0x41)
0  --O                                                                       (2 = 100.0%)
1  ... 

Histogram: V8.GC.Cycle.CollectionWeight.MainThread.Full.Cpp recorded 2 samples, mean = 0.0 (flags = 0x41)
0  --O                                                                       (2 = 100.0%)
1  ... 

Histogram: V8.GC.Cycle.Efficiency.Full recorded 2 samples, mean = 48.5 (flags = 0x41)
0   ... 
3   -O                                                                        (1 = 50.0%) {0.0%}
4   ... 
88  -O                                                                        (1 = 50.0%) {50.0%}
120 ... 

Histogram: V8.GC.Cycle.Efficiency.Full.Cpp recorded 2 samples, mean = 280.0 (flags = 0x41)
0    ... 
2    -O                                                                        (1 = 50.0%) {0.0%}
3    ... 
411  -O                                                                        (1 = 50.0%) {50.0%}
559  ... 

Histogram: V8.GC.Cycle.Efficiency.MainThread.Full recorded 2 samples, mean = 247.5 (flags = 0x41)
0    ... 
14   -O                                                                        (1 = 50.0%) {0.0%}
19   ... 
411  -O                                                                        (1 = 50.0%) {50.0%}
559  ... 

Histogram: V8.GC.Cycle.Efficiency.MainThread.Full.Cpp recorded 2 samples, mean = 660.0 (flags = 0x41)
0     ... 
4     -O                                                                        (1 = 50.0%) {0.0%}
5     ... 
1034  -O                                                                        (1 = 50.0%) {50.0%}
1407  ... 

Histogram: V8.GC.Cycle.Efficiency.MainThread.Young recorded 14 samples, mean = 2826.4 (flags = 0x41)
0     ... 
302   -O                                                                        (1 = 7.1%) {0.0%}
411   ... 
760   -O                                                                        (1 = 7.1%) {7.1%}
1034  -O                                                                        (1 = 7.1%) {14.3%}
1407  --O                                                                       (2 = 14.3%) {21.4%}
1914  -O                                                                        (1 = 7.1%) {35.7%}
2604  ----O                                                                     (4 = 28.6%) {42.9%}
3542  ---O                                                                      (3 = 21.4%) {71.4%}
4818  O                                                                         (0 = 0.0%) {92.9%}
6554  -O                                                                        (1 = 7.1%) {92.9%}
8915  ... 

Histogram: V8.GC.Cycle.Efficiency.Young recorded 14 samples, mean = 1399.4 (flags = 0x41)
0     ... 
222   -O                                                                        (1 = 7.1%) {0.0%}
302   O                                                                         (0 = 0.0%) {7.1%}
411   -O                                                                        (1 = 7.1%) {7.1%}
559   O                                                                         (0 = 0.0%) {14.3%}
760   --O                                                                       (2 = 14.3%) {14.3%}
1034  ----O                                                                     (4 = 28.6%) {28.6%}
1407  --O                                                                       (2 = 14.3%) {57.1%}
1914  ---O                                                                      (3 = 21.4%) {71.4%}
2604  -O                                                                        (1 = 7.1%) {92.9%}
3542  ... 

Histogram: V8.GC.Cycle.Full recorded 2 samples, mean = 28.0 (flags = 0x41)
0   ... 
24  -O                                                                        (1 = 50.0%) {0.0%}
29  -O                                                                        (1 = 50.0%) {50.0%}
34  ... 

Histogram: V8.GC.Cycle.Full.Compact recorded 2 samples, mean = 4.0 (flags = 0x41)
0  -O                                                                        (1 = 50.0%)
1  ... 
8  -O                                                                        (1 = 50.0%) {50.0%}
10 ... 

Histogram: V8.GC.Cycle.Full.Compact.Cpp recorded 2 samples, mean = 0.5 (flags = 0x41)
0  -O                                                                        (1 = 50.0%)
1  -O                                                                        (1 = 50.0%) {50.0%}
2  ... 

Histogram: V8.GC.Cycle.Full.Cpp recorded 2 samples, mean = 7.5 (flags = 0x41)
0   ... 
5   -O                                                                        (1 = 50.0%) {0.0%}
6   ... 
10  -O                                                                        (1 = 50.0%) {50.0%}
12  ... 

Histogram: V8.GC.Cycle.Full.Mark recorded 2 samples, mean = 19.0 (flags = 0x41)
0   ... 
17  --O                                                                       (2 = 100.0%) {0.0%}
20  ... 

Histogram: V8.GC.Cycle.Full.Mark.Cpp recorded 2 samples, mean = 5.0 (flags = 0x41)
0  ... 
3  -O                                                                        (1 = 50.0%) {0.0%}
4  ... 
7  -O                                                                        (1 = 50.0%) {50.0%}
8  ... 

Histogram: V8.GC.Cycle.Full.Sweep recorded 2 samples, mean = 2.0 (flags = 0x41)
0  ... 
2  --O                                                                       (2 = 100.0%) {0.0%}
3  ... 

Histogram: V8.GC.Cycle.Full.Sweep.Cpp recorded 2 samples, mean = 1.5 (flags = 0x41)
0  -O                                                                        (1 = 50.0%)
1  ... 
3  -O                                                                        (1 = 50.0%) {50.0%}
4  ... 

Histogram: V8.GC.Cycle.Full.Weak recorded 2 samples, mean = 0.0 (flags = 0x41)
0  --O                                                                       (2 = 100.0%)
1  ... 

Histogram: V8.GC.Cycle.Full.Weak.Cpp recorded 2 samples, mean = 0.0 (flags = 0x41)
0  --O                                                                       (2 = 100.0%)
1  ... 

Histogram: V8.GC.Cycle.MainThread.Full recorded 2 samples, mean = 5.5 (flags = 0x41)
0  ... 
4  -O                                                                        (1 = 50.0%) {0.0%}
5  ... 
7  -O                                                                        (1 = 50.0%) {50.0%}
8  ... 

Histogram: V8.GC.Cycle.MainThread.Full.Atomic recorded 2 samples, mean = 4.0 (flags = 0x41)
0  ... 
3  -O                                                                        (1 = 50.0%) {0.0%}
4  O                                                                         (0 = 0.0%) {50.0%}
5  -O                                                                        (1 = 50.0%) {50.0%}
6  ... 

Histogram: V8.GC.Cycle.MainThread.Full.Atomic.Compact recorded 2 samples, mean = 1.0 (flags = 0x41)
0  -O                                                                        (1 = 50.0%)
1  O                                                                         (0 = 0.0%) {50.0%}
2  -O                                                                        (1 = 50.0%) {50.0%}
3  ... 

Histogram: V8.GC.Cycle.MainThread.Full.Atomic.Compact.Cpp recorded 2 samples, mean = 0.5 (flags = 0x41)
0  -O                                                                        (1 = 50.0%)
1  -O                                                                        (1 = 50.0%) {50.0%}
2  ... 

Histogram: V8.GC.Cycle.MainThread.Full.Atomic.Cpp recorded 2 samples, mean = 1.0 (flags = 0x41)
0  O                                                                         (0 = 0.0%)
1  --O                                                                       (2 = 100.0%) {0.0%}
2  ... 

Histogram: V8.GC.Cycle.MainThread.Full.Atomic.Mark recorded 2 samples, mean = 0.5 (flags = 0x41)
0  -O                                                                        (1 = 50.0%)
1  -O                                                                        (1 = 50.0%) {50.0%}
2  ... 

Histogram: V8.GC.Cycle.MainThread.Full.Atomic.Mark.Cpp recorded 2 samples, mean = 0.5 (flags = 0x41)
0  -O                                                                        (1 = 50.0%)
1  -O                                                                        (1 = 50.0%) {50.0%}
2  ... 

Histogram: V8.GC.Cycle.MainThread.Full.Atomic.Sweep recorded 2 samples, mean = 0.0 (flags = 0x41)
0  --O                                                                       (2 = 100.0%)
1  ... 

Histogram: V8.GC.Cycle.MainThread.Full.Atomic.Sweep.Cpp recorded 2 samples, mean = 0.0 (flags = 0x41)
0  --O                                                                       (2 = 100.0%)
1  ... 

Histogram: V8.GC.Cycle.MainThread.Full.Atomic.Weak recorded 2 samples, mean = 0.0 (flags = 0x41)
0  --O                                                                       (2 = 100.0%)
1  ... 

Histogram: V8.GC.Cycle.MainThread.Full.Atomic.Weak.Cpp recorded 2 samples, mean = 0.0 (flags = 0x41)
0  --O                                                                       (2 = 100.0%)
1  ... 

Histogram: V8.GC.Cycle.MainThread.Full.Compact recorded 2 samples, mean = 1.0 (flags = 0x41)
0  -O                                                                        (1 = 50.0%)
1  O                                                                         (0 = 0.0%) {50.0%}
2  -O                                                                        (1 = 50.0%) {50.0%}
3  ... 

Histogram: V8.GC.Cycle.MainThread.Full.Compact.Cpp recorded 2 samples, mean = 0.5 (flags = 0x41)
0  -O                                                                        (1 = 50.0%)
1  -O                                                                        (1 = 50.0%) {50.0%}
2  ... 

Histogram: V8.GC.Cycle.MainThread.Full.Cpp recorded 2 samples, mean = 3.5 (flags = 0x41)
0  ... 
3  -O                                                                        (1 = 50.0%) {0.0%}
4  -O                                                                        (1 = 50.0%) {50.0%}
5  ... 

Histogram: V8.GC.Cycle.MainThread.Full.Incremental.Mark recorded 2 samples, mean = 1.0 (flags = 0x41)
0  O                                                                         (0 = 0.0%)
1  --O                                                                       (2 = 100.0%) {0.0%}
2  ... 

Histogram: V8.GC.Cycle.MainThread.Full.Incremental.Mark.Cpp recorded 2 samples, mean = 0.5 (flags = 0x41)
0  -O                                                                        (1 = 50.0%)
1  -O                                                                        (1 = 50.0%) {50.0%}
2  ... 

Histogram: V8.GC.Cycle.MainThread.Full.Incremental.Mark.StartStop recorded 2 samples, mean = 3.0 (flags = 0x41)
0  ... 
3  --O                                                                       (2 = 100.0%) {0.0%}
4  ... 

Histogram: V8.GC.Cycle.MainThread.Full.Incremental.Sweep recorded 2 samples, mean = 0.0 (flags = 0x41)
0  --O                                                                       (2 = 100.0%)
1  ... 

Histogram: V8.GC.Cycle.MainThread.Full.Incremental.Sweep.Cpp recorded 2 samples, mean = 1.0 (flags = 0x41)
0  -O                                                                        (1 = 50.0%)
1  O                                                                         (0 = 0.0%) {50.0%}
2  -O                                                                        (1 = 50.0%) {50.0%}
3  ... 

Histogram: V8.GC.Cycle.MainThread.Full.Mark recorded 2 samples, mean = 2.0 (flags = 0x41)
0  O                                                                         (0 = 0.0%)
1  -O                                                                        (1 = 50.0%) {0.0%}
2  O                                                                         (0 = 0.0%) {50.0%}
3  -O                                                                        (1 = 50.0%) {50.0%}
4  ... 

Histogram: V8.GC.Cycle.MainThread.Full.Mark.Cpp recorded 2 samples, mean = 1.0 (flags = 0x41)
0  O                                                                         (0 = 0.0%)
1  --O                                                                       (2 = 100.0%) {0.0%}
2  ... 

Histogram: V8.GC.Cycle.MainThread.Full.Sweep recorded 2 samples, mean = 0.0 (flags = 0x41)
0  --O                                                                       (2 = 100.0%)
1  ... 

Histogram: V8.GC.Cycle.MainThread.Full.Sweep.Cpp recorded 2 samples, mean = 1.0 (flags = 0x41)
0  -O                                                                        (1 = 50.0%)
1  O                                                                         (0 = 0.0%) {50.0%}
2  -O                                                                        (1 = 50.0%) {50.0%}
3  ... 

Histogram: V8.GC.Cycle.MainThread.Full.Weak recorded 2 samples, mean = 0.0 (flags = 0x41)
0  --O                                                                       (2 = 100.0%)
1  ... 

Histogram: V8.GC.Cycle.MainThread.Full.Weak.Cpp recorded 2 samples, mean = 0.0 (flags = 0x41)
0  --O                                                                       (2 = 100.0%)
1  ... 

Histogram: V8.GC.Cycle.MainThread.Young recorded 14 samples, mean = 0.1 (flags = 0x41)
0  -------------O                                                            (13 = 92.9%)
1  -O                                                                        (1 = 7.1%) {92.9%}
2  ... 

Histogram: V8.GC.Cycle.Memory.Freed.Full recorded 2 samples, mean = 4608.0 (flags = 0x41)
0     ... 
1407  -O                                                                        (1 = 50.0%) {0.0%}
1914  ... 
6554  -O                                                                        (1 = 50.0%) {50.0%}
8915  ... 

Histogram: V8.GC.Cycle.Memory.Freed.Full.Cpp recorded 2 samples, mean = 2816.0 (flags = 0x41)
0     ... 
2604  --O                                                                       (2 = 100.0%) {0.0%}
3542  ... 

Histogram: V8.GC.Cycle.Objects.After.Full recorded 2 samples, mean = 12171.5 (flags = 0x41)
0      ... 
8915   -O                                                                        (1 = 50.0%) {0.0%}
12127  -O                                                                        (1 = 50.0%) {50.0%}
16496  ... 

Histogram: V8.GC.Cycle.Objects.After.Full.Cpp recorded 2 samples, mean = 5195.0 (flags = 0x41)
0     ... 
4818  --O                                                                       (2 = 100.0%) {0.0%}
6554  ... 

Histogram: V8.GC.Cycle.Objects.Before.Full recorded 2 samples, mean = 13372.5 (flags = 0x41)
0      ... 
12127  --O                                                                       (2 = 100.0%) {0.0%}
16496  ... 

Histogram: V8.GC.Cycle.Objects.Before.Full.Cpp recorded 2 samples, mean = 8229.0 (flags = 0x41)
0     ... 
4818  -O                                                                        (1 = 50.0%) {0.0%}
6554  O                                                                         (0 = 0.0%) {50.0%}
8915  -O                                                                        (1 = 50.0%) {50.0%}
12127 ... 

Histogram: V8.GC.Cycle.Objects.Freed.Full recorded 2 samples, mean = 1200.0 (flags = 0x41)
0     ... 
88    -O                                                                        (1 = 50.0%) {0.0%}
120   ... 
1914  -O                                                                        (1 = 50.0%) {50.0%}
2604  ... 

Histogram: V8.GC.Cycle.Objects.Freed.Full.Cpp recorded 2 samples, mean = 3033.5 (flags = 0x41)
0     ... 
14    -O                                                                        (1 = 50.0%) {0.0%}
19    ... 
4818  -O                                                                        (1 = 50.0%) {50.0%}
6554  ... 

Histogram: V8.GC.Cycle.Reason.Full recorded 2 samples, mean = 9.0 (flags = 0x41)
0  ... 
9  --O                                                                       (2 = 100.0%) {0.0%}
10 ... 

Histogram: V8.GC.Cycle.Reason.Young recorded 14 samples, mean = 4.1 (flags = 0x41)
0   O                                                                         (0 = 0.0%)
1   ----------O                                                               (10 = 71.4%) {0.0%}
2   ... 
12  ----O                                                                     (4 = 28.6%) {71.4%}
13  ... 

Histogram: V8.GC.Cycle.Young recorded 14 samples, mean = 0.6 (flags = 0x41)
0  -------O                                                                  (7 = 50.0%)
1  ------O                                                                   (6 = 42.9%) {50.0%}
2  -O                                                                        (1 = 7.1%) {92.9%}
3  ... 

Histogram: V8.GC.Event.MainThread.Full.Finalize.Incremental.ReduceMemory recorded 2 samples, mean = 3.5 (flags = 0x41)
0  ... 
2  -O                                                                        (1 = 50.0%) {0.0%}
3  ... 
5  -O                                                                        (1 = 50.0%) {50.0%}
6  ... 

Histogram: V8.GC.Event.MainThread.Full.Finalize.Incremental.ReduceMemory.Foreground recorded 2 samples, mean = 3.5 (flags = 0x41)
0  ... 
2  -O                                                                        (1 = 50.0%) {0.0%}
3  ... 
5  -O                                                                        (1 = 50.0%) {50.0%}
6  ... 

Histogram: V8.GC.Event.MainThread.Full.Finalize.Incremental.Regular recorded 1 samples, mean = 3.0 (flags = 0x41)
0  ... 
3  -O                                                                        (1 = 100.0%) {0.0%}
4  ... 

Histogram: V8.GC.Event.MainThread.Full.Finalize.Incremental.Regular.Foreground recorded 1 samples, mean = 3.0 (flags = 0x41)
0  ... 
3  -O                                                                        (1 = 100.0%) {0.0%}
4  ... 

Histogram: V8.GC.Event.MainThread.Full.Incremental.Mark recorded 53 samples, mean = 0.0 (flags = 0x41)
0  -----------------------------------------------------O                    (53 = 100.0%)
1  ... 

Histogram: V8.GC.Event.MainThread.Full.Incremental.Mark.Cpp recorded 57 samples, mean = 0.0 (flags = 0x41)
0  ---------------------------------------------------------O                (57 = 100.0%)
1  ... 

Histogram: V8.GC.Event.MainThread.Full.Incremental.Sweep.Cpp recorded 211 samples, mean = 0.0 (flags = 0x41)
0  ------------------------------------------------------------------------O (210 = 99.5%)
1  O                                                                         (0 = 0.0%) {99.5%}
2  O                                                                         (1 = 0.5%) {99.5%}
3  ... 

Histogram: V8.GC.TimeToSafepoint recorded 20 samples, mean = 12.0 (flags = 0x41)
0    ------------O                                                             (12 = 60.0%)
1    ----O                                                                     (4 = 20.0%) {60.0%}
2    O                                                                         (0 = 0.0%) {80.0%}
3    -O                                                                        (1 = 5.0%) {80.0%}
4    O                                                                         (0 = 0.0%) {85.0%}
6    -O                                                                        (1 = 5.0%) {85.0%}
8    ... 
105  --O                                                                       (2 = 10.0%) {90.0%}
146  ... 

Histogram: V8.GCFinalizeMC.Clear recorded 1 samples, mean = 0.0 (flags = 0x41)
0  -O                                                                        (1 = 100.0%)
1  ... 

Histogram: V8.GCFinalizeMC.Epilogue recorded 1 samples, mean = 0.0 (flags = 0x41)
0  -O                                                                        (1 = 100.0%)
1  ... 

Histogram: V8.GCFinalizeMC.Evacuate recorded 1 samples, mean = 0.0 (flags = 0x41)
0  -O                                                                        (1 = 100.0%)
1  ... 

Histogram: V8.GCFinalizeMC.Finish recorded 1 samples, mean = 0.0 (flags = 0x41)
0  -O                                                                        (1 = 100.0%)
1  ... 

Histogram: V8.GCFinalizeMC.Mark recorded 1 samples, mean = 1.0 (flags = 0x41)
0  O                                                                         (0 = 0.0%)
1  -O                                                                        (1 = 100.0%) {0.0%}
2  ... 

Histogram: V8.GCFinalizeMC.Prologue recorded 1 samples, mean = 0.0 (flags = 0x41)
0  -O                                                                        (1 = 100.0%)
1  ... 

Histogram: V8.GCFinalizeMC.Sweep recorded 1 samples, mean = 0.0 (flags = 0x41)
0  -O                                                                        (1 = 100.0%)
1  ... 

Histogram: V8.GCIncrementalMarking recorded 63 samples, mean = 0.0 (flags = 0x41)
0  --------------------------------------------------------------O           (62 = 98.4%)
1  -O                                                                        (1 = 1.6%) {98.4%}
2  ... 

Histogram: V8.GCIncrementalMarkingReason recorded 3 samples, mean = 12.0 (flags = 0x41)
0   ... 
2   -O                                                                        (1 = 33.3%) {0.0%}
3   ... 
17  --O                                                                       (2 = 66.7%) {33.3%}
18  ... 

Histogram: V8.GCIncrementalMarkingStart recorded 3 samples, mean = 0.3 (flags = 0x41)
0  --O                                                                       (2 = 66.7%)
1  -O                                                                        (1 = 33.3%) {66.7%}
2  ... 

Histogram: V8.GCIncrementalMarkingSum recorded 1 samples, mean = 0.0 (flags = 0x41)
0  -O                                                                        (1 = 100.0%)
1  ... 

Histogram: V8.GCMarkCompactReason recorded 2 samples, mean = 9.0 (flags = 0x41)
0  ... 
9  --O                                                                       (2 = 100.0%) {0.0%}
10 ... 

Histogram: V8.GCScavenger.ScavengeMain recorded 14 samples, mean = 0.0 (flags = 0x41)
0  --------------O                                                           (14 = 100.0%)
1  ... 

Histogram: V8.GCScavenger.ScavengeRoots recorded 14 samples, mean = 0.0 (flags = 0x41)
0  --------------O                                                           (14 = 100.0%)
1  ... 

Histogram: V8.JSDispatchTableEntriesCount recorded 3 samples, mean = 0.0 (flags = 0x41)
0  ---O                                                                      (3 = 100.0%)
1  ... 

Histogram: V8.LocalWindowProxy.CreateContextTime recorded 4 samples, mean = 5.0 (flags = 0x41)
0   --O                                                                       (2 = 50.0%)
1   -O                                                                        (1 = 25.0%) {50.0%}
2   ... 
17  -O                                                                        (1 = 25.0%) {75.0%}
20  ... 

Histogram: V8.LocalWindowProxy.InitializeTime recorded 4 samples, mean = 6.5 (flags = 0x41)
0   --O                                                                       (2 = 50.0%)
1   ... 
3   -O                                                                        (1 = 25.0%) {50.0%}
4   ... 
20  -O                                                                        (1 = 25.0%) {75.0%}
24  ... 

Histogram: V8.MaglevOptimizeExecute recorded 158 samples, mean = 244.6 (flags = 0x41)
0     ... 
10    ----O                                                                     (4 = 2.5%) {0.0%}
13    ----O                                                                     (4 = 2.5%) {2.5%}
16    ----O                                                                     (4 = 2.5%) {5.1%}
20    -------O                                                                  (7 = 4.4%) {7.6%}
25    ---O                                                                      (3 = 1.9%) {12.0%}
31    ----------O                                                               (10 = 6.3%) {13.9%}
39    ----------O                                                               (10 = 6.3%) {20.3%}
49    -----------O                                                              (11 = 7.0%) {26.6%}
61    --------------O                                                           (14 = 8.9%) {33.5%}
76    -----------O                                                              (11 = 7.0%) {42.4%}
95    ----------------O                                                         (16 = 10.1%) {49.4%}
119   ----------O                                                               (10 = 6.3%) {59.5%}
149   ------------O                                                             (12 = 7.6%) {65.8%}
186   -----------O                                                              (11 = 7.0%) {73.4%}
233   ----------O                                                               (10 = 6.3%) {80.4%}
292   --O                                                                       (2 = 1.3%) {86.7%}
365   --O                                                                       (2 = 1.3%) {88.0%}
457   -----O                                                                    (5 = 3.2%) {89.2%}
572   ---O                                                                      (3 = 1.9%) {92.4%}
716   --O                                                                       (2 = 1.3%) {94.3%}
896   --O                                                                       (2 = 1.3%) {95.6%}
1122  -O                                                                        (1 = 0.6%) {96.8%}
1404  --O                                                                       (2 = 1.3%) {97.5%}
1757  ... 
3446  -O                                                                        (1 = 0.6%) {98.7%}
4313  ... 
6758  -O                                                                        (1 = 0.6%) {99.4%}
8459  ... 

Histogram: V8.MaglevOptimizeFinalize recorded 158 samples, mean = 4.8 (flags = 0x41)
0   -----------------O                                                        (17 = 10.8%)
1   -------------------------O                                                (25 = 15.8%) {10.8%}
2   -----------------------O                                                  (23 = 14.6%) {26.6%}
3   -----------------------------O                                            (29 = 18.4%) {41.1%}
4   -------------------O                                                      (19 = 12.0%) {59.5%}
5   -----------O                                                              (11 = 7.0%) {71.5%}
6   -----------------O                                                        (17 = 10.8%) {78.5%}
8   -----O                                                                    (5 = 3.2%) {89.2%}
10  ---O                                                                      (3 = 1.9%) {92.4%}
13  --O                                                                       (2 = 1.3%) {94.3%}
16  --O                                                                       (2 = 1.3%) {95.6%}
20  --O                                                                       (2 = 1.3%) {96.8%}
25  O                                                                         (0 = 0.0%) {98.1%}
31  -O                                                                        (1 = 0.6%) {98.1%}
39  O                                                                         (0 = 0.0%) {98.7%}
49  -O                                                                        (1 = 0.6%) {98.7%}
61  O                                                                         (0 = 0.0%) {99.4%}
76  -O                                                                        (1 = 0.6%) {99.4%}
95  ... 

Histogram: V8.MaglevOptimizePrepare recorded 158 samples, mean = 0.1 (flags = 0x41)
0  ------------------------------------------------------------------------O (146 = 92.4%)
1  ------O                                                                   (12 = 7.6%) {92.4%}
2  ... 

Histogram: V8.MaglevOptimizeTotalTime recorded 158 samples, mean = 446.8 (flags = 0x41)
0     ... 
16    -O                                                                        (1 = 0.6%) {0.0%}
21    --O                                                                       (2 = 1.3%) {0.6%}
28    ------O                                                                   (6 = 3.8%) {1.9%}
37    ------O                                                                   (6 = 3.8%) {5.7%}
49    ------------O                                                             (12 = 7.6%) {9.5%}
65    --------------O                                                           (14 = 8.9%) {17.1%}
86    -----------------O                                                        (17 = 10.8%) {25.9%}
113   ------------------O                                                       (18 = 11.4%) {36.7%}
149   --------------------O                                                     (20 = 12.7%) {48.1%}
196   -------------O                                                            (13 = 8.2%) {60.8%}
258   --------------O                                                           (14 = 8.9%) {69.0%}
340   -----O                                                                    (5 = 3.2%) {77.8%}
448   ---------O                                                                (9 = 5.7%) {81.0%}
590   -----O                                                                    (5 = 3.2%) {86.7%}
777   --O                                                                       (2 = 1.3%) {89.9%}
1023  ---O                                                                      (3 = 1.9%) {91.1%}
1347  --O                                                                       (2 = 1.3%) {93.0%}
1774  -O                                                                        (1 = 0.6%) {94.3%}
2336  ---O                                                                      (3 = 1.9%) {94.9%}
3077  --O                                                                       (2 = 1.3%) {96.8%}
4053  -O                                                                        (1 = 0.6%) {98.1%}
5338  -O                                                                        (1 = 0.6%) {98.7%}
7031  -O                                                                        (1 = 0.6%) {99.4%}
9260  ... 

Histogram: V8.MemoryExternalFragmentationCodeSpace recorded 17 samples, mean = 45.5 (flags = 0x41)
0   ... 
10  -O                                                                        (1 = 5.9%) {0.0%}
11  ... 
16  --O                                                                       (2 = 11.8%) {5.9%}
17  --O                                                                       (2 = 11.8%) {17.6%}
18  -O                                                                        (1 = 5.9%) {29.4%}
19  -O                                                                        (1 = 5.9%) {35.3%}
20  O                                                                         (0 = 0.0%) {41.2%}
21  -O                                                                        (1 = 5.9%) {41.2%}
22  ... 
28  -O                                                                        (1 = 5.9%) {47.1%}
29  ... 
61  -O                                                                        (1 = 5.9%) {52.9%}
62  ... 
72  --O                                                                       (2 = 11.8%) {58.8%}
73  O                                                                         (0 = 0.0%) {70.6%}
74  -O                                                                        (1 = 5.9%) {70.6%}
75  O                                                                         (0 = 0.0%) {76.5%}
76  -O                                                                        (1 = 5.9%) {76.5%}
77  ... 
79  -O                                                                        (1 = 5.9%) {82.4%}
80  ... 
84  -O                                                                        (1 = 5.9%) {88.2%}
85  ... 
93  -O                                                                        (1 = 5.9%) {94.1%}
94  ... 

Histogram: V8.MemoryExternalFragmentationLoSpace recorded 17 samples, mean = 1.8 (flags = 0x41)
0  -------O                                                                  (7 = 41.2%)
1  ... 
3  ----------O                                                               (10 = 58.8%) {41.2%}
4  ... 

Histogram: V8.MemoryExternalFragmentationOldSpace recorded 17 samples, mean = 8.0 (flags = 0x41)
0   O                                                                         (0 = 0.0%)
1   -O                                                                        (1 = 5.9%) {0.0%}
2   O                                                                         (0 = 0.0%) {5.9%}
3   -O                                                                        (1 = 5.9%) {5.9%}
4   -O                                                                        (1 = 5.9%) {11.8%}
5   --O                                                                       (2 = 11.8%) {17.6%}
6   ---O                                                                      (3 = 17.6%) {29.4%}
7   -O                                                                        (1 = 5.9%) {47.1%}
8   O                                                                         (0 = 0.0%) {52.9%}
9   -O                                                                        (1 = 5.9%) {52.9%}
10  --O                                                                       (2 = 11.8%) {58.8%}
11  --O                                                                       (2 = 11.8%) {70.6%}
12  -O                                                                        (1 = 5.9%) {82.4%}
13  -O                                                                        (1 = 5.9%) {88.2%}
14  ... 
17  -O                                                                        (1 = 5.9%) {94.1%}
18  ... 

Histogram: V8.MemoryExternalFragmentationTotal recorded 17 samples, mean = 35.4 (flags = 0x41)
0   ... 
13  -O                                                                        (1 = 5.9%) {0.0%}
14  ... 
16  -O                                                                        (1 = 5.9%) {5.9%}
17  ... 
24  -O                                                                        (1 = 5.9%) {11.8%}
25  ... 
28  -O                                                                        (1 = 5.9%) {17.6%}
29  ... 
32  -O                                                                        (1 = 5.9%) {23.5%}
33  ... 
35  -O                                                                        (1 = 5.9%) {29.4%}
36  --O                                                                       (2 = 11.8%) {35.3%}
37  --O                                                                       (2 = 11.8%) {47.1%}
38  O                                                                         (0 = 0.0%) {58.8%}
39  --O                                                                       (2 = 11.8%) {58.8%}
40  ... 
42  --O                                                                       (2 = 11.8%) {70.6%}
43  ... 
46  -O                                                                        (1 = 5.9%) {82.4%}
47  O                                                                         (0 = 0.0%) {88.2%}
48  -O                                                                        (1 = 5.9%) {88.2%}
49  ... 
52  -O                                                                        (1 = 5.9%) {94.1%}
53  ... 

Histogram: V8.MemoryHeapSampleCodeSpaceCommitted recorded 17 samples, mean = 1114.4 (flags = 0x41)
0     -------O                                                                  (7 = 41.2%)
1000  O                                                                         (0 = 0.0%) {41.2%}
1138  --O                                                                       (2 = 11.8%) {41.2%}
1295  O                                                                         (0 = 0.0%) {52.9%}
1474  ------O                                                                   (6 = 35.3%) {52.9%}
1678  --O                                                                       (2 = 11.8%) {88.2%}
1910  ... 

Histogram: V8.MemoryHeapSampleMaximumCommitted recorded 17 samples, mean = 13980.5 (flags = 0x41)
0      ... 
3649   -O                                                                        (1 = 5.9%) {0.0%}
4153   O                                                                         (0 = 0.0%) {5.9%}
4727   -O                                                                        (1 = 5.9%) {5.9%}
5380   O                                                                         (0 = 0.0%) {11.8%}
6124   --O                                                                       (2 = 11.8%) {11.8%}
6971   --O                                                                       (2 = 11.8%) {23.5%}
7935   ... 
10281  -O                                                                        (1 = 5.9%) {35.3%}
11702  --O                                                                       (2 = 11.8%) {41.2%}
13320  --O                                                                       (2 = 11.8%) {52.9%}
15161  O                                                                         (0 = 0.0%) {64.7%}
17257  -O                                                                        (1 = 5.9%) {64.7%}
19642  -O                                                                        (1 = 5.9%) {70.6%}
22357  ----O                                                                     (4 = 23.5%) {76.5%}
25447  ... 

Histogram: V8.MemoryHeapSampleTotalCommitted recorded 17 samples, mean = 12369.2 (flags = 0x41)
0      ... 
3649   -O                                                                        (1 = 5.9%) {0.0%}
4153   O                                                                         (0 = 0.0%) {5.9%}
4727   -O                                                                        (1 = 5.9%) {5.9%}
5380   O                                                                         (0 = 0.0%) {11.8%}
6124   --O                                                                       (2 = 11.8%) {11.8%}
6971   --O                                                                       (2 = 11.8%) {23.5%}
7935   ... 
10281  -O                                                                        (1 = 5.9%) {35.3%}
11702  --O                                                                       (2 = 11.8%) {41.2%}
13320  ----O                                                                     (4 = 23.5%) {52.9%}
15161  -O                                                                        (1 = 5.9%) {76.5%}
17257  -O                                                                        (1 = 5.9%) {82.4%}
19642  -O                                                                        (1 = 5.9%) {88.2%}
22357  -O                                                                        (1 = 5.9%) {94.1%}
25447  ... 

Histogram: V8.MemoryHeapSampleTotalUsed recorded 17 samples, mean = 7969.6 (flags = 0x41)
0      ... 
2174   -O                                                                        (1 = 5.9%) {0.0%}
2475   O                                                                         (0 = 0.0%) {5.9%}
2817   -O                                                                        (1 = 5.9%) {5.9%}
3206   O                                                                         (0 = 0.0%) {11.8%}
3649   -O                                                                        (1 = 5.9%) {11.8%}
4153   --O                                                                       (2 = 11.8%) {17.6%}
4727   --O                                                                       (2 = 11.8%) {29.4%}
5380   O                                                                         (0 = 0.0%) {41.2%}
6124   -O                                                                        (1 = 5.9%) {41.2%}
6971   -O                                                                        (1 = 5.9%) {47.1%}
7935   -O                                                                        (1 = 5.9%) {52.9%}
9032   --O                                                                       (2 = 11.8%) {58.8%}
10281  O                                                                         (0 = 0.0%) {70.6%}
11702  ---O                                                                      (3 = 17.6%) {70.6%}
13320  --O                                                                       (2 = 11.8%) {88.2%}
15161  ... 

Histogram: V8.ProduceCodeCacheMicroseconds recorded 20 samples, mean = 117.2 (flags = 0x41)
0    ... 
15   -O                                                                        (1 = 5.0%) {0.0%}
21   --O                                                                       (2 = 10.0%) {5.0%}
29   --O                                                                       (2 = 10.0%) {15.0%}
40   ---O                                                                      (3 = 15.0%) {25.0%}
55   ----O                                                                     (4 = 20.0%) {40.0%}
76   --O                                                                       (2 = 10.0%) {60.0%}
105  O                                                                         (0 = 0.0%) {70.0%}
146  --O                                                                       (2 = 10.0%) {70.0%}
203  -O                                                                        (1 = 5.0%) {80.0%}
282  --O                                                                       (2 = 10.0%) {85.0%}
391  -O                                                                        (1 = 5.0%) {95.0%}
542  ... 

Histogram: V8.RegExpBacktracks recorded 260 samples, mean = 1.7 (flags = 0x41)
0    -----O                                                                    (17 = 6.5%)
1    ------------------------------------------------------------------------O (229 = 88.1%) {6.5%}
2    --O                                                                       (5 = 1.9%) {94.6%}
3    -O                                                                        (2 = 0.8%) {96.5%}
4    --O                                                                       (5 = 1.9%) {97.3%}
6    O                                                                         (0 = 0.0%) {99.2%}
9    O                                                                         (1 = 0.4%) {99.2%}
13   ... 
127  O                                                                         (1 = 0.4%) {99.6%}
185  ... 

Histogram: V8.SandboxedCodePointersCount recorded 3 samples, mean = 1106.7 (flags = 0x41)
0    ... 
977  ---O                                                                      (3 = 100.0%) {0.0%}
1136 ... 

Histogram: V8.SandboxedCppHeapPointersCount recorded 3 samples, mean = 5581.7 (flags = 0x41)
0     ... 
320   -O                                                                        (1 = 33.3%) {0.0%}
380   ... 
7152  --O                                                                       (2 = 66.7%) {33.3%}
8499  ... 

Histogram: V8.SandboxedExternalPointersCount recorded 20 samples, mean = 2176.0 (flags = 0x41)
0      -------O                                                                  (7 = 35.0%)
1      ... 
6      -O                                                                        (1 = 5.0%) {35.0%}
7      O                                                                         (0 = 0.0%) {40.0%}
8      -O                                                                        (1 = 5.0%) {40.0%}
10     ... 
24     -O                                                                        (1 = 5.0%) {45.0%}
29     ... 
57     -O                                                                        (1 = 5.0%) {50.0%}
68     -O                                                                        (1 = 5.0%) {55.0%}
81     O                                                                         (0 = 0.0%) {60.0%}
96     -O                                                                        (1 = 5.0%) {60.0%}
114    ... 
758    --O                                                                       (2 = 10.0%) {65.0%}
901    -O                                                                        (1 = 5.0%) {75.0%}
1071   ... 
1513   -O                                                                        (1 = 5.0%) {80.0%}
1798   ... 
12002  ---O                                                                      (3 = 15.0%) {85.0%}
14263  ... 

Histogram: V8.SandboxedTrustedPointersCount recorded 3 samples, mean = 3902.0 (flags = 0x41)
0     ... 
3799  ---O                                                                      (3 = 100.0%) {0.0%}
4418  ... 

Histogram: V8.SnapshotDeserializeContextMicroSeconds recorded 6 samples, mean = 294.5 (flags = 0x41)
0    ... 
113  -O                                                                        (1 = 16.7%) {0.0%}
149  -O                                                                        (1 = 16.7%) {16.7%}
196  O                                                                         (0 = 0.0%) {33.3%}
258  --O                                                                       (2 = 33.3%) {33.3%}
340  --O                                                                       (2 = 33.3%) {66.7%}
448  ... 

Histogram: V8.TurboFan1KTicks recorded 19 samples, mean = 20.4 (flags = 0x41)
0    O                                                                         (0 = 0.0%)
1    ---O                                                                      (3 = 15.8%) {0.0%}
2    -O                                                                        (1 = 5.3%) {15.8%}
3    --O                                                                       (2 = 10.5%) {21.1%}
4    -O                                                                        (1 = 5.3%) {31.6%}
5    ---O                                                                      (3 = 15.8%) {36.8%}
6    -O                                                                        (1 = 5.3%) {52.6%}
7    -O                                                                        (1 = 5.3%) {57.9%}
8    O                                                                         (0 = 0.0%) {63.2%}
9    -O                                                                        (1 = 5.3%) {63.2%}
10   ... 
14   --O                                                                       (2 = 10.5%) {68.4%}
15   -O                                                                        (1 = 5.3%) {78.9%}
16   ... 
37   -O                                                                        (1 = 5.3%) {84.2%}
39   ... 
45   -O                                                                        (1 = 5.3%) {89.5%}
47   ... 
208  -O                                                                        (1 = 5.3%) {94.7%}
218  ... 

Histogram: V8.TurboFanOptimizeConcurrentTotalTime recorded 17 samples, mean = 4619.4 (flags = 0x41)
0      ... 
391    --O                                                                       (2 = 11.8%) {0.0%}
542    O                                                                         (0 = 0.0%) {11.8%}
752    ----O                                                                     (4 = 23.5%) {11.8%}
1043   ---O                                                                      (3 = 17.6%) {35.3%}
1447   ---O                                                                      (3 = 17.6%) {52.9%}
2008   O                                                                         (0 = 0.0%) {70.6%}
2786   -O                                                                        (1 = 5.9%) {70.6%}
3865   -O                                                                        (1 = 5.9%) {76.5%}
5362   ... 
10321  -O                                                                        (1 = 5.9%) {82.4%}
14319  -O                                                                        (1 = 5.9%) {88.2%}
19866  O                                                                         (0 = 0.0%) {94.1%}
27562  -O                                                                        (1 = 5.9%) {94.1%}
38240  ... 

Histogram: V8.TurboFanOptimizeExecute recorded 17 samples, mean = 2734.9 (flags = 0x41)
0      ... 
258    -O                                                                        (1 = 5.9%) {0.0%}
340    ---O                                                                      (3 = 17.6%) {5.9%}
448    -O                                                                        (1 = 5.9%) {23.5%}
590    ---O                                                                      (3 = 17.6%) {29.4%}
777    ---O                                                                      (3 = 17.6%) {47.1%}
1023   ---O                                                                      (3 = 17.6%) {64.7%}
1347   O                                                                         (0 = 0.0%) {82.4%}
1774   -O                                                                        (1 = 5.9%) {82.4%}
2336   ... 
4053   -O                                                                        (1 = 5.9%) {88.2%}
5338   ... 
27864  -O                                                                        (1 = 5.9%) {94.1%}
36699  ... 

Histogram: V8.TurboFanOptimizeFinalize recorded 17 samples, mean = 13.1 (flags = 0x41)
0   ... 
2   -O                                                                        (1 = 5.9%) {0.0%}
3   -O                                                                        (1 = 5.9%) {5.9%}
4   -O                                                                        (1 = 5.9%) {11.8%}
5   --O                                                                       (2 = 11.8%) {17.6%}
7   O                                                                         (0 = 0.0%) {29.4%}
9   ---O                                                                      (3 = 17.6%) {29.4%}
12  ----O                                                                     (4 = 23.5%) {47.1%}
16  --O                                                                       (2 = 11.8%) {70.6%}
21  --O                                                                       (2 = 11.8%) {82.4%}
28  O                                                                         (0 = 0.0%) {94.1%}
37  -O                                                                        (1 = 5.9%) {94.1%}
49  ... 

Histogram: V8.TurboFanOptimizeForOnStackReplacementExecute recorded 2 samples, mean = 7226.0 (flags = 0x41)
0      ... 
1023   -O                                                                        (1 = 50.0%) {0.0%}
1347   ... 
12196  -O                                                                        (1 = 50.0%) {50.0%}
16063  ... 

Histogram: V8.TurboFanOptimizeForOnStackReplacementFinalize recorded 2 samples, mean = 53.0 (flags = 0x41)
0   ... 
12  -O                                                                        (1 = 50.0%) {0.0%}
16  ... 
86  -O                                                                        (1 = 50.0%) {50.0%}
113 ... 

Histogram: V8.TurboFanOptimizeForOnStackReplacementPrepare recorded 2 samples, mean = 8.5 (flags = 0x41)
0  ... 
7  -O                                                                        (1 = 50.0%) {0.0%}
9  -O                                                                        (1 = 50.0%) {50.0%}
12 ... 

Histogram: V8.TurboFanOptimizeForOnStackReplacementTotalTime recorded 2 samples, mean = 26893.5 (flags = 0x41)
0      ... 
1043   -O                                                                        (1 = 50.0%) {0.0%}
1447   ... 
38240  -O                                                                        (1 = 50.0%) {50.0%}
53055  ... 

Histogram: V8.TurboFanOptimizePrepare recorded 17 samples, mean = 9.1 (flags = 0x41)
0   ... 
2   --O                                                                       (2 = 11.8%) {0.0%}
3   --O                                                                       (2 = 11.8%) {11.8%}
4   ----O                                                                     (4 = 23.5%) {23.5%}
5   --O                                                                       (2 = 11.8%) {47.1%}
7   O                                                                         (0 = 0.0%) {58.8%}
9   --O                                                                       (2 = 11.8%) {58.8%}
12  -O                                                                        (1 = 5.9%) {70.6%}
16  ---O                                                                      (3 = 17.6%) {76.5%}
21  O                                                                         (0 = 0.0%) {94.1%}
28  -O                                                                        (1 = 5.9%) {94.1%}
37  ... 

Histogram: V8.TurboFanOptimizeTotalBackground recorded 17 samples, mean = 2734.9 (flags = 0x41)
0      ... 
282    ---O                                                                      (3 = 17.6%) {0.0%}
391    -O                                                                        (1 = 5.9%) {17.6%}
542    ---O                                                                      (3 = 17.6%) {23.5%}
752    -----O                                                                    (5 = 29.4%) {41.2%}
1043   --O                                                                       (2 = 11.8%) {70.6%}
1447   O                                                                         (0 = 0.0%) {82.4%}
2008   -O                                                                        (1 = 5.9%) {82.4%}
2786   O                                                                         (0 = 0.0%) {88.2%}
3865   -O                                                                        (1 = 5.9%) {88.2%}
5362   ... 
27562  -O                                                                        (1 = 5.9%) {94.1%}
38240  ... 

Histogram: V8.TurboFanOptimizeTotalForeground recorded 17 samples, mean = 22.2 (flags = 0x41)
0   ... 
6   --O                                                                       (2 = 11.8%) {0.0%}
8   O                                                                         (0 = 0.0%) {11.8%}
11  ---O                                                                      (3 = 17.6%) {11.8%}
15  -----O                                                                    (5 = 29.4%) {29.4%}
21  --O                                                                       (2 = 11.8%) {58.8%}
29  ---O                                                                      (3 = 17.6%) {70.6%}
40  --O                                                                       (2 = 11.8%) {88.2%}
55  ... 

Histogram: V8.TurboFanOptimizeTotalTime recorded 17 samples, mean = 4619.4 (flags = 0x41)
0      ... 
391    --O                                                                       (2 = 11.8%) {0.0%}
542    O                                                                         (0 = 0.0%) {11.8%}
752    ----O                                                                     (4 = 23.5%) {11.8%}
1043   ---O                                                                      (3 = 17.6%) {35.3%}
1447   ---O                                                                      (3 = 17.6%) {52.9%}
2008   O                                                                         (0 = 0.0%) {70.6%}
2786   -O                                                                        (1 = 5.9%) {70.6%}
3865   -O                                                                        (1 = 5.9%) {76.5%}
5362   ... 
10321  -O                                                                        (1 = 5.9%) {82.4%}
14319  -O                                                                        (1 = 5.9%) {88.2%}
19866  O                                                                         (0 = 0.0%) {94.1%}
27562  -O                                                                        (1 = 5.9%) {94.1%}
38240  ... 

Histogram: Variations.ExtendedSafeMode.BeaconFileStateAtStartup recorded 1 samples, mean = 0.0 (flags = 0x41)
0  -O                                                                        (1 = 100.0%)
1  ... 

Histogram: Variations.ExtendedSafeMode.BeaconFileWrite recorded 2 samples, mean = 1.0 (flags = 0x41)
0  O                                                                         (0 = 0.0%)
1  --O                                                                       (2 = 100.0%) {0.0%}
2  O                                                                         (0 = 0.0%) {100.0%}

Histogram: Variations.ForcedFieldTrialsAtStartupForInternalsPage recorded 1 samples, mean = 0.0 (flags = 0x41)
0  -O                                                                        (1 = 100.0%)
1  ... 

Histogram: Variations.Headers.ExperimentCount recorded 92 samples, mean = 1.0 (flags = 0x41)
0  O                                                                         (0 = 0.0%)
1  ------------------------------------------------------------------------O (92 = 100.0%) {0.0%}
2  ... 

Histogram: Variations.Headers.HasLowEntropySourceValue recorded 92 samples, mean = 1.0 (flags = 0x41)
0  O                                                                         (0 = 0.0%)
1  ------------------------------------------------------------------------O (92 = 100.0%) {0.0%}
2  O                                                                         (0 = 0.0%) {100.0%}

Histogram: Variations.Headers.RequestContextCategory recorded 272 samples, mean = 0.7 (flags = 0x41)
0  ------------------------------------------------------------------------O (224 = 82.4%)
1  ... 
4  ---------------O                                                          (48 = 17.6%) {82.4%}
5  ... 

Histogram: Variations.Headers.URLValidationResult.Append recorded 272 samples, mean = 2.8 (flags = 0x41)
0  ... 
2  ----------------O                                                         (49 = 18.0%) {0.0%}
3  ------------------------------------------------------------------------O (223 = 82.0%) {18.0%}
4  ... 

Histogram: Variations.Headers.URLValidationResult.Remove recorded 3 samples, mean = 2.0 (flags = 0x41)
0  ... 
2  ---O                                                                      (3 = 100.0%) {0.0%}
3  ... 

Histogram: Variations.Limits.VariationKeySize.Default recorded 23 samples, mean = 0.0 (flags = 0x41)
0  -----------------------O                                                  (23 = 100.0%)
1  ... 

Histogram: Variations.LoadPermanentConsistencyCountryResult recorded 1 samples, mean = 0.0 (flags = 0x41)
0  -O                                                                        (1 = 100.0%)
1  ... 

Histogram: Variations.PolicyRestriction recorded 1 samples, mean = 0.0 (flags = 0x41)
0  -O                                                                        (1 = 100.0%)
1  ... 

Histogram: Variations.SafeMode.Streak.Crashes recorded 1 samples (flags = 0x41)
0  -O                                                                        (1 = 100.0%)

Histogram: Variations.SafeMode.Streak.FetchFailures recorded 1 samples (flags = 0x41)
0  -O                                                                        (1 = 100.0%)

Histogram: Variations.SeedLoadResult recorded 1 samples, mean = 1.0 (flags = 0x41)
0  O                                                                         (0 = 0.0%)
1  -O                                                                        (1 = 100.0%) {0.0%}
2  ... 

Histogram: Variations.SeedUsage recorded 1 samples, mean = 2.0 (flags = 0x41)
0  ... 
2  -O                                                                        (1 = 100.0%) {0.0%}
3  ... 

Histogram: Variations.UserChannel recorded 1 samples (flags = 0x41)
-1 -O                                                                        (1 = 100.0%)

Histogram: Views.Browser.NumColorProvidersInitializedDuringOnNativeThemeUpdated recorded 5 samples, mean = 0.0 (flags = 0x41)
0  -----O                                                                    (5 = 100.0%)
1  ... 

Histogram: Views.Browser.TimeSpentInitializingColorProvider recorded 3 samples, mean = 0.7 (flags = 0x41)
0  --O                                                                       (2 = 66.7%)
1  O                                                                         (0 = 0.0%) {66.7%}
2  -O                                                                        (1 = 33.3%) {66.7%}
3  ... 

Histogram: Views.Browser.TimeSpentProcessingOnNativeThemeUpdatedEvent recorded 5 samples, mean = 0.0 (flags = 0x41)
0  -----O                                                                    (5 = 100.0%)
1  ... 

Histogram: Views.ColorProviderCacheSize recorded 3 samples, mean = 2.0 (flags = 0x41)
0  O                                                                         (0 = 0.0%)
1  -O                                                                        (1 = 33.3%) {0.0%}
2  -O                                                                        (1 = 33.3%) {33.3%}
3  -O                                                                        (1 = 33.3%) {66.7%}
4  ... 

Histogram: Viz.FrameSink.GpuBusyDuration recorded 1 samples, mean = 44480.0 (flags = 0x41)
0      ... 
39071  -O                                                                        (1 = 100.0%) {0.0%}
45259  ... 

Histogram: Viz.FrameSinkVideoCapturer.CaptureDuration recorded 2 samples, mean = 23.0 (flags = 0x41)
0   ... 
12  -O                                                                        (1 = 50.0%) {0.0%}
14  ... 
33  -O                                                                        (1 = 50.0%) {50.0%}
37  ... 

Histogram: Viz.FrameSinkVideoCapturer.CaptureSucceeded recorded 2 samples, mean = 1.0 (flags = 0x41)
0  O                                                                         (0 = 0.0%)
1  --O                                                                       (2 = 100.0%) {0.0%}
2  O                                                                         (0 = 0.0%) {100.0%}

Histogram: Viz.FrameSinkVideoCapturer.FrameResurrected recorded 2 samples, mean = 0.0 (flags = 0x41)
0  --O                                                                       (2 = 100.0%)
1  ... 

Histogram: Viz.FrameSinkVideoCapturer.RGBA.CaptureDuration recorded 2 samples, mean = 23.0 (flags = 0x41)
0   ... 
12  -O                                                                        (1 = 50.0%) {0.0%}
14  ... 
33  -O                                                                        (1 = 50.0%) {50.0%}
37  ... 

Histogram: Viz.FrameSinkVideoCapturer.RGBA.CaptureSucceeded recorded 2 samples, mean = 1.0 (flags = 0x41)
0  O                                                                         (0 = 0.0%)
1  --O                                                                       (2 = 100.0%) {0.0%}
2  O                                                                         (0 = 0.0%) {100.0%}

Histogram: Viz.FrameSinkVideoCapturer.ReserveFrameDuration recorded 2 samples, mean = 12.0 (flags = 0x41)
0   -O                                                                        (1 = 50.0%)
1   ... 
24  -O                                                                        (1 = 50.0%) {50.0%}
26  ... 

Histogram: Viz.FrameSinkVideoCapturer.TotalDuration recorded 2 samples, mean = 23.0 (flags = 0x41)
0   ... 
12  -O                                                                        (1 = 50.0%) {0.0%}
14  ... 
33  -O                                                                        (1 = 50.0%) {50.0%}
37  ... 

Histogram: WebApp.DiyAppsInstalledCount.ByUser recorded 1 samples, mean = 0.0 (flags = 0x41)
0  -O                                                                        (1 = 100.0%)
1  ... 

Histogram: WebApp.GeneratedIconFix.StartUpAttemptCount recorded 1 samples, mean = 0.0 (flags = 0x41)
0  -O                                                                        (1 = 100.0%)
1  ... 

Histogram: WebApp.Icon.AppsWithEmptyDownloadedIconSizes recorded 1 samples, mean = 0.0 (flags = 0x41)
0  -O                                                                        (1 = 100.0%)
1  ... 

Histogram: WebApp.Icon.AppsWithEmptyIconBitmap recorded 1 samples, mean = 0.0 (flags = 0x41)
0  -O                                                                        (1 = 100.0%)
1  ... 

Histogram: WebApp.Icon.AppsWithEmptyIconFile recorded 1 samples, mean = 0.0 (flags = 0x41)
0  -O                                                                        (1 = 100.0%)
1  ... 

Histogram: WebApp.Icon.AppsWithGeneratedIconBitmap recorded 1 samples, mean = 0.0 (flags = 0x41)
0  -O                                                                        (1 = 100.0%)
1  ... 

Histogram: WebApp.Icon.AppsWithGeneratedIconFlag recorded 1 samples, mean = 0.0 (flags = 0x41)
0  -O                                                                        (1 = 100.0%)
1  ... 

Histogram: WebApp.Icon.AppsWithGeneratedIconFlagFalseNegative recorded 1 samples, mean = 0.0 (flags = 0x41)
0  -O                                                                        (1 = 100.0%)
1  ... 

Histogram: WebApp.Icon.AppsWithMissingIconFile recorded 1 samples, mean = 0.0 (flags = 0x41)
0  -O                                                                        (1 = 100.0%)
1  ... 

Histogram: WebApp.InstalledCount.ByUser recorded 1 samples, mean = 0.0 (flags = 0x41)
0  -O                                                                        (1 = 100.0%)
1  ... 

Histogram: WebApp.InstalledCount.ByUserNotLocallyInstalled recorded 1 samples, mean = 0.0 (flags = 0x41)
0  -O                                                                        (1 = 100.0%)
1  ... 

Histogram: WebApp.Preinstalled.AppToReplaceStillDefaultInstalledCount recorded 1 samples, mean = 0.0 (flags = 0x41)
0  -O                                                                        (1 = 100.0%)
1  ... 

Histogram: WebApp.Preinstalled.AppToReplaceStillInstalledCount recorded 1 samples, mean = 0.0 (flags = 0x41)
0  -O                                                                        (1 = 100.0%)
1  ... 

Histogram: WebApp.Preinstalled.AppToReplaceStillInstalledInShelfCount recorded 1 samples, mean = 0.0 (flags = 0x41)
0  -O                                                                        (1 = 100.0%)
1  ... 

Histogram: WebApp.Preinstalled.ConfigErrorCount recorded 1 samples, mean = 0.0 (flags = 0x41)
0  -O                                                                        (1 = 100.0%)
1  ... 

Histogram: WebApp.Preinstalled.CorruptUserUninstallPrefsCount recorded 1 samples, mean = 0.0 (flags = 0x41)
0  -O                                                                        (1 = 100.0%)
1  ... 

Histogram: WebApp.Preinstalled.DisabledCount recorded 1 samples, mean = 0.0 (flags = 0x41)
0  -O                                                                        (1 = 100.0%)
1  ... 

Histogram: WebApp.Preinstalled.EnabledCount recorded 1 samples, mean = 0.0 (flags = 0x41)
0  -O                                                                        (1 = 100.0%)
1  ... 

Histogram: WebApp.Preinstalled.InstallCount recorded 1 samples, mean = 0.0 (flags = 0x41)
0  -O                                                                        (1 = 100.0%)
1  ... 

Histogram: WebApp.Preinstalled.UninstallAndReplaceCount recorded 1 samples, mean = 0.0 (flags = 0x41)
0  -O                                                                        (1 = 100.0%)
1  ... 

Histogram: WebApp.Preinstalled.UninstallAppRemovedCount recorded 1 samples, mean = 0.0 (flags = 0x41)
0  -O                                                                        (1 = 100.0%)
1  ... 

Histogram: WebApp.Preinstalled.UninstallSourceRemovedCount recorded 1 samples, mean = 0.0 (flags = 0x41)
0  -O                                                                        (1 = 100.0%)
1  ... 

Histogram: WebApp.Preinstalled.UninstallTotalCount recorded 1 samples, mean = 0.0 (flags = 0x41)
0  -O                                                                        (1 = 100.0%)
1  ... 

Histogram: WebApp.Uninstall.NonSyncIncompleteCount recorded 1 samples, mean = 0.0 (flags = 0x41)
0  -O                                                                        (1 = 100.0%)
1  ... 

Histogram: WebAuthentication.Windows.KeyCredentialManagerSupported recorded 1 samples, mean = 0.0 (flags = 0x41)
0  -O                                                                        (1 = 100.0%)
1  ... 

Histogram: WebContentsObserver.DOMContentLoaded recorded 3 samples, mean = 0.0 (flags = 0x41)
0  ---O                                                                      (3 = 100.0%)
1  ... 

Histogram: WebContentsObserver.DidChangeVisibleSecurityState recorded 2 samples, mean = 0.0 (flags = 0x41)
0  --O                                                                       (2 = 100.0%)
1  ... 

Histogram: WebContentsObserver.DidFinishLoad recorded 3 samples, mean = 0.0 (flags = 0x41)
0  ---O                                                                      (3 = 100.0%)
1  ... 

Histogram: WebContentsObserver.DidFinishNavigation recorded 5 samples, mean = 1.4 (flags = 0x41)
0  ---O                                                                      (3 = 60.0%)
1  O                                                                         (0 = 0.0%) {60.0%}
2  -O                                                                        (1 = 20.0%) {60.0%}
3  ... 
5  -O                                                                        (1 = 20.0%) {80.0%}
6  ... 

Histogram: WebContentsObserver.DidFirstVisuallyNonEmptyPaint recorded 1 samples, mean = 0.0 (flags = 0x41)
0  -O                                                                        (1 = 100.0%)
1  ... 

Histogram: WebContentsObserver.DidRedirectNavigation recorded 1 samples, mean = 0.0 (flags = 0x41)
0  -O                                                                        (1 = 100.0%)
1  ... 

Histogram: WebContentsObserver.DidStartLoading recorded 1 samples, mean = 0.0 (flags = 0x41)
0  -O                                                                        (1 = 100.0%)
1  ... 

Histogram: WebContentsObserver.DidStartNavigation recorded 5 samples, mean = 0.4 (flags = 0x41)
0  ----O                                                                     (4 = 80.0%)
1  O                                                                         (0 = 0.0%) {80.0%}
2  -O                                                                        (1 = 20.0%) {80.0%}
3  ... 

Histogram: WebContentsObserver.DidStartNavigation.MainFrame recorded 3 samples, mean = 0.7 (flags = 0x41)
0  --O                                                                       (2 = 66.7%)
1  O                                                                         (0 = 0.0%) {66.7%}
2  -O                                                                        (1 = 33.3%) {66.7%}
3  ... 

Histogram: WebContentsObserver.DidStartNavigation.Subframe recorded 2 samples, mean = 0.0 (flags = 0x41)
0  --O                                                                       (2 = 100.0%)
1  ... 

Histogram: WebContentsObserver.DidStopLoading recorded 1 samples, mean = 0.0 (flags = 0x41)
0  -O                                                                        (1 = 100.0%)
1  ... 

Histogram: WebContentsObserver.DidUpdateNavigationHandleTiming recorded 5 samples, mean = 0.0 (flags = 0x41)
0  -----O                                                                    (5 = 100.0%)
1  ... 

Histogram: WebContentsObserver.LoadProgressChanged recorded 8 samples, mean = 0.0 (flags = 0x41)
0  --------O                                                                 (8 = 100.0%)
1  ... 

Histogram: WebContentsObserver.NavigationEntryChanged recorded 3 samples, mean = 0.0 (flags = 0x41)
0  ---O                                                                      (3 = 100.0%)
1  ... 

Histogram: WebContentsObserver.NavigationEntryCommitted recorded 2 samples, mean = 0.0 (flags = 0x41)
0  --O                                                                       (2 = 100.0%)
1  ... 

Histogram: WebContentsObserver.PrimaryMainDocumentElementAvailable recorded 1 samples, mean = 0.0 (flags = 0x41)
0  -O                                                                        (1 = 100.0%)
1  ... 

Histogram: WebContentsObserver.RenderFrameCreated recorded 4 samples, mean = 0.5 (flags = 0x41)
0  ---O                                                                      (3 = 75.0%)
1  O                                                                         (0 = 0.0%) {75.0%}
2  -O                                                                        (1 = 25.0%) {75.0%}
3  ... 

Histogram: WebContentsObserver.RenderFrameDeleted recorded 4 samples, mean = 0.2 (flags = 0x41)
0  ---O                                                                      (3 = 75.0%)
1  -O                                                                        (1 = 25.0%) {75.0%}
2  ... 

Histogram: WebContentsObserver.RenderViewReady recorded 2 samples, mean = 0.0 (flags = 0x41)
0  --O                                                                       (2 = 100.0%)
1  ... 

Histogram: WebContentsObserver.TitleWasSet recorded 1 samples, mean = 0.0 (flags = 0x41)
0  -O                                                                        (1 = 100.0%)
1  ... 

Histogram: WebCore.Scripts.Async.StartedStreaming recorded 26 samples, mean = 1.0 (flags = 0x41)
0  O                                                                         (0 = 0.0%)
1  --------------------------O                                               (26 = 100.0%) {0.0%}
2  O                                                                         (0 = 0.0%) {100.0%}

Histogram: WebCore.Scripts.Other.NotStreamingReason recorded 17 samples, mean = 11.0 (flags = 0x41)
0   ... 
11  -----------------O                                                        (17 = 100.0%) {0.0%}
12  ... 

Histogram: WebCore.Scripts.Other.StartedStreaming recorded 17 samples, mean = 0.0 (flags = 0x41)
0  -----------------O                                                        (17 = 100.0%)
1  ... 

Histogram: WebCore.Scripts.V8CodeCacheMetadata.Get recorded 49 samples, mean = 0.8 (flags = 0x41)
0  ---------O                                                                (9 = 18.4%)
1  ----------------------------------------O                                 (40 = 81.6%) {18.4%}
2  ... 

Histogram: WebCore.Scripts.V8CodeCacheMetadata.Set recorded 23 samples, mean = 2.6 (flags = 0x41)
0  ---O                                                                      (3 = 13.0%)
1  ... 
3  --------------------O                                                     (20 = 87.0%) {13.0%}
4  O                                                                         (0 = 0.0%) {100.0%}

Histogram: WebCore.Scripts.V8CompileHintsStatus recorded 44 samples, mean = 10.4 (flags = 0x41)
0   ... 
10  --------------------------O                                               (26 = 59.1%) {0.0%}
11  ------------------O                                                       (18 = 40.9%) {59.1%}
12  ... 

Histogram: WebCore.Scripts.V8CrowdsourcedCompileHints.ModelQuality recorded 1 samples, mean = 0.0 (flags = 0x41)
0  -O                                                                        (1 = 100.0%)
1  ... 

Histogram: WebDatabase.InitResult recorded 2 samples, mean = 0.0 (flags = 0x41)
0  --O                                                                       (2 = 100.0%)
1  ... 

Histogram: WebFont.CacheHit recorded 5 samples, mean = 1.4 (flags = 0x41)
0  O                                                                         (0 = 0.0%)
1  ----O                                                                     (4 = 80.0%) {0.0%}
2  O                                                                         (0 = 0.0%) {80.0%}
3  -O                                                                        (1 = 20.0%) {80.0%}
4  O                                                                         (0 = 0.0%) {100.0%}

Histogram: WebFont.Clients.RenderBlockingFonts.ExpiredFonts recorded 1 samples, mean = 1.0 (flags = 0x41)
0  O                                                                         (0 = 0.0%)
1  -O                                                                        (1 = 100.0%) {0.0%}
2  O                                                                         (0 = 0.0%) {100.0%}

Histogram: WebFont.HadBlankText recorded 1 samples, mean = 0.0 (flags = 0x41)
0  -O                                                                        (1 = 100.0%)
1  ... 

Histogram: WebFont.LocalFontUsed recorded 1 samples, mean = 1.0 (flags = 0x41)
0  O                                                                         (0 = 0.0%)
1  -O                                                                        (1 = 100.0%) {0.0%}
2  O                                                                         (0 = 0.0%) {100.0%}

Histogram: Windows.AcLayersLoaded recorded 1 samples, mean = 0.0 (flags = 0x41)
0  -O                                                                        (1 = 100.0%)
1  ... 

Histogram: Windows.CetAvailable recorded 1 samples, mean = 1.0 (flags = 0x41)
0  O                                                                         (0 = 0.0%)
1  -O                                                                        (1 = 100.0%) {0.0%}
2  O                                                                         (0 = 0.0%) {100.0%}

Histogram: Windows.CetEnabled recorded 1 samples, mean = 0.0 (flags = 0x41)
0  -O                                                                        (1 = 100.0%)
1  ... 

Histogram: Windows.DisplayIdFromDeviceId recorded 239 samples, mean = 3.0 (flags = 0x41)
0  ... 
3  ------------------------------------------------------------------------O (239 = 100.0%) {0.0%}
4  O                                                                         (0 = 0.0%) {100.0%}

Histogram: Windows.DisplayIdFromDeviceKey recorded 239 samples, mean = 3.0 (flags = 0x41)
0  ... 
3  ------------------------------------------------------------------------O (239 = 100.0%) {0.0%}
4  O                                                                         (0 = 0.0%) {100.0%}

Histogram: Windows.Enclave.SGX.Available recorded 1 samples, mean = 0.0 (flags = 0x41)
0  -O                                                                        (1 = 100.0%)
1  ... 

Histogram: Windows.Enclave.SGX2.Available recorded 1 samples, mean = 0.0 (flags = 0x41)
0  -O                                                                        (1 = 100.0%)
1  ... 

Histogram: Windows.Enclave.VBS.Available recorded 1 samples, mean = 1.0 (flags = 0x41)
0  O                                                                         (0 = 0.0%)
1  -O                                                                        (1 = 100.0%) {0.0%}
2  O                                                                         (0 = 0.0%) {100.0%}

Histogram: Windows.Enclave.VBSBasic.Available recorded 1 samples, mean = 0.0 (flags = 0x41)
0  -O                                                                        (1 = 100.0%)
1  ... 

Histogram: Windows.HasHighResolutionTimeTicks recorded 1 samples, mean = 1.0 (flags = 0x41)
0  O                                                                         (0 = 0.0%)
1  -O                                                                        (1 = 100.0%) {0.0%}
2  O                                                                         (0 = 0.0%) {100.0%}

Histogram: Windows.HasThreadTicks recorded 1 samples, mean = 1.0 (flags = 0x41)
0  O                                                                         (0 = 0.0%)
1  -O                                                                        (1 = 100.0%) {0.0%}
2  O                                                                         (0 = 0.0%) {100.0%}

Histogram: Windows.HighResolutionTimerUsage recorded 366 samples, mean = 0.0 (flags = 0x41)
0  ------------------------------------------------------------------------O (366 = 100.0%)
1  ... 

Histogram: Windows.HypervPresent recorded 1 samples, mean = 1.0 (flags = 0x41)
0  O                                                                         (0 = 0.0%)
1  -O                                                                        (1 = 100.0%) {0.0%}
2  O                                                                         (0 = 0.0%) {100.0%}

Histogram: Windows.LegacyDisplayIdAlgorithm recorded 483 samples, mean = 0.0 (flags = 0x41)
0  ------------------------------------------------------------------------O (483 = 100.0%)
1  ... 

Histogram: Windows.ParallelDllLoadingEnabled recorded 1 samples, mean = 1.0 (flags = 0x41)
0  O                                                                         (0 = 0.0%)
1  -O                                                                        (1 = 100.0%) {0.0%}
2  O                                                                         (0 = 0.0%) {100.0%}

Histogram: Windows.PatchLevel recorded 1 samples (flags = 0x41)
1717051657  -O                                                                        (1 = 100.0%)

Histogram: Windows.PatchLevelKernel32 recorded 1 samples (flags = 0x41)
1710497928  -O                                                                        (1 = 100.0%)

Histogram: Windows.ProcessorFamily recorded 1 samples (flags = 0x41)
775  -O                                                                        (1 = 100.0%)

Histogram: Windows.ProcessorVirtualizationFirmwareEnabled recorded 1 samples, mean = 0.0 (flags = 0x41)
0  -O                                                                        (1 = 100.0%)
1  ... 


