[10324:2036:0617/005207.068:WARNING:chrome_main_delegate.cc(745)] This is Chrome version 128.0.6613.138 (not a warning)
[10324:2036:0617/005207.508:WARNING:account_consistency_mode_manager.cc(77)] Desktop Identity Consistency cannot be enabled as no OAuth client ID and client secret have been configured.
[10324:21572:0617/005214.797:WARNING:leveldb_database.cc(141)] Unable to open F:\epic\UE_5.7\project\live\Saved\webcache_6613\Default\shared_proto_db\metadata: IO error: F:\epic\UE_5.7\project\live\Saved\webcache_6613\Default\shared_proto_db\metadata/MANIFEST-000001: Unable to create sequential file (ChromeMethodBFE: 7::NewSequentialFile::1)
[10324:21572:0617/005214.801:WARNING:leveldb_database.cc(141)] Unable to open F:\epic\UE_5.7\project\live\Saved\webcache_6613\Default\shared_proto_db\metadata: IO error: F:\epic\UE_5.7\project\live\Saved\webcache_6613\Default\shared_proto_db\metadata/MANIFEST-000001: Unable to create sequential file (ChromeMethodBFE: 7::NewSequentialFile::1)
[10324:21572:0617/005214.805:WARNING:leveldb_database.cc(141)] Unable to open F:\epic\UE_5.7\project\live\Saved\webcache_6613\Default\shared_proto_db\metadata: IO error: F:\epic\UE_5.7\project\live\Saved\webcache_6613\Default\shared_proto_db\metadata/MANIFEST-000001: Unable to create sequential file (ChromeMethodBFE: 7::NewSequentialFile::1)
[10324:21572:0617/005214.809:WARNING:leveldb_database.cc(141)] Unable to open F:\epic\UE_5.7\project\live\Saved\webcache_6613\Default\shared_proto_db\metadata: IO error: F:\epic\UE_5.7\project\live\Saved\webcache_6613\Default\shared_proto_db\metadata/MANIFEST-000001: Unable to create sequential file (ChromeMethodBFE: 7::NewSequentialFile::1)
[10324:21572:0617/005217.101:WARNING:value_store_frontend.cc(47)] Reading ahfgeienlihckogmohjhadlkjgocpleb.alarms from  failed: IO error: .../MANIFEST-000001: Unable to create sequential file (ChromeMethodBFE: 7::NewSequentialFile::1)
[10324:21572:0617/005217.106:WARNING:value_store_frontend.cc(47)] Reading mhjfbmdgcfjbbpaeojofohoefgiehjai.alarms from  failed: IO error: .../MANIFEST-000001: Unable to create sequential file (ChromeMethodBFE: 7::NewSequentialFile::1)
[21924:30952:0617/005218.098:WARNING:frame_impl.cc(430)] virtual CefFrameImpl::SendProcessMessage sent to detached frame 5-44F6002C235E49A2A9DE47F3254138C5 will be ignored
[10324:2036:0617/033805.852:VERBOSE1:device_event_log_impl.cc(198)] [03:38:05.851] Display: EVENT: screen_win.cc:893 Displays updated, count: 1
[10324:2036:0617/033805.852:VERBOSE1:device_event_log_impl.cc(198)] [03:38:05.852] Display: EVENT: screen_win.cc:895 Display[1287125619] bounds=[0,0 1707x1067], workarea=[0,0 1707x1019], scale=1.5, rotation=0, panel_rotation=0 external detected
[10324:2036:0617/034000.318:VERBOSE1:device_event_log_impl.cc(198)] [03:40:00.318] Display: EVENT: screen_win.cc:893 Displays updated, count: 1
[10324:2036:0617/034000.318:VERBOSE1:device_event_log_impl.cc(198)] [03:40:00.318] Display: EVENT: screen_win.cc:895 Display[1287125619] bounds=[0,0 1707x1067], workarea=[0,0 1707x1019], scale=1.5, rotation=0, panel_rotation=0 external detected
[10324:2036:0617/034011.379:VERBOSE1:device_event_log_impl.cc(198)] [03:40:11.379] Display: EVENT: screen_win.cc:893 Displays updated, count: 1
[10324:2036:0617/034011.379:VERBOSE1:device_event_log_impl.cc(198)] [03:40:11.380] Display: EVENT: screen_win.cc:895 Display[1287125619] bounds=[0,0 1707x1067], workarea=[0,0 1707x1019], scale=1.5, rotation=0, panel_rotation=0 external detected
[10324:2036:0617/034046.057:VERBOSE1:device_event_log_impl.cc(198)] [03:40:46.057] Display: EVENT: screen_win.cc:893 Displays updated, count: 1
[10324:2036:0617/034046.057:VERBOSE1:device_event_log_impl.cc(198)] [03:40:46.057] Display: EVENT: screen_win.cc:895 Display[1287125619] bounds=[0,0 1707x1067], workarea=[0,0 1707x1019], scale=1.5, rotation=0, panel_rotation=0 external detected
[10324:2036:0617/041743.912:VERBOSE1:device_event_log_impl.cc(198)] [04:17:43.912] Display: EVENT: screen_win.cc:893 Displays updated, count: 1
[10324:2036:0617/041743.912:VERBOSE1:device_event_log_impl.cc(198)] [04:17:43.912] Display: EVENT: screen_win.cc:895 Display[1287125619] bounds=[0,0 1707x1067], workarea=[0,0 1707x1019], scale=1.5, rotation=0, panel_rotation=0 external detected
[10324:2036:0617/041937.297:VERBOSE1:device_event_log_impl.cc(198)] [04:19:37.296] Display: EVENT: screen_win.cc:893 Displays updated, count: 1
[10324:2036:0617/041937.297:VERBOSE1:device_event_log_impl.cc(198)] [04:19:37.296] Display: EVENT: screen_win.cc:895 Display[1287125619] bounds=[0,0 1707x1067], workarea=[0,0 1707x1019], scale=1.5, rotation=0, panel_rotation=0 external detected
[10324:2036:0617/041948.522:VERBOSE1:device_event_log_impl.cc(198)] [04:19:48.521] Display: EVENT: screen_win.cc:893 Displays updated, count: 1
[10324:2036:0617/041948.522:VERBOSE1:device_event_log_impl.cc(198)] [04:19:48.522] Display: EVENT: screen_win.cc:895 Display[1287125619] bounds=[0,0 1707x1067], workarea=[0,0 1707x1019], scale=1.5, rotation=0, panel_rotation=0 external detected
[10324:2036:0617/042239.112:VERBOSE1:device_event_log_impl.cc(198)] [04:22:39.112] Display: EVENT: screen_win.cc:893 Displays updated, count: 1
[10324:2036:0617/042239.112:VERBOSE1:device_event_log_impl.cc(198)] [04:22:39.112] Display: EVENT: screen_win.cc:895 Display[1287125619] bounds=[0,0 1707x1067], workarea=[0,0 1707x1019], scale=1.5, rotation=0, panel_rotation=0 external detected
[10324:14264:0617/043228.318:VERBOSE1:media_stream_manager.cc(1533)] MSPL::OnSpeedLimitChange({this=00005F0C000BED40}, {new_limit=81})
[10324:14264:0617/043230.318:VERBOSE1:media_stream_manager.cc(1533)] MSPL::OnSpeedLimitChange({this=00005F0C000BED40}, {new_limit=82})
[10324:14264:0617/043233.319:VERBOSE1:media_stream_manager.cc(1533)] MSPL::OnSpeedLimitChange({this=00005F0C000BED40}, {new_limit=83})
[10324:14264:0617/043237.337:VERBOSE1:media_stream_manager.cc(1533)] MSPL::OnSpeedLimitChange({this=00005F0C000BED40}, {new_limit=100})
[10324:14264:0617/043248.337:VERBOSE1:media_stream_manager.cc(1533)] MSPL::OnSpeedLimitChange({this=00005F0C000BED40}, {new_limit=80})
[10324:14264:0617/043250.339:VERBOSE1:media_stream_manager.cc(1533)] MSPL::OnSpeedLimitChange({this=00005F0C000BED40}, {new_limit=81})
[10324:14264:0617/043253.335:VERBOSE1:media_stream_manager.cc(1533)] MSPL::OnSpeedLimitChange({this=00005F0C000BED40}, {new_limit=100})
[10324:2036:0617/043357.766:VERBOSE1:device_event_log_impl.cc(198)] [04:33:57.766] Display: EVENT: screen_win.cc:893 Displays updated, count: 1
[10324:2036:0617/043357.766:VERBOSE1:device_event_log_impl.cc(198)] [04:33:57.767] Display: EVENT: screen_win.cc:895 Display[1287125619] bounds=[0,0 1707x1067], workarea=[0,0 1707x1019], scale=1.5, rotation=0, panel_rotation=0 external detected
[10324:2036:0617/043358.778:VERBOSE1:device_event_log_impl.cc(198)] [04:33:58.779] Display: EVENT: screen_win.cc:893 Displays updated, count: 1
[10324:2036:0617/043358.778:VERBOSE1:device_event_log_impl.cc(198)] [04:33:58.779] Display: EVENT: screen_win.cc:895 Display[1287125619] bounds=[0,0 1707x1067], workarea=[0,0 1707x1019], scale=1.5, rotation=0, panel_rotation=0 external detected
[10324:2036:0617/043406.747:VERBOSE1:frame_host_impl.cc(515)] frame 6-51A534C73A4DDF89E2319F3969BC1C87 (sub) detached (reason=RENDER_FRAME_DELETED, is_connected=1)
[11664:30260:0617/043406.749:VERBOSE1:dispatcher.cc(596)] Num tracked contexts: 1
[11664:30260:0617/043406.749:VERBOSE1:frame_impl.cc(620)] frame 6-51A534C73A4DDF89E2319F3969BC1C87 disconnected (reason=DETACHED, current_state=CONNECTION_ACKED, FRAME_INVALID)
[11664:30260:0617/043406.752:VERBOSE1:script_context.cc(164)] Destroyed context for extension
  extension id: 
  effective extension id: 
[11664:30260:0617/043406.752:VERBOSE1:script_context.cc(164)] Destroyed context for extension
  extension id: 
  effective extension id: 
[11664:30260:0617/043406.752:VERBOSE1:frame_impl.cc(620)] frame 6-31C06EDB4807821D40482675FB51E05A disconnected (reason=BROWSER_FRAME_DISCONNECT, current_state=CONNECTION_ACKED)
[11664:30260:0617/043406.752:VERBOSE1:frame_impl.cc(633)] frame 6-31C06EDB4807821D40482675FB51E05A connection retry scheduled
[10324:2036:0617/043406.755:VERBOSE1:frame_host_impl.cc(515)] frame 6-31C06EDB4807821D40482675FB51E05A (main) detached (reason=NEW_MAIN_FRAME, is_connected=1)
[10324:2036:0617/043406.787:VERBOSE1:account_reconcilor.cc(264)] AccountReconcilor::Shutdown
[10324:2036:0617/043406.787:VERBOSE1:account_reconcilor.cc(718)] AccountReconcilor::AbortReconcile: try again later
[10324:2036:0617/043406.787:VERBOSE1:account_reconcilor.cc(827)] AccountReconcilor::CalculateIfMultiloginReconcileIsDone: Error was 
[10324:2036:0617/043406.787:VERBOSE1:account_reconcilor.cc(313)] AccountReconcilor::UnregisterWithIdentityManager
[10324:2036:0617/043406.787:VERBOSE1:account_reconcilor.cc(286)] AccountReconcilor::UnregisterWithContentSettings
[10324:2036:0617/043406.788:VERBOSE1:gaia_cookie_manager_service.cc(628)] GaiaCookieManagerService::CancelAll
[10324:2036:0617/043406.788:VERBOSE1:mutable_profile_oauth2_token_service_delegate.cc(752)] MutablePO2TS::Shutdown
[10324:2036:0617/043406.788:VERBOSE1:mutable_profile_oauth2_token_service_delegate.cc(235)] MutablePO2TS::~MutablePO2TS
[10324:2036:0617/043406.790:VERBOSE1:device_event_log_impl.cc(198)] [04:34:06.791] Bluetooth: EVENT: bluetooth_api.cc:109 BluetoothAPI: Shutdown
[10324:2036:0617/043406.808:VERBOSE1:account_reconcilor.cc(193)] AccountReconcilor::~AccountReconcilor
[10324:2036:0617/043406.814:VERBOSE1:device_event_log_impl.cc(198)] [04:34:06.814] Bluetooth: EVENT: bluetooth_api.cc:95 ~BluetoothAPI: 00005F0C0032DA00
[10324:2036:0617/043406.920:VERBOSE1:component_updater_service.cc(180)] CrxUpdateService stopping
[10324:2036:0617/043406.921:WARNING:pref_notifier_impl.cc(41)] Pref observer for media_router.cast_allow_all_ips found at shutdown.
[10324:2036:0617/043406.940:VERBOSE1:statistics_recorder.cc(607)] Collections of all histograms
Histogram: API.StorageAccess.AllowedRequests2 recorded 185 samples, mean = 0.0 (flags = 0x41)
0  ------------------------------------------------------------------------O (176 = 95.1%)
1  ----O                                                                     (9 = 4.9%) {95.1%}
2  ... 

Histogram: API.StorageAccess.DocumentInheritedStorageAccess recorded 7 samples, mean = 0.0 (flags = 0x41)
0  -------O                                                                  (7 = 100.0%)
1  ... 

Histogram: API.StorageAccess.DocumentLoadedWithStorageAccess recorded 7 samples, mean = 0.0 (flags = 0x41)
0  -------O                                                                  (7 = 100.0%)
1  ... 

Histogram: Accessibility.CaptionSettingsLoadedFromSystemSettings recorded 1 samples, mean = 0.0 (flags = 0x41)
0  -O                                                                        (1 = 100.0%)
1  ... 

Histogram: Accessibility.ImageLabels2 recorded 1 samples, mean = 0.0 (flags = 0x41)
0  -O                                                                        (1 = 100.0%)
1  ... 

Histogram: Accessibility.LiveCaption.FeatureEnabled2 recorded 1 samples, mean = 1.0 (flags = 0x41)
0  O                                                                         (0 = 0.0%)
1  -O                                                                        (1 = 100.0%) {0.0%}
2  O                                                                         (0 = 0.0%) {100.0%}

Histogram: Accessibility.LiveCaption2 recorded 1 samples, mean = 0.0 (flags = 0x41)
0  -O                                                                        (1 = 100.0%)
1  ... 

Histogram: Accessibility.ManuallyEnabled recorded 1 samples, mean = 0.0 (flags = 0x41)
0  -O                                                                        (1 = 100.0%)
1  ... 

Histogram: Accessibility.WinJAWS recorded 1 samples, mean = 0.0 (flags = 0x41)
0  -O                                                                        (1 = 100.0%)
1  ... 

Histogram: Accessibility.WinNVDA recorded 1 samples, mean = 0.0 (flags = 0x41)
0  -O                                                                        (1 = 100.0%)
1  ... 

Histogram: Accessibility.WinSAToGo recorded 1 samples, mean = 0.0 (flags = 0x41)
0  -O                                                                        (1 = 100.0%)
1  ... 

Histogram: Accessibility.WinScreenReader2 recorded 1 samples, mean = 0.0 (flags = 0x41)
0  -O                                                                        (1 = 100.0%)
1  ... 

Histogram: Accessibility.WinStickyKeys recorded 1 samples, mean = 0.0 (flags = 0x41)
0  -O                                                                        (1 = 100.0%)
1  ... 

Histogram: Accessibility.WinSupernova recorded 1 samples, mean = 0.0 (flags = 0x41)
0  -O                                                                        (1 = 100.0%)
1  ... 

Histogram: Accessibility.WinZoomText recorded 1 samples, mean = 0.0 (flags = 0x41)
0  -O                                                                        (1 = 100.0%)
1  ... 

Histogram: AppBanners.InstallableStatusCode recorded 1 samples (flags = 0x41)
8  -O                                                                        (1 = 100.0%)

Histogram: Apps.PreferredApps.EntryCount recorded 1 samples, mean = 0.0 (flags = 0x41)
0  -O                                                                        (1 = 100.0%)
1  ... 

Histogram: Autofill.Address.IsEnabled.PageLoad recorded 1 samples, mean = 1.0 (flags = 0x41)
0  O                                                                         (0 = 0.0%)
1  -O                                                                        (1 = 100.0%) {0.0%}
2  O                                                                         (0 = 0.0%) {100.0%}

Histogram: Autofill.Address.IsEnabled.PageLoad.SignedOut recorded 1 samples, mean = 1.0 (flags = 0x41)
0  O                                                                         (0 = 0.0%)
1  -O                                                                        (1 = 100.0%) {0.0%}
2  O                                                                         (0 = 0.0%) {100.0%}

Histogram: Autofill.Address.IsEnabled.Startup recorded 1 samples, mean = 1.0 (flags = 0x41)
0  O                                                                         (0 = 0.0%)
1  -O                                                                        (1 = 100.0%) {0.0%}
2  O                                                                         (0 = 0.0%) {100.0%}

Histogram: Autofill.CreditCard.IsEnabled.PageLoad recorded 1 samples, mean = 1.0 (flags = 0x41)
0  O                                                                         (0 = 0.0%)
1  -O                                                                        (1 = 100.0%) {0.0%}
2  O                                                                         (0 = 0.0%) {100.0%}

Histogram: Autofill.CreditCard.IsEnabled.PageLoad.SignedOut recorded 1 samples, mean = 1.0 (flags = 0x41)
0  O                                                                         (0 = 0.0%)
1  -O                                                                        (1 = 100.0%) {0.0%}
2  O                                                                         (0 = 0.0%) {100.0%}

Histogram: Autofill.CreditCard.IsEnabled.Startup recorded 1 samples, mean = 1.0 (flags = 0x41)
0  O                                                                         (0 = 0.0%)
1  -O                                                                        (1 = 100.0%) {0.0%}
2  O                                                                         (0 = 0.0%) {100.0%}

Histogram: Autofill.DOMContentLoadedInOutermostMainFrame recorded 3 samples, mean = 0.3 (flags = 0x41)
0  --O                                                                       (2 = 66.7%)
1  -O                                                                        (1 = 33.3%) {66.7%}
2  O                                                                         (0 = 0.0%) {100.0%}

Histogram: Autofill.ExtractFormUnowned.FieldCount recorded 6 samples, mean = 0.0 (flags = 0x41)
0  ------O                                                                   (6 = 100.0%)
1  ... 

Histogram: Autofill.FormForest.GetBrowserFormOfRendererForm.Duration recorded 1 samples, mean = 0.0 (flags = 0x41)
0  -O                                                                        (1 = 100.0%)
1  ... 

Histogram: Autofill.FormForest.UpdateTreeOfRendererForm.Duration recorded 1 samples, mean = 12.0 (flags = 0x41)
0   ... 
12  -O                                                                        (1 = 100.0%) {0.0%}
16  ... 

Histogram: Autofill.FormForest.UpdateTreeOfRendererForm.Visits recorded 1 samples, mean = 2.0 (flags = 0x41)
0  ... 
2  -O                                                                        (1 = 100.0%) {0.0%}
3  ... 

Histogram: Autofill.Funnel.ParsedAsType.Address recorded 6 samples, mean = 0.0 (flags = 0x41)
0  ------O                                                                   (6 = 100.0%)
1  ... 

Histogram: Autofill.Funnel.ParsedAsType.CreditCard recorded 6 samples, mean = 0.0 (flags = 0x41)
0  ------O                                                                   (6 = 100.0%)
1  ... 

Histogram: Autofill.Funnel.ParsedAsType.VirtualCard.StandaloneCvc recorded 6 samples, mean = 0.0 (flags = 0x41)
0  ------O                                                                   (6 = 100.0%)
1  ... 

Histogram: Autofill.IsEnabled.PageLoad recorded 1 samples, mean = 1.0 (flags = 0x41)
0  O                                                                         (0 = 0.0%)
1  -O                                                                        (1 = 100.0%) {0.0%}
2  O                                                                         (0 = 0.0%) {100.0%}

Histogram: Autofill.IsEnabled.PageLoad.SignedOut recorded 1 samples, mean = 1.0 (flags = 0x41)
0  O                                                                         (0 = 0.0%)
1  -O                                                                        (1 = 100.0%) {0.0%}
2  O                                                                         (0 = 0.0%) {100.0%}

Histogram: Autofill.IsEnabled.Startup recorded 1 samples, mean = 1.0 (flags = 0x41)
0  O                                                                         (0 = 0.0%)
1  -O                                                                        (1 = 100.0%) {0.0%}
2  O                                                                         (0 = 0.0%) {100.0%}

Histogram: Autofill.Leipzig.Duplication.NumberOfLocalSupersetProfilesOnStartup recorded 1 samples, mean = 0.0 (flags = 0x41)
0  -O                                                                        (1 = 100.0%)
1  ... 

Histogram: Autofill.NumberOfDriversPerFactory recorded 1 samples, mean = 3.0 (flags = 0x41)
0  ... 
3  -O                                                                        (1 = 100.0%) {0.0%}
4  ... 

Histogram: Autofill.Offer.StoredOfferCount2.CardLinkedOffer recorded 1 samples, mean = 0.0 (flags = 0x41)
0  -O                                                                        (1 = 100.0%)
1  ... 

Histogram: Autofill.Offer.StoredOfferCount2.GPayPromoCodeOffer recorded 1 samples, mean = 0.0 (flags = 0x41)
0  -O                                                                        (1 = 100.0%)
1  ... 

Histogram: Autofill.PaymentMethods.CvcStorageIsEnabled.Startup recorded 1 samples, mean = 0.0 (flags = 0x41)
0  -O                                                                        (1 = 100.0%)
1  ... 

Histogram: Autofill.StoredCreditCardCount recorded 1 samples, mean = 0.0 (flags = 0x41)
0  -O                                                                        (1 = 100.0%)
1  ... 

Histogram: Autofill.StoredCreditCardCount.Local recorded 1 samples, mean = 0.0 (flags = 0x41)
0  -O                                                                        (1 = 100.0%)
1  ... 

Histogram: Autofill.StoredCreditCardCount.Local.WithInvalidCardNumber recorded 1 samples, mean = 0.0 (flags = 0x41)
0  -O                                                                        (1 = 100.0%)
1  ... 

Histogram: Autofill.StoredCreditCardCount.Local.WithNickname recorded 1 samples, mean = 0.0 (flags = 0x41)
0  -O                                                                        (1 = 100.0%)
1  ... 

Histogram: Autofill.StoredCreditCardCount.Server recorded 1 samples, mean = 0.0 (flags = 0x41)
0  -O                                                                        (1 = 100.0%)
1  ... 

Histogram: Autofill.StoredCreditCardCount.Server.Masked recorded 1 samples, mean = 0.0 (flags = 0x41)
0  -O                                                                        (1 = 100.0%)
1  ... 

Histogram: Autofill.StoredCreditCardCount.Server.Masked.WithNickname recorded 1 samples, mean = 0.0 (flags = 0x41)
0  -O                                                                        (1 = 100.0%)
1  ... 

Histogram: Autofill.StoredCreditCardCount.Server.Unmasked recorded 1 samples, mean = 0.0 (flags = 0x41)
0  -O                                                                        (1 = 100.0%)
1  ... 

Histogram: Autofill.StoredCreditCardCount.Server.WithCardArtImage recorded 1 samples, mean = 0.0 (flags = 0x41)
0  -O                                                                        (1 = 100.0%)
1  ... 

Histogram: Autofill.StoredCreditCardCount.Server.WithVirtualCardMetadata recorded 1 samples, mean = 0.0 (flags = 0x41)
0  -O                                                                        (1 = 100.0%)
1  ... 

Histogram: Autofill.StoredIbanCount recorded 1 samples, mean = 0.0 (flags = 0x41)
0  -O                                                                        (1 = 100.0%)
1  ... 

Histogram: Autofill.StoredProfileCount.AccountChrome recorded 1 samples, mean = 0.0 (flags = 0x41)
0  -O                                                                        (1 = 100.0%)
1  ... 

Histogram: Autofill.StoredProfileCount.AccountNonChrome recorded 1 samples, mean = 0.0 (flags = 0x41)
0  -O                                                                        (1 = 100.0%)
1  ... 

Histogram: Autofill.StoredProfileCount.Legacy recorded 1 samples, mean = 0.0 (flags = 0x41)
0  -O                                                                        (1 = 100.0%)
1  ... 

Histogram: Autofill.StoredProfileCount.Total recorded 1 samples, mean = 0.0 (flags = 0x41)
0  -O                                                                        (1 = 100.0%)
1  ... 

Histogram: Autofill.StrikeDatabase.StrikeDatabaseInitFailed recorded 4 samples, mean = 1.5 (flags = 0x41)
0  -O                                                                        (1 = 25.0%)
1  -O                                                                        (1 = 25.0%) {25.0%}
2  -O                                                                        (1 = 25.0%) {50.0%}
3  -O                                                                        (1 = 25.0%) {75.0%}
4  ... 

Histogram: Autofill.SubmissionDetectionSource.FormTracker recorded 2 samples, mean = 3.0 (flags = 0x41)
0  ... 
3  --O                                                                       (2 = 100.0%) {0.0%}
4  ... 

Histogram: Autofill.Timing.ParseFormsAsync recorded 1 samples, mean = 0.0 (flags = 0x41)
0  -O                                                                        (1 = 100.0%)
1  ... 

Histogram: Autofill.Timing.ParseFormsAsync.RunHeuristics recorded 1 samples, mean = 0.0 (flags = 0x41)
0  -O                                                                        (1 = 100.0%)
1  ... 

Histogram: Autofill.Timing.ParseFormsAsync.UpdateCache recorded 1 samples, mean = 0.0 (flags = 0x41)
0  -O                                                                        (1 = 100.0%)
1  ... 

Histogram: Autofill.TimingInterval.ExtractFormData.GetFormDataFromUnownedInputElements.AutofillAgentReset recorded 3 samples, mean = 3124448.8 (flags = 0x41)
0        ... 
2129046  -O                                                                        (1 = 33.3%) {0.0%}
2485230  -O                                                                        (1 = 33.3%) {33.3%}
2901002  ... 
3952856  -O                                                                        (1 = 33.3%) {66.7%}
4614158  ... 

Histogram: Autofill.TimingInterval.ExtractFormData.GetFormDataFromUnownedInputElements.DOMContentLoaded recorded 3 samples, mean = 716650560.0 (flags = 0x41)
0         ... 
332665    -O                                                                        (1 = 33.3%) {0.0%}
388319    ... 
1823911   -O                                                                        (1 = 33.3%) {33.3%}
2129046   ... 
10000000  -O                                                                        (1 = 33.3%) {66.7%}

Histogram: Autofill.TimingInterval.ExtractFormData.UpdateFormCache.AutofillAgentReset recorded 5 samples, mean = 1874950.8 (flags = 0x41)
0        ... 
43       -O                                                                        (1 = 20.0%) {0.0%}
50       ... 
1270     -O                                                                        (1 = 20.0%) {20.0%}
1482     ... 
2129046  -O                                                                        (1 = 20.0%) {40.0%}
2485230  -O                                                                        (1 = 20.0%) {60.0%}
2901002  ... 
3952856  -O                                                                        (1 = 20.0%) {80.0%}
4614158  ... 

Histogram: Autofill.TimingInterval.ExtractFormData.UpdateFormCache.DOMContentLoaded recorded 5 samples, mean = 493855.4 (flags = 0x41)
0        ... 
4        -O                                                                        (1 = 20.0%) {0.0%}
5        ... 
7        -O                                                                        (1 = 20.0%) {20.0%}
8        ... 
1088     -O                                                                        (1 = 20.0%) {40.0%}
1270     ... 
332665   -O                                                                        (1 = 20.0%) {60.0%}
388319   ... 
1823911  -O                                                                        (1 = 20.0%) {80.0%}
2129046  ... 

Histogram: Autofill.TimingInterval.UpdateFormCache.UpdateFormCache.AutofillAgentReset recorded 5 samples, mean = 1875036.6 (flags = 0x41)
0        ... 
50       -O                                                                        (1 = 20.0%) {0.0%}
58       ... 
1730     -O                                                                        (1 = 20.0%) {20.0%}
2019     ... 
2129046  -O                                                                        (1 = 20.0%) {40.0%}
2485230  -O                                                                        (1 = 20.0%) {60.0%}
2901002  ... 
3952856  -O                                                                        (1 = 20.0%) {80.0%}
4614158  ... 

Histogram: Autofill.TimingInterval.UpdateFormCache.UpdateFormCache.DOMContentLoaded recorded 5 samples, mean = 493941.2 (flags = 0x41)
0        ... 
9        -O                                                                        (1 = 20.0%) {0.0%}
11       -O                                                                        (1 = 20.0%) {20.0%}
13       ... 
1482     -O                                                                        (1 = 20.0%) {40.0%}
1730     ... 
332665   -O                                                                        (1 = 20.0%) {60.0%}
388319   ... 
1823911  -O                                                                        (1 = 20.0%) {80.0%}
2129046  ... 

Histogram: Autofill.TimingPrecise.ExtractFormData recorded 8 samples, mean = 145.2 (flags = 0x41)
0    O                                                                         (0 = 0.0%)
1    -O                                                                        (1 = 12.5%) {0.0%}
2    O                                                                         (0 = 0.0%) {12.5%}
3    --O                                                                       (2 = 25.0%) {12.5%}
4    ... 
6    -O                                                                        (1 = 12.5%) {37.5%}
7    ... 
28   -O                                                                        (1 = 12.5%) {50.0%}
32   ... 
47   -O                                                                        (1 = 12.5%) {62.5%}
53   ... 
414  -O                                                                        (1 = 12.5%) {75.0%}
471  ... 
610  -O                                                                        (1 = 12.5%) {87.5%}
695  ... 

Histogram: Autofill.TimingPrecise.ExtractFormData.GetFormDataFromUnownedInputElements recorded 3 samples, mean = 153.0 (flags = 0x41)
0    O                                                                         (0 = 0.0%)
1    -O                                                                        (1 = 33.3%) {0.0%}
2    O                                                                         (0 = 0.0%) {33.3%}
3    -O                                                                        (1 = 33.3%) {33.3%}
4    ... 
414  -O                                                                        (1 = 33.3%) {66.7%}
471  ... 

Histogram: Autofill.TimingPrecise.ExtractFormData.UpdateFormCache recorded 5 samples, mean = 140.6 (flags = 0x41)
0    ... 
3    -O                                                                        (1 = 20.0%) {0.0%}
4    ... 
6    -O                                                                        (1 = 20.0%) {20.0%}
7    ... 
28   -O                                                                        (1 = 20.0%) {40.0%}
32   ... 
47   -O                                                                        (1 = 20.0%) {60.0%}
53   ... 
610  -O                                                                        (1 = 20.0%) {80.0%}
695  ... 

Histogram: Autofill.TimingPrecise.InferLabelForElement recorded 8 samples, mean = 0.1 (flags = 0x41)
0  -------O                                                                  (7 = 87.5%)
1  -O                                                                        (1 = 12.5%) {87.5%}
2  ... 

Histogram: Autofill.TimingPrecise.UpdateFormCache recorded 5 samples, mean = 348.2 (flags = 0x41)
0     ... 
10    -O                                                                        (1 = 20.0%) {0.0%}
11    -O                                                                        (1 = 20.0%) {20.0%}
13    ... 
60    -O                                                                        (1 = 20.0%) {40.0%}
68    ... 
320   -O                                                                        (1 = 20.0%) {60.0%}
364   ... 
1168  -O                                                                        (1 = 20.0%) {80.0%}
1330  ... 

Histogram: Autofill.TimingPrecise.UpdateFormCache.UpdateFormCache recorded 5 samples, mean = 348.2 (flags = 0x41)
0     ... 
10    -O                                                                        (1 = 20.0%) {0.0%}
11    -O                                                                        (1 = 20.0%) {20.0%}
13    ... 
60    -O                                                                        (1 = 20.0%) {40.0%}
68    ... 
320   -O                                                                        (1 = 20.0%) {60.0%}
364   ... 
1168  -O                                                                        (1 = 20.0%) {80.0%}
1330  ... 

Histogram: Autofill.VirtualCardUsageData.StoredUsageDataCount recorded 1 samples, mean = 0.0 (flags = 0x41)
0  -O                                                                        (1 = 100.0%)
1  ... 

Histogram: Blink.CSSStyleSheetResource.ParseTime recorded 7 samples, mean = 1196.6 (flags = 0x41)
0     ... 
55    -O                                                                        (1 = 14.3%) {0.0%}
76    -O                                                                        (1 = 14.3%) {14.3%}
105   ... 
282   -O                                                                        (1 = 14.3%) {28.6%}
391   ... 
752   -O                                                                        (1 = 14.3%) {42.9%}
1043  -O                                                                        (1 = 14.3%) {57.1%}
1447  -O                                                                        (1 = 14.3%) {71.4%}
2008  O                                                                         (0 = 0.0%) {85.7%}
2786  -O                                                                        (1 = 14.3%) {85.7%}
3865  ... 

Histogram: Blink.CommitDocumentLoaderTime recorded 7 samples, mean = 10.6 (flags = 0x41)
0   --O                                                                       (2 = 28.6%)
1   --O                                                                       (2 = 28.6%) {28.6%}
2   -O                                                                        (1 = 14.3%) {57.1%}
3   ... 
20  -O                                                                        (1 = 14.3%) {71.4%}
24  ... 
48  -O                                                                        (1 = 14.3%) {85.7%}
57  ... 

Histogram: Blink.CookiesTime recorded 21 samples, mean = 15.3 (flags = 0x41)
0    --------------------O                                                     (20 = 95.2%)
1    ... 
318  -O                                                                        (1 = 4.8%) {95.2%}
378  ... 

Histogram: Blink.CullRect.UpdateTime recorded 42 samples, mean = 17.2 (flags = 0x41)
0    ---------------O                                                          (15 = 35.7%)
1    --------------O                                                           (14 = 33.3%) {35.7%}
2    O                                                                         (0 = 0.0%) {69.0%}
3    -O                                                                        (1 = 2.4%) {69.0%}
4    ----O                                                                     (4 = 9.5%) {71.4%}
6    --O                                                                       (2 = 4.8%) {81.0%}
8    --O                                                                       (2 = 4.8%) {85.7%}
11   --O                                                                       (2 = 4.8%) {90.5%}
15   ... 
29   -O                                                                        (1 = 2.4%) {95.2%}
40   ... 
542  -O                                                                        (1 = 2.4%) {97.6%}
752  ... 

Histogram: Blink.DocumentLoader.CommitNavigationToStartLoadingResponse.Time.OutermostMainFrame.NewNavigation.IsHTTPOrHTTPS recorded 1 samples, mean = 5.0 (flags = 0x41)
0  ... 
5  -O                                                                        (1 = 100.0%) {0.0%}
6  ... 

Histogram: Blink.DocumentLoader.CreateParserPostCommit.Time.OutermostMainFrame.NewNavigation.IsHTTPOrHTTPS recorded 1 samples, mean = 13.0 (flags = 0x41)
0   ... 
12  -O                                                                        (1 = 100.0%) {0.0%}
14  ... 

Histogram: Blink.EffectiveZoom recorded 20 samples (flags = 0x41)
150  --------------------O                                                     (20 = 100.0%)

Histogram: Blink.Experimental.Cookies.CacheLookupResult2 recorded 21 samples, mean = 0.9 (flags = 0x41)
0  --O                                                                       (2 = 9.5%)
1  -------------------O                                                      (19 = 90.5%) {9.5%}
2  ... 

Histogram: Blink.Experimental.Cookies.FirstCookieRequest recorded 2 samples, mean = 1.0 (flags = 0x41)
0  O                                                                         (0 = 0.0%)
1  --O                                                                       (2 = 100.0%) {0.0%}
2  ... 

Histogram: Blink.Fetch.RequestResourceTime2 recorded 125 samples, mean = 224.2 (flags = 0x41)
0      ... 
8      ---------------------------O                                              (27 = 21.6%) {0.0%}
11     --------------------------O                                               (26 = 20.8%) {21.6%}
15     ------------------------O                                                 (24 = 19.2%) {42.4%}
21     -----O                                                                    (5 = 4.0%) {61.6%}
29     ------O                                                                   (6 = 4.8%) {65.6%}
40     --------O                                                                 (8 = 6.4%) {70.4%}
55     -----------O                                                              (11 = 8.8%) {76.8%}
76     --O                                                                       (2 = 1.6%) {85.6%}
105    --O                                                                       (2 = 1.6%) {87.2%}
146    -------O                                                                  (7 = 5.6%) {88.8%}
203    --O                                                                       (2 = 1.6%) {94.4%}
282    -O                                                                        (1 = 0.8%) {96.0%}
391    O                                                                         (0 = 0.0%) {96.8%}
542    -O                                                                        (1 = 0.8%) {96.8%}
752    O                                                                         (0 = 0.0%) {97.6%}
1043   -O                                                                        (1 = 0.8%) {97.6%}
1447   -O                                                                        (1 = 0.8%) {98.4%}
2008   ... 
19866  -O                                                                        (1 = 0.8%) {99.2%}
27562  ... 

Histogram: Blink.Fetch.RequestResourceTime2.Preload recorded 39 samples, mean = 85.6 (flags = 0x41)
0     ... 
8     -----O                                                                    (5 = 12.8%) {0.0%}
11    -----O                                                                    (5 = 12.8%) {12.8%}
15    ---------------O                                                          (15 = 38.5%) {25.6%}
21    ---O                                                                      (3 = 7.7%) {64.1%}
29    O                                                                         (0 = 0.0%) {71.8%}
40    ----O                                                                     (4 = 10.3%) {71.8%}
55    ----O                                                                     (4 = 10.3%) {82.1%}
76    O                                                                         (0 = 0.0%) {92.3%}
105   -O                                                                        (1 = 2.6%) {92.3%}
146   ... 
542   -O                                                                        (1 = 2.6%) {94.9%}
752   ... 
1447  -O                                                                        (1 = 2.6%) {97.4%}
2008  ... 

Histogram: Blink.FetchQueuedPreloadsTime.MainFrame.Initial recorded 1 samples, mean = 1.0 (flags = 0x41)
0  O                                                                         (0 = 0.0%)
1  -O                                                                        (1 = 100.0%) {0.0%}
2  ... 

Histogram: Blink.Fonts.DecodeTime recorded 5 samples, mean = 6476.6 (flags = 0x41)
0      ... 
2786   ----O                                                                     (4 = 80.0%) {0.0%}
3865   ... 
14319  -O                                                                        (1 = 20.0%) {80.0%}
19866  ... 

Histogram: Blink.Fonts.VariableFontsRatio recorded 5 samples, mean = 1.2 (flags = 0x41)
0  O                                                                         (0 = 0.0%)
1  ----O                                                                     (4 = 80.0%) {0.0%}
2  -O                                                                        (1 = 20.0%) {80.0%}
3  ... 

Histogram: Blink.ForcedStyleAndLayout.UpdateTime.PreFCP recorded 2 samples, mean = 9.0 (flags = 0x41)
0   ... 
4   -O                                                                        (1 = 50.0%) {0.0%}
6   ... 
11  -O                                                                        (1 = 50.0%) {50.0%}
15  ... 

Histogram: Blink.HTMLFastPathParser.AbortedParseSize recorded 17 samples, mean = 3.3 (flags = 0x41)
0  ---O                                                                      (3 = 17.6%)
1  ... 
4  --------------O                                                           (14 = 82.4%) {17.6%}
6  ... 

Histogram: Blink.HTMLFastPathParser.AbortedParseTime2 recorded 17 samples, mean = 2.3 (flags = 0x41)
0   --------O                                                                 (8 = 47.1%)
1   ------O                                                                   (6 = 35.3%) {47.1%}
2   -O                                                                        (1 = 5.9%) {82.4%}
3   -O                                                                        (1 = 5.9%) {88.2%}
4   ... 
27  -O                                                                        (1 = 5.9%) {94.1%}
29  ... 

Histogram: Blink.HTMLFastPathParser.ParseResult recorded 33 samples, mean = 8.0 (flags = 0x41)
0   ----------------O                                                         (16 = 48.5%)
1   ... 
4   ---O                                                                      (3 = 9.1%) {48.5%}
5   ... 
18  --------------O                                                           (14 = 42.4%) {57.6%}
19  ... 

Histogram: Blink.HTMLFastPathParser.SuccessfulParseSize recorded 16 samples, mean = 128.8 (flags = 0x41)
0    ... 
105  --------------O                                                           (14 = 87.5%) {0.0%}
146  --O                                                                       (2 = 12.5%) {87.5%}
203  ... 

Histogram: Blink.HTMLFastPathParser.SuccessfulParseTime2 recorded 16 samples, mean = 23.5 (flags = 0x41)
0    -O                                                                        (1 = 6.2%)
1    ------------O                                                             (12 = 75.0%) {6.2%}
2    O                                                                         (0 = 0.0%) {81.2%}
3    -O                                                                        (1 = 6.2%) {81.2%}
4    ... 
6    -O                                                                        (1 = 6.2%) {87.5%}
7    ... 
349  -O                                                                        (1 = 6.2%) {93.8%}
377  ... 

Histogram: Blink.HTMLFastPathParser.TotalParseTime2 recorded 33 samples, mean = 21.2 (flags = 0x41)
0    -O                                                                        (1 = 3.0%)
1    -------O                                                                  (7 = 21.2%) {3.0%}
2    --O                                                                       (2 = 6.1%) {24.2%}
3    ----O                                                                     (4 = 12.1%) {30.3%}
4    ---O                                                                      (3 = 9.1%) {42.4%}
5    --O                                                                       (2 = 6.1%) {51.5%}
6    ... 
8    --O                                                                       (2 = 6.1%) {57.6%}
9    ... 
13   ---O                                                                      (3 = 9.1%) {63.6%}
14   -O                                                                        (1 = 3.0%) {72.7%}
15   -O                                                                        (1 = 3.0%) {75.8%}
16   --O                                                                       (2 = 6.1%) {78.8%}
17   ... 
31   -O                                                                        (1 = 3.0%) {84.8%}
34   -O                                                                        (1 = 3.0%) {87.9%}
37   ... 
54   --O                                                                       (2 = 6.1%) {90.9%}
58   ... 
349  -O                                                                        (1 = 3.0%) {97.0%}
377  ... 

Histogram: Blink.HTMLParsing.ChunkCount4 recorded 1 samples, mean = 1.0 (flags = 0x41)
0  O                                                                         (0 = 0.0%)
1  -O                                                                        (1 = 100.0%) {0.0%}
2  ... 

Histogram: Blink.HTMLParsing.InputCharacterCount4 recorded 1 samples, mean = 148675.0 (flags = 0x41)
0       ... 
141691  -O                                                                        (1 = 100.0%) {0.0%}
196583  ... 

Histogram: Blink.HTMLParsing.ParsingTimeMax4 recorded 1 samples, mean = 5657.0 (flags = 0x41)
0     ... 
5651  -O                                                                        (1 = 100.0%) {0.0%}
5738  ... 

Histogram: Blink.HTMLParsing.ParsingTimeMin4 recorded 1 samples, mean = 5657.0 (flags = 0x41)
0     ... 
5548  -O                                                                        (1 = 100.0%) {0.0%}
6317  ... 

Histogram: Blink.HTMLParsing.ParsingTimeTotal4 recorded 1 samples, mean = 5657.0 (flags = 0x41)
0     ... 
5651  -O                                                                        (1 = 100.0%) {0.0%}
5738  ... 

Histogram: Blink.HTMLParsing.PreloadRequestCount recorded 1 samples, mean = 32.0 (flags = 0x41)
0   ... 
29  -O                                                                        (1 = 100.0%) {0.0%}
33  ... 

Histogram: Blink.HTMLParsing.TimeToDeferredPumpTokenizer4 recorded 1 samples, mean = 667.0 (flags = 0x41)
0    ... 
610  -O                                                                        (1 = 100.0%) {0.0%}
695  ... 

Histogram: Blink.HTMLParsing.TokensParsedAverage4 recorded 1 samples, mean = 126.0 (flags = 0x41)
0    ... 
113  -O                                                                        (1 = 100.0%) {0.0%}
149  ... 

Histogram: Blink.HTMLParsing.TokensParsedMax4 recorded 1 samples, mean = 126.0 (flags = 0x41)
0    ... 
113  -O                                                                        (1 = 100.0%) {0.0%}
149  ... 

Histogram: Blink.HTMLParsing.TokensParsedMin4 recorded 1 samples, mean = 126.0 (flags = 0x41)
0    ... 
114  -O                                                                        (1 = 100.0%) {0.0%}
135  ... 

Histogram: Blink.HTMLParsing.TokensParsedTotal4 recorded 1 samples, mean = 126.0 (flags = 0x41)
0    ... 
105  -O                                                                        (1 = 100.0%) {0.0%}
146  ... 

Histogram: Blink.HTMLParsing.YieldedTimeAverage4 recorded 1 samples, mean = 400.0 (flags = 0x41)
0    ... 
368  -O                                                                        (1 = 100.0%) {0.0%}
430  ... 

Histogram: Blink.HTMLParsing.YieldedTimeMax4 recorded 1 samples, mean = 674.0 (flags = 0x41)
0    ... 
673  -O                                                                        (1 = 100.0%) {0.0%}
683  ... 

Histogram: Blink.HTMLParsing.YieldedTimeMin4 recorded 1 samples, mean = 127.0 (flags = 0x41)
0    ... 
125  -O                                                                        (1 = 100.0%) {0.0%}
146  ... 

Histogram: Blink.History.VisitedLinks.IsLinkStyledAsVisited recorded 60 samples, mean = 0.0 (flags = 0x41)
0  ------------------------------------------------------------O             (60 = 100.0%)
1  ... 

Histogram: Blink.IntersectionObservationJavascriptCount.UpdateTime.PreFCP recorded 1 samples, mean = 8.0 (flags = 0x41)
0  ... 
8  -O                                                                        (1 = 100.0%) {0.0%}
11 ... 

Histogram: Blink.JavascriptDocumentUpdate.UpdateTime.PreFCP recorded 1 samples, mean = 5.0 (flags = 0x41)
0  ... 
4  -O                                                                        (1 = 100.0%) {0.0%}
6  ... 

Histogram: Blink.Layout.InlineNode.ShapeText.MaxTime.InOutermostMainFrame3 recorded 1 samples, mean = 0.0 (flags = 0x41)
0  -O                                                                        (1 = 100.0%)
1  ... 

Histogram: Blink.Layout.InlineNode.ShapeText.TotalTime.InOutermostMainFrame3 recorded 1 samples, mean = 0.0 (flags = 0x41)
0  -O                                                                        (1 = 100.0%)
1  ... 

Histogram: Blink.Layout.SVGImage.Count.InOutermostMainFrame recorded 1 samples, mean = 0.0 (flags = 0x41)
0  -O                                                                        (1 = 100.0%)
1  ... 

Histogram: Blink.Layout.SVGImage.TotalTime.InOutermostMainFrame recorded 1 samples, mean = 0.0 (flags = 0x41)
0  -O                                                                        (1 = 100.0%)
1  ... 

Histogram: Blink.MainFrame.UpdateTime.PreFCP recorded 42 samples, mean = 3213.2 (flags = 0x41)
0      ... 
21     -O                                                                        (1 = 2.4%) {0.0%}
29     --O                                                                       (2 = 4.8%) {2.4%}
40     -------O                                                                  (7 = 16.7%) {7.1%}
55     --------O                                                                 (8 = 19.0%) {23.8%}
76     ---O                                                                      (3 = 7.1%) {42.9%}
105    ----O                                                                     (4 = 9.5%) {50.0%}
146    O                                                                         (0 = 0.0%) {59.5%}
203    -O                                                                        (1 = 2.4%) {59.5%}
282    ---O                                                                      (3 = 7.1%) {61.9%}
391    ---O                                                                      (3 = 7.1%) {69.0%}
542    --O                                                                       (2 = 4.8%) {76.2%}
752    O                                                                         (0 = 0.0%) {81.0%}
1043   -O                                                                        (1 = 2.4%) {81.0%}
1447   O                                                                         (0 = 0.0%) {83.3%}
2008   -O                                                                        (1 = 2.4%) {83.3%}
2786   ---O                                                                      (3 = 7.1%) {85.7%}
3865   ... 
7439   -O                                                                        (1 = 2.4%) {92.9%}
10321  ... 
27562  -O                                                                        (1 = 2.4%) {95.2%}
38240  ... 
73609  -O                                                                        (1 = 2.4%) {97.6%}
102126 ... 

Histogram: Blink.MemoryCache.RevalidationPolicy.AsyncScript recorded 48 samples, mean = 1.6 (flags = 0x41)
0  -----------------------O                                                  (23 = 47.9%)
1  ... 
3  -------------------------O                                                (25 = 52.1%) {47.9%}
4  ... 

Histogram: Blink.MemoryCache.RevalidationPolicy.CSSStyleSheet recorded 7 samples, mean = 0.0 (flags = 0x41)
0  -------O                                                                  (7 = 100.0%)
1  ... 

Histogram: Blink.MemoryCache.RevalidationPolicy.Dead.CSSStyleSheet recorded 1 samples, mean = 0.0 (flags = 0x41)
0  -O                                                                        (1 = 100.0%)
1  ... 

Histogram: Blink.MemoryCache.RevalidationPolicy.Dead.Font recorded 2 samples, mean = 0.0 (flags = 0x41)
0  --O                                                                       (2 = 100.0%)
1  ... 

Histogram: Blink.MemoryCache.RevalidationPolicy.Dead.Script recorded 21 samples, mean = 0.0 (flags = 0x41)
0  ---------------------O                                                    (21 = 100.0%)
1  ... 

Histogram: Blink.MemoryCache.RevalidationPolicy.Font recorded 23 samples, mean = 4.0 (flags = 0x41)
0  -O                                                                        (1 = 4.3%)
1  ... 
4  ------------------O                                                       (18 = 78.3%) {4.3%}
5  ----O                                                                     (4 = 17.4%) {82.6%}
6  O                                                                         (0 = 0.0%) {100.0%}

Histogram: Blink.MemoryCache.RevalidationPolicy.Image recorded 26 samples, mean = 4.0 (flags = 0x41)
0  ... 
3  -O                                                                        (1 = 3.8%) {0.0%}
4  -------------------------O                                                (25 = 96.2%) {3.8%}
5  ... 

Histogram: Blink.MemoryCache.RevalidationPolicy.Manifest recorded 1 samples, mean = 3.0 (flags = 0x41)
0  ... 
3  -O                                                                        (1 = 100.0%) {0.0%}
4  ... 

Histogram: Blink.MemoryCache.RevalidationPolicy.Preload.CSSStyleSheet recorded 13 samples, mean = 1.6 (flags = 0x41)
0  ------O                                                                   (6 = 46.2%)
1  ... 
3  -------O                                                                  (7 = 53.8%) {46.2%}
4  ... 

Histogram: Blink.MemoryCache.RevalidationPolicy.Preload.Font recorded 2 samples, mean = 1.5 (flags = 0x41)
0  -O                                                                        (1 = 50.0%)
1  ... 
3  -O                                                                        (1 = 50.0%) {50.0%}
4  ... 

Histogram: Blink.MemoryCache.RevalidationPolicy.Preload.Script recorded 24 samples, mean = 2.8 (flags = 0x41)
0  --O                                                                       (2 = 8.3%)
1  ... 
3  ----------------------O                                                   (22 = 91.7%) {8.3%}
4  ... 

Histogram: Blink.MemoryCache.RevalidationPolicy.Raw recorded 7 samples, mean = 3.0 (flags = 0x41)
0  ... 
3  -------O                                                                  (7 = 100.0%) {0.0%}
4  ... 

Histogram: Blink.MemoryCache.RevalidationPolicy.Script recorded 26 samples, mean = 0.5 (flags = 0x41)
0  ----------------------O                                                   (22 = 84.6%)
1  ... 
3  ----O                                                                     (4 = 15.4%) {84.6%}
4  ... 

Histogram: Blink.PreloadRequestStartDuration recorded 39 samples, mean = 100.2 (flags = 0x41)
0     ... 
8     ----O                                                                     (4 = 10.3%) {0.0%}
11    -----O                                                                    (5 = 12.8%) {10.3%}
15    ----------------O                                                         (16 = 41.0%) {23.1%}
21    ---O                                                                      (3 = 7.7%) {64.1%}
29    O                                                                         (0 = 0.0%) {71.8%}
40    ----O                                                                     (4 = 10.3%) {71.8%}
55    ---O                                                                      (3 = 7.7%) {82.1%}
76    O                                                                         (0 = 0.0%) {89.7%}
105   -O                                                                        (1 = 2.6%) {89.7%}
146   O                                                                         (0 = 0.0%) {92.3%}
203   -O                                                                        (1 = 2.6%) {92.3%}
282   ... 
542   -O                                                                        (1 = 2.6%) {94.9%}
752   ... 
1447  -O                                                                        (1 = 2.6%) {97.4%}
2008  ... 

Histogram: Blink.PreloadRequestWaitTime recorded 30 samples, mean = 2.5 (flags = 0x41)
0  O                                                                         (0 = 0.0%)
1  --O                                                                       (2 = 6.7%) {0.0%}
2  ----------O                                                               (10 = 33.3%) {6.7%}
3  ------------------O                                                       (18 = 60.0%) {40.0%}
4  ... 

Histogram: Blink.PrepareToStopParsingTime recorded 24 samples, mean = 0.4 (flags = 0x41)
0  ---------------------O                                                    (21 = 87.5%)
1  -O                                                                        (1 = 4.2%) {87.5%}
2  O                                                                         (0 = 0.0%) {91.7%}
3  -O                                                                        (1 = 4.2%) {91.7%}
4  ... 
6  -O                                                                        (1 = 4.2%) {95.8%}
7  ... 

Histogram: Blink.PumpTokenizerTime recorded 46 samples, mean = 0.7 (flags = 0x41)
0   ------------------------------------------O                               (42 = 91.3%)
1   ... 
5   -O                                                                        (1 = 2.2%) {91.3%}
6   O                                                                         (0 = 0.0%) {93.5%}
7   -O                                                                        (1 = 2.2%) {93.5%}
8   O                                                                         (0 = 0.0%) {95.7%}
10  --O                                                                       (2 = 4.3%) {95.7%}
12  ... 

Histogram: Blink.ResourceRequest.BackgroundResourceFetchSupportStatus recorded 51 samples, mean = 0.1 (flags = 0x41)
0  -------------------------------------------------O                        (49 = 96.1%)
1  O                                                                         (0 = 0.0%) {96.1%}
2  --O                                                                       (2 = 3.9%) {96.1%}
3  ... 

Histogram: Blink.ResourceRequest.CompletionDelay2 recorded 51 samples, mean = 22.9 (flags = 0x41)
0    ---------------------------------------O                                  (39 = 76.5%)
1    ---O                                                                      (3 = 5.9%) {76.5%}
2    -O                                                                        (1 = 2.0%) {82.4%}
3    -O                                                                        (1 = 2.0%) {84.3%}
4    ... 
14   -O                                                                        (1 = 2.0%) {86.3%}
17   O                                                                         (0 = 0.0%) {88.2%}
20   ---O                                                                      (3 = 5.9%) {88.2%}
24   ... 
268  -O                                                                        (1 = 2.0%) {94.1%}
318  O                                                                         (0 = 0.0%) {96.1%}
378  --O                                                                       (2 = 3.9%) {96.1%}
449  ... 

Histogram: Blink.ResourceRequest.RedirectDelay2 recorded 2 samples, mean = 0.0 (flags = 0x41)
0  --O                                                                       (2 = 100.0%)
1  ... 

Histogram: Blink.ResourceRequest.ResponseDelay2 recorded 47 samples, mean = 26.2 (flags = 0x41)
0    -------------------------------------O                                    (37 = 78.7%)
1    -O                                                                        (1 = 2.1%) {78.7%}
2    -O                                                                        (1 = 2.1%) {80.9%}
3    ... 
5    -O                                                                        (1 = 2.1%) {83.0%}
6    ... 
14   -O                                                                        (1 = 2.1%) {85.1%}
17   O                                                                         (0 = 0.0%) {87.2%}
20   --O                                                                       (2 = 4.3%) {87.2%}
24   ... 
48   -O                                                                        (1 = 2.1%) {91.5%}
57   ... 
268  -O                                                                        (1 = 2.1%) {93.6%}
318  O                                                                         (0 = 0.0%) {95.7%}
378  --O                                                                       (2 = 4.3%) {95.7%}
449  ... 

Histogram: Blink.ResourceRequest.StartDelay2 recorded 47 samples, mean = 1485.5 (flags = 0x41)
0     ... 
68    -O                                                                        (1 = 2.1%) {0.0%}
81    ... 
135   -O                                                                        (1 = 2.1%) {2.1%}
160   -O                                                                        (1 = 2.1%) {4.3%}
190   ... 
268   ----O                                                                     (4 = 8.5%) {6.4%}
318   ------O                                                                   (6 = 12.8%) {14.9%}
378   --O                                                                       (2 = 4.3%) {27.7%}
449   O                                                                         (0 = 0.0%) {31.9%}
533   --O                                                                       (2 = 4.3%) {31.9%}
633   -O                                                                        (1 = 2.1%) {36.2%}
752   O                                                                         (0 = 0.0%) {38.3%}
894   -------O                                                                  (7 = 14.9%) {38.3%}
1062  ... 
1500  -O                                                                        (1 = 2.1%) {53.2%}
1782  O                                                                         (0 = 0.0%) {55.3%}
2117  ---------O                                                                (9 = 19.1%) {55.3%}
2516  ----------O                                                               (10 = 21.3%) {74.5%}
2990  O                                                                         (0 = 0.0%) {95.7%}
3553  --O                                                                       (2 = 4.3%) {95.7%}
4222  ... 

Histogram: Blink.ScanAndPreloadTime.MainFrame.Initial recorded 1 samples, mean = 3.0 (flags = 0x41)
0  ... 
3  -O                                                                        (1 = 100.0%) {0.0%}
4  ... 

Histogram: Blink.ScanAndPreloadTime.MainFrame.NonInitial recorded 1 samples, mean = 0.0 (flags = 0x41)
0  -O                                                                        (1 = 100.0%)
1  ... 

Histogram: Blink.ScanAndPreloadTime2.MainFrame.Initial recorded 1 samples, mean = 3911.0 (flags = 0x41)
0     ... 
3865  -O                                                                        (1 = 100.0%) {0.0%}
5362  ... 

Histogram: Blink.ScanAndPreloadTime2.MainFrame.NonInitial recorded 1 samples, mean = 7.0 (flags = 0x41)
0  ... 
6  -O                                                                        (1 = 100.0%) {0.0%}
8  ... 

Histogram: Blink.ScanAndPreloadTime2.Preload.MainFrame.Initial recorded 1 samples, mean = 1436.0 (flags = 0x41)
0     ... 
1043  -O                                                                        (1 = 100.0%) {0.0%}
1447  ... 

Histogram: Blink.ScanAndPreloadTime2.Preload.MainFrame.NonInitial recorded 1 samples, mean = 0.0 (flags = 0x41)
0  -O                                                                        (1 = 100.0%)
1  ... 

Histogram: Blink.ScanAndPreloadTime2.Scan.MainFrame.Initial recorded 1 samples, mean = 2465.0 (flags = 0x41)
0     ... 
2008  -O                                                                        (1 = 100.0%) {0.0%}
2786  ... 

Histogram: Blink.ScanAndPreloadTime2.Scan.MainFrame.NonInitial recorded 1 samples, mean = 1.0 (flags = 0x41)
0  O                                                                         (0 = 0.0%)
1  -O                                                                        (1 = 100.0%) {0.0%}
2  ... 

Histogram: Blink.Script.AsyncScript.FromReadyToStartExecution.Time recorded 26 samples, mean = 0.1 (flags = 0x41)
0  -------------------------O                                                (25 = 96.2%)
1  O                                                                         (0 = 0.0%) {96.2%}
2  -O                                                                        (1 = 3.8%) {96.2%}
3  ... 

Histogram: Blink.Script.SchedulingType recorded 41 samples, mean = 5.3 (flags = 0x41)
0  ... 
3  -O                                                                        (1 = 2.4%) {0.0%}
4  O                                                                         (0 = 0.0%) {2.4%}
5  -------------------------O                                                (25 = 61.0%) {2.4%}
6  ---------------O                                                          (15 = 36.6%) {63.4%}
7  ... 

Histogram: Blink.UseCounter.AnimatedCSSProperties recorded 1 samples, mean = 1.0 (flags = 0x41)
0  O                                                                         (0 = 0.0%)
1  -O                                                                        (1 = 100.0%) {0.0%}
2  ... 

Histogram: Blink.UseCounter.CSSProperties recorded 98 samples, mean = 276.7 (flags = 0x41)
0    O                                                                         (0 = 0.0%)
1    -O                                                                        (1 = 1.0%) {0.0%}
2    -O                                                                        (1 = 1.0%) {1.0%}
3    -O                                                                        (1 = 1.0%) {2.0%}
4    -O                                                                        (1 = 1.0%) {3.1%}
5    -O                                                                        (1 = 1.0%) {4.1%}
6    -O                                                                        (1 = 1.0%) {5.1%}
7    -O                                                                        (1 = 1.0%) {6.1%}
8    -O                                                                        (1 = 1.0%) {7.1%}
9    O                                                                         (0 = 0.0%) {8.2%}
10   -O                                                                        (1 = 1.0%) {8.2%}
11   ... 
14   -O                                                                        (1 = 1.0%) {9.2%}
15   ... 
20   -O                                                                        (1 = 1.0%) {10.2%}
21   -O                                                                        (1 = 1.0%) {11.2%}
22   ... 
24   -O                                                                        (1 = 1.0%) {12.2%}
25   ... 
34   -O                                                                        (1 = 1.0%) {13.3%}
35   ... 
42   -O                                                                        (1 = 1.0%) {14.3%}
43   ... 
53   -O                                                                        (1 = 1.0%) {15.3%}
54   ... 
59   -O                                                                        (1 = 1.0%) {16.3%}
60   ... 
66   -O                                                                        (1 = 1.0%) {17.3%}
67   ... 
69   -O                                                                        (1 = 1.0%) {18.4%}
70   ... 
72   -O                                                                        (1 = 1.0%) {19.4%}
73   O                                                                         (0 = 0.0%) {20.4%}
74   -O                                                                        (1 = 1.0%) {20.4%}
75   ... 
77   -O                                                                        (1 = 1.0%) {21.4%}
78   ... 
81   -O                                                                        (1 = 1.0%) {22.4%}
82   ... 
84   -O                                                                        (1 = 1.0%) {23.5%}
85   ... 
89   -O                                                                        (1 = 1.0%) {24.5%}
90   ... 
95   -O                                                                        (1 = 1.0%) {25.5%}
96   -O                                                                        (1 = 1.0%) {26.5%}
97   -O                                                                        (1 = 1.0%) {27.6%}
98   -O                                                                        (1 = 1.0%) {28.6%}
99   O                                                                         (0 = 0.0%) {29.6%}
100  -O                                                                        (1 = 1.0%) {29.6%}
101  ... 
105  -O                                                                        (1 = 1.0%) {30.6%}
106  -O                                                                        (1 = 1.0%) {31.6%}
107  -O                                                                        (1 = 1.0%) {32.7%}
108  O                                                                         (0 = 0.0%) {33.7%}
109  -O                                                                        (1 = 1.0%) {33.7%}
110  ... 
118  -O                                                                        (1 = 1.0%) {34.7%}
119  -O                                                                        (1 = 1.0%) {35.7%}
120  ... 
124  -O                                                                        (1 = 1.0%) {36.7%}
125  ... 
127  -O                                                                        (1 = 1.0%) {37.8%}
128  -O                                                                        (1 = 1.0%) {38.8%}
129  -O                                                                        (1 = 1.0%) {39.8%}
130  ... 
143  -O                                                                        (1 = 1.0%) {40.8%}
144  ... 
150  -O                                                                        (1 = 1.0%) {41.8%}
151  O                                                                         (0 = 0.0%) {42.9%}
152  -O                                                                        (1 = 1.0%) {42.9%}
153  -O                                                                        (1 = 1.0%) {43.9%}
154  -O                                                                        (1 = 1.0%) {44.9%}
155  O                                                                         (0 = 0.0%) {45.9%}
156  -O                                                                        (1 = 1.0%) {45.9%}
157  -O                                                                        (1 = 1.0%) {46.9%}
158  O                                                                         (0 = 0.0%) {48.0%}
159  -O                                                                        (1 = 1.0%) {48.0%}
160  O                                                                         (0 = 0.0%) {49.0%}
161  -O                                                                        (1 = 1.0%) {49.0%}
162  -O                                                                        (1 = 1.0%) {50.0%}
163  O                                                                         (0 = 0.0%) {51.0%}
164  -O                                                                        (1 = 1.0%) {51.0%}
165  -O                                                                        (1 = 1.0%) {52.0%}
166  ... 
175  -O                                                                        (1 = 1.0%) {53.1%}
176  ... 
231  -O                                                                        (1 = 1.0%) {54.1%}
232  -O                                                                        (1 = 1.0%) {55.1%}
233  O                                                                         (0 = 0.0%) {56.1%}
234  -O                                                                        (1 = 1.0%) {56.1%}
235  -O                                                                        (1 = 1.0%) {57.1%}
236  O                                                                         (0 = 0.0%) {58.2%}
237  -O                                                                        (1 = 1.0%) {58.2%}
238  -O                                                                        (1 = 1.0%) {59.2%}
239  -O                                                                        (1 = 1.0%) {60.2%}
240  -O                                                                        (1 = 1.0%) {61.2%}
241  O                                                                         (0 = 0.0%) {62.2%}
242  -O                                                                        (1 = 1.0%) {62.2%}
243  ... 
303  -O                                                                        (1 = 1.0%) {63.3%}
304  ... 
369  -O                                                                        (1 = 1.0%) {64.3%}
370  -O                                                                        (1 = 1.0%) {65.3%}
371  ... 
415  -O                                                                        (1 = 1.0%) {66.3%}
416  ... 
432  -O                                                                        (1 = 1.0%) {67.3%}
433  -O                                                                        (1 = 1.0%) {68.4%}
434  ... 
437  -O                                                                        (1 = 1.0%) {69.4%}
438  ... 
446  -O                                                                        (1 = 1.0%) {70.4%}
447  ... 
508  -O                                                                        (1 = 1.0%) {71.4%}
509  ... 
514  -O                                                                        (1 = 1.0%) {72.4%}
515  -O                                                                        (1 = 1.0%) {73.5%}
516  -O                                                                        (1 = 1.0%) {74.5%}
517  ... 
537  -O                                                                        (1 = 1.0%) {75.5%}
538  ... 
549  -O                                                                        (1 = 1.0%) {76.5%}
550  ... 
556  -O                                                                        (1 = 1.0%) {77.6%}
557  ... 
563  -O                                                                        (1 = 1.0%) {78.6%}
564  ... 
591  -O                                                                        (1 = 1.0%) {79.6%}
592  -O                                                                        (1 = 1.0%) {80.6%}
593  O                                                                         (0 = 0.0%) {81.6%}
594  -O                                                                        (1 = 1.0%) {81.6%}
595  -O                                                                        (1 = 1.0%) {82.7%}
596  ... 
598  -O                                                                        (1 = 1.0%) {83.7%}
599  -O                                                                        (1 = 1.0%) {84.7%}
600  ... 
618  -O                                                                        (1 = 1.0%) {85.7%}
619  -O                                                                        (1 = 1.0%) {86.7%}
620  -O                                                                        (1 = 1.0%) {87.8%}
621  -O                                                                        (1 = 1.0%) {88.8%}
622  ... 
636  -O                                                                        (1 = 1.0%) {89.8%}
637  ... 
657  -O                                                                        (1 = 1.0%) {90.8%}
658  -O                                                                        (1 = 1.0%) {91.8%}
659  ... 
662  -O                                                                        (1 = 1.0%) {92.9%}
663  ... 
672  -O                                                                        (1 = 1.0%) {93.9%}
673  -O                                                                        (1 = 1.0%) {94.9%}
674  O                                                                         (0 = 0.0%) {95.9%}
675  -O                                                                        (1 = 1.0%) {95.9%}
676  ... 
696  -O                                                                        (1 = 1.0%) {96.9%}
697  ... 
746  -O                                                                        (1 = 1.0%) {98.0%}
747  ... 
770  -O                                                                        (1 = 1.0%) {99.0%}
771  ... 

Histogram: Blink.UseCounter.Features recorded 183 samples, mean = 2259.6 (flags = 0x41)
0     ... 
13    -O                                                                        (1 = 0.5%) {0.0%}
14    ... 
16    -O                                                                        (1 = 0.5%) {0.5%}
17    ... 
52    -O                                                                        (1 = 0.5%) {1.1%}
53    ... 
69    -O                                                                        (1 = 0.5%) {1.6%}
70    ... 
123   -O                                                                        (1 = 0.5%) {2.2%}
124   -O                                                                        (1 = 0.5%) {2.7%}
125   -O                                                                        (1 = 0.5%) {3.3%}
126   ... 
138   -O                                                                        (1 = 0.5%) {3.8%}
139   ... 
240   -O                                                                        (1 = 0.5%) {4.4%}
241   ... 
250   -O                                                                        (1 = 0.5%) {4.9%}
251   ... 
429   -O                                                                        (1 = 0.5%) {5.5%}
430   -O                                                                        (1 = 0.5%) {6.0%}
431   -O                                                                        (1 = 0.5%) {6.6%}
432   -O                                                                        (1 = 0.5%) {7.1%}
433   ... 
469   -O                                                                        (1 = 0.5%) {7.7%}
470   ... 
494   -O                                                                        (1 = 0.5%) {8.2%}
495   ... 
522   -O                                                                        (1 = 0.5%) {8.7%}
523   -O                                                                        (1 = 0.5%) {9.3%}
524   -O                                                                        (1 = 0.5%) {9.8%}
525   ... 
540   -O                                                                        (1 = 0.5%) {10.4%}
541   ... 
587   -O                                                                        (1 = 0.5%) {10.9%}
588   -O                                                                        (1 = 0.5%) {11.5%}
589   ... 
675   -O                                                                        (1 = 0.5%) {12.0%}
676   O                                                                         (0 = 0.0%) {12.6%}
677   -O                                                                        (1 = 0.5%) {12.6%}
678   ... 
710   -O                                                                        (1 = 0.5%) {13.1%}
711   -O                                                                        (1 = 0.5%) {13.7%}
712   -O                                                                        (1 = 0.5%) {14.2%}
713   ... 
717   -O                                                                        (1 = 0.5%) {14.8%}
718   ... 
730   -O                                                                        (1 = 0.5%) {15.3%}
731   ... 
744   -O                                                                        (1 = 0.5%) {15.8%}
745   ... 
780   -O                                                                        (1 = 0.5%) {16.4%}
781   -O                                                                        (1 = 0.5%) {16.9%}
782   ... 
786   -O                                                                        (1 = 0.5%) {17.5%}
787   -O                                                                        (1 = 0.5%) {18.0%}
788   ... 
804   -O                                                                        (1 = 0.5%) {18.6%}
805   ... 
900   -O                                                                        (1 = 0.5%) {19.1%}
901   -O                                                                        (1 = 0.5%) {19.7%}
902   ... 
907   -O                                                                        (1 = 0.5%) {20.2%}
908   ... 
954   -O                                                                        (1 = 0.5%) {20.8%}
955   ... 
970   -O                                                                        (1 = 0.5%) {21.3%}
971   O                                                                         (0 = 0.0%) {21.9%}
972   -O                                                                        (1 = 0.5%) {21.9%}
973   -O                                                                        (1 = 0.5%) {22.4%}
974   ... 
976   -O                                                                        (1 = 0.5%) {23.0%}
977   ... 
1023  -O                                                                        (1 = 0.5%) {23.5%}
1024  ... 
1069  -O                                                                        (1 = 0.5%) {24.0%}
1070  -O                                                                        (1 = 0.5%) {24.6%}
1071  ... 
1075  -O                                                                        (1 = 0.5%) {25.1%}
1076  -O                                                                        (1 = 0.5%) {25.7%}
1077  ... 
1124  -O                                                                        (1 = 0.5%) {26.2%}
1125  ... 
1302  -O                                                                        (1 = 0.5%) {26.8%}
1303  ... 
1347  -O                                                                        (1 = 0.5%) {27.3%}
1348  ... 
1351  -O                                                                        (1 = 0.5%) {27.9%}
1352  ... 
1354  -O                                                                        (1 = 0.5%) {28.4%}
1355  ... 
1368  -O                                                                        (1 = 0.5%) {29.0%}
1369  ... 
1417  -O                                                                        (1 = 0.5%) {29.5%}
1418  ... 
1441  -O                                                                        (1 = 0.5%) {30.1%}
1442  ... 
1458  -O                                                                        (1 = 0.5%) {30.6%}
1459  -O                                                                        (1 = 0.5%) {31.1%}
1460  ... 
1462  -O                                                                        (1 = 0.5%) {31.7%}
1463  -O                                                                        (1 = 0.5%) {32.2%}
1464  ... 
1467  -O                                                                        (1 = 0.5%) {32.8%}
1468  ... 
1502  -O                                                                        (1 = 0.5%) {33.3%}
1503  ... 
1692  -O                                                                        (1 = 0.5%) {33.9%}
1693  -O                                                                        (1 = 0.5%) {34.4%}
1694  ... 
1827  -O                                                                        (1 = 0.5%) {35.0%}
1828  ... 
2013  -O                                                                        (1 = 0.5%) {35.5%}
2014  ... 
2077  -O                                                                        (1 = 0.5%) {36.1%}
2078  ... 
2094  -O                                                                        (1 = 0.5%) {36.6%}
2095  O                                                                         (0 = 0.0%) {37.2%}
2096  -O                                                                        (1 = 0.5%) {37.2%}
2097  ... 
2100  -O                                                                        (1 = 0.5%) {37.7%}
2101  ... 
2112  -O                                                                        (1 = 0.5%) {38.3%}
2113  ... 
2121  -O                                                                        (1 = 0.5%) {38.8%}
2122  ... 
2188  -O                                                                        (1 = 0.5%) {39.3%}
2189  ... 
2191  -O                                                                        (1 = 0.5%) {39.9%}
2192  ... 
2195  -O                                                                        (1 = 0.5%) {40.4%}
2196  ... 
2203  -O                                                                        (1 = 0.5%) {41.0%}
2204  -O                                                                        (1 = 0.5%) {41.5%}
2205  ... 
2217  -O                                                                        (1 = 0.5%) {42.1%}
2218  ... 
2226  -O                                                                        (1 = 0.5%) {42.6%}
2227  O                                                                         (0 = 0.0%) {43.2%}
2228  -O                                                                        (1 = 0.5%) {43.2%}
2229  -O                                                                        (1 = 0.5%) {43.7%}
2230  ... 
2236  -O                                                                        (1 = 0.5%) {44.3%}
2237  ... 
2298  -O                                                                        (1 = 0.5%) {44.8%}
2299  ... 
2314  -O                                                                        (1 = 0.5%) {45.4%}
2315  ... 
2319  -O                                                                        (1 = 0.5%) {45.9%}
2320  ... 
2322  -O                                                                        (1 = 0.5%) {46.4%}
2323  ... 
2347  -O                                                                        (1 = 0.5%) {47.0%}
2348  ... 
2355  -O                                                                        (1 = 0.5%) {47.5%}
2356  ... 
2361  -O                                                                        (1 = 0.5%) {48.1%}
2362  ... 
2387  -O                                                                        (1 = 0.5%) {48.6%}
2388  -O                                                                        (1 = 0.5%) {49.2%}
2389  ... 
2399  -O                                                                        (1 = 0.5%) {49.7%}
2400  ... 
2413  -O                                                                        (1 = 0.5%) {50.3%}
2414  ... 
2429  -O                                                                        (1 = 0.5%) {50.8%}
2430  O                                                                         (0 = 0.0%) {51.4%}
2431  -O                                                                        (1 = 0.5%) {51.4%}
2432  ... 
2487  -O                                                                        (1 = 0.5%) {51.9%}
2488  ... 
2518  -O                                                                        (1 = 0.5%) {52.5%}
2519  ... 
2598  -O                                                                        (1 = 0.5%) {53.0%}
2599  ... 
2618  -O                                                                        (1 = 0.5%) {53.6%}
2619  ... 
2654  -O                                                                        (1 = 0.5%) {54.1%}
2655  -O                                                                        (1 = 0.5%) {54.6%}
2656  -O                                                                        (1 = 0.5%) {55.2%}
2657  -O                                                                        (1 = 0.5%) {55.7%}
2658  -O                                                                        (1 = 0.5%) {56.3%}
2659  -O                                                                        (1 = 0.5%) {56.8%}
2660  -O                                                                        (1 = 0.5%) {57.4%}
2661  -O                                                                        (1 = 0.5%) {57.9%}
2662  -O                                                                        (1 = 0.5%) {58.5%}
2663  -O                                                                        (1 = 0.5%) {59.0%}
2664  ... 
2699  -O                                                                        (1 = 0.5%) {59.6%}
2700  -O                                                                        (1 = 0.5%) {60.1%}
2701  -O                                                                        (1 = 0.5%) {60.7%}
2702  -O                                                                        (1 = 0.5%) {61.2%}
2703  -O                                                                        (1 = 0.5%) {61.7%}
2704  -O                                                                        (1 = 0.5%) {62.3%}
2705  -O                                                                        (1 = 0.5%) {62.8%}
2706  -O                                                                        (1 = 0.5%) {63.4%}
2707  -O                                                                        (1 = 0.5%) {63.9%}
2708  ... 
2710  -O                                                                        (1 = 0.5%) {64.5%}
2711  -O                                                                        (1 = 0.5%) {65.0%}
2712  ... 
2714  -O                                                                        (1 = 0.5%) {65.6%}
2715  -O                                                                        (1 = 0.5%) {66.1%}
2716  -O                                                                        (1 = 0.5%) {66.7%}
2717  ... 
2723  -O                                                                        (1 = 0.5%) {67.2%}
2724  ... 
2738  -O                                                                        (1 = 0.5%) {67.8%}
2739  ... 
2769  -O                                                                        (1 = 0.5%) {68.3%}
2770  ... 
2789  -O                                                                        (1 = 0.5%) {68.9%}
2790  -O                                                                        (1 = 0.5%) {69.4%}
2791  -O                                                                        (1 = 0.5%) {69.9%}
2792  -O                                                                        (1 = 0.5%) {70.5%}
2793  ... 
2841  -O                                                                        (1 = 0.5%) {71.0%}
2842  ... 
2903  -O                                                                        (1 = 0.5%) {71.6%}
2904  -O                                                                        (1 = 0.5%) {72.1%}
2905  ... 
2927  -O                                                                        (1 = 0.5%) {72.7%}
2928  ... 
2935  -O                                                                        (1 = 0.5%) {73.2%}
2936  ... 
3004  -O                                                                        (1 = 0.5%) {73.8%}
3005  ... 
3019  -O                                                                        (1 = 0.5%) {74.3%}
3020  -O                                                                        (1 = 0.5%) {74.9%}
3021  ... 
3028  -O                                                                        (1 = 0.5%) {75.4%}
3029  ... 
3066  -O                                                                        (1 = 0.5%) {76.0%}
3067  ... 
3116  -O                                                                        (1 = 0.5%) {76.5%}
3117  ... 
3157  -O                                                                        (1 = 0.5%) {77.0%}
3158  ... 
3189  -O                                                                        (1 = 0.5%) {77.6%}
3190  ... 
3198  -O                                                                        (1 = 0.5%) {78.1%}
3199  ... 
3254  -O                                                                        (1 = 0.5%) {78.7%}
3255  ... 
3273  -O                                                                        (1 = 0.5%) {79.2%}
3274  O                                                                         (0 = 0.0%) {79.8%}
3275  -O                                                                        (1 = 0.5%) {79.8%}
3276  ... 
3279  -O                                                                        (1 = 0.5%) {80.3%}
3280  ... 
3307  -O                                                                        (1 = 0.5%) {80.9%}
3308  -O                                                                        (1 = 0.5%) {81.4%}
3309  ... 
3349  -O                                                                        (1 = 0.5%) {82.0%}
3350  ... 
3359  -O                                                                        (1 = 0.5%) {82.5%}
3360  ... 
3409  -O                                                                        (1 = 0.5%) {83.1%}
3410  ... 
3444  -O                                                                        (1 = 0.5%) {83.6%}
3445  ... 
3580  -O                                                                        (1 = 0.5%) {84.2%}
3581  -O                                                                        (1 = 0.5%) {84.7%}
3582  ... 
3698  -O                                                                        (1 = 0.5%) {85.2%}
3699  ... 
3789  -O                                                                        (1 = 0.5%) {85.8%}
3790  -O                                                                        (1 = 0.5%) {86.3%}
3791  ... 
3803  -O                                                                        (1 = 0.5%) {86.9%}
3804  ... 
3870  -O                                                                        (1 = 0.5%) {87.4%}
3871  ... 
3945  -O                                                                        (1 = 0.5%) {88.0%}
3946  ... 
3973  -O                                                                        (1 = 0.5%) {88.5%}
3974  ... 
4007  -O                                                                        (1 = 0.5%) {89.1%}
4008  ... 
4079  -O                                                                        (1 = 0.5%) {89.6%}
4080  ... 
4113  -O                                                                        (1 = 0.5%) {90.2%}
4114  ... 
4161  -O                                                                        (1 = 0.5%) {90.7%}
4162  ... 
4177  -O                                                                        (1 = 0.5%) {91.3%}
4178  ... 
4194  -O                                                                        (1 = 0.5%) {91.8%}
4195  O                                                                         (0 = 0.0%) {92.3%}
4196  -O                                                                        (1 = 0.5%) {92.3%}
4197  ... 
4240  -O                                                                        (1 = 0.5%) {92.9%}
4241  O                                                                         (0 = 0.0%) {93.4%}
4242  -O                                                                        (1 = 0.5%) {93.4%}
4243  ... 
4307  -O                                                                        (1 = 0.5%) {94.0%}
4308  ... 
4317  -O                                                                        (1 = 0.5%) {94.5%}
4318  ... 
4372  -O                                                                        (1 = 0.5%) {95.1%}
4373  ... 
4379  -O                                                                        (1 = 0.5%) {95.6%}
4380  ... 
4419  -O                                                                        (1 = 0.5%) {96.2%}
4420  ... 
4561  -O                                                                        (1 = 0.5%) {96.7%}
4562  ... 
4673  -O                                                                        (1 = 0.5%) {97.3%}
4674  ... 
4743  -O                                                                        (1 = 0.5%) {97.8%}
4744  ... 
4877  -O                                                                        (1 = 0.5%) {98.4%}
4878  ... 
4961  -O                                                                        (1 = 0.5%) {98.9%}
4962  ... 
4994  -O                                                                        (1 = 0.5%) {99.5%}
4995  ... 

Histogram: Blink.UseCounter.MainFrame.Features recorded 183 samples, mean = 2259.6 (flags = 0x41)
0     ... 
13    -O                                                                        (1 = 0.5%) {0.0%}
14    ... 
16    -O                                                                        (1 = 0.5%) {0.5%}
17    ... 
52    -O                                                                        (1 = 0.5%) {1.1%}
53    ... 
69    -O                                                                        (1 = 0.5%) {1.6%}
70    ... 
123   -O                                                                        (1 = 0.5%) {2.2%}
124   -O                                                                        (1 = 0.5%) {2.7%}
125   -O                                                                        (1 = 0.5%) {3.3%}
126   ... 
138   -O                                                                        (1 = 0.5%) {3.8%}
139   ... 
240   -O                                                                        (1 = 0.5%) {4.4%}
241   ... 
250   -O                                                                        (1 = 0.5%) {4.9%}
251   ... 
429   -O                                                                        (1 = 0.5%) {5.5%}
430   -O                                                                        (1 = 0.5%) {6.0%}
431   -O                                                                        (1 = 0.5%) {6.6%}
432   -O                                                                        (1 = 0.5%) {7.1%}
433   ... 
469   -O                                                                        (1 = 0.5%) {7.7%}
470   ... 
494   -O                                                                        (1 = 0.5%) {8.2%}
495   ... 
522   -O                                                                        (1 = 0.5%) {8.7%}
523   -O                                                                        (1 = 0.5%) {9.3%}
524   -O                                                                        (1 = 0.5%) {9.8%}
525   ... 
540   -O                                                                        (1 = 0.5%) {10.4%}
541   ... 
587   -O                                                                        (1 = 0.5%) {10.9%}
588   -O                                                                        (1 = 0.5%) {11.5%}
589   ... 
675   -O                                                                        (1 = 0.5%) {12.0%}
676   O                                                                         (0 = 0.0%) {12.6%}
677   -O                                                                        (1 = 0.5%) {12.6%}
678   ... 
710   -O                                                                        (1 = 0.5%) {13.1%}
711   -O                                                                        (1 = 0.5%) {13.7%}
712   -O                                                                        (1 = 0.5%) {14.2%}
713   ... 
717   -O                                                                        (1 = 0.5%) {14.8%}
718   ... 
730   -O                                                                        (1 = 0.5%) {15.3%}
731   ... 
744   -O                                                                        (1 = 0.5%) {15.8%}
745   ... 
780   -O                                                                        (1 = 0.5%) {16.4%}
781   -O                                                                        (1 = 0.5%) {16.9%}
782   ... 
786   -O                                                                        (1 = 0.5%) {17.5%}
787   -O                                                                        (1 = 0.5%) {18.0%}
788   ... 
804   -O                                                                        (1 = 0.5%) {18.6%}
805   ... 
900   -O                                                                        (1 = 0.5%) {19.1%}
901   -O                                                                        (1 = 0.5%) {19.7%}
902   ... 
907   -O                                                                        (1 = 0.5%) {20.2%}
908   ... 
954   -O                                                                        (1 = 0.5%) {20.8%}
955   ... 
970   -O                                                                        (1 = 0.5%) {21.3%}
971   O                                                                         (0 = 0.0%) {21.9%}
972   -O                                                                        (1 = 0.5%) {21.9%}
973   -O                                                                        (1 = 0.5%) {22.4%}
974   ... 
976   -O                                                                        (1 = 0.5%) {23.0%}
977   ... 
1023  -O                                                                        (1 = 0.5%) {23.5%}
1024  ... 
1069  -O                                                                        (1 = 0.5%) {24.0%}
1070  -O                                                                        (1 = 0.5%) {24.6%}
1071  ... 
1075  -O                                                                        (1 = 0.5%) {25.1%}
1076  -O                                                                        (1 = 0.5%) {25.7%}
1077  ... 
1124  -O                                                                        (1 = 0.5%) {26.2%}
1125  ... 
1302  -O                                                                        (1 = 0.5%) {26.8%}
1303  ... 
1347  -O                                                                        (1 = 0.5%) {27.3%}
1348  ... 
1351  -O                                                                        (1 = 0.5%) {27.9%}
1352  ... 
1354  -O                                                                        (1 = 0.5%) {28.4%}
1355  ... 
1368  -O                                                                        (1 = 0.5%) {29.0%}
1369  ... 
1417  -O                                                                        (1 = 0.5%) {29.5%}
1418  ... 
1441  -O                                                                        (1 = 0.5%) {30.1%}
1442  ... 
1458  -O                                                                        (1 = 0.5%) {30.6%}
1459  -O                                                                        (1 = 0.5%) {31.1%}
1460  ... 
1462  -O                                                                        (1 = 0.5%) {31.7%}
1463  -O                                                                        (1 = 0.5%) {32.2%}
1464  ... 
1467  -O                                                                        (1 = 0.5%) {32.8%}
1468  ... 
1502  -O                                                                        (1 = 0.5%) {33.3%}
1503  ... 
1692  -O                                                                        (1 = 0.5%) {33.9%}
1693  -O                                                                        (1 = 0.5%) {34.4%}
1694  ... 
1827  -O                                                                        (1 = 0.5%) {35.0%}
1828  ... 
2013  -O                                                                        (1 = 0.5%) {35.5%}
2014  ... 
2077  -O                                                                        (1 = 0.5%) {36.1%}
2078  ... 
2094  -O                                                                        (1 = 0.5%) {36.6%}
2095  O                                                                         (0 = 0.0%) {37.2%}
2096  -O                                                                        (1 = 0.5%) {37.2%}
2097  ... 
2100  -O                                                                        (1 = 0.5%) {37.7%}
2101  ... 
2112  -O                                                                        (1 = 0.5%) {38.3%}
2113  ... 
2121  -O                                                                        (1 = 0.5%) {38.8%}
2122  ... 
2188  -O                                                                        (1 = 0.5%) {39.3%}
2189  ... 
2191  -O                                                                        (1 = 0.5%) {39.9%}
2192  ... 
2195  -O                                                                        (1 = 0.5%) {40.4%}
2196  ... 
2203  -O                                                                        (1 = 0.5%) {41.0%}
2204  -O                                                                        (1 = 0.5%) {41.5%}
2205  ... 
2217  -O                                                                        (1 = 0.5%) {42.1%}
2218  ... 
2226  -O                                                                        (1 = 0.5%) {42.6%}
2227  O                                                                         (0 = 0.0%) {43.2%}
2228  -O                                                                        (1 = 0.5%) {43.2%}
2229  -O                                                                        (1 = 0.5%) {43.7%}
2230  ... 
2236  -O                                                                        (1 = 0.5%) {44.3%}
2237  ... 
2298  -O                                                                        (1 = 0.5%) {44.8%}
2299  ... 
2314  -O                                                                        (1 = 0.5%) {45.4%}
2315  ... 
2319  -O                                                                        (1 = 0.5%) {45.9%}
2320  ... 
2322  -O                                                                        (1 = 0.5%) {46.4%}
2323  ... 
2347  -O                                                                        (1 = 0.5%) {47.0%}
2348  ... 
2355  -O                                                                        (1 = 0.5%) {47.5%}
2356  ... 
2361  -O                                                                        (1 = 0.5%) {48.1%}
2362  ... 
2387  -O                                                                        (1 = 0.5%) {48.6%}
2388  -O                                                                        (1 = 0.5%) {49.2%}
2389  ... 
2399  -O                                                                        (1 = 0.5%) {49.7%}
2400  ... 
2413  -O                                                                        (1 = 0.5%) {50.3%}
2414  ... 
2429  -O                                                                        (1 = 0.5%) {50.8%}
2430  O                                                                         (0 = 0.0%) {51.4%}
2431  -O                                                                        (1 = 0.5%) {51.4%}
2432  ... 
2487  -O                                                                        (1 = 0.5%) {51.9%}
2488  ... 
2518  -O                                                                        (1 = 0.5%) {52.5%}
2519  ... 
2598  -O                                                                        (1 = 0.5%) {53.0%}
2599  ... 
2618  -O                                                                        (1 = 0.5%) {53.6%}
2619  ... 
2654  -O                                                                        (1 = 0.5%) {54.1%}
2655  -O                                                                        (1 = 0.5%) {54.6%}
2656  -O                                                                        (1 = 0.5%) {55.2%}
2657  -O                                                                        (1 = 0.5%) {55.7%}
2658  -O                                                                        (1 = 0.5%) {56.3%}
2659  -O                                                                        (1 = 0.5%) {56.8%}
2660  -O                                                                        (1 = 0.5%) {57.4%}
2661  -O                                                                        (1 = 0.5%) {57.9%}
2662  -O                                                                        (1 = 0.5%) {58.5%}
2663  -O                                                                        (1 = 0.5%) {59.0%}
2664  ... 
2699  -O                                                                        (1 = 0.5%) {59.6%}
2700  -O                                                                        (1 = 0.5%) {60.1%}
2701  -O                                                                        (1 = 0.5%) {60.7%}
2702  -O                                                                        (1 = 0.5%) {61.2%}
2703  -O                                                                        (1 = 0.5%) {61.7%}
2704  -O                                                                        (1 = 0.5%) {62.3%}
2705  -O                                                                        (1 = 0.5%) {62.8%}
2706  -O                                                                        (1 = 0.5%) {63.4%}
2707  -O                                                                        (1 = 0.5%) {63.9%}
2708  ... 
2710  -O                                                                        (1 = 0.5%) {64.5%}
2711  -O                                                                        (1 = 0.5%) {65.0%}
2712  ... 
2714  -O                                                                        (1 = 0.5%) {65.6%}
2715  -O                                                                        (1 = 0.5%) {66.1%}
2716  -O                                                                        (1 = 0.5%) {66.7%}
2717  ... 
2723  -O                                                                        (1 = 0.5%) {67.2%}
2724  ... 
2738  -O                                                                        (1 = 0.5%) {67.8%}
2739  ... 
2769  -O                                                                        (1 = 0.5%) {68.3%}
2770  ... 
2789  -O                                                                        (1 = 0.5%) {68.9%}
2790  -O                                                                        (1 = 0.5%) {69.4%}
2791  -O                                                                        (1 = 0.5%) {69.9%}
2792  -O                                                                        (1 = 0.5%) {70.5%}
2793  ... 
2841  -O                                                                        (1 = 0.5%) {71.0%}
2842  ... 
2903  -O                                                                        (1 = 0.5%) {71.6%}
2904  -O                                                                        (1 = 0.5%) {72.1%}
2905  ... 
2927  -O                                                                        (1 = 0.5%) {72.7%}
2928  ... 
2935  -O                                                                        (1 = 0.5%) {73.2%}
2936  ... 
3004  -O                                                                        (1 = 0.5%) {73.8%}
3005  ... 
3019  -O                                                                        (1 = 0.5%) {74.3%}
3020  -O                                                                        (1 = 0.5%) {74.9%}
3021  ... 
3028  -O                                                                        (1 = 0.5%) {75.4%}
3029  ... 
3066  -O                                                                        (1 = 0.5%) {76.0%}
3067  ... 
3116  -O                                                                        (1 = 0.5%) {76.5%}
3117  ... 
3157  -O                                                                        (1 = 0.5%) {77.0%}
3158  ... 
3189  -O                                                                        (1 = 0.5%) {77.6%}
3190  ... 
3198  -O                                                                        (1 = 0.5%) {78.1%}
3199  ... 
3254  -O                                                                        (1 = 0.5%) {78.7%}
3255  ... 
3273  -O                                                                        (1 = 0.5%) {79.2%}
3274  O                                                                         (0 = 0.0%) {79.8%}
3275  -O                                                                        (1 = 0.5%) {79.8%}
3276  ... 
3279  -O                                                                        (1 = 0.5%) {80.3%}
3280  ... 
3307  -O                                                                        (1 = 0.5%) {80.9%}
3308  -O                                                                        (1 = 0.5%) {81.4%}
3309  ... 
3349  -O                                                                        (1 = 0.5%) {82.0%}
3350  ... 
3359  -O                                                                        (1 = 0.5%) {82.5%}
3360  ... 
3409  -O                                                                        (1 = 0.5%) {83.1%}
3410  ... 
3444  -O                                                                        (1 = 0.5%) {83.6%}
3445  ... 
3580  -O                                                                        (1 = 0.5%) {84.2%}
3581  -O                                                                        (1 = 0.5%) {84.7%}
3582  ... 
3698  -O                                                                        (1 = 0.5%) {85.2%}
3699  ... 
3789  -O                                                                        (1 = 0.5%) {85.8%}
3790  -O                                                                        (1 = 0.5%) {86.3%}
3791  ... 
3803  -O                                                                        (1 = 0.5%) {86.9%}
3804  ... 
3870  -O                                                                        (1 = 0.5%) {87.4%}
3871  ... 
3945  -O                                                                        (1 = 0.5%) {88.0%}
3946  ... 
3973  -O                                                                        (1 = 0.5%) {88.5%}
3974  ... 
4007  -O                                                                        (1 = 0.5%) {89.1%}
4008  ... 
4079  -O                                                                        (1 = 0.5%) {89.6%}
4080  ... 
4113  -O                                                                        (1 = 0.5%) {90.2%}
4114  ... 
4161  -O                                                                        (1 = 0.5%) {90.7%}
4162  ... 
4177  -O                                                                        (1 = 0.5%) {91.3%}
4178  ... 
4194  -O                                                                        (1 = 0.5%) {91.8%}
4195  O                                                                         (0 = 0.0%) {92.3%}
4196  -O                                                                        (1 = 0.5%) {92.3%}
4197  ... 
4240  -O                                                                        (1 = 0.5%) {92.9%}
4241  O                                                                         (0 = 0.0%) {93.4%}
4242  -O                                                                        (1 = 0.5%) {93.4%}
4243  ... 
4307  -O                                                                        (1 = 0.5%) {94.0%}
4308  ... 
4317  -O                                                                        (1 = 0.5%) {94.5%}
4318  ... 
4372  -O                                                                        (1 = 0.5%) {95.1%}
4373  ... 
4379  -O                                                                        (1 = 0.5%) {95.6%}
4380  ... 
4419  -O                                                                        (1 = 0.5%) {96.2%}
4420  ... 
4561  -O                                                                        (1 = 0.5%) {96.7%}
4562  ... 
4673  -O                                                                        (1 = 0.5%) {97.3%}
4674  ... 
4743  -O                                                                        (1 = 0.5%) {97.8%}
4744  ... 
4877  -O                                                                        (1 = 0.5%) {98.4%}
4878  ... 
4961  -O                                                                        (1 = 0.5%) {98.9%}
4962  ... 
4994  -O                                                                        (1 = 0.5%) {99.5%}
4995  ... 

Histogram: Blink.UseCounter.PermissionsPolicy.Allow2 recorded 0 samples (flags = 0x41)
0 ... 

Histogram: Blink.UseCounter.PermissionsPolicy.Header2 recorded 0 samples (flags = 0x41)
0 ... 

Histogram: Blink.UseCounter.PermissionsPolicy.Violation.Enforce recorded 0 samples (flags = 0x41)
0 ... 

Histogram: Blink.UseCounter.WebDXFeatures recorded 15 samples, mean = 37.7 (flags = 0x41)
0   ... 
5   -O                                                                        (1 = 6.7%) {0.0%}
6   ... 
8   -O                                                                        (1 = 6.7%) {6.7%}
9   -O                                                                        (1 = 6.7%) {13.3%}
10  O                                                                         (0 = 0.0%) {20.0%}
11  -O                                                                        (1 = 6.7%) {20.0%}
12  ... 
27  -O                                                                        (1 = 6.7%) {26.7%}
28  -O                                                                        (1 = 6.7%) {33.3%}
29  -O                                                                        (1 = 6.7%) {40.0%}
30  ... 
38  -O                                                                        (1 = 6.7%) {46.7%}
39  -O                                                                        (1 = 6.7%) {53.3%}
40  ... 
45  -O                                                                        (1 = 6.7%) {60.0%}
46  -O                                                                        (1 = 6.7%) {66.7%}
47  ... 
58  -O                                                                        (1 = 6.7%) {73.3%}
59  ... 
68  -O                                                                        (1 = 6.7%) {80.0%}
69  ... 
71  -O                                                                        (1 = 6.7%) {86.7%}
72  ... 
83  -O                                                                        (1 = 6.7%) {93.3%}
84  ... 

Histogram: Blink.UserDrivenDocumentUpdate.UpdateTime.PreFCP recorded 1 samples, mean = 13.0 (flags = 0x41)
0   ... 
11  -O                                                                        (1 = 100.0%) {0.0%}
15  ... 

Histogram: Bookmarks.BookmarkBar.Shown recorded 1 samples, mean = 0.0 (flags = 0x41)
0  -O                                                                        (1 = 100.0%)
1  ... 

Histogram: Bookmarks.Count.OnProfileLoad3 recorded 1 samples, mean = 0.0 (flags = 0x41)
0  -O                                                                        (1 = 100.0%)
1  ... 

Histogram: Bookmarks.Storage.TimeToLoadAtStartup2 recorded 1 samples, mean = 7238.0 (flags = 0x41)
0     ... 
7083  -O                                                                        (1 = 100.0%) {0.0%}
8416  ... 

Histogram: Bookmarks.Times.OnProfileLoad.TimeSinceAdded3 recorded 1 samples, mean = 0.0 (flags = 0x41)
0  -O                                                                        (1 = 100.0%)
1  ... 

Histogram: Bookmarks.Utilization.OnProfileLoad.PercentageUsed recorded 1 samples, mean = 0.0 (flags = 0x41)
0  -O                                                                        (1 = 100.0%)
1  ... 

Histogram: Bookmarks.Utilization.OnProfileLoad.TotalUnused recorded 1 samples, mean = 0.0 (flags = 0x41)
0  -O                                                                        (1 = 100.0%)
1  ... 

Histogram: Bookmarks.Utilization.OnProfileLoad.TotalUsed recorded 1 samples, mean = 0.0 (flags = 0x41)
0  -O                                                                        (1 = 100.0%)
1  ... 

Histogram: BrotliFilter.CompressionPercent recorded 33 samples, mean = 35.7 (flags = 0x41)
0    ... 
11   ----O                                                                     (4 = 12.1%) {0.0%}
12   -O                                                                        (1 = 3.0%) {12.1%}
13   O                                                                         (0 = 0.0%) {15.2%}
14   -O                                                                        (1 = 3.0%) {15.2%}
15   O                                                                         (0 = 0.0%) {18.2%}
16   -O                                                                        (1 = 3.0%) {18.2%}
17   O                                                                         (0 = 0.0%) {21.2%}
18   -O                                                                        (1 = 3.0%) {21.2%}
19   ... 
22   -O                                                                        (1 = 3.0%) {24.2%}
23   -O                                                                        (1 = 3.0%) {27.3%}
24   -O                                                                        (1 = 3.0%) {30.3%}
25   -O                                                                        (1 = 3.0%) {33.3%}
26   -O                                                                        (1 = 3.0%) {36.4%}
27   O                                                                         (0 = 0.0%) {39.4%}
28   -O                                                                        (1 = 3.0%) {39.4%}
29   ---O                                                                      (3 = 9.1%) {42.4%}
30   --O                                                                       (2 = 6.1%) {51.5%}
31   O                                                                         (0 = 0.0%) {57.6%}
32   -O                                                                        (1 = 3.0%) {57.6%}
33   -O                                                                        (1 = 3.0%) {60.6%}
34   -O                                                                        (1 = 3.0%) {63.6%}
35   ... 
38   -O                                                                        (1 = 3.0%) {66.7%}
39   --O                                                                       (2 = 6.1%) {69.7%}
40   ... 
43   --O                                                                       (2 = 6.1%) {75.8%}
44   -O                                                                        (1 = 3.0%) {81.8%}
45   ... 
47   --O                                                                       (2 = 6.1%) {84.8%}
48   ... 
84   -O                                                                        (1 = 3.0%) {90.9%}
85   ... 
101  --O                                                                       (2 = 6.1%) {93.9%}

Histogram: BrotliFilter.Status recorded 33 samples, mean = 1.0 (flags = 0x41)
0  O                                                                         (0 = 0.0%)
1  ---------------------------------O                                        (33 = 100.0%) {0.0%}
2  ... 

Histogram: BrotliFilter.UsedMemoryKB recorded 33 samples, mean = 223.2 (flags = 0x41)
0    ... 
16   --O                                                                       (2 = 6.1%) {0.0%}
20   O                                                                         (0 = 0.0%) {6.1%}
25   ---O                                                                      (3 = 9.1%) {6.1%}
31   ------O                                                                   (6 = 18.2%) {15.2%}
39   O                                                                         (0 = 0.0%) {33.3%}
49   --O                                                                       (2 = 6.1%) {33.3%}
61   -O                                                                        (1 = 3.0%) {39.4%}
76   ---O                                                                      (3 = 9.1%) {42.4%}
95   O                                                                         (0 = 0.0%) {51.5%}
119  ----O                                                                     (4 = 12.1%) {51.5%}
149  O                                                                         (0 = 0.0%) {63.6%}
187  -O                                                                        (1 = 3.0%) {63.6%}
234  ... 
367  -------O                                                                  (7 = 21.2%) {66.7%}
460  O                                                                         (0 = 0.0%) {87.9%}
576  -O                                                                        (1 = 3.0%) {87.9%}
722  ---O                                                                      (3 = 9.1%) {90.9%}
905  ... 

Histogram: Browser.ERP.RequestPayloadSizePerHour recorded 3 samples, mean = 0.0 (flags = 0x41)
0  ---O                                                                      (3 = 100.0%)
1  ... 

Histogram: Browser.ERP.ResponsePayloadSizePerHour recorded 3 samples, mean = 0.0 (flags = 0x41)
0  ---O                                                                      (3 = 100.0%)
1  ... 

Histogram: Browser.MainThreadsCongestion.RunningOnly recorded 443 samples, mean = 0.0 (flags = 0x41)
0  ------------------------------------------------------------------------O (443 = 100.0%)
1  ... 

Histogram: Browser.MainThreadsCongestion.RunningOnly.Initial recorded 1 samples, mean = 0.0 (flags = 0x41)
0  -O                                                                        (1 = 100.0%)
1  ... 

Histogram: Browser.Responsiveness.IOJanksTotalPerMinute recorded 221 samples, mean = 0.0 (flags = 0x41)
0  ------------------------------------------------------------------------O (221 = 100.0%)
1  ... 

Histogram: Browser.Responsiveness.IOJankyIntervalsPerMinute recorded 221 samples, mean = 0.0 (flags = 0x41)
0  ------------------------------------------------------------------------O (221 = 100.0%)
1  ... 

Histogram: BrowserRenderProcessHost.Cleanup.DelayReason recorded 12 samples, mean = 6.8 (flags = 0x41)
0  ---O                                                                      (3 = 25.0%)
1  ... 
9  ---------O                                                                (9 = 75.0%) {25.0%}
10 ... 

Histogram: BrowserRenderProcessHost.Cleanup.Total recorded 12 samples, mean = 1.0 (flags = 0x41)
0  O                                                                         (0 = 0.0%)
1  ------------O                                                             (12 = 100.0%) {0.0%}
2  O                                                                         (0 = 0.0%) {100.0%}

Histogram: BrowserRenderProcessHost.ExistingRendererIsInitializedAndNotDead recorded 1 samples, mean = 1.0 (flags = 0x41)
0  O                                                                         (0 = 0.0%)
1  -O                                                                        (1 = 100.0%) {0.0%}
2  O                                                                         (0 = 0.0%) {100.0%}

Histogram: BrowserRenderProcessHost.SpareProcessEvictedOtherSpare recorded 2 samples, mean = 0.0 (flags = 0x41)
0  --O                                                                       (2 = 100.0%)
1  ... 

Histogram: BrowserRenderProcessHost.SpareProcessMaybeTakeAction recorded 2 samples, mean = 2.0 (flags = 0x41)
0  -O                                                                        (1 = 50.0%)
1  ... 
4  -O                                                                        (1 = 50.0%) {50.0%}
5  ... 

Histogram: BrowserRenderProcessHost.SpareProcessStartupTime recorded 2 samples, mean = 4116.0 (flags = 0x41)
0     ... 
633   -O                                                                        (1 = 50.0%) {0.0%}
752   ... 
7083  -O                                                                        (1 = 50.0%) {50.0%}
8416  ... 

Histogram: BrowserSwitcher.ExternalGreylistSize recorded 1 samples, mean = 0.0 (flags = 0x41)
0  -O                                                                        (1 = 100.0%)
1  ... 

Histogram: BrowserSwitcher.ExternalSitelistSize recorded 1 samples, mean = 0.0 (flags = 0x41)
0  -O                                                                        (1 = 100.0%)
1  ... 

Histogram: BrowserSwitcher.IeemSitelistSize recorded 1 samples, mean = 0.0 (flags = 0x41)
0  -O                                                                        (1 = 100.0%)
1  ... 

Histogram: BrowsingTopics.BrowsingTopicsState.LoadFinishStatus recorded 1 samples, mean = 1.0 (flags = 0x41)
0  O                                                                         (0 = 0.0%)
1  -O                                                                        (1 = 100.0%) {0.0%}
2  O                                                                         (0 = 0.0%) {100.0%}

Histogram: BrowsingTopics.EpochTopicsCalculation.FirstTry.CalculatorResultStatus recorded 1 samples, mean = 1.0 (flags = 0x41)
0  O                                                                         (0 = 0.0%)
1  -O                                                                        (1 = 100.0%) {0.0%}
2  ... 

Histogram: BrowsingTopics.EpochTopicsCalculation.Started.RetryNumber recorded 1 samples, mean = 0.0 (flags = 0x41)
0  -O                                                                        (1 = 100.0%)
1  ... 

Histogram: BrowsingTopics.EpochTopicsCalculation.TimeBetweenCalculations recorded 1 samples, mean = 813527296.0 (flags = 0x41)
0          ... 
733736396  -O                                                                        (1 = 100.0%) {0.0%}
851128339  ... 

Histogram: BrowsingTopics.SiteDataStorage.FileSize.KB recorded 1 samples, mean = 28.0 (flags = 0x41)
0   ... 
28  -O                                                                        (1 = 100.0%) {0.0%}
37  ... 

Histogram: BrowsingTopics.SiteDataStorage.InitStatus recorded 1 samples, mean = 1.0 (flags = 0x41)
0  O                                                                         (0 = 0.0%)
1  -O                                                                        (1 = 100.0%) {0.0%}
2  O                                                                         (0 = 0.0%) {100.0%}

Histogram: CPU.Experimental.CpuEstimationTaskMigrated recorded 44 samples, mean = 0.0 (flags = 0x41)
0  ------------------------------------------O                               (42 = 95.5%)
1  --O                                                                       (2 = 4.5%) {95.5%}
2  O                                                                         (0 = 0.0%) {100.0%}

Histogram: CPU.Experimental.CpuEstimationTaskQueuedTime.Performance recorded 44 samples, mean = 12.7 (flags = 0x41)
0   ... 
5   -O                                                                        (1 = 2.3%) {0.0%}
7   ----O                                                                     (4 = 9.1%) {2.3%}
9   ----------------O                                                         (16 = 36.4%) {11.4%}
12  ---------------O                                                          (15 = 34.1%) {47.7%}
16  -----O                                                                    (5 = 11.4%) {81.8%}
21  --O                                                                       (2 = 4.5%) {93.2%}
28  -O                                                                        (1 = 2.3%) {97.7%}
37  ... 

Histogram: CPU.Experimental.CpuEstimationTaskThreadTime.Performance recorded 44 samples, mean = 99.3 (flags = 0x41)
0    ... 
86   -----------------------------------------O                                (41 = 93.2%) {0.0%}
113  ---O                                                                      (3 = 6.8%) {93.2%}
149  ... 

Histogram: CPU.Experimental.CpuEstimationTaskTotalTime.Performance recorded 44 samples, mean = 114.7 (flags = 0x41)
0    ... 
86   ------------------------------O                                           (30 = 68.2%) {0.0%}
113  ------------O                                                             (12 = 27.3%) {68.2%}
149  --O                                                                       (2 = 4.5%) {95.5%}
196  ... 

Histogram: CPU.Experimental.CpuEstimationTaskWallTime.Performance recorded 44 samples, mean = 102.0 (flags = 0x41)
0    ... 
86   ---------------------------------------O                                  (39 = 88.6%) {0.0%}
113  -----O                                                                    (5 = 11.4%) {88.6%}
149  ... 

Histogram: CPU.Experimental.CpuEstimationThreadTimePercent.Performance recorded 44 samples, mean = 96.9 (flags = 0x41)
0   ... 
72  -O                                                                        (1 = 2.3%) {0.0%}
73  ... 
86  -O                                                                        (1 = 2.3%) {2.3%}
87  ... 
96  --O                                                                       (2 = 4.5%) {4.5%}
97  ------------O                                                             (12 = 27.3%) {9.1%}
98  ------------------------O                                                 (24 = 54.5%) {36.4%}
99  ----O                                                                     (4 = 9.1%) {90.9%}
100 ... 

Histogram: CPU.Experimental.EstimatedFrequencyAsPercentOfLimit.Performance recorded 42 samples, mean = 182.6 (flags = 0x41)
0    ... 
101  ------------------------------------------O                               (42 = 100.0%) {0.0%}

Histogram: CPU.Experimental.EstimatedFrequencyAsPercentOfMax.Performance recorded 42 samples, mean = 182.6 (flags = 0x41)
0    ... 
101  ------------------------------------------O                               (42 = 100.0%) {0.0%}

Histogram: CertificateType2.BR.Intermediate.ECDSA recorded 6 samples, mean = 277.3 (flags = 0x41)
0    ... 
256  -----O                                                                    (5 = 83.3%) {0.0%}
257  ... 
384  -O                                                                        (1 = 16.7%) {83.3%}
385  ... 

Histogram: CertificateType2.BR.Intermediate.RSA recorded 4 samples, mean = 2048.0 (flags = 0x41)
0     ... 
2048  ----O                                                                     (4 = 100.0%) {0.0%}
2049  ... 

Histogram: CertificateType2.BR.Leaf.ECDSA recorded 7 samples, mean = 256.0 (flags = 0x41)
0    ... 
256  -------O                                                                  (7 = 100.0%) {0.0%}
257  ... 

Histogram: CertificateType2.BR.Leaf.RSA recorded 3 samples, mean = 2048.0 (flags = 0x41)
0     ... 
2048  ---O                                                                      (3 = 100.0%) {0.0%}
2049  ... 

Histogram: CertificateType2.BR.Root.ECDSA recorded 5 samples, mean = 384.0 (flags = 0x41)
0    ... 
384  -----O                                                                    (5 = 100.0%) {0.0%}
385  ... 

Histogram: CertificateType2.BR.Root.RSA recorded 5 samples, mean = 2867.2 (flags = 0x41)
0     ... 
2048  ---O                                                                      (3 = 60.0%) {0.0%}
2049  ... 
4096  --O                                                                       (2 = 40.0%) {60.0%}
4097  ... 

Histogram: ChildProcess.Launched.UtilityProcessHash recorded 3 samples (flags = 0x41)
-2043041185 -O                                                                        (1 = 33.3%)
-1468742076 -O                                                                        (1 = 33.3%)
1411170475  -O                                                                        (1 = 33.3%)

Histogram: ChildProcess.ProcessLifetime.Utility recorded 3 samples, mean = 8874833.0 (flags = 0x41)
0        ... 
5        -O                                                                        (1 = 33.3%) {0.0%}
7        ... 
3600000  --O                                                                       (2 = 66.7%) {33.3%}

Histogram: Chrome.ProcessSingleton.NotifyResult recorded 1 samples, mean = 0.0 (flags = 0x41)
0  -O                                                                        (1 = 100.0%)
1  ... 

Histogram: Chrome.ProcessSingleton.TimeToCreate recorded 1 samples, mean = 1.0 (flags = 0x41)
0  -O                                                                        (1 = 100.0%)
10 ... 

Histogram: Chrome.SystemNetworkContextManager.NetworkSandboxState recorded 4 samples, mean = 0.0 (flags = 0x41)
0  ----O                                                                     (4 = 100.0%)
1  ... 

Histogram: ChromeElf.Beacon.RetryAttemptsBeforeSuccess recorded 1 samples, mean = 0.0 (flags = 0x41)
0  -O                                                                        (1 = 100.0%)
1  ... 

Histogram: ChromeElf.Beacon.SetupStatus recorded 1 samples, mean = 1.0 (flags = 0x41)
0  O                                                                         (0 = 0.0%)
1  -O                                                                        (1 = 100.0%) {0.0%}
2  ... 

Histogram: ChromeElf.ExtensionPoint.EnableState recorded 1 samples, mean = 1.0 (flags = 0x41)
0  O                                                                         (0 = 0.0%)
1  -O                                                                        (1 = 100.0%) {0.0%}
2  O                                                                         (0 = 0.0%) {100.0%}

Histogram: ClientHints.CriticalCHRestart recorded 1 samples, mean = 0.0 (flags = 0x41)
0  -O                                                                        (1 = 100.0%)
1  ... 

Histogram: ClientHints.FetchLatency_PrefRead recorded 5 samples, mean = 50.4 (flags = 0x41)
0    ... 
4    -O                                                                        (1 = 20.0%) {0.0%}
6    --O                                                                       (2 = 40.0%) {20.0%}
8    -O                                                                        (1 = 20.0%) {60.0%}
11   ... 
203  -O                                                                        (1 = 20.0%) {80.0%}
282  ... 

Histogram: ClientHints.FetchLatency_PrerenderHost recorded 5 samples, mean = 43.2 (flags = 0x41)
0    ----O                                                                     (4 = 80.0%)
1    ... 
203  -O                                                                        (1 = 20.0%) {80.0%}
282  ... 

Histogram: ClientHints.FetchLatency_Total recorded 5 samples, mean = 93.6 (flags = 0x41)
0    ... 
4    -O                                                                        (1 = 20.0%) {0.0%}
6    --O                                                                       (2 = 40.0%) {20.0%}
8    -O                                                                        (1 = 20.0%) {60.0%}
11   ... 
391  -O                                                                        (1 = 20.0%) {80.0%}
542  ... 

Histogram: Compositing.Browser.CompositorFrame.Quads recorded 3 samples, mean = 1.0 (flags = 0x41)
0  O                                                                         (0 = 0.0%)
1  ---O                                                                      (3 = 100.0%) {0.0%}
2  ... 

Histogram: Compositing.Browser.LayerTreeImpl.CalculateDrawPropertiesUs recorded 3 samples, mean = 206.0 (flags = 0x41)
0    ... 
5    -O                                                                        (1 = 33.3%) {0.0%}
7    -O                                                                        (1 = 33.3%) {33.3%}
9    ... 
590  -O                                                                        (1 = 33.3%) {66.7%}
777  ... 

Histogram: Compositing.Browser.LayersUpdateTime recorded 3 samples, mean = 322.7 (flags = 0x41)
0    ... 
6    -O                                                                        (1 = 33.3%) {0.0%}
8    ... 
15   -O                                                                        (1 = 33.3%) {33.3%}
21   ... 
752  -O                                                                        (1 = 33.3%) {66.7%}
1043 ... 

Histogram: Compositing.ColorGamut recorded 10 samples, mean = 0.0 (flags = 0x41)
0  ----------O                                                               (10 = 100.0%)
1  ... 

Histogram: Compositing.DidMainThreadBlockDuringCommit recorded 16 samples, mean = 0.1 (flags = 0x41)
0  ---------------O                                                          (15 = 93.8%)
1  -O                                                                        (1 = 6.2%) {93.8%}
2  O                                                                         (0 = 0.0%) {100.0%}

Histogram: Compositing.DirectRenderer.OverlayProcessingUs recorded 10 samples, mean = 0.0 (flags = 0x41)
0  ----------O                                                               (10 = 100.0%)
5  ... 

Histogram: Compositing.DirectRenderer.PartialSwap.ExtraDamage recorded 10 samples, mean = 0.0 (flags = 0x41)
0  ----------O                                                               (10 = 100.0%)
1  ... 

Histogram: Compositing.DirectRenderer.PartialSwap.FrameBufferDamage recorded 10 samples, mean = 0.0 (flags = 0x41)
0  ----------O                                                               (10 = 100.0%)
1  ... 

Histogram: Compositing.DirectRenderer.PartialSwap.RootDamage recorded 10 samples, mean = 100.0 (flags = 0x41)
0    ... 
100  ----------O                                                               (10 = 100.0%) {0.0%}
101  O                                                                         (0 = 0.0%) {100.0%}

Histogram: Compositing.DirectRenderer.PartialSwap.TotalDamage recorded 10 samples, mean = 100.0 (flags = 0x41)
0    ... 
100  ----------O                                                               (10 = 100.0%) {0.0%}
101  O                                                                         (0 = 0.0%) {100.0%}

Histogram: Compositing.DirectRenderer.SkipAllNonRootRenderPassesPerFrame recorded 8 samples, mean = 0.0 (flags = 0x41)
0  --------O                                                                 (8 = 100.0%)
1  ... 

Histogram: Compositing.DirectRenderer.SkipNonRootRenderPass recorded 8 samples, mean = 0.0 (flags = 0x41)
0  --------O                                                                 (8 = 100.0%)
1  ... 

Histogram: Compositing.DirectRenderer.TotalPixelsRendered recorded 10 samples, mean = 7.2 (flags = 0x41)
0  ... 
4  --O                                                                       (2 = 20.0%) {0.0%}
6  --------O                                                                 (8 = 80.0%) {20.0%}
9  ... 

Histogram: Compositing.Display.Draw.Occlusion.Calculation.Time recorded 10 samples, mean = 3.2 (flags = 0x41)
0   O                                                                         (0 = 0.0%)
1   --O                                                                       (2 = 20.0%) {0.0%}
2   -----O                                                                    (5 = 50.0%) {20.0%}
3   -O                                                                        (1 = 10.0%) {70.0%}
4   O                                                                         (0 = 0.0%) {80.0%}
5   -O                                                                        (1 = 10.0%) {80.0%}
6   ... 
12  -O                                                                        (1 = 10.0%) {90.0%}
14  ... 

Histogram: Compositing.Display.Draw.Quads recorded 10 samples, mean = 2.6 (flags = 0x41)
0  O                                                                         (0 = 0.0%)
1  --O                                                                       (2 = 20.0%) {0.0%}
2  O                                                                         (0 = 0.0%) {20.0%}
3  --------O                                                                 (8 = 80.0%) {20.0%}
4  ... 

Histogram: Compositing.Display.DrawToSwapUs recorded 10 samples, mean = 5898.3 (flags = 0x41)
0      ... 
227    -O                                                                        (1 = 10.0%) {0.0%}
275    ... 
404    -O                                                                        (1 = 10.0%) {10.0%}
490    -O                                                                        (1 = 10.0%) {20.0%}
594    ---O                                                                      (3 = 30.0%) {30.0%}
720    O                                                                         (0 = 0.0%) {60.0%}
873    -O                                                                        (1 = 10.0%) {60.0%}
1059   -O                                                                        (1 = 10.0%) {70.0%}
1284   ... 
8824   -O                                                                        (1 = 10.0%) {80.0%}
10700  ... 
41235  -O                                                                        (1 = 10.0%) {90.0%}
50000  O                                                                         (0 = 0.0%) {100.0%}

Histogram: Compositing.Display.FlattenedRenderPassCount recorded 10 samples, mean = 1.8 (flags = 0x41)
0  O                                                                         (0 = 0.0%)
1  --O                                                                       (2 = 20.0%) {0.0%}
2  --------O                                                                 (8 = 80.0%) {20.0%}
3  ... 

Histogram: Compositing.Display.PendingSwaps recorded 10 samples, mean = 1.0 (flags = 0x41)
0  O                                                                         (0 = 0.0%)
1  ----------O                                                               (10 = 100.0%) {0.0%}
2  ... 

Histogram: Compositing.Display.VizDependencyResolvedToGpuStartedDrawUs recorded 10 samples, mean = 22.9 (flags = 0x41)
0    -O                                                                        (1 = 10.0%)
5    -O                                                                        (1 = 10.0%) {10.0%}
6    ... 
8    -O                                                                        (1 = 10.0%) {20.0%}
10   --O                                                                       (2 = 20.0%) {30.0%}
12   -O                                                                        (1 = 10.0%) {50.0%}
15   --O                                                                       (2 = 20.0%) {60.0%}
18   O                                                                         (0 = 0.0%) {80.0%}
22   -O                                                                        (1 = 10.0%) {80.0%}
27   ... 
105  -O                                                                        (1 = 10.0%) {90.0%}
127  ... 

Histogram: Compositing.Display.VizScheduledDrawToDependencyResolvedUs recorded 10 samples, mean = 53.3 (flags = 0x41)
0    ---------O                                                                (9 = 90.0%)
5    ... 
490  -O                                                                        (1 = 10.0%) {90.0%}
594  ... 

Histogram: Compositing.Display.VizScheduledDrawToGpuStartedDrawUs recorded 10 samples, mean = 76.2 (flags = 0x41)
0    ... 
7    -O                                                                        (1 = 10.0%) {0.0%}
8    O                                                                         (0 = 0.0%) {10.0%}
10   -O                                                                        (1 = 10.0%) {10.0%}
12   --O                                                                       (2 = 20.0%) {20.0%}
15   -O                                                                        (1 = 10.0%) {40.0%}
18   --O                                                                       (2 = 20.0%) {50.0%}
22   -O                                                                        (1 = 10.0%) {70.0%}
27   ... 
105  -O                                                                        (1 = 10.0%) {80.0%}
127  ... 
490  -O                                                                        (1 = 10.0%) {90.0%}
594  ... 

Histogram: Compositing.MainThreadBlockedDuringCommitTime recorded 1 samples, mean = 3.0 (flags = 0x41)
0  ... 
3  -O                                                                        (1 = 100.0%) {0.0%}
4  ... 

Histogram: Compositing.Renderer.CompositorFrame.Quads recorded 7 samples, mean = 2.0 (flags = 0x41)
0  ... 
2  -------O                                                                  (7 = 100.0%) {0.0%}
3  ... 

Histogram: Compositing.Renderer.LayersUpdateTime recorded 10 samples, mean = 146.6 (flags = 0x41)
0     ... 
8     -O                                                                        (1 = 10.0%) {0.0%}
11    -----O                                                                    (5 = 50.0%) {10.0%}
15    --O                                                                       (2 = 20.0%) {60.0%}
21    -O                                                                        (1 = 10.0%) {80.0%}
29    ... 
1043  -O                                                                        (1 = 10.0%) {90.0%}
1447  ... 

Histogram: Compositing.Renderer.NumActiveLayers recorded 1 samples, mean = 4.0 (flags = 0x41)
0  ... 
4  -O                                                                        (1 = 100.0%) {0.0%}
6  ... 

Histogram: Compositing.Renderer.NumActivePictureLayers recorded 1 samples, mean = 1.0 (flags = 0x41)
0  O                                                                         (0 = 0.0%)
1  -O                                                                        (1 = 100.0%) {0.0%}
2  ... 

Histogram: Compositing.Renderer.NumRenderSurfaces recorded 14 samples, mean = 1.0 (flags = 0x41)
0  O                                                                         (0 = 0.0%)
1  --------------O                                                           (14 = 100.0%) {0.0%}
2  ... 

Histogram: Compositing.SurfaceAggregator.AggregateUs recorded 10 samples, mean = 2470.2 (flags = 0x41)
0      ... 
21     -O                                                                        (1 = 10.0%) {0.0%}
28     ----O                                                                     (4 = 40.0%) {10.0%}
37     --O                                                                       (2 = 20.0%) {50.0%}
49     ... 
258    -O                                                                        (1 = 10.0%) {70.0%}
340    ... 
1347   -O                                                                        (1 = 10.0%) {80.0%}
1774   ... 
21156  -O                                                                        (1 = 10.0%) {90.0%}
27864  ... 

Histogram: Compositing.SurfaceAggregator.CopiedSurfaceCount recorded 10 samples, mean = 1.8 (flags = 0x41)
0  O                                                                         (0 = 0.0%)
1  --O                                                                       (2 = 20.0%) {0.0%}
2  --------O                                                                 (8 = 80.0%) {20.0%}
3  ... 

Histogram: Compositing.SurfaceAggregator.CopyUs recorded 10 samples, mean = 27.6 (flags = 0x41)
0    -O                                                                        (1 = 10.0%)
5    O                                                                         (0 = 0.0%) {10.0%}
6    ----O                                                                     (4 = 40.0%) {10.0%}
7    -O                                                                        (1 = 10.0%) {50.0%}
8    -O                                                                        (1 = 10.0%) {60.0%}
9    -O                                                                        (1 = 10.0%) {70.0%}
11   ... 
15   -O                                                                        (1 = 10.0%) {80.0%}
18   ... 
194  -O                                                                        (1 = 10.0%) {90.0%}
227  ... 

Histogram: Compositing.SurfaceAggregator.HasCopyRequestsPerFrame recorded 10 samples, mean = 0.7 (flags = 0x41)
0  ---O                                                                      (3 = 30.0%)
1  -------O                                                                  (7 = 70.0%) {30.0%}
2  O                                                                         (0 = 0.0%) {100.0%}

Histogram: Compositing.SurfaceAggregator.HasPixelMovingBackdropFiltersPerFrame recorded 10 samples, mean = 0.0 (flags = 0x41)
0  ----------O                                                               (10 = 100.0%)
1  ... 

Histogram: Compositing.SurfaceAggregator.HasPixelMovingFiltersPerFrame recorded 10 samples, mean = 0.0 (flags = 0x41)
0  ----------O                                                               (10 = 100.0%)
1  ... 

Histogram: Compositing.SurfaceAggregator.HasUnembeddedRenderPassesPerFrame recorded 10 samples, mean = 0.0 (flags = 0x41)
0  ----------O                                                               (10 = 100.0%)
1  ... 

Histogram: Compositing.SurfaceAggregator.PrewalkUs recorded 10 samples, mean = 2373.3 (flags = 0x41)
0      ... 
11     -O                                                                        (1 = 10.0%) {0.0%}
13     O                                                                         (0 = 0.0%) {10.0%}
15     -O                                                                        (1 = 10.0%) {10.0%}
18     O                                                                         (0 = 0.0%) {20.0%}
21     -O                                                                        (1 = 10.0%) {20.0%}
25     ----O                                                                     (4 = 40.0%) {30.0%}
29     ... 
266    -O                                                                        (1 = 10.0%) {70.0%}
311    ... 
499    -O                                                                        (1 = 10.0%) {80.0%}
584    ... 
10000  -O                                                                        (1 = 10.0%) {90.0%}

Histogram: Compositing.SurfaceAggregator.PrewalkedSurfaceCount recorded 10 samples, mean = 1.8 (flags = 0x41)
0  O                                                                         (0 = 0.0%)
1  --O                                                                       (2 = 20.0%) {0.0%}
2  --------O                                                                 (8 = 80.0%) {20.0%}
3  ... 

Histogram: Compositing.SurfaceManager.MarkForDestructionToDestroy recorded 1 samples, mean = 327.0 (flags = 0x41)
0    ... 
318  -O                                                                        (1 = 100.0%) {0.0%}
378  ... 

Histogram: Content.Classification.OpenGraph recorded 1 samples, mean = 4.0 (flags = 0x41)
0  ... 
4  -O                                                                        (1 = 100.0%) {0.0%}
5  ... 

Histogram: ContentSettings.AllowStorageAccessSync recorded 4 samples, mean = 0.0 (flags = 0x41)
0  ----O                                                                     (4 = 100.0%)
1  ... 

Histogram: ContentSettings.GetContentSetting.Network.Duration recorded 397 samples, mean = 0.4 (flags = 0x41)
0  ------------------------------------------------------------------------O (288 = 72.5%)
1  --------------------O                                                     (80 = 20.2%) {72.5%}
2  -------O                                                                  (27 = 6.8%) {92.7%}
3  -O                                                                        (2 = 0.5%) {99.5%}
4  ... 

Histogram: ContentSettings.GetCookieSettingInternal.Duration recorded 185 samples, mean = 3.4 (flags = 0x41)
0   ----------O                                                               (13 = 7.0%)
1   ------------------------------------------------------------------------O (92 = 49.7%) {7.0%}
2   --------------O                                                           (18 = 9.7%) {56.8%}
3   ------O                                                                   (8 = 4.3%) {66.5%}
4   -----O                                                                    (6 = 3.2%) {70.8%}
5   ----------------O                                                         (20 = 10.8%) {74.1%}
7   ---------O                                                                (12 = 6.5%) {84.9%}
9   --O                                                                       (2 = 1.1%) {91.4%}
12  -----O                                                                    (7 = 3.8%) {92.4%}
16  ----O                                                                     (5 = 2.7%) {96.2%}
21  -O                                                                        (1 = 0.5%) {98.9%}
28  -O                                                                        (1 = 0.5%) {99.5%}
37  ... 

Histogram: ContentSettings.NumberOfExceptions recorded 1 samples, mean = 4.0 (flags = 0x41)
0  ... 
4  -O                                                                        (1 = 100.0%) {0.0%}
5  ... 

Histogram: ContentSettings.Popups.StrongBlockerActions recorded 1 samples, mean = 0.0 (flags = 0x41)
0  -O                                                                        (1 = 100.0%)
1  ... 

Histogram: ContentSettings.RegularProfile.DefaultAutoVerifySetting recorded 1 samples, mean = 1.0 (flags = 0x41)
0  O                                                                         (0 = 0.0%)
1  -O                                                                        (1 = 100.0%) {0.0%}
2  ... 

Histogram: ContentSettings.RegularProfile.DefaultAutoplaySetting recorded 1 samples, mean = 1.0 (flags = 0x41)
0  O                                                                         (0 = 0.0%)
1  -O                                                                        (1 = 100.0%) {0.0%}
2  ... 

Histogram: ContentSettings.RegularProfile.DefaultBackgroundSyncSetting recorded 1 samples, mean = 1.0 (flags = 0x41)
0  O                                                                         (0 = 0.0%)
1  -O                                                                        (1 = 100.0%) {0.0%}
2  ... 

Histogram: ContentSettings.RegularProfile.DefaultCookiesSetting recorded 1 samples, mean = 1.0 (flags = 0x41)
0  O                                                                         (0 = 0.0%)
1  -O                                                                        (1 = 100.0%) {0.0%}
2  ... 

Histogram: ContentSettings.RegularProfile.DefaultIdleDetectionSetting recorded 1 samples, mean = 3.0 (flags = 0x41)
0  ... 
3  -O                                                                        (1 = 100.0%) {0.0%}
4  ... 

Histogram: ContentSettings.RegularProfile.DefaultImagesSetting recorded 1 samples, mean = 1.0 (flags = 0x41)
0  O                                                                         (0 = 0.0%)
1  -O                                                                        (1 = 100.0%) {0.0%}
2  ... 

Histogram: ContentSettings.RegularProfile.DefaultJavaScriptSetting recorded 1 samples, mean = 1.0 (flags = 0x41)
0  O                                                                         (0 = 0.0%)
1  -O                                                                        (1 = 100.0%) {0.0%}
2  ... 

Histogram: ContentSettings.RegularProfile.DefaultLocationSetting recorded 1 samples, mean = 3.0 (flags = 0x41)
0  ... 
3  -O                                                                        (1 = 100.0%) {0.0%}
4  ... 

Histogram: ContentSettings.RegularProfile.DefaultMIDISysExSetting recorded 1 samples, mean = 3.0 (flags = 0x41)
0  ... 
3  -O                                                                        (1 = 100.0%) {0.0%}
4  ... 

Histogram: ContentSettings.RegularProfile.DefaultMediaStreamCameraSetting recorded 1 samples, mean = 3.0 (flags = 0x41)
0  ... 
3  -O                                                                        (1 = 100.0%) {0.0%}
4  ... 

Histogram: ContentSettings.RegularProfile.DefaultMediaStreamMicSetting recorded 1 samples, mean = 3.0 (flags = 0x41)
0  ... 
3  -O                                                                        (1 = 100.0%) {0.0%}
4  ... 

Histogram: ContentSettings.RegularProfile.DefaultNotificationsSetting recorded 1 samples, mean = 3.0 (flags = 0x41)
0  ... 
3  -O                                                                        (1 = 100.0%) {0.0%}
4  ... 

Histogram: ContentSettings.RegularProfile.DefaultPopupsSetting recorded 1 samples, mean = 2.0 (flags = 0x41)
0  ... 
2  -O                                                                        (1 = 100.0%) {0.0%}
3  ... 

Histogram: ContentSettings.RegularProfile.DefaultSoundSetting recorded 1 samples, mean = 1.0 (flags = 0x41)
0  O                                                                         (0 = 0.0%)
1  -O                                                                        (1 = 100.0%) {0.0%}
2  ... 

Histogram: ContentSettings.RegularProfile.DefaultStorageAccessSetting recorded 1 samples, mean = 3.0 (flags = 0x41)
0  ... 
3  -O                                                                        (1 = 100.0%) {0.0%}
4  ... 

Histogram: ContentSettings.RegularProfile.DefaultSubresourceFilterSetting recorded 1 samples, mean = 2.0 (flags = 0x41)
0  ... 
2  -O                                                                        (1 = 100.0%) {0.0%}
3  ... 

Histogram: ContentSettings.RegularProfile.DefaultUsbGuardSetting recorded 1 samples, mean = 3.0 (flags = 0x41)
0  ... 
3  -O                                                                        (1 = 100.0%) {0.0%}
4  ... 

Histogram: ContentSettings.RegularProfile.DefaultWebBluetoothGuardSetting recorded 1 samples, mean = 3.0 (flags = 0x41)
0  ... 
3  -O                                                                        (1 = 100.0%) {0.0%}
4  ... 

Histogram: ContentSettings.RegularProfile.Exceptions.3pcd-heuristics-grants recorded 1 samples, mean = 0.0 (flags = 0x41)
0  -O                                                                        (1 = 100.0%)
1  ... 

Histogram: ContentSettings.RegularProfile.Exceptions.3pcd-support recorded 1 samples, mean = 0.0 (flags = 0x41)
0  -O                                                                        (1 = 100.0%)
1  ... 

Histogram: ContentSettings.RegularProfile.Exceptions.abusive-notification-permissions recorded 1 samples, mean = 0.0 (flags = 0x41)
0  -O                                                                        (1 = 100.0%)
1  ... 

Histogram: ContentSettings.RegularProfile.Exceptions.access-to-get-all-screens-media-in-session recorded 1 samples, mean = 0.0 (flags = 0x41)
0  -O                                                                        (1 = 100.0%)
1  ... 

Histogram: ContentSettings.RegularProfile.Exceptions.accessibility-events recorded 1 samples, mean = 0.0 (flags = 0x41)
0  -O                                                                        (1 = 100.0%)
1  ... 

Histogram: ContentSettings.RegularProfile.Exceptions.anti-abuse recorded 1 samples, mean = 0.0 (flags = 0x41)
0  -O                                                                        (1 = 100.0%)
1  ... 

Histogram: ContentSettings.RegularProfile.Exceptions.app-banner recorded 1 samples, mean = 0.0 (flags = 0x41)
0  -O                                                                        (1 = 100.0%)
1  ... 

Histogram: ContentSettings.RegularProfile.Exceptions.ar recorded 1 samples, mean = 0.0 (flags = 0x41)
0  -O                                                                        (1 = 100.0%)
1  ... 

Histogram: ContentSettings.RegularProfile.Exceptions.auto-picture-in-picture recorded 1 samples, mean = 0.0 (flags = 0x41)
0  -O                                                                        (1 = 100.0%)
1  ... 

Histogram: ContentSettings.RegularProfile.Exceptions.auto-select-certificate recorded 1 samples, mean = 0.0 (flags = 0x41)
0  -O                                                                        (1 = 100.0%)
1  ... 

Histogram: ContentSettings.RegularProfile.Exceptions.automatic-downloads recorded 1 samples, mean = 0.0 (flags = 0x41)
0  -O                                                                        (1 = 100.0%)
1  ... 

Histogram: ContentSettings.RegularProfile.Exceptions.automatic-fullscreen recorded 1 samples, mean = 0.0 (flags = 0x41)
0  -O                                                                        (1 = 100.0%)
1  ... 

Histogram: ContentSettings.RegularProfile.Exceptions.autoplay recorded 1 samples, mean = 0.0 (flags = 0x41)
0  -O                                                                        (1 = 100.0%)
1  ... 

Histogram: ContentSettings.RegularProfile.Exceptions.background-sync recorded 1 samples, mean = 0.0 (flags = 0x41)
0  -O                                                                        (1 = 100.0%)
1  ... 

Histogram: ContentSettings.RegularProfile.Exceptions.bluetooth-chooser-data recorded 1 samples, mean = 0.0 (flags = 0x41)
0  -O                                                                        (1 = 100.0%)
1  ... 

Histogram: ContentSettings.RegularProfile.Exceptions.bluetooth-guard recorded 1 samples, mean = 0.0 (flags = 0x41)
0  -O                                                                        (1 = 100.0%)
1  ... 

Histogram: ContentSettings.RegularProfile.Exceptions.bluetooth-scanning recorded 1 samples, mean = 0.0 (flags = 0x41)
0  -O                                                                        (1 = 100.0%)
1  ... 

Histogram: ContentSettings.RegularProfile.Exceptions.camera-pan-tilt-zoom recorded 1 samples, mean = 0.0 (flags = 0x41)
0  -O                                                                        (1 = 100.0%)
1  ... 

Histogram: ContentSettings.RegularProfile.Exceptions.captured-surface-control recorded 1 samples, mean = 0.0 (flags = 0x41)
0  -O                                                                        (1 = 100.0%)
1  ... 

Histogram: ContentSettings.RegularProfile.Exceptions.client-hints recorded 1 samples, mean = 1.0 (flags = 0x41)
0  O                                                                         (0 = 0.0%)
1  -O                                                                        (1 = 100.0%) {0.0%}
2  ... 

Histogram: ContentSettings.RegularProfile.Exceptions.clipboard recorded 1 samples, mean = 0.0 (flags = 0x41)
0  -O                                                                        (1 = 100.0%)
1  ... 

Histogram: ContentSettings.RegularProfile.Exceptions.cookie-controls-metadata recorded 1 samples, mean = 0.0 (flags = 0x41)
0  -O                                                                        (1 = 100.0%)
1  ... 

Histogram: ContentSettings.RegularProfile.Exceptions.cookies recorded 1 samples, mean = 0.0 (flags = 0x41)
0  -O                                                                        (1 = 100.0%)
1  ... 

Histogram: ContentSettings.RegularProfile.Exceptions.cookies.Allow recorded 1 samples, mean = 0.0 (flags = 0x41)
0  -O                                                                        (1 = 100.0%)
1  ... 

Histogram: ContentSettings.RegularProfile.Exceptions.cookies.AllowThirdParty recorded 1 samples, mean = 0.0 (flags = 0x41)
0  -O                                                                        (1 = 100.0%)
1  ... 

Histogram: ContentSettings.RegularProfile.Exceptions.cookies.Block recorded 1 samples, mean = 0.0 (flags = 0x41)
0  -O                                                                        (1 = 100.0%)
1  ... 

Histogram: ContentSettings.RegularProfile.Exceptions.cookies.DomainWildcardAllowThirdParty recorded 1 samples, mean = 0.0 (flags = 0x41)
0  -O                                                                        (1 = 100.0%)
1  ... 

Histogram: ContentSettings.RegularProfile.Exceptions.cookies.SessionOnly recorded 1 samples, mean = 0.0 (flags = 0x41)
0  -O                                                                        (1 = 100.0%)
1  ... 

Histogram: ContentSettings.RegularProfile.Exceptions.cookies.TemporaryAllowThirdParty recorded 1 samples, mean = 0.0 (flags = 0x41)
0  -O                                                                        (1 = 100.0%)
1  ... 

Histogram: ContentSettings.RegularProfile.Exceptions.direct-sockets recorded 1 samples, mean = 0.0 (flags = 0x41)
0  -O                                                                        (1 = 100.0%)
1  ... 

Histogram: ContentSettings.RegularProfile.Exceptions.display-media-system-audio recorded 1 samples, mean = 0.0 (flags = 0x41)
0  -O                                                                        (1 = 100.0%)
1  ... 

Histogram: ContentSettings.RegularProfile.Exceptions.durable-storage recorded 1 samples, mean = 0.0 (flags = 0x41)
0  -O                                                                        (1 = 100.0%)
1  ... 

Histogram: ContentSettings.RegularProfile.Exceptions.fedcm-idp-registration recorded 1 samples, mean = 0.0 (flags = 0x41)
0  -O                                                                        (1 = 100.0%)
1  ... 

Histogram: ContentSettings.RegularProfile.Exceptions.fedcm-idp-signin recorded 1 samples, mean = 1.0 (flags = 0x41)
0  O                                                                         (0 = 0.0%)
1  -O                                                                        (1 = 100.0%) {0.0%}
2  ... 

Histogram: ContentSettings.RegularProfile.Exceptions.fedcm-share recorded 1 samples, mean = 0.0 (flags = 0x41)
0  -O                                                                        (1 = 100.0%)
1  ... 

Histogram: ContentSettings.RegularProfile.Exceptions.file-system-access-chooser-data recorded 1 samples, mean = 0.0 (flags = 0x41)
0  -O                                                                        (1 = 100.0%)
1  ... 

Histogram: ContentSettings.RegularProfile.Exceptions.file-system-access-extended-permission recorded 1 samples, mean = 0.0 (flags = 0x41)
0  -O                                                                        (1 = 100.0%)
1  ... 

Histogram: ContentSettings.RegularProfile.Exceptions.file-system-access-restore-permission recorded 1 samples, mean = 0.0 (flags = 0x41)
0  -O                                                                        (1 = 100.0%)
1  ... 

Histogram: ContentSettings.RegularProfile.Exceptions.file-system-last-picked-directory recorded 1 samples, mean = 0.0 (flags = 0x41)
0  -O                                                                        (1 = 100.0%)
1  ... 

Histogram: ContentSettings.RegularProfile.Exceptions.file-system-read-guard recorded 1 samples, mean = 0.0 (flags = 0x41)
0  -O                                                                        (1 = 100.0%)
1  ... 

Histogram: ContentSettings.RegularProfile.Exceptions.file-system-write-guard recorded 1 samples, mean = 0.0 (flags = 0x41)
0  -O                                                                        (1 = 100.0%)
1  ... 

Histogram: ContentSettings.RegularProfile.Exceptions.formfill-metadata recorded 1 samples, mean = 0.0 (flags = 0x41)
0  -O                                                                        (1 = 100.0%)
1  ... 

Histogram: ContentSettings.RegularProfile.Exceptions.geolocation recorded 1 samples, mean = 0.0 (flags = 0x41)
0  -O                                                                        (1 = 100.0%)
1  ... 

Histogram: ContentSettings.RegularProfile.Exceptions.hid-chooser-data recorded 1 samples, mean = 0.0 (flags = 0x41)
0  -O                                                                        (1 = 100.0%)
1  ... 

Histogram: ContentSettings.RegularProfile.Exceptions.hid-guard recorded 1 samples, mean = 0.0 (flags = 0x41)
0  -O                                                                        (1 = 100.0%)
1  ... 

Histogram: ContentSettings.RegularProfile.Exceptions.http-allowed recorded 1 samples, mean = 0.0 (flags = 0x41)
0  -O                                                                        (1 = 100.0%)
1  ... 

Histogram: ContentSettings.RegularProfile.Exceptions.https-enforced recorded 1 samples, mean = 0.0 (flags = 0x41)
0  -O                                                                        (1 = 100.0%)
1  ... 

Histogram: ContentSettings.RegularProfile.Exceptions.idle-detection recorded 1 samples, mean = 0.0 (flags = 0x41)
0  -O                                                                        (1 = 100.0%)
1  ... 

Histogram: ContentSettings.RegularProfile.Exceptions.images recorded 1 samples, mean = 0.0 (flags = 0x41)
0  -O                                                                        (1 = 100.0%)
1  ... 

Histogram: ContentSettings.RegularProfile.Exceptions.important-site-info recorded 1 samples, mean = 0.0 (flags = 0x41)
0  -O                                                                        (1 = 100.0%)
1  ... 

Histogram: ContentSettings.RegularProfile.Exceptions.insecure-private-network recorded 1 samples, mean = 0.0 (flags = 0x41)
0  -O                                                                        (1 = 100.0%)
1  ... 

Histogram: ContentSettings.RegularProfile.Exceptions.intent-picker-auto-display recorded 1 samples, mean = 0.0 (flags = 0x41)
0  -O                                                                        (1 = 100.0%)
1  ... 

Histogram: ContentSettings.RegularProfile.Exceptions.javascript recorded 1 samples, mean = 0.0 (flags = 0x41)
0  -O                                                                        (1 = 100.0%)
1  ... 

Histogram: ContentSettings.RegularProfile.Exceptions.javascript-jit recorded 1 samples, mean = 0.0 (flags = 0x41)
0  -O                                                                        (1 = 100.0%)
1  ... 

Histogram: ContentSettings.RegularProfile.Exceptions.javascript-optimizer recorded 1 samples, mean = 0.0 (flags = 0x41)
0  -O                                                                        (1 = 100.0%)
1  ... 

Histogram: ContentSettings.RegularProfile.Exceptions.keyboard-lock recorded 1 samples, mean = 0.0 (flags = 0x41)
0  -O                                                                        (1 = 100.0%)
1  ... 

Histogram: ContentSettings.RegularProfile.Exceptions.legacy-cookie-access recorded 1 samples, mean = 0.0 (flags = 0x41)
0  -O                                                                        (1 = 100.0%)
1  ... 

Histogram: ContentSettings.RegularProfile.Exceptions.local-fonts recorded 1 samples, mean = 0.0 (flags = 0x41)
0  -O                                                                        (1 = 100.0%)
1  ... 

Histogram: ContentSettings.RegularProfile.Exceptions.media-engagement recorded 1 samples, mean = 1.0 (flags = 0x41)
0  O                                                                         (0 = 0.0%)
1  -O                                                                        (1 = 100.0%) {0.0%}
2  ... 

Histogram: ContentSettings.RegularProfile.Exceptions.media-stream-camera recorded 1 samples, mean = 0.0 (flags = 0x41)
0  -O                                                                        (1 = 100.0%)
1  ... 

Histogram: ContentSettings.RegularProfile.Exceptions.media-stream-mic recorded 1 samples, mean = 0.0 (flags = 0x41)
0  -O                                                                        (1 = 100.0%)
1  ... 

Histogram: ContentSettings.RegularProfile.Exceptions.midi-sysex recorded 1 samples, mean = 0.0 (flags = 0x41)
0  -O                                                                        (1 = 100.0%)
1  ... 

Histogram: ContentSettings.RegularProfile.Exceptions.mixed-script recorded 1 samples, mean = 0.0 (flags = 0x41)
0  -O                                                                        (1 = 100.0%)
1  ... 

Histogram: ContentSettings.RegularProfile.Exceptions.nfc-devices recorded 1 samples, mean = 0.0 (flags = 0x41)
0  -O                                                                        (1 = 100.0%)
1  ... 

Histogram: ContentSettings.RegularProfile.Exceptions.notification-interactions recorded 1 samples, mean = 0.0 (flags = 0x41)
0  -O                                                                        (1 = 100.0%)
1  ... 

Histogram: ContentSettings.RegularProfile.Exceptions.notification-permission-review recorded 1 samples, mean = 0.0 (flags = 0x41)
0  -O                                                                        (1 = 100.0%)
1  ... 

Histogram: ContentSettings.RegularProfile.Exceptions.notifications recorded 1 samples, mean = 0.0 (flags = 0x41)
0  -O                                                                        (1 = 100.0%)
1  ... 

Histogram: ContentSettings.RegularProfile.Exceptions.password-protection recorded 1 samples, mean = 0.0 (flags = 0x41)
0  -O                                                                        (1 = 100.0%)
1  ... 

Histogram: ContentSettings.RegularProfile.Exceptions.payment-handler recorded 1 samples, mean = 0.0 (flags = 0x41)
0  -O                                                                        (1 = 100.0%)
1  ... 

Histogram: ContentSettings.RegularProfile.Exceptions.permission-autoblocking-data recorded 1 samples, mean = 0.0 (flags = 0x41)
0  -O                                                                        (1 = 100.0%)
1  ... 

Histogram: ContentSettings.RegularProfile.Exceptions.permission-autorevocation-data recorded 1 samples, mean = 0.0 (flags = 0x41)
0  -O                                                                        (1 = 100.0%)
1  ... 

Histogram: ContentSettings.RegularProfile.Exceptions.pointer-lock recorded 1 samples, mean = 0.0 (flags = 0x41)
0  -O                                                                        (1 = 100.0%)
1  ... 

Histogram: ContentSettings.RegularProfile.Exceptions.popups recorded 1 samples, mean = 0.0 (flags = 0x41)
0  -O                                                                        (1 = 100.0%)
1  ... 

Histogram: ContentSettings.RegularProfile.Exceptions.popups.Allow recorded 1 samples, mean = 0.0 (flags = 0x41)
0  -O                                                                        (1 = 100.0%)
1  ... 

Histogram: ContentSettings.RegularProfile.Exceptions.popups.Block recorded 1 samples, mean = 0.0 (flags = 0x41)
0  -O                                                                        (1 = 100.0%)
1  ... 

Histogram: ContentSettings.RegularProfile.Exceptions.private-network-chooser-data recorded 1 samples, mean = 0.0 (flags = 0x41)
0  -O                                                                        (1 = 100.0%)
1  ... 

Histogram: ContentSettings.RegularProfile.Exceptions.private-network-guard recorded 1 samples, mean = 0.0 (flags = 0x41)
0  -O                                                                        (1 = 100.0%)
1  ... 

Histogram: ContentSettings.RegularProfile.Exceptions.protected-media-identifier recorded 1 samples, mean = 0.0 (flags = 0x41)
0  -O                                                                        (1 = 100.0%)
1  ... 

Histogram: ContentSettings.RegularProfile.Exceptions.protocol-handler recorded 1 samples, mean = 0.0 (flags = 0x41)
0  -O                                                                        (1 = 100.0%)
1  ... 

Histogram: ContentSettings.RegularProfile.Exceptions.reduced-accept-language recorded 1 samples, mean = 0.0 (flags = 0x41)
0  -O                                                                        (1 = 100.0%)
1  ... 

Histogram: ContentSettings.RegularProfile.Exceptions.safe-browsing-url-check-data recorded 1 samples, mean = 0.0 (flags = 0x41)
0  -O                                                                        (1 = 100.0%)
1  ... 

Histogram: ContentSettings.RegularProfile.Exceptions.sensors recorded 1 samples, mean = 0.0 (flags = 0x41)
0  -O                                                                        (1 = 100.0%)
1  ... 

Histogram: ContentSettings.RegularProfile.Exceptions.serial-chooser-data recorded 1 samples, mean = 0.0 (flags = 0x41)
0  -O                                                                        (1 = 100.0%)
1  ... 

Histogram: ContentSettings.RegularProfile.Exceptions.serial-guard recorded 1 samples, mean = 0.0 (flags = 0x41)
0  -O                                                                        (1 = 100.0%)
1  ... 

Histogram: ContentSettings.RegularProfile.Exceptions.site-engagement recorded 1 samples, mean = 1.0 (flags = 0x41)
0  O                                                                         (0 = 0.0%)
1  -O                                                                        (1 = 100.0%) {0.0%}
2  ... 

Histogram: ContentSettings.RegularProfile.Exceptions.sound recorded 1 samples, mean = 0.0 (flags = 0x41)
0  -O                                                                        (1 = 100.0%)
1  ... 

Histogram: ContentSettings.RegularProfile.Exceptions.speaker-selection recorded 1 samples, mean = 0.0 (flags = 0x41)
0  -O                                                                        (1 = 100.0%)
1  ... 

Histogram: ContentSettings.RegularProfile.Exceptions.ssl-cert-decisions recorded 1 samples, mean = 0.0 (flags = 0x41)
0  -O                                                                        (1 = 100.0%)
1  ... 

Histogram: ContentSettings.RegularProfile.Exceptions.storage-access recorded 1 samples, mean = 0.0 (flags = 0x41)
0  -O                                                                        (1 = 100.0%)
1  ... 

Histogram: ContentSettings.RegularProfile.Exceptions.storage-access-header-origin-trial recorded 1 samples, mean = 0.0 (flags = 0x41)
0  -O                                                                        (1 = 100.0%)
1  ... 

Histogram: ContentSettings.RegularProfile.Exceptions.storage-access.Allow recorded 1 samples, mean = 0.0 (flags = 0x41)
0  -O                                                                        (1 = 100.0%)
1  ... 

Histogram: ContentSettings.RegularProfile.Exceptions.storage-access.Ask recorded 1 samples, mean = 0.0 (flags = 0x41)
0  -O                                                                        (1 = 100.0%)
1  ... 

Histogram: ContentSettings.RegularProfile.Exceptions.storage-access.Block recorded 1 samples, mean = 0.0 (flags = 0x41)
0  -O                                                                        (1 = 100.0%)
1  ... 

Histogram: ContentSettings.RegularProfile.Exceptions.storage-access.MaxRequester recorded 1 samples, mean = 0.0 (flags = 0x41)
0  -O                                                                        (1 = 100.0%)
1  ... 

Histogram: ContentSettings.RegularProfile.Exceptions.storage-access.MaxTopLevel recorded 1 samples, mean = 0.0 (flags = 0x41)
0  -O                                                                        (1 = 100.0%)
1  ... 

Histogram: ContentSettings.RegularProfile.Exceptions.subresource-filter recorded 1 samples, mean = 0.0 (flags = 0x41)
0  -O                                                                        (1 = 100.0%)
1  ... 

Histogram: ContentSettings.RegularProfile.Exceptions.subresource-filter-data recorded 1 samples, mean = 0.0 (flags = 0x41)
0  -O                                                                        (1 = 100.0%)
1  ... 

Histogram: ContentSettings.RegularProfile.Exceptions.subresource-filter.Allow recorded 1 samples, mean = 0.0 (flags = 0x41)
0  -O                                                                        (1 = 100.0%)
1  ... 

Histogram: ContentSettings.RegularProfile.Exceptions.subresource-filter.Block recorded 1 samples, mean = 0.0 (flags = 0x41)
0  -O                                                                        (1 = 100.0%)
1  ... 

Histogram: ContentSettings.RegularProfile.Exceptions.third-party-storage-partitioning recorded 1 samples, mean = 0.0 (flags = 0x41)
0  -O                                                                        (1 = 100.0%)
1  ... 

Histogram: ContentSettings.RegularProfile.Exceptions.top-level-3pcd-origin-trial recorded 1 samples, mean = 0.0 (flags = 0x41)
0  -O                                                                        (1 = 100.0%)
1  ... 

Histogram: ContentSettings.RegularProfile.Exceptions.top-level-3pcd-support recorded 1 samples, mean = 0.0 (flags = 0x41)
0  -O                                                                        (1 = 100.0%)
1  ... 

Histogram: ContentSettings.RegularProfile.Exceptions.top-level-storage-access recorded 1 samples, mean = 0.0 (flags = 0x41)
0  -O                                                                        (1 = 100.0%)
1  ... 

Histogram: ContentSettings.RegularProfile.Exceptions.tracking-protection recorded 1 samples, mean = 0.0 (flags = 0x41)
0  -O                                                                        (1 = 100.0%)
1  ... 

Histogram: ContentSettings.RegularProfile.Exceptions.tracking-protection.Allow recorded 1 samples, mean = 0.0 (flags = 0x41)
0  -O                                                                        (1 = 100.0%)
1  ... 

Histogram: ContentSettings.RegularProfile.Exceptions.tracking-protection.Block recorded 1 samples, mean = 0.0 (flags = 0x41)
0  -O                                                                        (1 = 100.0%)
1  ... 

Histogram: ContentSettings.RegularProfile.Exceptions.unused-site-permissions recorded 1 samples, mean = 0.0 (flags = 0x41)
0  -O                                                                        (1 = 100.0%)
1  ... 

Histogram: ContentSettings.RegularProfile.Exceptions.usb-chooser-data recorded 1 samples, mean = 0.0 (flags = 0x41)
0  -O                                                                        (1 = 100.0%)
1  ... 

Histogram: ContentSettings.RegularProfile.Exceptions.usb-guard recorded 1 samples, mean = 0.0 (flags = 0x41)
0  -O                                                                        (1 = 100.0%)
1  ... 

Histogram: ContentSettings.RegularProfile.Exceptions.vr recorded 1 samples, mean = 0.0 (flags = 0x41)
0  -O                                                                        (1 = 100.0%)
1  ... 

Histogram: ContentSettings.RegularProfile.Exceptions.webid-api recorded 1 samples, mean = 0.0 (flags = 0x41)
0  -O                                                                        (1 = 100.0%)
1  ... 

Histogram: ContentSettings.RegularProfile.Exceptions.webid-auto-reauthn recorded 1 samples, mean = 0.0 (flags = 0x41)
0  -O                                                                        (1 = 100.0%)
1  ... 

Histogram: ContentSettings.RegularProfile.Exceptions.window-placement recorded 1 samples, mean = 0.0 (flags = 0x41)
0  -O                                                                        (1 = 100.0%)
1  ... 

Histogram: Conversions.DelayOnAttestationsLoaded recorded 1 samples, mean = 300208.0 (flags = 0x41)
0       ... 
300000  -O                                                                        (1 = 100.0%) {0.0%}

Histogram: Cookie.ClockSkew.AddMinutes recorded 6 samples, mean = 0.0 (flags = 0x41)
0  ------O                                                                   (6 = 100.0%)
1  ... 

Histogram: Cookie.ClockSkew.AddMinutes12To24Hours recorded 6 samples, mean = 0.0 (flags = 0x41)
0  ------O                                                                   (6 = 100.0%)
720... 

Histogram: Cookie.ClockSkew.ExpiredWithoutSkew recorded 6 samples, mean = 0.0 (flags = 0x41)
0  ------O                                                                   (6 = 100.0%)
1  ... 

Histogram: Cookie.CookiePrefix recorded 7 samples, mean = 0.0 (flags = 0x41)
0  -------O                                                                  (7 = 100.0%)
1  ... 

Histogram: Cookie.CookieSchemeRequestScheme recorded 74 samples, mean = 2.0 (flags = 0x41)
0  ... 
2  ------------------------------------------------------------------------O (74 = 100.0%) {0.0%}
3  ... 

Histogram: Cookie.CookieSourceScheme recorded 7 samples, mean = 0.0 (flags = 0x41)
0  -------O                                                                  (7 = 100.0%)
1  ... 

Histogram: Cookie.CookieSourceSchemeName recorded 7 samples, mean = 14.0 (flags = 0x41)
0   ... 
14  -------O                                                                  (7 = 100.0%) {0.0%}
15  ... 

Histogram: Cookie.CrossSiteRedirectType.Read recorded 118 samples, mean = 1.0 (flags = 0x41)
0  O                                                                         (0 = 0.0%)
1  ------------------------------------------------------------------------O (118 = 100.0%) {0.0%}
2  ... 

Histogram: Cookie.CrossSiteRedirectType.Write recorded 7 samples, mean = 1.0 (flags = 0x41)
0  O                                                                         (0 = 0.0%)
1  -------O                                                                  (7 = 100.0%) {0.0%}
2  ... 

Histogram: Cookie.DaysSinceRefreshForRetrieval recorded 3 samples, mean = 5.0 (flags = 0x41)
0  ... 
5  ---O                                                                      (3 = 100.0%) {0.0%}
6  ... 

Histogram: Cookie.DomainHasNonASCII recorded 7 samples, mean = 0.0 (flags = 0x41)
0  -------O                                                                  (7 = 100.0%)
1  ... 

Histogram: Cookie.DomainSet recorded 7 samples, mean = 1.0 (flags = 0x41)
0  O                                                                         (0 = 0.0%)
1  -------O                                                                  (7 = 100.0%) {0.0%}
2  O                                                                         (0 = 0.0%) {100.0%}

Histogram: Cookie.DoubleUnderscorePrefixedName recorded 7 samples, mean = 0.7 (flags = 0x41)
0  --O                                                                       (2 = 28.6%)
1  -----O                                                                    (5 = 71.4%) {28.6%}
2  O                                                                         (0 = 0.0%) {100.0%}

Histogram: Cookie.ExpirationDuration400DaysLTE recorded 6 samples, mean = 60.8 (flags = 0x41)
0    -----O                                                                    (5 = 83.3%)
1    ... 
364  -O                                                                        (1 = 16.7%) {83.3%}
400  O                                                                         (0 = 0.0%) {100.0%}

Histogram: Cookie.ExpirationDurationMinutesSecure recorded 6 samples, mean = 87625.0 (flags = 0x41)
0       ... 
26      -----O                                                                    (5 = 83.3%) {0.0%}
36      ... 
429766  -O                                                                        (1 = 16.7%) {83.3%}
587706  ... 

Histogram: Cookie.FirstPartyPartitioned.HasCrossSiteAncestor recorded 44 samples, mean = 0.0 (flags = 0x41)
0  --------------------------------------------O                             (44 = 100.0%)
1  ... 

Histogram: Cookie.FirstPartySets.Browser.DelayedQueriesCount recorded 1 samples, mean = 2.0 (flags = 0x41)
0  ... 
2  -O                                                                        (1 = 100.0%) {0.0%}
3  ... 

Histogram: Cookie.FirstPartySets.Browser.MostDelayedQueryDelta recorded 1 samples, mean = 384.0 (flags = 0x41)
0    ... 
378  -O                                                                        (1 = 100.0%) {0.0%}
449  ... 

Histogram: Cookie.FirstPartySets.ComponentSetsNonfatalErrors recorded 1 samples, mean = 0.0 (flags = 0x41)
0  -O                                                                        (1 = 100.0%)
1  ... 

Histogram: Cookie.FirstPartySets.ComponentSetsParsedSuccessfully recorded 1 samples, mean = 0.0 (flags = 0x41)
0  -O                                                                        (1 = 100.0%)
1  ... 

Histogram: Cookie.FirstPartySets.ContextDelayedQueriesCount recorded 1 samples, mean = 0.0 (flags = 0x41)
0  -O                                                                        (1 = 100.0%)
1  ... 

Histogram: Cookie.FirstPartySets.ContextMostDelayedQueryDelta recorded 1 samples, mean = 0.0 (flags = 0x41)
0  -O                                                                        (1 = 100.0%)
1  ... 

Histogram: Cookie.FirstPartySets.EnqueueingDelay.ContextConfig2 recorded 1 samples, mean = 178.0 (flags = 0x41)
0    ... 
160  -O                                                                        (1 = 100.0%) {0.0%}
190  ... 

Histogram: Cookie.FirstPartySets.InitializationDuration.ContextReadyToServeQueries2 recorded 1 samples, mean = 1971.0 (flags = 0x41)
0     ... 
1782  -O                                                                        (1 = 100.0%) {0.0%}
2117  ... 

Histogram: Cookie.FirstPartySets.InitializationDuration.ReadCommandLineSet2 recorded 1 samples, mean = 385.0 (flags = 0x41)
0    ... 
378  -O                                                                        (1 = 100.0%) {0.0%}
449  ... 

Histogram: Cookie.FirstPartySets.InitializationDuration.ReadComponentSets2 recorded 1 samples, mean = 1.0 (flags = 0x41)
0  O                                                                         (0 = 0.0%)
1  -O                                                                        (1 = 100.0%) {0.0%}
2  ... 

Histogram: Cookie.FirstPartySets.InitializationDuration.ReadyToServeQueries2 recorded 1 samples, mean = 271.0 (flags = 0x41)
0    ... 
268  -O                                                                        (1 = 100.0%) {0.0%}
318  ... 

Histogram: Cookie.FirstPartySets.Network.DelayedQueriesCount recorded 1 samples, mean = 0.0 (flags = 0x41)
0  -O                                                                        (1 = 100.0%)
1  ... 

Histogram: Cookie.FirstPartySets.Network.MostDelayedQueryDelta recorded 1 samples, mean = 0.0 (flags = 0x41)
0  -O                                                                        (1 = 100.0%)
1  ... 

Histogram: Cookie.FirstPartySets.ProcessedEntireComponent recorded 1 samples, mean = 1.0 (flags = 0x41)
0  O                                                                         (0 = 0.0%)
1  -O                                                                        (1 = 100.0%) {0.0%}
2  O                                                                         (0 = 0.0%) {100.0%}

Histogram: Cookie.FromStorageWithValidLength recorded 135 samples, mean = 1.0 (flags = 0x41)
0  O                                                                         (0 = 0.0%)
1  ------------------------------------------------------------------------O (135 = 100.0%) {0.0%}
2  O                                                                         (0 = 0.0%) {100.0%}

Histogram: Cookie.HasNonASCII.Name recorded 7 samples, mean = 0.0 (flags = 0x41)
0  -------O                                                                  (7 = 100.0%)
1  ... 

Histogram: Cookie.HasNonASCII.Value recorded 7 samples, mean = 0.0 (flags = 0x41)
0  -------O                                                                  (7 = 100.0%)
1  ... 

Histogram: Cookie.IncludedRequestEffectiveSameSite recorded 120 samples, mean = 0.0 (flags = 0x41)
0  ------------------------------------------------------------------------O (120 = 100.0%)
1  ... 

Histogram: Cookie.IncludedResponseEffectiveSameSite recorded 7 samples, mean = 0.0 (flags = 0x41)
0  -------O                                                                  (7 = 100.0%)
1  ... 

Histogram: Cookie.IsPartitionedValid recorded 1 samples, mean = 1.0 (flags = 0x41)
0  O                                                                         (0 = 0.0%)
1  -O                                                                        (1 = 100.0%) {0.0%}
2  O                                                                         (0 = 0.0%) {100.0%}

Histogram: Cookie.NameOrValueHtab recorded 7 samples, mean = 0.0 (flags = 0x41)
0  -------O                                                                  (7 = 100.0%)
1  ... 

Histogram: Cookie.OnCookiesAccessed.BatchSize recorded 37 samples, mean = 1.1 (flags = 0x41)
0  O                                                                         (0 = 0.0%)
1  ----------------------------------O                                       (34 = 91.9%) {0.0%}
2  ---O                                                                      (3 = 8.1%) {91.9%}
3  ... 

Histogram: Cookie.OnCookiesAccessed.TotalAccesses recorded 37 samples, mean = 2.1 (flags = 0x41)
0  O                                                                         (0 = 0.0%)
1  -O                                                                        (1 = 2.7%) {0.0%}
2  ---------------------------------O                                        (33 = 89.2%) {2.7%}
3  --O                                                                       (2 = 5.4%) {91.9%}
4  -O                                                                        (1 = 2.7%) {97.3%}
5  ... 

Histogram: Cookie.PartitionedCookiesInRequest recorded 38 samples, mean = 1.0 (flags = 0x41)
0  O                                                                         (0 = 0.0%)
1  --------------------------------------O                                   (38 = 100.0%) {0.0%}
2  ... 

Histogram: Cookie.Port.Read.RemoteHost recorded 114 samples, mean = 7.0 (flags = 0x41)
0  ... 
7  ------------------------------------------------------------------------O (114 = 100.0%) {0.0%}
8  ... 

Histogram: Cookie.Port.ReadDiffersFromSet.DomainSet recorded 114 samples, mean = 4.0 (flags = 0x41)
0  ... 
4  ------------------------------------------------------------------------O (114 = 100.0%) {0.0%}
5  O                                                                         (0 = 0.0%) {100.0%}

Histogram: Cookie.Port.ReadDiffersFromSet.RemoteHost recorded 114 samples, mean = 4.0 (flags = 0x41)
0  ... 
4  ------------------------------------------------------------------------O (114 = 100.0%) {0.0%}
5  O                                                                         (0 = 0.0%) {100.0%}

Histogram: Cookie.Port.Set.RemoteHost recorded 7 samples, mean = 7.0 (flags = 0x41)
0  ... 
7  -------O                                                                  (7 = 100.0%) {0.0%}
8  ... 

Histogram: Cookie.RequestSameSiteContext recorded 124 samples, mean = 3.0 (flags = 0x41)
0  -O                                                                        (2 = 1.6%)
1  ... 
3  ------------------------------------------------------------------------O (122 = 98.4%) {1.6%}
4  O                                                                         (0 = 0.0%) {100.0%}

Histogram: Cookie.SameSiteAttributeValue recorded 7 samples, mean = 5.0 (flags = 0x41)
0  ... 
5  -------O                                                                  (7 = 100.0%) {0.0%}
6  ... 

Histogram: Cookie.SameSiteNoneSizeBytes recorded 7 samples, mean = 211.9 (flags = 0x41)
0    ... 
40   -O                                                                        (1 = 14.3%) {0.0%}
48   ... 
190  -----O                                                                    (5 = 71.4%) {14.3%}
226  ... 
378  -O                                                                        (1 = 14.3%) {85.7%}
449  ... 

Histogram: Cookie.SameSiteNoneSizeBytes.Partitioned recorded 1 samples, mean = 417.0 (flags = 0x41)
0    ... 
378  -O                                                                        (1 = 100.0%) {0.0%}
449  ... 

Histogram: Cookie.SameSiteNoneSizeBytes.Unpartitioned recorded 6 samples, mean = 177.7 (flags = 0x41)
0    ... 
40   -O                                                                        (1 = 16.7%) {0.0%}
48   ... 
190  -----O                                                                    (5 = 83.3%) {16.7%}
226  ... 

Histogram: Cookie.SourceType recorded 10 samples, mean = 1.0 (flags = 0x41)
0  O                                                                         (0 = 0.0%)
1  ----------O                                                               (10 = 100.0%) {0.0%}
2  ... 

Histogram: Cookie.TimeBlockedOnLoad recorded 2 samples, mean = 492.0 (flags = 0x41)
0    ... 
3    -O                                                                        (1 = 50.0%) {0.0%}
4    ... 
816  -O                                                                        (1 = 50.0%) {50.0%}
1012 ... 

Histogram: Cookie.TimeInitializeDB recorded 2 samples, mean = 2.5 (flags = 0x41)
0  ... 
2  -O                                                                        (1 = 50.0%) {0.0%}
3  -O                                                                        (1 = 50.0%) {50.0%}
4  ... 

Histogram: Cookie.TimeOpsBlockedDueToGlobalOp recorded 2 samples, mean = 1.5 (flags = 0x41)
0  -O                                                                        (1 = 50.0%)
1  ... 
3  -O                                                                        (1 = 50.0%) {50.0%}
4  ... 

Histogram: Cookie.Type2 recorded 10 samples, mean = 13.0 (flags = 0x41)
0   ... 
4   -O                                                                        (1 = 10.0%) {0.0%}
5   ... 
14  ---------O                                                                (9 = 90.0%) {10.0%}
15  ... 

Histogram: Crypto.TPMDuration.Virtual.MessageSigningECDSA recorded 1 samples, mean = 0.0 (flags = 0x41)
0  -O                                                                        (1 = 100.0%)
1  ... 

Histogram: Crypto.TPMDuration.Virtual.NewKeyCreationECDSA recorded 1 samples, mean = 7.0 (flags = 0x41)
0  ... 
6  -O                                                                        (1 = 100.0%) {0.0%}
8  ... 

Histogram: Crypto.TPMDuration.Virtual.WrappedKeyCreationECDSA recorded 1 samples, mean = 2.0 (flags = 0x41)
0  ... 
2  -O                                                                        (1 = 100.0%) {0.0%}
3  ... 

Histogram: Crypto.TPMOperation.NewKeyCreationECDSA recorded 1 samples, mean = 0.0 (flags = 0x41)
0  -O                                                                        (1 = 100.0%)
1  ... 

Histogram: Crypto.TPMOperation.Virtual.MessageSigningECDSA recorded 1 samples, mean = 1.0 (flags = 0x41)
0  O                                                                         (0 = 0.0%)
1  -O                                                                        (1 = 100.0%) {0.0%}
2  O                                                                         (0 = 0.0%) {100.0%}

Histogram: Crypto.TPMOperation.Virtual.MessageVerifyECDSA recorded 1 samples, mean = 1.0 (flags = 0x41)
0  O                                                                         (0 = 0.0%)
1  -O                                                                        (1 = 100.0%) {0.0%}
2  O                                                                         (0 = 0.0%) {100.0%}

Histogram: Crypto.TPMOperation.Virtual.NewKeyCreationECDSA recorded 1 samples, mean = 1.0 (flags = 0x41)
0  O                                                                         (0 = 0.0%)
1  -O                                                                        (1 = 100.0%) {0.0%}
2  O                                                                         (0 = 0.0%) {100.0%}

Histogram: Crypto.TPMOperation.Virtual.WrappedKeyCreationECDSA recorded 1 samples, mean = 1.0 (flags = 0x41)
0  O                                                                         (0 = 0.0%)
1  -O                                                                        (1 = 100.0%) {0.0%}
2  O                                                                         (0 = 0.0%) {100.0%}

Histogram: Crypto.TPMSupport2 recorded 1 samples, mean = 2.0 (flags = 0x41)
0  ... 
2  -O                                                                        (1 = 100.0%) {0.0%}
3  O                                                                         (0 = 0.0%) {100.0%}

Histogram: Crypto.TPMSupportType recorded 1 samples, mean = 3.0 (flags = 0x41)
0  ... 
3  -O                                                                        (1 = 100.0%) {0.0%}
4  O                                                                         (0 = 0.0%) {100.0%}

Histogram: Crypto.VirtualKeySupport recorded 1 samples, mean = 2.0 (flags = 0x41)
0  ... 
2  -O                                                                        (1 = 100.0%) {0.0%}
3  O                                                                         (0 = 0.0%) {100.0%}

Histogram: DOMStorage.CommitMeasuredDelay recorded 4 samples, mean = 3756.8 (flags = 0x41)
0     ... 
2     -O                                                                        (1 = 25.0%) {0.0%}
3     ... 
4904  ---O                                                                      (3 = 75.0%) {25.0%}
5660  ... 

Histogram: DOMStorage.CommitSizeBytes recorded 2 samples, mean = 1332.5 (flags = 0x41)
0     ... 
1230  --O                                                                       (2 = 100.0%) {0.0%}
1387  ... 

Histogram: DataUse.BytesReceived3.Delegate recorded 52 samples, mean = 27538.9 (flags = 0x41)
0       ... 
297     -O                                                                        (1 = 1.9%) {0.0%}
383     --O                                                                       (2 = 3.8%) {1.9%}
494     -O                                                                        (1 = 1.9%) {5.8%}
637     -O                                                                        (1 = 1.9%) {7.7%}
821     ----O                                                                     (4 = 7.7%) {9.6%}
1059    ----O                                                                     (4 = 7.7%) {17.3%}
1366    --O                                                                       (2 = 3.8%) {25.0%}
1761    --O                                                                       (2 = 3.8%) {28.8%}
2271    -O                                                                        (1 = 1.9%) {32.7%}
2928    ------O                                                                   (6 = 11.5%) {34.6%}
3776    -O                                                                        (1 = 1.9%) {46.2%}
4869    ---O                                                                      (3 = 5.8%) {48.1%}
6279    -O                                                                        (1 = 1.9%) {53.8%}
8097    -O                                                                        (1 = 1.9%) {55.8%}
10441   --O                                                                       (2 = 3.8%) {57.7%}
13464   O                                                                         (0 = 0.0%) {61.5%}
17362   --O                                                                       (2 = 3.8%) {61.5%}
22388   ----O                                                                     (4 = 7.7%) {65.4%}
28869   --O                                                                       (2 = 3.8%) {73.1%}
37226   --O                                                                       (2 = 3.8%) {76.9%}
48002   --O                                                                       (2 = 3.8%) {80.8%}
61898   O                                                                         (0 = 0.0%) {84.6%}
79817   ---O                                                                      (3 = 5.8%) {84.6%}
102923  ---O                                                                      (3 = 5.8%) {90.4%}
132718  --O                                                                       (2 = 3.8%) {96.2%}
171138  ... 

Histogram: DataUse.BytesSent3.Delegate recorded 52 samples, mean = 563.1 (flags = 0x41)
0      ... 
49     -O                                                                        (1 = 1.9%) {0.0%}
65     --------------------------O                                               (26 = 50.0%) {1.9%}
86     -----O                                                                    (5 = 9.6%) {51.9%}
113    -O                                                                        (1 = 1.9%) {61.5%}
149    -O                                                                        (1 = 1.9%) {63.5%}
196    ---O                                                                      (3 = 5.8%) {65.4%}
258    O                                                                         (0 = 0.0%) {71.2%}
340    --O                                                                       (2 = 3.8%) {71.2%}
448    -----O                                                                    (5 = 9.6%) {75.0%}
590    ----O                                                                     (4 = 7.7%) {84.6%}
777    ---O                                                                      (3 = 5.8%) {92.3%}
1023   ... 
16063  -O                                                                        (1 = 1.9%) {98.1%}
21156  ... 

Histogram: DefaultBrowser.State recorded 1 samples, mean = 0.0 (flags = 0x41)
0  -O                                                                        (1 = 100.0%)
1  ... 

Histogram: DiskCache.0.Error recorded 1 samples, mean = 0.0 (flags = 0x41)
0  -O                                                                        (1 = 100.0%)
1  ... 

Histogram: DiskCache.0.TotalIOTimeRead recorded 8 samples, mean = 0.0 (flags = 0x41)
0  --------O                                                                 (8 = 100.0%)
1  ... 

Histogram: DiskCache.0.TotalIOTimeWrite recorded 204 samples, mean = 0.0 (flags = 0x41)
0  ------------------------------------------------------------------------O (198 = 97.1%)
1  --O                                                                       (6 = 2.9%) {97.1%}
2  ... 

Histogram: Download.Database.IsAvailable recorded 1 samples, mean = 1.0 (flags = 0x41)
0  O                                                                         (0 = 0.0%)
1  -O                                                                        (1 = 100.0%) {0.0%}
2  O                                                                         (0 = 0.0%) {100.0%}

Histogram: Download.Service.Db.Operation.Failure recorded 1 samples, mean = 0.0 (flags = 0x41)
0  -O                                                                        (1 = 100.0%)
1  ... 

Histogram: Download.Service.Files.CleanUp.External recorded 1 samples, mean = 0.0 (flags = 0x41)
0  -O                                                                        (1 = 100.0%)
1  ... 

Histogram: Download.Service.Files.CleanUp.External.HardRecovery recorded 1 samples, mean = 0.0 (flags = 0x41)
0  -O                                                                        (1 = 100.0%)
1  ... 

Histogram: Download.Service.Files.CleanUp.Failure recorded 1 samples, mean = 0.0 (flags = 0x41)
0  -O                                                                        (1 = 100.0%)
1  ... 

Histogram: Download.Service.Files.CleanUp.Failure.HardRecovery recorded 1 samples, mean = 0.0 (flags = 0x41)
0  -O                                                                        (1 = 100.0%)
1  ... 

Histogram: Download.Service.Files.CleanUp.Success recorded 1 samples, mean = 0.0 (flags = 0x41)
0  -O                                                                        (1 = 100.0%)
1  ... 

Histogram: Download.Service.Files.CleanUp.Success.HardRecovery recorded 1 samples, mean = 0.0 (flags = 0x41)
0  -O                                                                        (1 = 100.0%)
1  ... 

Histogram: Download.Service.StartUpStatus.Initialization recorded 2 samples, mean = 2.0 (flags = 0x41)
0  O                                                                         (0 = 0.0%)
1  -O                                                                        (1 = 50.0%) {0.0%}
2  O                                                                         (0 = 0.0%) {50.0%}
3  -O                                                                        (1 = 50.0%) {50.0%}
4  ... 

Histogram: Download.Service.StartUpStatus.Recovery recorded 2 samples, mean = 2.0 (flags = 0x41)
0  O                                                                         (0 = 0.0%)
1  -O                                                                        (1 = 50.0%) {0.0%}
2  O                                                                         (0 = 0.0%) {50.0%}
3  -O                                                                        (1 = 50.0%) {50.0%}
4  ... 

Histogram: Enterprise.TimeToFirstPolicyLoad.Profile.Unmanaged recorded 1 samples, mean = 0.0 (flags = 0x41)
0  -O                                                                        (1 = 100.0%)
1  ... 

Histogram: EnterpriseCheck.AzureADJoinStatusCheckTime recorded 1 samples, mean = 8.0 (flags = 0x41)
0  ... 
8  -O                                                                        (1 = 100.0%) {0.0%}
10 ... 

Histogram: Event.GestureCreated recorded 1 samples, mean = 12.0 (flags = 0x41)
0   ... 
12  -O                                                                        (1 = 100.0%) {0.0%}
13  ... 

Histogram: Extension.Toolbar.BrowserActionsCount2 recorded 1 samples, mean = 0.0 (flags = 0x41)
0  -O                                                                        (1 = 100.0%)
1  ... 

Histogram: ExtensionToolbarModel.BrowserActionsCount recorded 1 samples, mean = 0.0 (flags = 0x41)
0  -O                                                                        (1 = 100.0%)
1  ... 

Histogram: Extensions.AppLocation2 recorded 1 samples, mean = 5.0 (flags = 0x41)
0  ... 
5  -O                                                                        (1 = 100.0%) {0.0%}
6  ... 

Histogram: Extensions.CorruptExtensionTotalDisables recorded 1 samples, mean = 0.0 (flags = 0x41)
0  -O                                                                        (1 = 100.0%)
1  ... 

Histogram: Extensions.CorruptExtensionTotalDisables2 recorded 1 samples, mean = 0.0 (flags = 0x41)
0  -O                                                                        (1 = 100.0%)
1  ... 

Histogram: Extensions.Database.Open.State recorded 2 samples, mean = 5.0 (flags = 0x41)
0  ... 
5  --O                                                                       (2 = 100.0%) {0.0%}
6  O                                                                         (0 = 0.0%) {100.0%}

Histogram: Extensions.DeveloperModeEnabled recorded 2 samples, mean = 0.0 (flags = 0x41)
0  --O                                                                       (2 = 100.0%)
1  ... 

Histogram: Extensions.DidCreateScriptContext_Unspecified recorded 1 samples, mean = 3.0 (flags = 0x41)
0  ... 
3  -O                                                                        (1 = 100.0%) {0.0%}
4  ... 

Histogram: Extensions.DidCreateScriptContext_WebPage recorded 3 samples, mean = 0.0 (flags = 0x41)
0  ---O                                                                      (3 = 100.0%)
1  ... 

Histogram: Extensions.Disabled recorded 1 samples, mean = 0.0 (flags = 0x41)
0  -O                                                                        (1 = 100.0%)
1  ... 

Histogram: Extensions.Disabled2 recorded 1 samples, mean = 0.0 (flags = 0x41)
0  -O                                                                        (1 = 100.0%)
1  ... 

Histogram: Extensions.DisabledForPermissions recorded 1 samples, mean = 0.0 (flags = 0x41)
0  -O                                                                        (1 = 100.0%)
1  ... 

Histogram: Extensions.DisabledForPermissions2 recorded 1 samples, mean = 0.0 (flags = 0x41)
0  -O                                                                        (1 = 100.0%)
1  ... 

Histogram: Extensions.EventlessEventPages2 recorded 1 samples, mean = 0.0 (flags = 0x41)
0  -O                                                                        (1 = 100.0%)
1  ... 

Histogram: Extensions.ExtensionLocation recorded 1 samples, mean = 5.0 (flags = 0x41)
0  ... 
5  -O                                                                        (1 = 100.0%) {0.0%}
6  ... 

Histogram: Extensions.ExtensionLocation2 recorded 1 samples, mean = 5.0 (flags = 0x41)
0  ... 
5  -O                                                                        (1 = 100.0%) {0.0%}
6  ... 

Histogram: Extensions.ExtensionsWithPageActions recorded 1 samples, mean = 0.0 (flags = 0x41)
0  -O                                                                        (1 = 100.0%)
1  ... 

Histogram: Extensions.HomepageOverrides recorded 1 samples, mean = 0.0 (flags = 0x41)
0  -O                                                                        (1 = 100.0%)
1  ... 

Histogram: Extensions.HomepageOverrides2 recorded 1 samples, mean = 0.0 (flags = 0x41)
0  -O                                                                        (1 = 100.0%)
1  ... 

Histogram: Extensions.InjectEnd_ScriptCount recorded 3 samples, mean = 0.0 (flags = 0x41)
0  ---O                                                                      (3 = 100.0%)
1  ... 

Histogram: Extensions.InjectIdle_ScriptCount recorded 3 samples, mean = 0.0 (flags = 0x41)
0  ---O                                                                      (3 = 100.0%)
1  ... 

Histogram: Extensions.InjectStart_CssCount recorded 5 samples, mean = 0.0 (flags = 0x41)
0  -----O                                                                    (5 = 100.0%)
1  ... 

Histogram: Extensions.InjectStart_ScriptCount recorded 5 samples, mean = 0.0 (flags = 0x41)
0  -----O                                                                    (5 = 100.0%)
1  ... 

Histogram: Extensions.LoadAll recorded 1 samples, mean = 2.0 (flags = 0x41)
0  ... 
2  -O                                                                        (1 = 100.0%) {0.0%}
3  ... 

Histogram: Extensions.LoadAll2 recorded 1 samples, mean = 2.0 (flags = 0x41)
0  ... 
2  -O                                                                        (1 = 100.0%) {0.0%}
3  ... 

Histogram: Extensions.LoadAllComponentTime recorded 1 samples, mean = 12.0 (flags = 0x41)
0   ... 
12  -O                                                                        (1 = 100.0%) {0.0%}
14  ... 

Histogram: Extensions.LoadAllComponentTime.User recorded 1 samples, mean = 12.0 (flags = 0x41)
0   ... 
12  -O                                                                        (1 = 100.0%) {0.0%}
14  ... 

Histogram: Extensions.LoadAllTime2 recorded 1 samples, mean = 0.0 (flags = 0x41)
0  -O                                                                        (1 = 100.0%)
1  ... 

Histogram: Extensions.LoadAllTime2.User recorded 1 samples, mean = 0.0 (flags = 0x41)
0  -O                                                                        (1 = 100.0%)
1  ... 

Histogram: Extensions.LoadApp recorded 1 samples, mean = 0.0 (flags = 0x41)
0  -O                                                                        (1 = 100.0%)
1  ... 

Histogram: Extensions.LoadApp2 recorded 1 samples, mean = 0.0 (flags = 0x41)
0  -O                                                                        (1 = 100.0%)
1  ... 

Histogram: Extensions.LoadAppExternal recorded 1 samples, mean = 0.0 (flags = 0x41)
0  -O                                                                        (1 = 100.0%)
1  ... 

Histogram: Extensions.LoadAppExternal2 recorded 1 samples, mean = 0.0 (flags = 0x41)
0  -O                                                                        (1 = 100.0%)
1  ... 

Histogram: Extensions.LoadAppUser recorded 1 samples, mean = 0.0 (flags = 0x41)
0  -O                                                                        (1 = 100.0%)
1  ... 

Histogram: Extensions.LoadAppUser2 recorded 1 samples, mean = 0.0 (flags = 0x41)
0  -O                                                                        (1 = 100.0%)
1  ... 

Histogram: Extensions.LoadBrowserAction recorded 1 samples, mean = 0.0 (flags = 0x41)
0  -O                                                                        (1 = 100.0%)
1  ... 

Histogram: Extensions.LoadBrowserAction2 recorded 1 samples, mean = 0.0 (flags = 0x41)
0  -O                                                                        (1 = 100.0%)
1  ... 

Histogram: Extensions.LoadExtension recorded 1 samples, mean = 0.0 (flags = 0x41)
0  -O                                                                        (1 = 100.0%)
1  ... 

Histogram: Extensions.LoadExtension2 recorded 1 samples, mean = 0.0 (flags = 0x41)
0  -O                                                                        (1 = 100.0%)
1  ... 

Histogram: Extensions.LoadExtensionExternal recorded 1 samples, mean = 0.0 (flags = 0x41)
0  -O                                                                        (1 = 100.0%)
1  ... 

Histogram: Extensions.LoadExtensionExternal2 recorded 1 samples, mean = 0.0 (flags = 0x41)
0  -O                                                                        (1 = 100.0%)
1  ... 

Histogram: Extensions.LoadExtensionUser2 recorded 1 samples, mean = 0.0 (flags = 0x41)
0  -O                                                                        (1 = 100.0%)
1  ... 

Histogram: Extensions.LoadHostedApp recorded 1 samples, mean = 0.0 (flags = 0x41)
0  -O                                                                        (1 = 100.0%)
1  ... 

Histogram: Extensions.LoadHostedApp2 recorded 1 samples, mean = 0.0 (flags = 0x41)
0  -O                                                                        (1 = 100.0%)
1  ... 

Histogram: Extensions.LoadNoExtensionAction recorded 1 samples, mean = 0.0 (flags = 0x41)
0  -O                                                                        (1 = 100.0%)
1  ... 

Histogram: Extensions.LoadNoExtensionAction2 recorded 1 samples, mean = 0.0 (flags = 0x41)
0  -O                                                                        (1 = 100.0%)
1  ... 

Histogram: Extensions.LoadOffStoreItems recorded 1 samples, mean = 0.0 (flags = 0x41)
0  -O                                                                        (1 = 100.0%)
1  ... 

Histogram: Extensions.LoadOffStoreItems2 recorded 1 samples, mean = 0.0 (flags = 0x41)
0  -O                                                                        (1 = 100.0%)
1  ... 

Histogram: Extensions.LoadPackagedApp recorded 1 samples, mean = 0.0 (flags = 0x41)
0  -O                                                                        (1 = 100.0%)
1  ... 

Histogram: Extensions.LoadPackagedApp2 recorded 1 samples, mean = 0.0 (flags = 0x41)
0  -O                                                                        (1 = 100.0%)
1  ... 

Histogram: Extensions.LoadPlatformApp recorded 1 samples, mean = 0.0 (flags = 0x41)
0  -O                                                                        (1 = 100.0%)
1  ... 

Histogram: Extensions.LoadPlatformApp2 recorded 1 samples, mean = 0.0 (flags = 0x41)
0  -O                                                                        (1 = 100.0%)
1  ... 

Histogram: Extensions.LoadTheme recorded 1 samples, mean = 0.0 (flags = 0x41)
0  -O                                                                        (1 = 100.0%)
1  ... 

Histogram: Extensions.LoadTheme2 recorded 1 samples, mean = 0.0 (flags = 0x41)
0  -O                                                                        (1 = 100.0%)
1  ... 

Histogram: Extensions.LoadUserScript recorded 1 samples, mean = 0.0 (flags = 0x41)
0  -O                                                                        (1 = 100.0%)
1  ... 

Histogram: Extensions.LoadUserScript2 recorded 1 samples, mean = 0.0 (flags = 0x41)
0  -O                                                                        (1 = 100.0%)
1  ... 

Histogram: Extensions.Management_Refresh recorded 1 samples, mean = 0.0 (flags = 0x41)
0  -O                                                                        (1 = 100.0%)
1  ... 

Histogram: Extensions.ManifestVersion2Count.Component recorded 1 samples, mean = 1.0 (flags = 0x41)
0  O                                                                         (0 = 0.0%)
1  -O                                                                        (1 = 100.0%) {0.0%}
2  ... 

Histogram: Extensions.ManifestVersion2Count.External recorded 1 samples, mean = 0.0 (flags = 0x41)
0  -O                                                                        (1 = 100.0%)
1  ... 

Histogram: Extensions.ManifestVersion2Count.Internal recorded 1 samples, mean = 0.0 (flags = 0x41)
0  -O                                                                        (1 = 100.0%)
1  ... 

Histogram: Extensions.ManifestVersion2Count.Policy recorded 1 samples, mean = 0.0 (flags = 0x41)
0  -O                                                                        (1 = 100.0%)
1  ... 

Histogram: Extensions.ManifestVersion2Count.Unpacked recorded 1 samples, mean = 0.0 (flags = 0x41)
0  -O                                                                        (1 = 100.0%)
1  ... 

Histogram: Extensions.ManifestVersion3Count.Component recorded 1 samples, mean = 0.0 (flags = 0x41)
0  -O                                                                        (1 = 100.0%)
1  ... 

Histogram: Extensions.ManifestVersion3Count.External recorded 1 samples, mean = 0.0 (flags = 0x41)
0  -O                                                                        (1 = 100.0%)
1  ... 

Histogram: Extensions.ManifestVersion3Count.Internal recorded 1 samples, mean = 0.0 (flags = 0x41)
0  -O                                                                        (1 = 100.0%)
1  ... 

Histogram: Extensions.ManifestVersion3Count.Policy recorded 1 samples, mean = 0.0 (flags = 0x41)
0  -O                                                                        (1 = 100.0%)
1  ... 

Histogram: Extensions.ManifestVersion3Count.Unpacked recorded 1 samples, mean = 0.0 (flags = 0x41)
0  -O                                                                        (1 = 100.0%)
1  ... 

Histogram: Extensions.ManifestVersionByLocation.Component recorded 1 samples, mean = 2.0 (flags = 0x41)
0  ... 
2  -O                                                                        (1 = 100.0%) {0.0%}
3  ... 

Histogram: Extensions.ManifestVersionPopulationSplit.Component recorded 1 samples, mean = 1.0 (flags = 0x41)
0  O                                                                         (0 = 0.0%)
1  -O                                                                        (1 = 100.0%) {0.0%}
2  ... 

Histogram: Extensions.ManifestVersionPopulationSplit.External recorded 1 samples, mean = 0.0 (flags = 0x41)
0  -O                                                                        (1 = 100.0%)
1  ... 

Histogram: Extensions.ManifestVersionPopulationSplit.Internal recorded 1 samples, mean = 0.0 (flags = 0x41)
0  -O                                                                        (1 = 100.0%)
1  ... 

Histogram: Extensions.ManifestVersionPopulationSplit.InternalAndExternal recorded 1 samples, mean = 0.0 (flags = 0x41)
0  -O                                                                        (1 = 100.0%)
1  ... 

Histogram: Extensions.ManifestVersionPopulationSplit.Unpacked recorded 1 samples, mean = 0.0 (flags = 0x41)
0  -O                                                                        (1 = 100.0%)
1  ... 

Histogram: Extensions.NewTabPageOverrides recorded 1 samples, mean = 0.0 (flags = 0x41)
0  -O                                                                        (1 = 100.0%)
1  ... 

Histogram: Extensions.NewTabPageOverrides2 recorded 1 samples, mean = 0.0 (flags = 0x41)
0  -O                                                                        (1 = 100.0%)
1  ... 

Histogram: Extensions.NonWebStoreNewTabPageOverrides recorded 1 samples, mean = 0.0 (flags = 0x41)
0  -O                                                                        (1 = 100.0%)
1  ... 

Histogram: Extensions.NonWebStoreNewTabPageOverrides2 recorded 1 samples, mean = 0.0 (flags = 0x41)
0  -O                                                                        (1 = 100.0%)
1  ... 

Histogram: Extensions.NonWebstoreLocation recorded 2 samples, mean = 5.0 (flags = 0x41)
0  ... 
5  --O                                                                       (2 = 100.0%) {0.0%}
6  ... 

Histogram: Extensions.NonWebstoreLocation2 recorded 2 samples, mean = 5.0 (flags = 0x41)
0  ... 
5  --O                                                                       (2 = 100.0%) {0.0%}
6  ... 

Histogram: Extensions.NonWebstoreLocationWithDeveloperModeOff.Enabled3 recorded 2 samples, mean = 5.0 (flags = 0x41)
0  ... 
5  --O                                                                       (2 = 100.0%) {0.0%}
6  ... 

Histogram: Extensions.NotAllowlistedDisabled recorded 1 samples, mean = 0.0 (flags = 0x41)
0  -O                                                                        (1 = 100.0%)
1  ... 

Histogram: Extensions.NotAllowlistedDisabled2 recorded 1 samples, mean = 0.0 (flags = 0x41)
0  -O                                                                        (1 = 100.0%)
1  ... 

Histogram: Extensions.NotAllowlistedEnabled recorded 1 samples, mean = 0.0 (flags = 0x41)
0  -O                                                                        (1 = 100.0%)
1  ... 

Histogram: Extensions.NotAllowlistedEnabled2 recorded 1 samples, mean = 0.0 (flags = 0x41)
0  -O                                                                        (1 = 100.0%)
1  ... 

Histogram: Extensions.ProcessManagerStartupHostsTime2 recorded 1 samples, mean = 0.0 (flags = 0x41)
0  -O                                                                        (1 = 100.0%)
1  ... 

Histogram: Extensions.SearchEngineOverrides recorded 1 samples, mean = 0.0 (flags = 0x41)
0  -O                                                                        (1 = 100.0%)
1  ... 

Histogram: Extensions.SearchEngineOverrides2 recorded 1 samples, mean = 0.0 (flags = 0x41)
0  -O                                                                        (1 = 100.0%)
1  ... 

Histogram: Extensions.StartupPagesOverrides recorded 1 samples, mean = 0.0 (flags = 0x41)
0  -O                                                                        (1 = 100.0%)
1  ... 

Histogram: Extensions.StartupPagesOverrides2 recorded 1 samples, mean = 0.0 (flags = 0x41)
0  -O                                                                        (1 = 100.0%)
1  ... 

Histogram: Extensions.WebRequestBlockingCount recorded 1 samples, mean = 0.0 (flags = 0x41)
0  -O                                                                        (1 = 100.0%)
1  ... 

Histogram: Extensions.WebRequestBlockingCount2 recorded 1 samples, mean = 0.0 (flags = 0x41)
0  -O                                                                        (1 = 100.0%)
1  ... 

Histogram: Extensions.WebRequestCount recorded 1 samples, mean = 0.0 (flags = 0x41)
0  -O                                                                        (1 = 100.0%)
1  ... 

Histogram: Extensions.WebRequestCount2 recorded 1 samples, mean = 0.0 (flags = 0x41)
0  -O                                                                        (1 = 100.0%)
1  ... 

Histogram: FetchKeepAlive.Renderer.Total.ReceivedResponse recorded 1 samples, mean = 1.0 (flags = 0x41)
0  O                                                                         (0 = 0.0%)
1  -O                                                                        (1 = 100.0%) {0.0%}
2  O                                                                         (0 = 0.0%) {100.0%}

Histogram: FetchKeepAlive.Renderer.Total.Started recorded 1 samples, mean = 1.0 (flags = 0x41)
0  O                                                                         (0 = 0.0%)
1  -O                                                                        (1 = 100.0%) {0.0%}
2  O                                                                         (0 = 0.0%) {100.0%}

Histogram: FetchKeepAlive.Requests2.Network recorded 2 samples, mean = 0.5 (flags = 0x41)
0  -O                                                                        (1 = 50.0%)
1  -O                                                                        (1 = 50.0%) {50.0%}
2  O                                                                         (0 = 0.0%) {100.0%}

Histogram: FetchKeepAlive.Requests2.SentToService.Renderer recorded 1 samples, mean = 2.0 (flags = 0x41)
0  ... 
2  -O                                                                        (1 = 100.0%) {0.0%}
3  ... 

Histogram: FetchKeepAlive.Requests2.Started.IsContextDetached.Renderer recorded 1 samples, mean = 0.0 (flags = 0x41)
0  -O                                                                        (1 = 100.0%)
1  ... 

Histogram: FetchKeepAlive.Requests2.Started.Renderer recorded 1 samples, mean = 1.0 (flags = 0x41)
0  O                                                                         (0 = 0.0%)
1  -O                                                                        (1 = 100.0%) {0.0%}
2  ... 

Histogram: FetchKeepAlive.Requests2.Succeeded.IsContextDetached.Renderer recorded 1 samples, mean = 0.0 (flags = 0x41)
0  -O                                                                        (1 = 100.0%)
1  ... 

Histogram: FetchKeepAlive.Requests2.Succeeded.Renderer recorded 1 samples, mean = 1.0 (flags = 0x41)
0  O                                                                         (0 = 0.0%)
1  -O                                                                        (1 = 100.0%) {0.0%}
2  ... 

Histogram: FetchKeepAlive.Requests2.Total.Renderer recorded 1 samples, mean = 1.0 (flags = 0x41)
0  O                                                                         (0 = 0.0%)
1  -O                                                                        (1 = 100.0%) {0.0%}
2  ... 

Histogram: FirstPartySets.Database.InitStatus recorded 1 samples, mean = 1.0 (flags = 0x41)
0  O                                                                         (0 = 0.0%)
1  -O                                                                        (1 = 100.0%) {0.0%}
2  ... 

Histogram: FirstPartySets.Database.TransactionFailed recorded 7 samples, mean = 0.0 (flags = 0x41)
0  -------O                                                                  (7 = 100.0%)
1  ... 

Histogram: FirstPartySets.Initialization.ClearSiteDataOutcome recorded 1 samples, mean = 1.0 (flags = 0x41)
0  O                                                                         (0 = 0.0%)
1  -O                                                                        (1 = 100.0%) {0.0%}
2  O                                                                         (0 = 0.0%) {100.0%}

Histogram: FirstPartySets.Initialization.SitesToClear.Count recorded 1 samples, mean = 0.0 (flags = 0x41)
0  -O                                                                        (1 = 100.0%)
1  ... 

Histogram: GPU.ANGLE.D3DShaderBlobSizeKB recorded 4 samples, mean = 0.5 (flags = 0x41)
0  ----O                                                                     (4 = 100.0%)
1000... 

Histogram: GPU.ANGLE.D3DShaderCompilationTimeUs recorded 4 samples, mean = 7452.2 (flags = 0x41)
0      ... 
1774   -O                                                                        (1 = 25.0%) {0.0%}
2336   -O                                                                        (1 = 25.0%) {25.0%}
3077   ... 
12196  --O                                                                       (2 = 50.0%) {50.0%}
16063  ... 

Histogram: GPU.BlocklistFeatureTestResults.Accelerated2dCanvas recorded 1 samples, mean = 0.0 (flags = 0x41)
0  -O                                                                        (1 = 100.0%)
1  ... 

Histogram: GPU.BlocklistFeatureTestResults.GpuCompositing recorded 1 samples, mean = 0.0 (flags = 0x41)
0  -O                                                                        (1 = 100.0%)
1  ... 

Histogram: GPU.BlocklistFeatureTestResults.GpuRasterization recorded 1 samples, mean = 0.0 (flags = 0x41)
0  -O                                                                        (1 = 100.0%)
1  ... 

Histogram: GPU.BlocklistFeatureTestResults.Webgl recorded 1 samples, mean = 0.0 (flags = 0x41)
0  -O                                                                        (1 = 100.0%)
1  ... 

Histogram: GPU.BlocklistFeatureTestResults.Webgl2 recorded 1 samples, mean = 0.0 (flags = 0x41)
0  -O                                                                        (1 = 100.0%)
1  ... 

Histogram: GPU.BlocklistFeatureTestResults.Webgpu recorded 1 samples, mean = 2.0 (flags = 0x41)
0  ... 
2  -O                                                                        (1 = 100.0%) {0.0%}
3  ... 

Histogram: GPU.BlocklistTestResultsPerEntry recorded 1 samples, mean = 0.0 (flags = 0x41)
0  -O                                                                        (1 = 100.0%)
1  ... 

Histogram: GPU.CanvasOopRaster.OopRasterAndGpuAcceleration recorded 1 samples, mean = 0.0 (flags = 0x41)
0  -O                                                                        (1 = 100.0%)
1  ... 

Histogram: GPU.CompositingMode recorded 44 samples, mean = 1.0 (flags = 0x41)
0  O                                                                         (0 = 0.0%)
1  --------------------------------------------O                             (44 = 100.0%) {0.0%}
2  ... 

Histogram: GPU.D3D12FeatureLevel recorded 1 samples, mean = 5.0 (flags = 0x41)
0  ... 
5  -O                                                                        (1 = 100.0%) {0.0%}
6  O                                                                         (0 = 0.0%) {100.0%}

Histogram: GPU.D3D12HighestShaderModel2 recorded 1 samples, mean = 9.0 (flags = 0x41)
0  ... 
9  -O                                                                        (1 = 100.0%) {0.0%}
10 O                                                                         (0 = 0.0%) {100.0%}

Histogram: GPU.DriverBugTestResultsPerEntry recorded 10 samples (flags = 0x41)
0    -O                                                                        (1 = 10.0%)
17   -O                                                                        (1 = 10.0%)
165  -O                                                                        (1 = 10.0%)
206  -O                                                                        (1 = 10.0%)
256  -O                                                                        (1 = 10.0%)
315  -O                                                                        (1 = 10.0%)
403  -O                                                                        (1 = 10.0%)
419  -O                                                                        (1 = 10.0%)
426  -O                                                                        (1 = 10.0%)
430  -O                                                                        (1 = 10.0%)

Histogram: GPU.EstablishGpuChannelSyncTime recorded 2 samples, mean = 594.0 (flags = 0x41)
0    ... 
318  -O                                                                        (1 = 50.0%) {0.0%}
378  ... 
752  -O                                                                        (1 = 50.0%) {50.0%}
894  ... 

Histogram: GPU.EstablishGpuChannelSyncTime.FirstRun recorded 2 samples, mean = 594.0 (flags = 0x41)
0    ... 
318  -O                                                                        (1 = 50.0%) {0.0%}
378  ... 
752  -O                                                                        (1 = 50.0%) {50.0%}
894  ... 

Histogram: GPU.GPUProcessLaunchTime recorded 2 samples, mean = 3755.5 (flags = 0x41)
0     ... 
318   -O                                                                        (1 = 50.0%) {0.0%}
378   ... 
7083  -O                                                                        (1 = 50.0%) {50.0%}
8416  ... 

Histogram: GPU.GPUProcessTerminationStatus2 recorded 1 samples, mean = 4.0 (flags = 0x41)
0  ... 
4  -O                                                                        (1 = 100.0%) {0.0%}
5  ... 

Histogram: GPU.HardwareAccelerationModeEnabled recorded 1 samples, mean = 1.0 (flags = 0x41)
0  O                                                                         (0 = 0.0%)
1  -O                                                                        (1 = 100.0%) {0.0%}
2  O                                                                         (0 = 0.0%) {100.0%}

Histogram: GPU.MultiGpu.Nvidia recorded 1 samples (flags = 0x41)
11609  -O                                                                        (1 = 100.0%)

Histogram: GPU.ProcessLifetimeEvents.HardwareAccelerated recorded 1 samples, mean = 0.0 (flags = 0x41)
0  -O                                                                        (1 = 100.0%)
1  ... 

Histogram: GPU.RasterDecoder.TimeToFlush recorded 7 samples, mean = 316.1 (flags = 0x41)
0    ... 
77   -O                                                                        (1 = 14.3%) {0.0%}
88   ---O                                                                      (3 = 42.9%) {14.3%}
100  ... 
130  -O                                                                        (1 = 14.3%) {57.1%}
148  ... 
695  -O                                                                        (1 = 14.3%) {71.4%}
791  O                                                                         (0 = 0.0%) {85.7%}
901  -O                                                                        (1 = 14.3%) {85.7%}
1026 ... 

Histogram: GPU.SharedImage.BackingType recorded 5 samples, mean = 8.0 (flags = 0x41)
0   ... 
2   --O                                                                       (2 = 40.0%) {0.0%}
3   ... 
12  ---O                                                                      (3 = 60.0%) {40.0%}
13  ... 

Histogram: GPU.SharedImage.ContentConsumed recorded 31 samples, mean = 0.5 (flags = 0x41)
0  ----------------O                                                         (16 = 51.6%)
1  ---------------O                                                          (15 = 48.4%) {51.6%}
2  O                                                                         (0 = 0.0%) {100.0%}

Histogram: GPU.SkiaBackendType recorded 1 samples, mean = 2.0 (flags = 0x41)
0  ... 
2  -O                                                                        (1 = 100.0%) {0.0%}
3  ... 

Histogram: GPU.SupportsDX12 recorded 1 samples, mean = 1.0 (flags = 0x41)
0  O                                                                         (0 = 0.0%)
1  -O                                                                        (1 = 100.0%) {0.0%}
2  O                                                                         (0 = 0.0%) {100.0%}

Histogram: GPU.WatchdogThread.Event recorded 1 samples, mean = 0.0 (flags = 0x41)
0  -O                                                                        (1 = 100.0%)
1  ... 

Histogram: GPU.WatchdogThread.Event.main recorded 1 samples, mean = 0.0 (flags = 0x41)
0  -O                                                                        (1 = 100.0%)
1  ... 

Histogram: GPU.WatchdogThread.Timeout recorded 664 samples, mean = 0.0 (flags = 0x41)
0  ------------------------------------------------------------------------O (664 = 100.0%)
1  ... 

Histogram: GPU.WatchdogThread.Timeout.Normal recorded 664 samples, mean = 0.0 (flags = 0x41)
0  ------------------------------------------------------------------------O (664 = 100.0%)
1  ... 

Histogram: GPU.WatchdogThread.Timeout.Normal.main recorded 664 samples, mean = 0.0 (flags = 0x41)
0  ------------------------------------------------------------------------O (664 = 100.0%)
1  ... 

Histogram: GPU.WatchdogThread.Timeout.main recorded 664 samples, mean = 0.0 (flags = 0x41)
0  ------------------------------------------------------------------------O (664 = 100.0%)
1  ... 

Histogram: Gaia.AuthFetcher.ListAccounts.NetErrorCodes recorded 1 samples (flags = 0x41)
0  -O                                                                        (1 = 100.0%)

Histogram: Gpu.FenceHandle.CloneCountsPerSubmit recorded 10 samples, mean = 0.0 (flags = 0x41)
0  ----------O                                                               (10 = 100.0%)
1  ... 

Histogram: Gpu.GrCompileShaderUs recorded 4 samples, mean = 3315.8 (flags = 0x41)
0     ... 
196   -O                                                                        (1 = 25.0%) {0.0%}
258   ... 
1023  -O                                                                        (1 = 25.0%) {25.0%}
1347  -O                                                                        (1 = 25.0%) {50.0%}
1774  ... 
9260  -O                                                                        (1 = 25.0%) {75.0%}
12196 ... 

Histogram: Gpu.GrLinkProgramUs recorded 2 samples, mean = 9537.0 (flags = 0x41)
0      ... 
2336   -O                                                                        (1 = 50.0%) {0.0%}
3077   ... 
16063  -O                                                                        (1 = 50.0%) {50.0%}
21156  ... 

Histogram: Gpu.PassthroughProgramCacheLoadHitInCache recorded 2 samples, mean = 0.0 (flags = 0x41)
0  --O                                                                       (2 = 100.0%)
1  ... 

Histogram: Gpu.Rasterization.Raster.MSAASampleCountLog2 recorded 7 samples, mean = 0.0 (flags = 0x41)
0  -------O                                                                  (7 = 100.0%)
1  ... 

Histogram: HangWatcher.IsThreadHung.BrowserProcess.IOThread.Normal recorded 1331 samples, mean = 0.0 (flags = 0x41)
0  ------------------------------------------------------------------------O (1331 = 100.0%)
1  ... 

Histogram: HangWatcher.IsThreadHung.BrowserProcess.UIThread.Normal recorded 1331 samples, mean = 0.0 (flags = 0x41)
0  ------------------------------------------------------------------------O (1331 = 100.0%)
1  ... 

Histogram: HangWatcher.IsThreadHung.RendererProcess.IOThread recorded 1329 samples, mean = 0.0 (flags = 0x41)
0  ------------------------------------------------------------------------O (1329 = 100.0%)
1  ... 

Histogram: HangWatcher.IsThreadHung.RendererProcess.IOThread.BestEffort recorded 1331 samples, mean = 0.0 (flags = 0x41)
0  ------------------------------------------------------------------------O (1331 = 100.0%)
1  ... 

Histogram: HangWatcher.IsThreadHung.RendererProcess.MainThread recorded 1329 samples, mean = 0.0 (flags = 0x41)
0  ------------------------------------------------------------------------O (1329 = 100.0%)
1  ... 

Histogram: HangWatcher.IsThreadHung.RendererProcess.MainThread.BestEffort recorded 1331 samples, mean = 0.0 (flags = 0x41)
0  ------------------------------------------------------------------------O (1331 = 100.0%)
1  ... 

Histogram: HangWatcher.IsThreadHung.UtilityProcess.IOThread recorded 2660 samples, mean = 0.0 (flags = 0x41)
0  ------------------------------------------------------------------------O (2660 = 100.0%)
1  ... 

Histogram: HangWatcher.IsThreadHung.UtilityProcess.MainThread recorded 2660 samples, mean = 0.0 (flags = 0x41)
0  ------------------------------------------------------------------------O (2660 = 100.0%)
1  ... 

Histogram: HangWatcher.SleepDrift.BrowserProcess recorded 6651 samples, mean = 6.1 (flags = 0x41)
0   ------------------------------------------------------------------------O (1555 = 23.4%)
1   -------------------O                                                      (417 = 6.3%) {23.4%}
2   ---------------O                                                          (327 = 4.9%) {29.6%}
3   --------------O                                                           (294 = 4.4%) {34.6%}
4   --------------O                                                           (303 = 4.6%) {39.0%}
5   ----------------O                                                         (337 = 5.1%) {43.5%}
6   ----------------O                                                         (341 = 5.1%) {48.6%}
7   -----------------O                                                        (377 = 5.7%) {53.7%}
8   -----------------------------O                                            (631 = 9.5%) {59.4%}
10  ---------------------------------O                                        (713 = 10.7%) {68.9%}
12  ----------------------------------O                                       (730 = 11.0%) {79.6%}
14  -----------------------------O                                            (619 = 9.3%) {90.6%}
17  O                                                                         (1 = 0.0%) {99.9%}
20  O                                                                         (1 = 0.0%) {99.9%}
24  O                                                                         (0 = 0.0%) {99.9%}
29  O                                                                         (1 = 0.0%) {99.9%}
34  O                                                                         (3 = 0.0%) {99.9%}
40  O                                                                         (1 = 0.0%) {100.0%}
48  ... 

Histogram: Hardware.Display.Count.OnStartup recorded 1 samples, mean = 1.0 (flags = 0x41)
0  O                                                                         (0 = 0.0%)
1  -O                                                                        (1 = 100.0%) {0.0%}
2  ... 

Histogram: Hardware.Display.SupportsHDR recorded 1 samples, mean = 0.0 (flags = 0x41)
0  -O                                                                        (1 = 100.0%)
1  ... 

Histogram: HeapProfiling.InProcess.Enabled recorded 1 samples, mean = 0.0 (flags = 0x41)
0  -O                                                                        (1 = 100.0%)
1  ... 

Histogram: HeapProfiling.InProcess.Enabled.Browser recorded 1 samples, mean = 0.0 (flags = 0x41)
0  -O                                                                        (1 = 100.0%)
1  ... 

Histogram: Histogram.TooManyBuckets.1000 recorded 4 samples (flags = 0x41)
-2140283801 --O                                                                       (2 = 50.0%)
1721222685  --O                                                                       (2 = 50.0%)

Histogram: History.Backend.TransactionCommitSuccess recorded 3 samples, mean = 1.0 (flags = 0x41)
0  O                                                                         (0 = 0.0%)
1  ---O                                                                      (3 = 100.0%) {0.0%}
2  O                                                                         (0 = 0.0%) {100.0%}

Histogram: History.ClearBrowsingData.TaskQueueAtShutdown recorded 1 samples, mean = 0.0 (flags = 0x41)
0  -O                                                                        (1 = 100.0%)
1  ... 

Histogram: History.DomainCount1Day_V2 recorded 6 samples, mean = 0.2 (flags = 0x41)
0  -----O                                                                    (5 = 83.3%)
1  -O                                                                        (1 = 16.7%) {83.3%}
2  ... 

Histogram: History.DomainCount1Day_V3 recorded 6 samples, mean = 0.2 (flags = 0x41)
0  -----O                                                                    (5 = 83.3%)
1  -O                                                                        (1 = 16.7%) {83.3%}
2  ... 

Histogram: History.DomainCount28Day_V2 recorded 6 samples, mean = 1.0 (flags = 0x41)
0  O                                                                         (0 = 0.0%)
1  ------O                                                                   (6 = 100.0%) {0.0%}
2  ... 

Histogram: History.DomainCount28Day_V3 recorded 6 samples, mean = 1.0 (flags = 0x41)
0  O                                                                         (0 = 0.0%)
1  ------O                                                                   (6 = 100.0%) {0.0%}
2  ... 

Histogram: History.DomainCount7Day_V2 recorded 6 samples, mean = 1.0 (flags = 0x41)
0  O                                                                         (0 = 0.0%)
1  ------O                                                                   (6 = 100.0%) {0.0%}
2  ... 

Histogram: History.DomainCount7Day_V3 recorded 6 samples, mean = 1.0 (flags = 0x41)
0  O                                                                         (0 = 0.0%)
1  ------O                                                                   (6 = 100.0%) {0.0%}
2  ... 

Histogram: History.InMemoryDBItemCount recorded 1 samples, mean = 2.0 (flags = 0x41)
0  ... 
2  -O                                                                        (1 = 100.0%) {0.0%}
3  ... 

Histogram: History.TopSites.QueryFromHistoryTime recorded 1 samples, mean = 1.0 (flags = 0x41)
0  O                                                                         (0 = 0.0%)
1  -O                                                                        (1 = 100.0%) {0.0%}
2  ... 

Histogram: History.VisitedLinks.HashTableLengthOnReaderInit recorded 3 samples, mean = 16381.0 (flags = 0x41)
0      ... 
14319  ---O                                                                      (3 = 100.0%) {0.0%}
19866  ... 

Histogram: History.VisitedLinks.HashTableSizeOnTableCreate recorded 2 samples, mean = 0.0 (flags = 0x41)
0  --O                                                                       (2 = 100.0%)
1  ... 

Histogram: History.VisitedLinks.HashTableUsageOnLinkAdded recorded 4 samples, mean = 3.8 (flags = 0x41)
0  -O                                                                        (1 = 25.0%)
1  ... 
4  ---O                                                                      (3 = 75.0%) {25.0%}
6  ... 

Histogram: History.VisitedLinks.TryToAddFingerprint recorded 5 samples, mean = 0.8 (flags = 0x41)
0  -O                                                                        (1 = 20.0%)
1  ----O                                                                     (4 = 80.0%) {20.0%}
2  ... 

Histogram: History.VisitedLinks.VisitLoggedFromMainFrame recorded 3 samples, mean = 1.0 (flags = 0x41)
0  O                                                                         (0 = 0.0%)
1  ---O                                                                      (3 = 100.0%) {0.0%}
2  O                                                                         (0 = 0.0%) {100.0%}

Histogram: History.VisitedLinks.VisitLoggedFromTransition recorded 3 samples, mean = 1.7 (flags = 0x41)
0  O                                                                         (0 = 0.0%)
1  -O                                                                        (1 = 33.3%) {0.0%}
2  --O                                                                       (2 = 66.7%) {33.3%}
3  ... 

Histogram: HttpCache.AccessToDone2 recorded 49 samples, mean = 618.4 (flags = 0x41)
0     ... 
4     -O                                                                        (1 = 2.0%) {0.0%}
5     ... 
232   -O                                                                        (1 = 2.0%) {2.0%}
254   ---------O                                                                (9 = 18.4%) {4.1%}
278   -----O                                                                    (5 = 10.2%) {22.4%}
304   ---O                                                                      (3 = 6.1%) {32.7%}
333   ---O                                                                      (3 = 6.1%) {38.8%}
364   --O                                                                       (2 = 4.1%) {44.9%}
398   O                                                                         (0 = 0.0%) {49.0%}
436   --O                                                                       (2 = 4.1%) {49.0%}
477   --O                                                                       (2 = 4.1%) {53.1%}
522   --O                                                                       (2 = 4.1%) {57.1%}
571   --O                                                                       (2 = 4.1%) {61.2%}
625   -O                                                                        (1 = 2.0%) {65.3%}
684   -O                                                                        (1 = 2.0%) {67.3%}
748   -O                                                                        (1 = 2.0%) {69.4%}
818   -O                                                                        (1 = 2.0%) {71.4%}
895   --O                                                                       (2 = 4.1%) {73.5%}
979   O                                                                         (0 = 0.0%) {77.6%}
1071  ---O                                                                      (3 = 6.1%) {77.6%}
1172  ----O                                                                     (4 = 8.2%) {83.7%}
1282  --O                                                                       (2 = 4.1%) {91.8%}
1403  O                                                                         (0 = 0.0%) {95.9%}
1535  -O                                                                        (1 = 2.0%) {95.9%}
1680  -O                                                                        (1 = 2.0%) {98.0%}
1838  ... 

Histogram: HttpCache.AccessToDone2.SentRequest recorded 48 samples, mean = 631.2 (flags = 0x41)
0     ... 
232   -O                                                                        (1 = 2.1%) {0.0%}
254   ---------O                                                                (9 = 18.8%) {2.1%}
278   -----O                                                                    (5 = 10.4%) {20.8%}
304   ---O                                                                      (3 = 6.2%) {31.2%}
333   ---O                                                                      (3 = 6.2%) {37.5%}
364   --O                                                                       (2 = 4.2%) {43.8%}
398   O                                                                         (0 = 0.0%) {47.9%}
436   --O                                                                       (2 = 4.2%) {47.9%}
477   --O                                                                       (2 = 4.2%) {52.1%}
522   --O                                                                       (2 = 4.2%) {56.2%}
571   --O                                                                       (2 = 4.2%) {60.4%}
625   -O                                                                        (1 = 2.1%) {64.6%}
684   -O                                                                        (1 = 2.1%) {66.7%}
748   -O                                                                        (1 = 2.1%) {68.8%}
818   -O                                                                        (1 = 2.1%) {70.8%}
895   --O                                                                       (2 = 4.2%) {72.9%}
979   O                                                                         (0 = 0.0%) {77.1%}
1071  ---O                                                                      (3 = 6.2%) {77.1%}
1172  ----O                                                                     (4 = 8.3%) {83.3%}
1282  --O                                                                       (2 = 4.2%) {91.7%}
1403  O                                                                         (0 = 0.0%) {95.8%}
1535  -O                                                                        (1 = 2.1%) {95.8%}
1680  -O                                                                        (1 = 2.1%) {97.9%}
1838  ... 

Histogram: HttpCache.AccessToDone2.Used recorded 1 samples, mean = 4.0 (flags = 0x41)
0  ... 
4  -O                                                                        (1 = 100.0%) {0.0%}
5  ... 

Histogram: HttpCache.AddTransactionToEntry recorded 49 samples, mean = 0.0 (flags = 0x41)
0  -------------------------------------------------O                        (49 = 100.0%)
1  ... 

Histogram: HttpCache.BeforeSend recorded 48 samples, mean = 0.2 (flags = 0x41)
0  ----------------------------------------O                                 (40 = 83.3%)
1  -------O                                                                  (7 = 14.6%) {83.3%}
2  -O                                                                        (1 = 2.1%) {97.9%}
3  ... 

Histogram: HttpCache.BeforeSend.CantConditionalize recorded 3 samples, mean = 1.0 (flags = 0x41)
0  -O                                                                        (1 = 33.3%)
1  -O                                                                        (1 = 33.3%) {33.3%}
2  -O                                                                        (1 = 33.3%) {66.7%}
3  ... 

Histogram: HttpCache.BeforeSend.NotCached recorded 42 samples, mean = 0.1 (flags = 0x41)
0  ---------------------------------------O                                  (39 = 92.9%)
1  ---O                                                                      (3 = 7.1%) {92.9%}
2  ... 

Histogram: HttpCache.BeforeSend.Updated recorded 2 samples, mean = 1.0 (flags = 0x41)
0  O                                                                         (0 = 0.0%)
1  --O                                                                       (2 = 100.0%) {0.0%}
2  ... 

Histogram: HttpCache.BeforeSend.Validated recorded 1 samples, mean = 1.0 (flags = 0x41)
0  O                                                                         (0 = 0.0%)
1  -O                                                                        (1 = 100.0%) {0.0%}
2  ... 

Histogram: HttpCache.CreateDiskEntry recorded 42 samples, mean = 0.1 (flags = 0x41)
0  ---------------------------------------O                                  (39 = 92.9%)
1  ---O                                                                      (3 = 7.1%) {92.9%}
2  ... 

Histogram: HttpCache.HardReset recorded 1 samples, mean = 0.0 (flags = 0x40)
0  -O                                                                        (1 = 100.0%)
1  ... 

Histogram: HttpCache.IsNoStore recorded 49 samples, mean = 0.1 (flags = 0x41)
0  --------------------------------------------O                             (44 = 89.8%)
1  -----O                                                                    (5 = 10.2%) {89.8%}
2  O                                                                         (0 = 0.0%) {100.0%}

Histogram: HttpCache.IsNoStore.MainFrameHTML recorded 1 samples, mean = 1.0 (flags = 0x41)
0  O                                                                         (0 = 0.0%)
1  -O                                                                        (1 = 100.0%) {0.0%}
2  O                                                                         (0 = 0.0%) {100.0%}

Histogram: HttpCache.MaxFileSizeOnInit recorded 1 samples, mean = 40960.0 (flags = 0x41)
0      ... 
37526  -O                                                                        (1 = 100.0%) {0.0%}
42713  ... 

Histogram: HttpCache.OpenDiskEntry recorded 7 samples, mean = 0.4 (flags = 0x41)
0  -----O                                                                    (5 = 71.4%)
1  -O                                                                        (1 = 14.3%) {71.4%}
2  -O                                                                        (1 = 14.3%) {85.7%}
3  ... 

Histogram: HttpCache.Pattern recorded 49 samples, mean = 2.4 (flags = 0x41)
0  ... 
2  ------------------------------------------O                               (42 = 85.7%) {0.0%}
3  -O                                                                        (1 = 2.0%) {85.7%}
4  -O                                                                        (1 = 2.0%) {87.8%}
5  --O                                                                       (2 = 4.1%) {89.8%}
6  ---O                                                                      (3 = 6.1%) {93.9%}
7  O                                                                         (0 = 0.0%) {100.0%}

Histogram: HttpCache.Pattern.CSS recorded 7 samples, mean = 2.3 (flags = 0x41)
0  ... 
2  ------O                                                                   (6 = 85.7%) {0.0%}
3  O                                                                         (0 = 0.0%) {85.7%}
4  -O                                                                        (1 = 14.3%) {85.7%}
5  ... 

Histogram: HttpCache.Pattern.CSSThirdParty recorded 7 samples, mean = 2.3 (flags = 0x41)
0  ... 
2  ------O                                                                   (6 = 85.7%) {0.0%}
3  O                                                                         (0 = 0.0%) {85.7%}
4  -O                                                                        (1 = 14.3%) {85.7%}
5  ... 

Histogram: HttpCache.Pattern.Font recorded 5 samples, mean = 2.0 (flags = 0x41)
0  ... 
2  -----O                                                                    (5 = 100.0%) {0.0%}
3  ... 

Histogram: HttpCache.Pattern.FontThirdParty recorded 5 samples, mean = 2.0 (flags = 0x41)
0  ... 
2  -----O                                                                    (5 = 100.0%) {0.0%}
3  ... 

Histogram: HttpCache.Pattern.Image recorded 1 samples, mean = 2.0 (flags = 0x41)
0  ... 
2  -O                                                                        (1 = 100.0%) {0.0%}
3  ... 

Histogram: HttpCache.Pattern.JavaScript recorded 26 samples, mean = 2.1 (flags = 0x41)
0  ... 
2  -------------------------O                                                (25 = 96.2%) {0.0%}
3  ... 
5  -O                                                                        (1 = 3.8%) {96.2%}
6  ... 

Histogram: HttpCache.Pattern.JavaScriptThirdParty recorded 25 samples, mean = 2.1 (flags = 0x41)
0  ... 
2  ------------------------O                                                 (24 = 96.0%) {0.0%}
3  ... 
5  -O                                                                        (1 = 4.0%) {96.0%}
6  ... 

Histogram: HttpCache.Pattern.MainFrameHTML recorded 1 samples, mean = 2.0 (flags = 0x41)
0  ... 
2  -O                                                                        (1 = 100.0%) {0.0%}
3  ... 

Histogram: HttpCache.Pattern.NonTinyImage recorded 1 samples, mean = 2.0 (flags = 0x41)
0  ... 
2  -O                                                                        (1 = 100.0%) {0.0%}
3  ... 

Histogram: HttpCache.TotalDiskCacheTimePerTransaction.Read recorded 6 samples, mean = 0.0 (flags = 0x41)
0  ------O                                                                   (6 = 100.0%)
1  ... 

Histogram: HttpCache.TotalDiskCacheTimePerTransaction.Write recorded 43 samples, mean = 0.3 (flags = 0x41)
0  ---------------------------------O                                        (33 = 76.7%)
1  -------O                                                                  (7 = 16.3%) {76.7%}
2  --O                                                                       (2 = 4.7%) {93.0%}
3  -O                                                                        (1 = 2.3%) {97.7%}
4  ... 

Histogram: ImageDecoder.Png.UiGfxIntoSkBitmap recorded 1 samples, mean = 3968.0 (flags = 0x41)
0     ... 
3077  -O                                                                        (1 = 100.0%) {0.0%}
4053  ... 

Histogram: ImportantFile.FileReplaceRetryCount recorded 16 samples, mean = 0.0 (flags = 0x41)
0  ----------------O                                                         (16 = 100.0%)
1  ... 

Histogram: ImportantFile.SerializationDuration recorded 1 samples, mean = 0.0 (flags = 0x41)
0  -O                                                                        (1 = 100.0%)
1  ... 

Histogram: ImportantFile.SerializationDuration.BrowsingTopicsState recorded 1 samples, mean = 0.0 (flags = 0x41)
0  -O                                                                        (1 = 100.0%)
1  ... 

Histogram: ImportantFile.SerializationDuration.Local_State recorded 5 samples, mean = 0.0 (flags = 0x41)
0  -----O                                                                    (5 = 100.0%)
1  ... 

Histogram: ImportantFile.SerializationDuration.Preferences recorded 4 samples, mean = 0.0 (flags = 0x41)
0  ----O                                                                     (4 = 100.0%)
1  ... 

Histogram: ImportantFile.SerializationDuration.TransportSecurityPersister recorded 2 samples, mean = 0.0 (flags = 0x41)
0  --O                                                                       (2 = 100.0%)
1  ... 

Histogram: ImportantFile.WriteDuration recorded 1 samples, mean = 12.0 (flags = 0x41)
0   ... 
12  -O                                                                        (1 = 100.0%) {0.0%}
14  ... 

Histogram: ImportantFile.WriteDuration.BrowsingTopicsState recorded 1 samples, mean = 8.0 (flags = 0x41)
0  ... 
8  -O                                                                        (1 = 100.0%) {0.0%}
10 ... 

Histogram: ImportantFile.WriteDuration.Local_State recorded 5 samples, mean = 8.2 (flags = 0x41)
0   ... 
4   -O                                                                        (1 = 20.0%) {0.0%}
5   ... 
8   ---O                                                                      (3 = 60.0%) {20.0%}
10  -O                                                                        (1 = 20.0%) {80.0%}
12  ... 

Histogram: ImportantFile.WriteDuration.Preferences recorded 4 samples, mean = 11.2 (flags = 0x41)
0   ... 
10  ---O                                                                      (3 = 75.0%) {0.0%}
12  -O                                                                        (1 = 25.0%) {75.0%}
14  ... 

Histogram: ImportantFile.WriteDuration.SCTAuditing recorded 2 samples, mean = 20.5 (flags = 0x41)
0   ... 
14  -O                                                                        (1 = 50.0%) {0.0%}
17  ... 
24  -O                                                                        (1 = 50.0%) {50.0%}
29  ... 

Histogram: ImportantFile.WriteDuration.TransportSecurityPersister recorded 2 samples, mean = 10.5 (flags = 0x41)
0   ... 
10  --O                                                                       (2 = 100.0%) {0.0%}
12  ... 

Histogram: ImportantFile.WriteDuration.TrustedVault recorded 1 samples, mean = 8.0 (flags = 0x41)
0  ... 
8  -O                                                                        (1 = 100.0%) {0.0%}
10 ... 

Histogram: InProductHelp.Config.ParsingEvent recorded 68 samples, mean = 6.4 (flags = 0x41)
0   -----------------------------O                                            (29 = 42.6%)
1   O                                                                         (0 = 0.0%) {42.6%}
2   ---------O                                                                (9 = 13.2%) {42.6%}
3   ... 
14  ------------------------------O                                           (30 = 44.1%) {55.9%}
15  ... 

Histogram: InProductHelp.Db.Init.AvailabilityStore recorded 1 samples, mean = 0.0 (flags = 0x41)
0  -O                                                                        (1 = 100.0%)
1  ... 

Histogram: InProductHelp.Db.Init.EventStore recorded 1 samples, mean = 0.0 (flags = 0x41)
0  -O                                                                        (1 = 100.0%)
1  ... 

Histogram: IndexedDB.ContextShutdownDuration recorded 1 samples, mean = 0.0 (flags = 0x41)
0  -O                                                                        (1 = 100.0%)
1  ... 

Histogram: Input.Digitizer.MaxTouchPointsSupportedBySystemAtStartup recorded 1 samples, mean = 0.0 (flags = 0x41)
0  -O                                                                        (1 = 100.0%)
1  ... 

Histogram: Input.PointerTypePrimary recorded 1 samples, mean = 2.0 (flags = 0x41)
0  ... 
2  -O                                                                        (1 = 100.0%) {0.0%}
3  O                                                                         (0 = 0.0%) {100.0%}

Histogram: Input.PointerTypesAll recorded 1 samples, mean = 2.0 (flags = 0x41)
0  ... 
2  -O                                                                        (1 = 100.0%) {0.0%}
3  ... 

Histogram: LanguageDetection.TFLiteModel.WasModelRequestDeferred recorded 2 samples, mean = 1.0 (flags = 0x41)
0  O                                                                         (0 = 0.0%)
1  --O                                                                       (2 = 100.0%) {0.0%}
2  O                                                                         (0 = 0.0%) {100.0%}

Histogram: LanguageUsage.AcceptLanguage recorded 1 samples (flags = 0x41)
31336  -O                                                                        (1 = 100.0%)

Histogram: LanguageUsage.AcceptLanguage.Count recorded 1 samples, mean = 1.0 (flags = 0x41)
0  O                                                                         (0 = 0.0%)
1  -O                                                                        (1 = 100.0%) {0.0%}
2  ... 

Histogram: LanguageUsage.AcceptLanguageAndContentLanguageUsage recorded 1 samples, mean = 0.0 (flags = 0x41)
0  -O                                                                        (1 = 100.0%)
1  ... 

Histogram: LanguageUsage.AcceptLanguageAndXmlHtmlLangUsage recorded 1 samples, mean = 7.0 (flags = 0x41)
0  ... 
7  -O                                                                        (1 = 100.0%) {0.0%}
8  O                                                                         (0 = 0.0%) {100.0%}

Histogram: LevelDB.ApproximateMemTableMemoryUse.BudgetManager recorded 0 samples (flags = 0x41)
0 ... 

Histogram: LevelDB.ApproximateMemTableMemoryUse.CartDatabase recorded 0 samples (flags = 0x41)
0 ... 

Histogram: LevelDB.ApproximateMemTableMemoryUse.ClientCertificatesDatabase recorded 0 samples (flags = 0x41)
0 ... 

Histogram: LevelDB.ApproximateMemTableMemoryUse.CommerceParcelTrackingDatabase recorded 0 samples (flags = 0x41)
0 ... 

Histogram: LevelDB.ApproximateMemTableMemoryUse.CommerceSubscriptionDatabase recorded 0 samples (flags = 0x41)
0 ... 

Histogram: LevelDB.ApproximateMemTableMemoryUse.CouponDatabase recorded 0 samples (flags = 0x41)
0 ... 

Histogram: LevelDB.ApproximateMemTableMemoryUse.DiscountsDatabase recorded 0 samples (flags = 0x41)
0 ... 

Histogram: LevelDB.ApproximateMemTableMemoryUse.DownloadDB recorded 0 samples (flags = 0x41)
0 ... 

Histogram: LevelDB.ApproximateMemTableMemoryUse.DownloadService recorded 0 samples (flags = 0x41)
0 ... 

Histogram: LevelDB.ApproximateMemTableMemoryUse.FeatureEngagementTrackerAvailabilityStore recorded 0 samples (flags = 0x41)
0 ... 

Histogram: LevelDB.ApproximateMemTableMemoryUse.FeatureEngagementTrackerEventStore recorded 0 samples (flags = 0x41)
0 ... 

Histogram: LevelDB.ApproximateMemTableMemoryUse.Metadata recorded 0 samples (flags = 0x41)
0 ... 

Histogram: LevelDB.ApproximateMemTableMemoryUse.PersistentOriginTrials recorded 0 samples (flags = 0x41)
0 ... 

Histogram: LevelDB.ApproximateMemTableMemoryUse.PreviewsHintCacheStore recorded 0 samples (flags = 0x41)
0 ... 

Histogram: LevelDB.ApproximateMemTableMemoryUse.SegmentInfoDatabase recorded 0 samples (flags = 0x41)
0 ... 

Histogram: LevelDB.ApproximateMemTableMemoryUse.SharedProtoDB recorded 0 samples (flags = 0x41)
0 ... 

Histogram: LevelDB.ApproximateMemTableMemoryUse.SignalDatabase recorded 0 samples (flags = 0x41)
0 ... 

Histogram: LevelDB.ApproximateMemTableMemoryUse.SignalStorageConfigDatabase recorded 0 samples (flags = 0x41)
0 ... 

Histogram: LevelDB.ApproximateMemTableMemoryUse.StrikeService recorded 0 samples (flags = 0x41)
0 ... 

Histogram: LevelDBEnv.DeleteTableBackupFile recorded 0 samples (flags = 0x41)
0 ... 

Histogram: LevelDBWrapper.CommitDelay recorded 2 samples, mean = 5000.0 (flags = 0x41)
0     ... 
4516  --O                                                                       (2 = 100.0%) {0.0%}
6118  ... 

Histogram: LoadingPredictor.PreconnectCount recorded 1 samples, mean = 1.0 (flags = 0x41)
0  O                                                                         (0 = 0.0%)
1  -O                                                                        (1 = 100.0%) {0.0%}
2  ... 

Histogram: LoadingPredictor.PreconnectHitsPercentage recorded 1 samples, mean = 100.0 (flags = 0x41)
0    ... 
100  -O                                                                        (1 = 100.0%) {0.0%}
101  O                                                                         (0 = 0.0%) {100.0%}

Histogram: LoadingPredictor.PreconnectLearningCount.Navigation recorded 1 samples, mean = 3.0 (flags = 0x41)
0  ... 
3  -O                                                                        (1 = 100.0%) {0.0%}
4  ... 

Histogram: LoadingPredictor.PreconnectLearningPrecision.Navigation recorded 1 samples, mean = 100.0 (flags = 0x41)
0    ... 
100  -O                                                                        (1 = 100.0%) {0.0%}

Histogram: LoadingPredictor.PreconnectLearningRecall.Navigation recorded 1 samples, mean = 100.0 (flags = 0x41)
0    ... 
100  -O                                                                        (1 = 100.0%) {0.0%}

Histogram: LoadingPredictor.PreconnectLearningRedirectStatus.Navigation recorded 1 samples, mean = 2.0 (flags = 0x41)
0  ... 
2  -O                                                                        (1 = 100.0%) {0.0%}
3  ... 

Histogram: LoadingPredictor.PredictorDatabaseFileSize recorded 1 samples, mean = 44.0 (flags = 0x41)
0   ... 
37  -O                                                                        (1 = 100.0%) {0.0%}
49  ... 

Histogram: LoadingPredictor.PreresolveCount recorded 1 samples, mean = 1.0 (flags = 0x41)
0  O                                                                         (0 = 0.0%)
1  -O                                                                        (1 = 100.0%) {0.0%}
2  ... 

Histogram: LoadingPredictor.PreresolveHitsPercentage recorded 1 samples, mean = 100.0 (flags = 0x41)
0    ... 
100  -O                                                                        (1 = 100.0%) {0.0%}
101  O                                                                         (0 = 0.0%) {100.0%}

Histogram: LocalStorage.MojoSizeInKB recorded 1 samples, mean = 2.0 (flags = 0x41)
0  ... 
2  -O                                                                        (1 = 100.0%) {0.0%}
3  ... 

Histogram: LocalStorage.MojoTimeToPrime recorded 1 samples, mean = 0.0 (flags = 0x41)
0  -O                                                                        (1 = 100.0%)
1  ... 

Histogram: LocalStorage.MojoTimeToPrimeForUnder100KB recorded 1 samples, mean = 0.0 (flags = 0x41)
0  -O                                                                        (1 = 100.0%)
1  ... 

Histogram: LocalStorage.RendererAreaCacheHit recorded 2 samples, mean = 1.0 (flags = 0x41)
0  -O                                                                        (1 = 50.0%)
1  O                                                                         (0 = 0.0%) {50.0%}
2  -O                                                                        (1 = 50.0%) {50.0%}
3  O                                                                         (0 = 0.0%) {100.0%}

Histogram: LocalStorageContext.ShutDown.MaybeDroppedChanges recorded 1 samples, mean = 0.0 (flags = 0x40)
0  -O                                                                        (1 = 100.0%)
1  ... 

Histogram: MPArch.ChildProcessLaunchFirst recorded 1 samples, mean = 55.0 (flags = 0x41)
0   ... 
48  -O                                                                        (1 = 100.0%) {0.0%}
57  ... 

Histogram: MPArch.ChildProcessLaunchSubsequent recorded 7 samples, mean = 16.4 (flags = 0x41)
0   ... 
14  ----O                                                                     (4 = 57.1%) {0.0%}
17  ---O                                                                      (3 = 42.9%) {57.1%}
20  ... 

Histogram: ManagedUsers.BlockedIframeCount recorded 1 samples, mean = 0.0 (flags = 0x41)
0  -O                                                                        (1 = 100.0%)
1  ... 

Histogram: Manifest.HasProperty.description recorded 1 samples, mean = 0.0 (flags = 0x41)
0  -O                                                                        (1 = 100.0%)
1  ... 

Histogram: Manifest.HasProperty.display recorded 1 samples, mean = 1.0 (flags = 0x41)
0  O                                                                         (0 = 0.0%)
1  -O                                                                        (1 = 100.0%) {0.0%}
2  O                                                                         (0 = 0.0%) {100.0%}

Histogram: Manifest.HasProperty.gcm_sender_id recorded 1 samples, mean = 0.0 (flags = 0x41)
0  -O                                                                        (1 = 100.0%)
1  ... 

Histogram: Manifest.HasProperty.icons recorded 1 samples, mean = 1.0 (flags = 0x41)
0  O                                                                         (0 = 0.0%)
1  -O                                                                        (1 = 100.0%) {0.0%}
2  O                                                                         (0 = 0.0%) {100.0%}

Histogram: Manifest.HasProperty.name recorded 1 samples, mean = 1.0 (flags = 0x41)
0  O                                                                         (0 = 0.0%)
1  -O                                                                        (1 = 100.0%) {0.0%}
2  O                                                                         (0 = 0.0%) {100.0%}

Histogram: Manifest.HasProperty.orientation recorded 1 samples, mean = 0.0 (flags = 0x41)
0  -O                                                                        (1 = 100.0%)
1  ... 

Histogram: Manifest.HasProperty.protocol_handlers recorded 1 samples, mean = 0.0 (flags = 0x41)
0  -O                                                                        (1 = 100.0%)
1  ... 

Histogram: Manifest.HasProperty.screenshots recorded 1 samples, mean = 0.0 (flags = 0x41)
0  -O                                                                        (1 = 100.0%)
1  ... 

Histogram: Manifest.HasProperty.share_target recorded 1 samples, mean = 0.0 (flags = 0x41)
0  -O                                                                        (1 = 100.0%)
1  ... 

Histogram: Manifest.HasProperty.short_name recorded 1 samples, mean = 1.0 (flags = 0x41)
0  O                                                                         (0 = 0.0%)
1  -O                                                                        (1 = 100.0%) {0.0%}
2  O                                                                         (0 = 0.0%) {100.0%}

Histogram: Manifest.HasProperty.start_url recorded 1 samples, mean = 1.0 (flags = 0x41)
0  O                                                                         (0 = 0.0%)
1  -O                                                                        (1 = 100.0%) {0.0%}
2  O                                                                         (0 = 0.0%) {100.0%}

Histogram: Manifest.ParseIdResult recorded 1 samples, mean = 1.0 (flags = 0x41)
0  O                                                                         (0 = 0.0%)
1  -O                                                                        (1 = 100.0%) {0.0%}
2  ... 

Histogram: Media.GPU.VideoDecoderType recorded 1 samples, mean = 11.0 (flags = 0x41)
0   ... 
11  -O                                                                        (1 = 100.0%) {0.0%}
12  ... 

Histogram: Media.MediaHistory.DatabaseExists recorded 1 samples, mean = 0.0 (flags = 0x41)
0  -O                                                                        (1 = 100.0%)
1  ... 

Histogram: MediaRouter.Cast.Discovery.ConnectedDevicesCount recorded 1 samples, mean = 0.0 (flags = 0x41)
0  -O                                                                        (1 = 100.0%)
1  ... 

Histogram: MediaRouter.Cast.Discovery.KnownDevicesCount recorded 1 samples, mean = 0.0 (flags = 0x41)
0  -O                                                                        (1 = 100.0%)
1  ... 

Histogram: MediaRouter.Dial.AvailableDevicesCount recorded 1 samples, mean = 0.0 (flags = 0x41)
0  -O                                                                        (1 = 100.0%)
1  ... 

Histogram: MediaRouter.Dial.KnownDevicesCount recorded 1 samples, mean = 0.0 (flags = 0x41)
0  -O                                                                        (1 = 100.0%)
1  ... 

Histogram: Memory.Discardable.FreelistSize.Foreground recorded 4 samples, mean = 0.0 (flags = 0x41)
0  ----O                                                                     (4 = 100.0%)
1  ... 

Histogram: Memory.Discardable.Size.Foreground recorded 4 samples, mean = 0.0 (flags = 0x41)
0  ----O                                                                     (4 = 100.0%)
1  ... 

Histogram: Memory.Discardable.VirtualSize.Foreground recorded 4 samples, mean = 0.0 (flags = 0x41)
0  ----O                                                                     (4 = 100.0%)
1  ... 

Histogram: Memory.Experimental.AvailableMemoryMB recorded 110 samples, mean = 13208.2 (flags = 0x41)
0      ... 
9742   -O                                                                        (1 = 0.9%) {0.0%}
10757  ----------------O                                                         (16 = 14.5%) {0.9%}
11877  ----------------------------O                                             (28 = 25.5%) {15.5%}
13114  ------------------------------------------------------------O             (60 = 54.5%) {40.9%}
14480  -----O                                                                    (5 = 4.5%) {95.5%}
15988  ... 

Histogram: Memory.Experimental.AvailableMemoryPercent recorded 110 samples, mean = 40.6 (flags = 0x41)
0   ... 
33  -O                                                                        (1 = 0.9%) {0.0%}
34  -------O                                                                  (7 = 6.4%) {0.9%}
35  --------O                                                                 (8 = 7.3%) {7.3%}
36  -O                                                                        (1 = 0.9%) {14.5%}
37  --O                                                                       (2 = 1.8%) {15.5%}
38  -----O                                                                    (5 = 4.5%) {17.3%}
39  --------------O                                                           (14 = 12.7%) {21.8%}
40  ------------O                                                             (12 = 10.9%) {34.5%}
41  -------O                                                                  (7 = 6.4%) {45.5%}
42  -----------O                                                              (11 = 10.0%) {51.8%}
43  ------------------O                                                       (18 = 16.4%) {61.8%}
44  -------------------O                                                      (19 = 17.3%) {78.2%}
45  -----O                                                                    (5 = 4.5%) {95.5%}
46  ... 

Histogram: Memory.Experimental.Renderer.HighestPrivateMemoryFootprint.0to2min recorded 1 samples, mean = 119.0 (flags = 0x41)
0    ... 
107  -O                                                                        (1 = 100.0%) {0.0%}
120  ... 

Histogram: Memory.Experimental.Renderer.HighestPrivateMemoryFootprint.2to4min recorded 1 samples, mean = 72.0 (flags = 0x41)
0   ... 
67  -O                                                                        (1 = 100.0%) {0.0%}
75  ... 

Histogram: Memory.Experimental.Renderer.HighestPrivateMemoryFootprint.4to8min recorded 1 samples, mean = 72.0 (flags = 0x41)
0   ... 
67  -O                                                                        (1 = 100.0%) {0.0%}
75  ... 

Histogram: Memory.Experimental.Renderer.HighestPrivateMemoryFootprint.8to16min recorded 1 samples, mean = 72.0 (flags = 0x41)
0   ... 
67  -O                                                                        (1 = 100.0%) {0.0%}
75  ... 

Histogram: Memory.GPU.PeakMemoryAllocationSource2.PageLoad.SharedContextState recorded 1 samples, mean = 0.0 (flags = 0x41)
0  -O                                                                        (1 = 100.0%)
1  ... 

Histogram: Memory.GPU.PeakMemoryAllocationSource2.PageLoad.SharedImageStub recorded 1 samples, mean = 0.0 (flags = 0x41)
0  -O                                                                        (1 = 100.0%)
1  ... 

Histogram: Memory.GPU.PeakMemoryAllocationSource2.PageLoad.Skia recorded 1 samples, mean = 0.0 (flags = 0x41)
0  -O                                                                        (1 = 100.0%)
1  ... 

Histogram: Memory.GPU.PeakMemoryUsage2.PageLoad recorded 1 samples, mean = 0.0 (flags = 0x41)
0  -O                                                                        (1 = 100.0%)
1  ... 

Histogram: Memory.ParkableString.Compression.Latency recorded 18 samples, mean = 3406.3 (flags = 0x41)
0      ----O                                                                     (4 = 22.2%)
500    ... 
929    -O                                                                        (1 = 5.6%) {22.2%}
1004   -O                                                                        (1 = 5.6%) {27.8%}
1085   ... 
1728   ---O                                                                      (3 = 16.7%) {33.3%}
1867   -O                                                                        (1 = 5.6%) {50.0%}
2018   ... 
2357   -O                                                                        (1 = 5.6%) {55.6%}
2547   --O                                                                       (2 = 11.1%) {61.1%}
2752   ... 
3473   -O                                                                        (1 = 5.6%) {72.2%}
3753   ... 
8810   --O                                                                       (2 = 11.1%) {77.8%}
9521   -O                                                                        (1 = 5.6%) {88.9%}
10289  -O                                                                        (1 = 5.6%) {94.4%}
11119  ... 

Histogram: Memory.ParkableString.Compression.SizeKb recorded 18 samples, mean = 271.3 (flags = 0x41)
0    ... 
14   -O                                                                        (1 = 5.6%) {0.0%}
16   O                                                                         (0 = 0.0%) {5.6%}
18   -O                                                                        (1 = 5.6%) {5.6%}
20   ... 
29   --O                                                                       (2 = 11.1%) {11.1%}
33   ... 
60   -O                                                                        (1 = 5.6%) {22.2%}
67   -O                                                                        (1 = 5.6%) {27.8%}
75   O                                                                         (0 = 0.0%) {33.3%}
84   -O                                                                        (1 = 5.6%) {33.3%}
95   O                                                                         (0 = 0.0%) {38.9%}
107  -O                                                                        (1 = 5.6%) {38.9%}
120  O                                                                         (0 = 0.0%) {44.4%}
135  -O                                                                        (1 = 5.6%) {44.4%}
152  O                                                                         (0 = 0.0%) {50.0%}
171  --O                                                                       (2 = 11.1%) {50.0%}
192  -O                                                                        (1 = 5.6%) {61.1%}
216  ... 
307  -O                                                                        (1 = 5.6%) {66.7%}
345  -O                                                                        (1 = 5.6%) {72.2%}
388  ... 
623  -O                                                                        (1 = 5.6%) {77.8%}
701  -O                                                                        (1 = 5.6%) {83.3%}
789  --O                                                                       (2 = 11.1%) {88.9%}
888  ... 

Histogram: Memory.ParkableString.Decompression.Latency recorded 3 samples, mean = 528.3 (flags = 0x41)
0    -O                                                                        (1 = 33.3%)
500  -O                                                                        (1 = 33.3%) {33.3%}
540  ... 
860  -O                                                                        (1 = 33.3%) {66.7%}
929  ... 

Histogram: Memory.ParkableString.Decompression.ThroughputMBps recorded 3 samples, mean = 202.7 (flags = 0x41)
0    ... 
171  -O                                                                        (1 = 33.3%) {0.0%}
192  -O                                                                        (1 = 33.3%) {33.3%}
216  -O                                                                        (1 = 33.3%) {66.7%}
243  ... 

Histogram: Memory.ParkableString.DiskReadTime.5min recorded 1 samples, mean = 0.0 (flags = 0x41)
0  -O                                                                        (1 = 100.0%)
1  ... 

Histogram: Memory.ParkableString.DiskWriteTime.5min recorded 1 samples, mean = 14.0 (flags = 0x41)
0   ... 
14  -O                                                                        (1 = 100.0%) {0.0%}
17  ... 

Histogram: Memory.ParkableString.OnDiskSizeKb.5min recorded 1 samples, mean = 967.0 (flags = 0x41)
0    ... 
896  -O                                                                        (1 = 100.0%) {0.0%}
1122 ... 

Histogram: Memory.ParkableString.Read.Latency recorded 3 samples, mean = 199.3 (flags = 0x41)
0  ---O                                                                      (3 = 100.0%)
500... 

Histogram: Memory.ParkableString.TotalParkingThreadTime.5min recorded 1 samples, mean = 58.0 (flags = 0x41)
0   ... 
57  -O                                                                        (1 = 100.0%) {0.0%}
68  ... 

Histogram: Memory.ParkableString.TotalUnparkingTime.5min recorded 1 samples, mean = 0.0 (flags = 0x41)
0  -O                                                                        (1 = 100.0%)
1  ... 

Histogram: Memory.PartitionAlloc.MemoryReclaim recorded 13233 samples, mean = 294.1 (flags = 0x41)
0     ... 
49    ---O                                                                      (83 = 0.6%) {0.0%}
65    -----------------------------------------------------O                    (1752 = 13.2%) {0.6%}
86    ----------------------------------------------------------------------O   (2289 = 17.3%) {13.9%}
113   -------------------------------------------------------------------O      (2215 = 16.7%) {31.2%}
149   ------O                                                                   (195 = 1.5%) {47.9%}
196   ----O                                                                     (133 = 1.0%) {49.4%}
258   --------------------------------------------------------------O           (2047 = 15.5%) {50.4%}
340   --------------------------------O                                         (1051 = 7.9%) {65.9%}
448   ------------------------------------------------------------------------O (2369 = 17.9%) {73.8%}
590   -----------------------O                                                  (747 = 5.6%) {91.7%}
777   ------O                                                                   (181 = 1.4%) {97.3%}
1023  ---O                                                                      (95 = 0.7%) {98.7%}
1347  --O                                                                       (65 = 0.5%) {99.4%}
1774  O                                                                         (10 = 0.1%) {99.9%}
2336  O                                                                         (0 = 0.0%) {100.0%}
3077  O                                                                         (1 = 0.0%) {100.0%}
4053  ... 

Histogram: Memory.PartitionAlloc.PartitionRoot.ExtrasSize recorded 1 samples, mean = 4.0 (flags = 0x41)
0  ... 
4  -O                                                                        (1 = 100.0%) {0.0%}
5  ... 

Histogram: Memory.PartitionAlloc.PeriodicPurge recorded 1381 samples, mean = 26.2 (flags = 0x41)
0    ... 
3    O                                                                         (2 = 0.1%) {0.0%}
4    ----O                                                                     (23 = 1.7%) {0.1%}
5    ----O                                                                     (23 = 1.7%) {1.8%}
7    --O                                                                       (13 = 0.9%) {3.5%}
9    ----O                                                                     (20 = 1.4%) {4.4%}
12   ----------------------O                                                   (121 = 8.8%) {5.9%}
16   --------------------------------------------------------O                 (306 = 22.2%) {14.6%}
21   ------------------------------------------------------------------------O (393 = 28.5%) {36.8%}
28   --------------------------------------------------------O                 (308 = 22.3%) {65.2%}
37   ------------------O                                                       (99 = 7.2%) {87.5%}
49   -------O                                                                  (38 = 2.8%) {94.7%}
65   ----O                                                                     (21 = 1.5%) {97.5%}
86   -O                                                                        (7 = 0.5%) {99.0%}
113  -O                                                                        (4 = 0.3%) {99.5%}
149  O                                                                         (2 = 0.1%) {99.8%}
196  O                                                                         (1 = 0.1%) {99.9%}
258  ... 

Histogram: Memory.PressureLevel2 recorded 13319 samples, mean = 0.0 (flags = 0x41)
0  ------------------------------------------------------------------------O (13319 = 100.0%)
1  ... 

Histogram: Mojo.Channel.WriteReceiveMessageProcessType recorded 7 samples, mean = 3.0 (flags = 0x41)
0   ----O                                                                     (4 = 57.1%)
1   O                                                                         (0 = 0.0%) {57.1%}
2   -O                                                                        (1 = 14.3%) {57.1%}
3   ... 
9   -O                                                                        (1 = 14.3%) {71.4%}
10  -O                                                                        (1 = 14.3%) {85.7%}
11  ... 

Histogram: NQE.ContentObserver.NetworkQualityMeaningfullyChanged recorded 6 samples, mean = 0.8 (flags = 0x40)
0  -O                                                                        (1 = 16.7%)
1  -----O                                                                    (5 = 83.3%) {16.7%}
2  O                                                                         (0 = 0.0%) {100.0%}

Histogram: NQE.RTT.Error.Absolute recorded 44 samples, mean = 104.9 (flags = 0x41)
0    -O                                                                        (1 = 2.3%)
1    ... 
20   ---O                                                                      (3 = 6.8%) {2.3%}
24   -O                                                                        (1 = 2.3%) {9.1%}
29   -O                                                                        (1 = 2.3%) {11.4%}
34   ----O                                                                     (4 = 9.1%) {13.6%}
40   O                                                                         (0 = 0.0%) {22.7%}
48   -O                                                                        (1 = 2.3%) {22.7%}
57   --O                                                                       (2 = 4.5%) {25.0%}
68   ----O                                                                     (4 = 9.1%) {29.5%}
81   -----O                                                                    (5 = 11.4%) {38.6%}
96   ------O                                                                   (6 = 13.6%) {50.0%}
114  -----O                                                                    (5 = 11.4%) {63.6%}
135  ---O                                                                      (3 = 6.8%) {75.0%}
160  -----O                                                                    (5 = 11.4%) {81.8%}
190  O                                                                         (0 = 0.0%) {93.2%}
226  -O                                                                        (1 = 2.3%) {93.2%}
268  -O                                                                        (1 = 2.3%) {95.5%}
318  -O                                                                        (1 = 2.3%) {97.7%}
378  ... 

Histogram: NQE.RTT.Error.IsZero recorded 44 samples, mean = 0.0 (flags = 0x41)
0  --------------------------------------------O                             (44 = 100.0%)
1  ... 

Histogram: NQE.RTT.Error.Negative recorded 28 samples, mean = 87.0 (flags = 0x41)
0    ... 
20   --O                                                                       (2 = 7.1%) {0.0%}
24   -O                                                                        (1 = 3.6%) {7.1%}
29   -O                                                                        (1 = 3.6%) {10.7%}
34   --O                                                                       (2 = 7.1%) {14.3%}
40   ... 
57   --O                                                                       (2 = 7.1%) {21.4%}
68   ---O                                                                      (3 = 10.7%) {28.6%}
81   -----O                                                                    (5 = 17.9%) {39.3%}
96   -----O                                                                    (5 = 17.9%) {57.1%}
114  ----O                                                                     (4 = 14.3%) {75.0%}
135  --O                                                                       (2 = 7.1%) {89.3%}
160  -O                                                                        (1 = 3.6%) {96.4%}
190  ... 

Histogram: NQE.RTT.Error.Positive recorded 16 samples, mean = 136.2 (flags = 0x41)
0    -O                                                                        (1 = 6.2%)
1    ... 
20   -O                                                                        (1 = 6.2%) {6.2%}
24   ... 
34   --O                                                                       (2 = 12.5%) {12.5%}
40   O                                                                         (0 = 0.0%) {25.0%}
48   -O                                                                        (1 = 6.2%) {25.0%}
57   O                                                                         (0 = 0.0%) {31.2%}
68   -O                                                                        (1 = 6.2%) {31.2%}
81   O                                                                         (0 = 0.0%) {37.5%}
96   -O                                                                        (1 = 6.2%) {37.5%}
114  -O                                                                        (1 = 6.2%) {43.8%}
135  -O                                                                        (1 = 6.2%) {50.0%}
160  ----O                                                                     (4 = 25.0%) {56.2%}
190  O                                                                         (0 = 0.0%) {81.2%}
226  -O                                                                        (1 = 6.2%) {81.2%}
268  -O                                                                        (1 = 6.2%) {87.5%}
318  -O                                                                        (1 = 6.2%) {93.8%}
378  ... 

Histogram: NQE.RTT.HittingThreshold.EndToEnd.FallbackSuccess recorded 15 samples, mean = 0.0 (flags = 0x41)
0  ---------------O                                                          (15 = 100.0%)
1  ... 

Histogram: NQE.RTT.HittingThreshold.Transport.FallbackSuccess recorded 1 samples, mean = 0.0 (flags = 0x41)
0  -O                                                                        (1 = 100.0%)
1  ... 

Histogram: NQE.RTT.ObservationSource recorded 48 samples, mean = 0.4 (flags = 0x41)
0  --------------------------------------------O                             (44 = 91.7%)
1  ... 
3  -O                                                                        (1 = 2.1%) {91.7%}
4  -O                                                                        (1 = 2.1%) {93.8%}
5  O                                                                         (0 = 0.0%) {95.8%}
6  -O                                                                        (1 = 2.1%) {95.8%}
7  -O                                                                        (1 = 2.1%) {97.9%}
8  ... 

Histogram: NQE.RTT.OnECTComputation recorded 15 samples, mean = 329.0 (flags = 0x41)
0    ... 
114  ----O                                                                     (4 = 26.7%) {0.0%}
135  ... 
318  -O                                                                        (1 = 6.7%) {26.7%}
378  ------O                                                                   (6 = 40.0%) {33.3%}
449  ----O                                                                     (4 = 26.7%) {73.3%}
533  ... 

Histogram: NQE.RenderThreadNotified recorded 15 samples, mean = 1.0 (flags = 0x40)
0  O                                                                         (0 = 0.0%)
1  ---------------O                                                          (15 = 100.0%) {0.0%}
2  O                                                                         (0 = 0.0%) {100.0%}

Histogram: NQE.TransportRTT.OnECTComputation recorded 14 samples, mean = 328.4 (flags = 0x41)
0    ... 
57   ---O                                                                      (3 = 21.4%) {0.0%}
68   ... 
378  -----------O                                                              (11 = 78.6%) {21.4%}
449  ... 

Histogram: Navigation.BeginNavigationImpl.MainFrame recorded 2 samples, mean = 5.5 (flags = 0x41)
0   -O                                                                        (1 = 50.0%)
1   ... 
10  -O                                                                        (1 = 50.0%) {50.0%}
12  ... 

Histogram: Navigation.BrowserInitiatedSessionHistoryCount recorded 1 samples, mean = 0.0 (flags = 0x41)
0  -O                                                                        (1 = 100.0%)
1  ... 

Histogram: Navigation.CommitRenderFrame recorded 1 samples, mean = 25.0 (flags = 0x41)
0   ... 
24  -O                                                                        (1 = 100.0%) {0.0%}
29  ... 

Histogram: Navigation.CommitToCompositorCreation recorded 1 samples, mean = 980.0 (flags = 0x41)
0    ... 
826  -O                                                                        (1 = 100.0%) {0.0%}
1075 ... 

Histogram: Navigation.CompositorRequestedBeforeCommit2 recorded 1 samples, mean = 0.0 (flags = 0x41)
0  -O                                                                        (1 = 100.0%)
1  ... 

Histogram: Navigation.CompositorRequestedBeforeSwapRFH2 recorded 1 samples, mean = 0.0 (flags = 0x41)
0  -O                                                                        (1 = 100.0%)
1  ... 

Histogram: Navigation.CreateSpeculativeRFH recorded 1 samples, mean = 4.0 (flags = 0x41)
0  ... 
4  -O                                                                        (1 = 100.0%) {0.0%}
5  ... 

Histogram: Navigation.DidCommitSameDocumentNavigation.Duration recorded 1 samples, mean = 1.0 (flags = 0x41)
0  O                                                                         (0 = 0.0%)
1  -O                                                                        (1 = 100.0%) {0.0%}
2  ... 

Histogram: Navigation.DidStartLoading.MainFrame recorded 3 samples, mean = 1.0 (flags = 0x41)
0  --O                                                                       (2 = 66.7%)
1  ... 
3  -O                                                                        (1 = 33.3%) {66.7%}
4  ... 

Histogram: Navigation.DidStartLoading.Subframe recorded 2 samples, mean = 0.0 (flags = 0x41)
0  --O                                                                       (2 = 100.0%)
1  ... 

Histogram: Navigation.EarlyRenderFrameHostSwapType recorded 6 samples, mean = 0.0 (flags = 0x41)
0  ------O                                                                   (6 = 100.0%)
1  ... 

Histogram: Navigation.EngagementTime.HTTPS recorded 1 samples, mean = 13312736.0 (flags = 0x41)
0        ... 
3600000  -O                                                                        (1 = 100.0%) {0.0%}

Histogram: Navigation.GetFrameHostForNavigation recorded 4 samples, mean = 12.5 (flags = 0x41)
0   --O                                                                       (2 = 50.0%)
1   ... 
4   -O                                                                        (1 = 25.0%) {50.0%}
5   ... 
40  -O                                                                        (1 = 25.0%) {75.0%}
48  ... 

Histogram: Navigation.GetFrameHostForNavigationTime.InDidCreateNavigationRequest.IsHTTPOrHTTPS recorded 3 samples, mean = 15733.3 (flags = 0x41)
0      ... 
76     -O                                                                        (1 = 33.3%) {0.0%}
105    -O                                                                        (1 = 33.3%) {33.3%}
146    ... 
38240  -O                                                                        (1 = 33.3%) {66.7%}
53055  ... 

Histogram: Navigation.IsGuest recorded 1 samples, mean = 0.0 (flags = 0x41)
0  -O                                                                        (1 = 100.0%)
1  ... 

Histogram: Navigation.IsLockedProcess recorded 1 samples, mean = 1.0 (flags = 0x41)
0  O                                                                         (0 = 0.0%)
1  -O                                                                        (1 = 100.0%) {0.0%}
2  O                                                                         (0 = 0.0%) {100.0%}

Histogram: Navigation.IsLockedProcess.HTTPOrHTTPS recorded 1 samples, mean = 1.0 (flags = 0x41)
0  O                                                                         (0 = 0.0%)
1  -O                                                                        (1 = 100.0%) {0.0%}
2  O                                                                         (0 = 0.0%) {100.0%}

Histogram: Navigation.IsProcessBackgrounded.OnCommit recorded 1 samples, mean = 0.0 (flags = 0x41)
0  -O                                                                        (1 = 100.0%)
1  ... 

Histogram: Navigation.IsProcessBackgrounded.OnDOMContentLoaded recorded 1 samples, mean = 0.0 (flags = 0x41)
0  -O                                                                        (1 = 100.0%)
1  ... 

Histogram: Navigation.IsSameBrowsingInstance recorded 1 samples, mean = 0.0 (flags = 0x41)
0  -O                                                                        (1 = 100.0%)
1  ... 

Histogram: Navigation.IsSameSiteInstance recorded 1 samples, mean = 0.0 (flags = 0x41)
0  -O                                                                        (1 = 100.0%)
1  ... 

Histogram: Navigation.IsSameSiteInstance.MainFrame recorded 1 samples, mean = 0.0 (flags = 0x41)
0  -O                                                                        (1 = 100.0%)
1  ... 

Histogram: Navigation.LoaderCreateToRequestStart.MainFrame recorded 1 samples, mean = 8.0 (flags = 0x41)
0  ... 
8  -O                                                                        (1 = 100.0%) {0.0%}
10 ... 

Histogram: Navigation.MainFrame.FrameCount recorded 1 samples, mean = 2.0 (flags = 0x41)
0  ... 
2  -O                                                                        (1 = 100.0%) {0.0%}
3  ... 

Histogram: Navigation.MainFrame.MaxFrameCount recorded 3 samples, mean = 2.0 (flags = 0x41)
0  O                                                                         (0 = 0.0%)
1  -O                                                                        (1 = 33.3%) {0.0%}
2  -O                                                                        (1 = 33.3%) {33.3%}
3  -O                                                                        (1 = 33.3%) {66.7%}
4  ... 

Histogram: Navigation.MainFrame.NewNavigation.IgnoreRestore.IsHTTPOrHTTPS.BeginNavigationToLoaderStart.Time2 recorded 1 samples, mean = 15.0 (flags = 0x41)
0   ... 
14  -O                                                                        (1 = 100.0%) {0.0%}
17  ... 

Histogram: Navigation.MainFrame.NewNavigation.IgnoreRestore.IsHTTPOrHTTPS.FetchStart.Time2 recorded 1 samples, mean = 0.0 (flags = 0x41)
0  -O                                                                        (1 = 100.0%)
1  ... 

Histogram: Navigation.MainFrame.NewNavigation.IgnoreRestore.IsHTTPOrHTTPS.LoaderStartToFetchStart.Time2 recorded 1 samples, mean = 2723.0 (flags = 0x41)
0     ... 
2516  -O                                                                        (1 = 100.0%) {0.0%}
2990  ... 

Histogram: Navigation.MainFrame.NewNavigation.IgnoreRestore.IsHTTPOrHTTPS.LoaderStartToReceiveResponse.Time2 recorded 1 samples, mean = 3721.0 (flags = 0x41)
0     ... 
3553  -O                                                                        (1 = 100.0%) {0.0%}
4222  ... 

Histogram: Navigation.MainFrame.NewNavigation.IgnoreRestore.IsHTTPOrHTTPS.NavigationStartToBeginNavigation.Time2 recorded 1 samples, mean = 6029.0 (flags = 0x41)
0     ... 
5961  -O                                                                        (1 = 100.0%) {0.0%}
7083  ... 

Histogram: Navigation.MainFrame.NewNavigation.IgnoreRestore.IsHTTPOrHTTPS.ReceiveHeaders.Time2 recorded 1 samples, mean = 722.0 (flags = 0x41)
0    ... 
633  -O                                                                        (1 = 100.0%) {0.0%}
752  ... 

Histogram: Navigation.MainFrame.NewNavigation.IgnoreRestore.IsHTTPOrHTTPS.ReceiveHeadersToReceiveResponse.Time2 recorded 1 samples, mean = 274.0 (flags = 0x41)
0    ... 
268  -O                                                                        (1 = 100.0%) {0.0%}
318  ... 

Histogram: Navigation.MainFrame.NewNavigation.IgnoreRestore.IsHTTPOrHTTPS.ReceiveResponseToCommitNavigation.Time2 recorded 1 samples, mean = 14.0 (flags = 0x41)
0   ... 
14  -O                                                                        (1 = 100.0%) {0.0%}
17  ... 

Histogram: Navigation.MainFrame.RendererInitiated.InitiatorFramePresentAtStart recorded 1 samples, mean = 0.0 (flags = 0x41)
0  -O                                                                        (1 = 100.0%)
1  ... 

Histogram: Navigation.MainFrame.SiteEngagementLevel recorded 1 samples, mean = 2.0 (flags = 0x41)
0  ... 
2  -O                                                                        (1 = 100.0%) {0.0%}
3  ... 

Histogram: Navigation.MainFrame.ThirdPartyCookieBlockingEnabled recorded 2 samples, mean = 0.0 (flags = 0x41)
0  --O                                                                       (2 = 100.0%)
1  ... 

Histogram: Navigation.MainFrameHasRTLDomain2 recorded 2 samples, mean = 0.0 (flags = 0x41)
0  --O                                                                       (2 = 100.0%)
1  ... 

Histogram: Navigation.MainFrameHasRTLDomainDifferentPage2 recorded 1 samples, mean = 0.0 (flags = 0x41)
0  -O                                                                        (1 = 100.0%)
1  ... 

Histogram: Navigation.MainFrameProfileType2 recorded 2 samples, mean = 0.0 (flags = 0x41)
0  --O                                                                       (2 = 100.0%)
1  ... 

Histogram: Navigation.MainFrameScheme2 recorded 2 samples, mean = 2.0 (flags = 0x41)
0  ... 
2  --O                                                                       (2 = 100.0%) {0.0%}
3  ... 

Histogram: Navigation.MainFrameSchemeDifferentPage2 recorded 1 samples, mean = 2.0 (flags = 0x41)
0  ... 
2  -O                                                                        (1 = 100.0%) {0.0%}
3  ... 

Histogram: Navigation.OnBeforeUnloadOverheadTime recorded 2 samples, mean = 3020.0 (flags = 0x41)
0     ... 
10    -O                                                                        (1 = 50.0%) {0.0%}
12    ... 
5961  -O                                                                        (1 = 50.0%) {50.0%}
7083  ... 

Histogram: Navigation.OnBeforeUnloadTotalTime recorded 2 samples, mean = 0.0 (flags = 0x41)
0  --O                                                                       (2 = 100.0%)
1  ... 

Histogram: Navigation.OriginAgentCluster.Result recorded 1 samples, mean = 9.0 (flags = 0x41)
0  ... 
9  -O                                                                        (1 = 100.0%) {0.0%}
10 O                                                                         (0 = 0.0%) {100.0%}

Histogram: Navigation.PendingCommit.DidBlockGetFrameHostForNavigation.Regular recorded 1 samples, mean = 0.0 (flags = 0x41)
0  -O                                                                        (1 = 100.0%)
1  ... 

Histogram: Navigation.PendingCommit.Duration.Regular recorded 1 samples, mean = 338.0 (flags = 0x41)
0    ... 
318  -O                                                                        (1 = 100.0%) {0.0%}
378  ... 

Histogram: Navigation.Preconnect.PreresolveJobQueueLength recorded 16 samples, mean = 0.5 (flags = 0x41)
0  --------O                                                                 (8 = 50.0%)
1  --------O                                                                 (8 = 50.0%) {50.0%}
2  ... 

Histogram: Navigation.Preconnect.PreresolveJobQueueingTime recorded 8 samples, mean = 0.0 (flags = 0x41)
0  --------O                                                                 (8 = 100.0%)
1  ... 

Histogram: Navigation.Preconnect.ProxyLookupCallbackQueueingTime recorded 8 samples, mean = 443.8 (flags = 0x41)
0    O                                                                         (0 = 0.0%)
1    -O                                                                        (1 = 12.5%) {0.0%}
2    ... 
318  -----O                                                                    (5 = 62.5%) {12.5%}
378  ... 
894  --O                                                                       (2 = 25.0%) {75.0%}
1062 ... 

Histogram: Navigation.Preconnect.ProxyLookupLatency recorded 8 samples, mean = 1409.0 (flags = 0x41)
0     O                                                                         (0 = 0.0%)
1     -O                                                                        (1 = 12.5%) {0.0%}
2     ... 
318   -----O                                                                    (5 = 62.5%) {12.5%}
378   ... 
1500  -O                                                                        (1 = 12.5%) {75.0%}
1782  ... 
7083  -O                                                                        (1 = 12.5%) {87.5%}
8416  ... 

Histogram: Navigation.ProcessNavigationThrottlesTime.WillStartRequest.MainFrame recorded 2 samples, mean = 14.5 (flags = 0x41)
0   ... 
14  --O                                                                       (2 = 100.0%) {0.0%}
17  ... 

Histogram: Navigation.QueueTime.OnReceiveRedirect.MainFrame recorded 1 samples, mean = 0.0 (flags = 0x41)
0  -O                                                                        (1 = 100.0%)
1  ... 

Histogram: Navigation.QueueTime.OnReceiveResponse.MainFrame recorded 1 samples, mean = 272.0 (flags = 0x41)
0    ... 
268  -O                                                                        (1 = 100.0%) {0.0%}
318  ... 

Histogram: Navigation.ReadyToCommitUntilCommit2 recorded 1 samples, mean = 337.0 (flags = 0x41)
0    ... 
280  -O                                                                        (1 = 100.0%) {0.0%}
356  ... 

Histogram: Navigation.ReadyToCommitUntilCommit2.ForegroundProcessPriority recorded 1 samples, mean = 337.0 (flags = 0x41)
0    ... 
280  -O                                                                        (1 = 100.0%) {0.0%}
356  ... 

Histogram: Navigation.ReadyToCommitUntilCommit2.NewNavigation recorded 1 samples, mean = 337.0 (flags = 0x41)
0    ... 
280  -O                                                                        (1 = 100.0%) {0.0%}
356  ... 

Histogram: Navigation.RegisterNavigationThrottlesTime.MainFrame recorded 2 samples, mean = 4.0 (flags = 0x41)
0  -O                                                                        (1 = 50.0%)
1  ... 
8  -O                                                                        (1 = 50.0%) {50.0%}
10 ... 

Histogram: Navigation.RenderFrameDelete recorded 1 samples, mean = 1.0 (flags = 0x41)
0  O                                                                         (0 = 0.0%)
1  -O                                                                        (1 = 100.0%) {0.0%}
2  ... 

Histogram: Navigation.RenderFrameHostConstructor recorded 4 samples, mean = 0.5 (flags = 0x41)
0  ---O                                                                      (3 = 75.0%)
1  O                                                                         (0 = 0.0%) {75.0%}
2  -O                                                                        (1 = 25.0%) {75.0%}
3  ... 

Histogram: Navigation.RenderFrameHostDestructor recorded 4 samples, mean = 2.0 (flags = 0x41)
0  --O                                                                       (2 = 50.0%)
1  ... 
3  -O                                                                        (1 = 25.0%) {50.0%}
4  O                                                                         (0 = 0.0%) {75.0%}
5  -O                                                                        (1 = 25.0%) {75.0%}
6  ... 

Histogram: Navigation.RenderViewHostConstructor recorded 2 samples, mean = 0.5 (flags = 0x41)
0  -O                                                                        (1 = 50.0%)
1  -O                                                                        (1 = 50.0%) {50.0%}
2  ... 

Histogram: Navigation.RenderViewHostDestructor recorded 2 samples, mean = 1.5 (flags = 0x41)
0  O                                                                         (0 = 0.0%)
1  -O                                                                        (1 = 50.0%) {0.0%}
2  -O                                                                        (1 = 50.0%) {50.0%}
3  ... 

Histogram: Navigation.RenderWidgetHostConstructor recorded 2 samples, mean = 1.5 (flags = 0x41)
0  -O                                                                        (1 = 50.0%)
1  ... 
3  -O                                                                        (1 = 50.0%) {50.0%}
4  ... 

Histogram: Navigation.RenderWidgetHostDestructor recorded 2 samples, mean = 0.0 (flags = 0x41)
0  --O                                                                       (2 = 100.0%)
1  ... 

Histogram: Navigation.RendererCommitDelay.MainFrame recorded 1 samples, mean = 2.0 (flags = 0x41)
0  ... 
2  -O                                                                        (1 = 100.0%) {0.0%}
3  ... 

Histogram: Navigation.RendererCommitQueueTime.MainFrame recorded 1 samples, mean = 1.0 (flags = 0x41)
0  O                                                                         (0 = 0.0%)
1  -O                                                                        (1 = 100.0%) {0.0%}
2  ... 

Histogram: Navigation.RendererDidNavigateTime.MainFrame recorded 1 samples, mean = 1.0 (flags = 0x41)
0  O                                                                         (0 = 0.0%)
1  -O                                                                        (1 = 100.0%) {0.0%}
2  ... 

Histogram: Navigation.RendererDidNavigateTime.Subframe recorded 2 samples, mean = 0.0 (flags = 0x41)
0  --O                                                                       (2 = 100.0%)
1  ... 

Histogram: Navigation.RequiresDedicatedProcess recorded 1 samples, mean = 1.0 (flags = 0x41)
0  O                                                                         (0 = 0.0%)
1  -O                                                                        (1 = 100.0%) {0.0%}
2  O                                                                         (0 = 0.0%) {100.0%}

Histogram: Navigation.RequiresDedicatedProcess.HTTPOrHTTPS recorded 1 samples, mean = 1.0 (flags = 0x41)
0  O                                                                         (0 = 0.0%)
1  -O                                                                        (1 = 100.0%) {0.0%}
2  O                                                                         (0 = 0.0%) {100.0%}

Histogram: Navigation.SameDocumentNavigationWithScreenshot recorded 1 samples, mean = 0.0 (flags = 0x41)
0  -O                                                                        (1 = 100.0%)
1  ... 

Histogram: Navigation.SendCommitNavigationTime.MainFrame recorded 1 samples, mean = 1.0 (flags = 0x41)
0  O                                                                         (0 = 0.0%)
1  -O                                                                        (1 = 100.0%) {0.0%}
2  ... 

Histogram: Navigation.StartToCommit recorded 3 samples, mean = 3371.3 (flags = 0x41)
0     --O                                                                       (2 = 66.7%)
1     ... 
8000  -O                                                                        (1 = 33.3%) {66.7%}
10165 ... 

Histogram: Navigation.StartToCommit.CrossProcess recorded 1 samples, mean = 10114.0 (flags = 0x41)
0     ... 
8000  -O                                                                        (1 = 100.0%) {0.0%}
10165 ... 

Histogram: Navigation.StartToCommit.CrossProcess.ForegroundProcessPriority recorded 1 samples, mean = 10114.0 (flags = 0x41)
0     ... 
8000  -O                                                                        (1 = 100.0%) {0.0%}
10165 ... 

Histogram: Navigation.StartToCommit.CrossProcess.MainFrame recorded 1 samples, mean = 10114.0 (flags = 0x41)
0     ... 
8000  -O                                                                        (1 = 100.0%) {0.0%}
10165 ... 

Histogram: Navigation.StartToCommit.CrossProcess.MainFrame.ForegroundProcessPriority recorded 1 samples, mean = 10114.0 (flags = 0x41)
0     ... 
8000  -O                                                                        (1 = 100.0%) {0.0%}
10165 ... 

Histogram: Navigation.StartToCommit.CrossProcess.MainFrame.NewNavigation recorded 1 samples, mean = 10114.0 (flags = 0x41)
0     ... 
8000  -O                                                                        (1 = 100.0%) {0.0%}
10165 ... 

Histogram: Navigation.StartToCommit.CrossProcess.NewNavigation recorded 1 samples, mean = 10114.0 (flags = 0x41)
0     ... 
8000  -O                                                                        (1 = 100.0%) {0.0%}
10165 ... 

Histogram: Navigation.StartToCommit.ForegroundProcessPriority recorded 3 samples, mean = 3371.3 (flags = 0x41)
0     --O                                                                       (2 = 66.7%)
1     ... 
8000  -O                                                                        (1 = 33.3%) {66.7%}
10165 ... 

Histogram: Navigation.StartToCommit.MainFrame recorded 1 samples, mean = 10114.0 (flags = 0x41)
0     ... 
8000  -O                                                                        (1 = 100.0%) {0.0%}
10165 ... 

Histogram: Navigation.StartToCommit.MainFrame.ForegroundProcessPriority recorded 1 samples, mean = 10114.0 (flags = 0x41)
0     ... 
8000  -O                                                                        (1 = 100.0%) {0.0%}
10165 ... 

Histogram: Navigation.StartToCommit.MainFrame.NewNavigation recorded 1 samples, mean = 10114.0 (flags = 0x41)
0     ... 
8000  -O                                                                        (1 = 100.0%) {0.0%}
10165 ... 

Histogram: Navigation.StartToCommit.NewNavigation recorded 3 samples, mean = 3371.3 (flags = 0x41)
0     --O                                                                       (2 = 66.7%)
1     ... 
8000  -O                                                                        (1 = 33.3%) {66.7%}
10165 ... 

Histogram: Navigation.StartToCommit.SameProcess recorded 2 samples, mean = 0.0 (flags = 0x41)
0  --O                                                                       (2 = 100.0%)
1  ... 

Histogram: Navigation.StartToCommit.SameProcess.ForegroundProcessPriority recorded 2 samples, mean = 0.0 (flags = 0x41)
0  --O                                                                       (2 = 100.0%)
1  ... 

Histogram: Navigation.StartToCommit.SameProcess.NewNavigation recorded 2 samples, mean = 0.0 (flags = 0x41)
0  --O                                                                       (2 = 100.0%)
1  ... 

Histogram: Navigation.StartToCommit.SameProcess.Subframe recorded 2 samples, mean = 0.0 (flags = 0x41)
0  --O                                                                       (2 = 100.0%)
1  ... 

Histogram: Navigation.StartToCommit.SameProcess.Subframe.ForegroundProcessPriority recorded 2 samples, mean = 0.0 (flags = 0x41)
0  --O                                                                       (2 = 100.0%)
1  ... 

Histogram: Navigation.StartToCommit.SameProcess.Subframe.NewNavigation recorded 2 samples, mean = 0.0 (flags = 0x41)
0  --O                                                                       (2 = 100.0%)
1  ... 

Histogram: Navigation.StartToCommit.Subframe recorded 2 samples, mean = 0.0 (flags = 0x41)
0  --O                                                                       (2 = 100.0%)
1  ... 

Histogram: Navigation.StartToCommit.Subframe.ForegroundProcessPriority recorded 2 samples, mean = 0.0 (flags = 0x41)
0  --O                                                                       (2 = 100.0%)
1  ... 

Histogram: Navigation.StartToCommit.Subframe.NewNavigation recorded 2 samples, mean = 0.0 (flags = 0x41)
0  --O                                                                       (2 = 100.0%)
1  ... 

Histogram: Navigation.SuddenTerminationDisabler.AllOrigins recorded 1 samples, mean = 13.0 (flags = 0x41)
0   ... 
13  -O                                                                        (1 = 100.0%) {0.0%}
14  ... 

Histogram: Navigation.SuddenTerminationDisabler.SameOrigin recorded 1 samples, mean = 13.0 (flags = 0x41)
0   ... 
13  -O                                                                        (1 = 100.0%) {0.0%}
14  ... 

Histogram: Navigation.SwapRFHToCompositorCreation recorded 1 samples, mean = 653.0 (flags = 0x41)
0    ... 
635  -O                                                                        (1 = 100.0%) {0.0%}
826  ... 

Histogram: Navigation.ThrottleCount recorded 2 samples, mean = 20.0 (flags = 0x41)
0   ... 
20  --O                                                                       (2 = 100.0%) {0.0%}
21  ... 

Histogram: Navigation.ThrottleEventDurationTime.WillProcessResponse recorded 1 samples, mean = 1.0 (flags = 0x41)
0  O                                                                         (0 = 0.0%)
1  -O                                                                        (1 = 100.0%) {0.0%}
2  ... 

Histogram: Navigation.ThrottleEventDurationTime.WillRedirectRequest recorded 1 samples, mean = 0.0 (flags = 0x41)
0  -O                                                                        (1 = 100.0%)
1  ... 

Histogram: Navigation.ThrottleEventDurationTime.WillStartRequest recorded 2 samples, mean = 7.0 (flags = 0x41)
0   ... 
4   -O                                                                        (1 = 50.0%) {0.0%}
5   ... 
10  -O                                                                        (1 = 50.0%) {50.0%}
12  ... 

Histogram: Navigation.ThrottleEventExecutionTime.WillProcessResponse recorded 1 samples, mean = 1.0 (flags = 0x41)
0  O                                                                         (0 = 0.0%)
1  -O                                                                        (1 = 100.0%) {0.0%}
2  ... 

Histogram: Navigation.ThrottleEventExecutionTime.WillRedirectRequest recorded 1 samples, mean = 0.0 (flags = 0x41)
0  -O                                                                        (1 = 100.0%)
1  ... 

Histogram: Navigation.ThrottleEventExecutionTime.WillStartRequest recorded 2 samples, mean = 7.0 (flags = 0x41)
0   ... 
4   -O                                                                        (1 = 50.0%) {0.0%}
5   ... 
10  -O                                                                        (1 = 50.0%) {50.0%}
12  ... 

Histogram: Navigation.ThrottleExecutionTime.WillProcessResponse recorded 20 samples, mean = 0.0 (flags = 0x41)
0  --------------------O                                                     (20 = 100.0%)
1  ... 

Histogram: Navigation.ThrottleExecutionTime.WillRedirectRequest recorded 20 samples, mean = 0.0 (flags = 0x41)
0  --------------------O                                                     (20 = 100.0%)
1  ... 

Histogram: Navigation.ThrottleExecutionTime.WillStartRequest recorded 40 samples, mean = 0.3 (flags = 0x41)
0  ------------------------------------O                                     (36 = 90.0%)
1  --O                                                                       (2 = 5.0%) {90.0%}
2  O                                                                         (0 = 0.0%) {95.0%}
3  -O                                                                        (1 = 2.5%) {95.0%}
4  ... 
6  -O                                                                        (1 = 2.5%) {97.5%}
7  ... 

Histogram: Navigation.ThrottleTotalDeferCount recorded 5 samples, mean = 0.0 (flags = 0x41)
0  -----O                                                                    (5 = 100.0%)
1  ... 

Histogram: Navigation.ThrottleTotalDeferCount.Request recorded 5 samples, mean = 0.0 (flags = 0x41)
0  -----O                                                                    (5 = 100.0%)
1  ... 

Histogram: Navigation.ThrottleTotalDeferTime recorded 5 samples, mean = 0.0 (flags = 0x41)
0  -----O                                                                    (5 = 100.0%)
1  ... 

Histogram: Navigation.ThrottleTotalDeferTime.Request recorded 5 samples, mean = 0.0 (flags = 0x41)
0  -----O                                                                    (5 = 100.0%)
1  ... 

Histogram: Navigation.Throttles.PolicyBlocklist.DeferDurationTime recorded 2 samples, mean = 0.0 (flags = 0x41)
0  --O                                                                       (2 = 100.0%)
1  ... 

Histogram: Navigation.Throttles.PolicyBlocklist.RequestThrottleAction recorded 2 samples, mean = 2.5 (flags = 0x41)
0  O                                                                         (0 = 0.0%)
1  -O                                                                        (1 = 50.0%) {0.0%}
2  ... 
4  -O                                                                        (1 = 50.0%) {50.0%}
5  ... 

Histogram: Navigation.Throttles.PolicyBlocklist.RequestToResponseTime recorded 1 samples, mean = 0.0 (flags = 0x41)
0  -O                                                                        (1 = 100.0%)
1  ... 

Histogram: Navigation.TimeToReadyToCommit2 recorded 1 samples, mean = 9776.0 (flags = 0x41)
0     ... 
8000  -O                                                                        (1 = 100.0%) {0.0%}
10165 ... 

Histogram: Navigation.TimeToReadyToCommit2.CrossProcess recorded 1 samples, mean = 9776.0 (flags = 0x41)
0     ... 
8000  -O                                                                        (1 = 100.0%) {0.0%}
10165 ... 

Histogram: Navigation.TimeToReadyToCommit2.CrossProcess.NewNavigation recorded 1 samples, mean = 9776.0 (flags = 0x41)
0     ... 
8000  -O                                                                        (1 = 100.0%) {0.0%}
10165 ... 

Histogram: Navigation.TimeToReadyToCommit2.MainFrame recorded 1 samples, mean = 9776.0 (flags = 0x41)
0     ... 
8000  -O                                                                        (1 = 100.0%) {0.0%}
10165 ... 

Histogram: Navigation.TimeToReadyToCommit2.MainFrame.NewNavigation recorded 1 samples, mean = 9776.0 (flags = 0x41)
0     ... 
8000  -O                                                                        (1 = 100.0%) {0.0%}
10165 ... 

Histogram: Navigation.TimeToReadyToCommit2.NewNavigation recorded 1 samples, mean = 9776.0 (flags = 0x41)
0     ... 
8000  -O                                                                        (1 = 100.0%) {0.0%}
10165 ... 

Histogram: Navigation.Unload recorded 1 samples, mean = 0.0 (flags = 0x41)
0  -O                                                                        (1 = 100.0%)
1  ... 

Histogram: Navigation.UserAgentStringType recorded 4 samples, mean = 1.0 (flags = 0x41)
0  O                                                                         (0 = 0.0%)
1  ----O                                                                     (4 = 100.0%) {0.0%}
2  ... 

Histogram: Navigation.WillStartRequestToLoaderStart.MainFrame recorded 2 samples, mean = 12.0 (flags = 0x41)
0   ... 
4   -O                                                                        (1 = 50.0%) {0.0%}
5   ... 
20  -O                                                                        (1 = 50.0%) {50.0%}
24  ... 

Histogram: NavigationPredictor.SearchEnginePreconnector.IsBrowserAppLikelyInForeground recorded 221 samples, mean = 0.0 (flags = 0x41)
0  ------------------------------------------------------------------------O (218 = 98.6%)
1  -O                                                                        (3 = 1.4%) {98.6%}
2  O                                                                         (0 = 0.0%) {100.0%}

Histogram: NavigationSuggestion.GetDomainInfoDelayBeforeAllowingNavigation recorded 1 samples, mean = 0.0 (flags = 0x41)
0  -O                                                                        (1 = 100.0%)
1  ... 

Histogram: NavigationSuggestion.IsLookalikeUrlDelayBeforeAllowingNavigation recorded 1 samples, mean = 0.0 (flags = 0x41)
0  -O                                                                        (1 = 100.0%)
1  ... 

Histogram: NavigationSuggestion.PerformChecksDelayBeforeAllowingNavigation recorded 1 samples, mean = 0.0 (flags = 0x41)
0  -O                                                                        (1 = 100.0%)
1  ... 

Histogram: Net.AlternateProtocolBrokenLocation recorded 1 samples, mean = 2.0 (flags = 0x41)
0  ... 
2  -O                                                                        (1 = 100.0%) {0.0%}
3  ... 

Histogram: Net.AlternateProtocolUsage recorded 63 samples, mean = 6.4 (flags = 0x41)
0  ... 
3  -----O                                                                    (5 = 7.9%) {0.0%}
4  ------O                                                                   (6 = 9.5%) {7.9%}
5  ... 
7  ----------------------------------------------------O                     (52 = 82.5%) {17.5%}
8  O                                                                         (0 = 0.0%) {100.0%}

Histogram: Net.AlternateProtocolUsageGoogle recorded 4 samples, mean = 5.0 (flags = 0x41)
0  ... 
3  --O                                                                       (2 = 50.0%) {0.0%}
4  ... 
7  --O                                                                       (2 = 50.0%) {50.0%}
8  O                                                                         (0 = 0.0%) {100.0%}

Histogram: Net.AlternateServiceFailed recorded 1 samples (flags = 0x41)
336  -O                                                                        (1 = 100.0%)

Histogram: Net.AlternativeServiceTypeForRequest recorded 62 samples, mean = 0.0 (flags = 0x41)
0  ------------------------------------------------------------O             (60 = 96.8%)
1  --O                                                                       (2 = 3.2%) {96.8%}
2  ... 

Histogram: Net.CertVerifier.PathBuilderIterationCount recorded 10 samples, mean = 2.0 (flags = 0x41)
0  ... 
2  ----------O                                                               (10 = 100.0%) {0.0%}
3  ... 

Histogram: Net.CertVerifier_First_Job_Latency recorded 1 samples, mean = 1449.0 (flags = 0x41)
0     ... 
1365  -O                                                                        (1 = 100.0%) {0.0%}
1546  ... 

Histogram: Net.CertVerifier_Job_Latency recorded 10 samples, mean = 554.9 (flags = 0x41)
0     ... 
164   -O                                                                        (1 = 10.0%) {0.0%}
186   ... 
394   ---O                                                                      (3 = 30.0%) {10.0%}
446   ---O                                                                      (3 = 30.0%) {40.0%}
505   -O                                                                        (1 = 10.0%) {70.0%}
572   ... 
734   -O                                                                        (1 = 10.0%) {80.0%}
831   ... 
1365  -O                                                                        (1 = 10.0%) {90.0%}
1546  ... 

Histogram: Net.Certificate.TrustAnchor.Request recorded 52 samples (flags = 0x41)
200  -O                                                                        (1 = 1.9%)
210  ---------------------------------------O                                  (39 = 75.0%)
483  -O                                                                        (1 = 1.9%)
486  -----------O                                                              (11 = 21.2%)

Histogram: Net.Certificate.TrustAnchor.Verify recorded 10 samples (flags = 0x41)
200  -O                                                                        (1 = 10.0%)
210  ---O                                                                      (3 = 30.0%)
483  -O                                                                        (1 = 10.0%)
486  -----O                                                                    (5 = 50.0%)

Histogram: Net.ConnectionInfo.MainFrame recorded 1 samples, mean = 4.0 (flags = 0x41)
0  ... 
4  -O                                                                        (1 = 100.0%) {0.0%}
5  ... 

Histogram: Net.ConnectionInfo.SubResource recorded 47 samples, mean = 3.9 (flags = 0x41)
0  O                                                                         (0 = 0.0%)
1  -O                                                                        (1 = 2.1%) {0.0%}
2  ... 
4  ----------------------------------------------O                           (46 = 97.9%) {2.1%}
5  ... 

Histogram: Net.ContentEncodingType recorded 50 samples, mean = 0.8 (flags = 0x41)
0  -------------O                                                            (13 = 26.0%)
1  ---------------------------------O                                        (33 = 66.0%) {26.0%}
2  ----O                                                                     (4 = 8.0%) {92.0%}
3  ... 

Histogram: Net.Cors.AccessCheckResult recorded 10 samples, mean = 0.0 (flags = 0x41)
0  ----------O                                                               (10 = 100.0%)
1  ... 

Histogram: Net.CountOfBrokenAlternativeServices recorded 1 samples, mean = 1.0 (flags = 0x41)
0  O                                                                         (0 = 0.0%)
1  -O                                                                        (1 = 100.0%) {0.0%}
2  ... 

Histogram: Net.CountOfQuicServerInfos recorded 1 samples, mean = 0.0 (flags = 0x41)
0  -O                                                                        (1 = 100.0%)
1  ... 

Histogram: Net.CountOfRecentlyBrokenAlternativeServices recorded 1 samples, mean = 6.0 (flags = 0x41)
0  ... 
6  -O                                                                        (1 = 100.0%) {0.0%}
7  ... 

Histogram: Net.DNS.DnsConfig.DnsClientCapability recorded 20 samples, mean = 1.0 (flags = 0x41)
0  O                                                                         (0 = 0.0%)
1  --------------------O                                                     (20 = 100.0%) {0.0%}
2  ... 

Histogram: Net.DNS.DnsConfig.SecureDnsMode recorded 1 samples, mean = 4.0 (flags = 0x41)
0  ... 
4  -O                                                                        (1 = 100.0%) {0.0%}
5  ... 

Histogram: Net.DNS.DnsConfig.Windows.Compatibility recorded 12 samples, mean = 0.0 (flags = 0x41)
0  ------------O                                                             (12 = 100.0%)
1  ... 

Histogram: Net.DNS.DnsConfig.Windows.ReadSystemSettings0 recorded 10 samples, mean = 0.0 (flags = 0x41)
0  ----------O                                                               (10 = 100.0%)
1  ... 

Histogram: Net.DNS.DnsHosts.Count recorded 2 samples, mean = 0.0 (flags = 0x41)
0  --O                                                                       (2 = 100.0%)
1  ... 

Histogram: Net.DNS.DnsHosts.EstimateMemoryUsage recorded 2 samples, mean = 0.0 (flags = 0x41)
0  --O                                                                       (2 = 100.0%)
1000... 

Histogram: Net.DNS.DnsHosts.FileSize recorded 2 samples, mean = 822.0 (flags = 0x41)
0    ... 
737  --O                                                                       (2 = 100.0%) {0.0%}
1065 ... 

Histogram: Net.DNS.Request.TotalTime recorded 125 samples, mean = 0.0 (flags = 0x41)
0  ------------------------------------------------------------------------O (125 = 100.0%)
10 ... 

Histogram: Net.DNS.UpgradeConfig.HasPublicInsecureNameserver recorded 1 samples, mean = 0.0 (flags = 0x41)
0  -O                                                                        (1 = 100.0%)
1  ... 

Histogram: Net.DNS.UpgradeConfig.Ineligible.DohSpecified recorded 1 samples, mean = 0.0 (flags = 0x41)
0  -O                                                                        (1 = 100.0%)
1  ... 

Histogram: Net.DNS.UpgradeConfig.Ineligible.UnhandledOptions recorded 1 samples, mean = 0.0 (flags = 0x41)
0  -O                                                                        (1 = 100.0%)
1  ... 

Histogram: Net.DNS.UpgradeConfig.InsecureUpgradeSucceeded recorded 1 samples, mean = 0.0 (flags = 0x41)
0  -O                                                                        (1 = 100.0%)
1  ... 

Histogram: Net.DNS_Resolution_And_TCP_Connection_Latency2 recorded 20 samples, mean = 0.3 (flags = 0x41)
0  ----------------O                                                         (16 = 80.0%)
1  ---O                                                                      (3 = 15.0%) {80.0%}
2  ... 
4  -O                                                                        (1 = 5.0%) {95.0%}
5  ... 

Histogram: Net.ErrorCodesForMainFrame4 recorded 2 samples (flags = 0x41)
0  -O                                                                        (1 = 50.0%)
3  -O                                                                        (1 = 50.0%)

Histogram: Net.ErrorCodesForSubresources3 recorded 51 samples (flags = 0x41)
0    -----------------------------------------------O                          (47 = 92.2%)
400  ----O                                                                     (4 = 7.8%)

Histogram: Net.HttpJob.BytesReceived2 recorded 56 samples, mean = 25571.8 (flags = 0x41)
0       ----O                                                                     (4 = 7.1%)
1       ... 
340     ---O                                                                      (3 = 5.4%) {7.1%}
488     --O                                                                       (2 = 3.6%) {12.5%}
700     --O                                                                       (2 = 3.6%) {16.1%}
1004    -------O                                                                  (7 = 12.5%) {19.6%}
1440    ---O                                                                      (3 = 5.4%) {32.1%}
2065    -O                                                                        (1 = 1.8%) {37.5%}
2961    -------O                                                                  (7 = 12.5%) {39.3%}
4246    --O                                                                       (2 = 3.6%) {51.8%}
6089    --O                                                                       (2 = 3.6%) {55.4%}
8732    ---O                                                                      (3 = 5.4%) {58.9%}
12523   O                                                                         (0 = 0.0%) {64.3%}
17959   -----O                                                                    (5 = 8.9%) {64.3%}
25755   ---O                                                                      (3 = 5.4%) {73.2%}
36935   ----O                                                                     (4 = 7.1%) {78.6%}
52968   O                                                                         (0 = 0.0%) {85.7%}
75961   -----O                                                                    (5 = 8.9%) {85.7%}
108935  --O                                                                       (2 = 3.6%) {94.6%}
156223  -O                                                                        (1 = 1.8%) {98.2%}
224038  ... 

Histogram: Net.HttpJob.BytesSent2 recorded 56 samples, mean = 522.8 (flags = 0x41)
0      ----O                                                                     (4 = 7.1%)
1      ... 
39     -O                                                                        (1 = 1.8%) {7.1%}
56     -------O                                                                  (7 = 12.5%) {8.9%}
80     -------------------------O                                                (25 = 44.6%) {21.4%}
115    -O                                                                        (1 = 1.8%) {66.1%}
165    -O                                                                        (1 = 1.8%) {67.9%}
237    --O                                                                       (2 = 3.6%) {69.6%}
340    -----O                                                                    (5 = 8.9%) {73.2%}
488    -----O                                                                    (5 = 8.9%) {82.1%}
700    ----O                                                                     (4 = 7.1%) {91.1%}
1004   ... 
12523  -O                                                                        (1 = 1.8%) {98.2%}
17959  ... 

Histogram: Net.HttpJob.PrefilterBytesRead recorded 57 samples, mean = 24430.4 (flags = 0x41)
0       ---------O                                                                (9 = 15.8%)
1       ... 
13      -O                                                                        (1 = 1.8%) {15.8%}
19      -O                                                                        (1 = 1.8%) {17.5%}
27      O                                                                         (0 = 0.0%) {19.3%}
39      -O                                                                        (1 = 1.8%) {19.3%}
56      -O                                                                        (1 = 1.8%) {21.1%}
80      -O                                                                        (1 = 1.8%) {22.8%}
115     O                                                                         (0 = 0.0%) {24.6%}
165     -O                                                                        (1 = 1.8%) {24.6%}
237     O                                                                         (0 = 0.0%) {26.3%}
340     -O                                                                        (1 = 1.8%) {26.3%}
488     ----O                                                                     (4 = 7.0%) {28.1%}
700     --O                                                                       (2 = 3.5%) {35.1%}
1004    ---O                                                                      (3 = 5.3%) {38.6%}
1440    --O                                                                       (2 = 3.5%) {43.9%}
2065    --O                                                                       (2 = 3.5%) {47.4%}
2961    -O                                                                        (1 = 1.8%) {50.9%}
4246    ---O                                                                      (3 = 5.3%) {52.6%}
6089    --O                                                                       (2 = 3.5%) {57.9%}
8732    --O                                                                       (2 = 3.5%) {61.4%}
12523   O                                                                         (0 = 0.0%) {64.9%}
17959   ------O                                                                   (6 = 10.5%) {64.9%}
25755   --O                                                                       (2 = 3.5%) {75.4%}
36935   ----O                                                                     (4 = 7.0%) {78.9%}
52968   O                                                                         (0 = 0.0%) {86.0%}
75961   -----O                                                                    (5 = 8.8%) {86.0%}
108935  --O                                                                       (2 = 3.5%) {94.7%}
156223  -O                                                                        (1 = 1.8%) {98.2%}
224038  ... 

Histogram: Net.HttpJob.PrefilterBytesRead.Cache recorded 2 samples, mean = 207.5 (flags = 0x41)
0    -O                                                                        (1 = 50.0%)
1    ... 
340  -O                                                                        (1 = 50.0%) {50.0%}
488  ... 

Histogram: Net.HttpJob.PrefilterBytesRead.Net recorded 55 samples, mean = 25311.2 (flags = 0x41)
0       --------O                                                                 (8 = 14.5%)
1       ... 
13      -O                                                                        (1 = 1.8%) {14.5%}
19      -O                                                                        (1 = 1.8%) {16.4%}
27      O                                                                         (0 = 0.0%) {18.2%}
39      -O                                                                        (1 = 1.8%) {18.2%}
56      -O                                                                        (1 = 1.8%) {20.0%}
80      -O                                                                        (1 = 1.8%) {21.8%}
115     O                                                                         (0 = 0.0%) {23.6%}
165     -O                                                                        (1 = 1.8%) {23.6%}
237     ... 
488     ----O                                                                     (4 = 7.3%) {25.5%}
700     --O                                                                       (2 = 3.6%) {32.7%}
1004    ---O                                                                      (3 = 5.5%) {36.4%}
1440    --O                                                                       (2 = 3.6%) {41.8%}
2065    --O                                                                       (2 = 3.6%) {45.5%}
2961    -O                                                                        (1 = 1.8%) {49.1%}
4246    ---O                                                                      (3 = 5.5%) {50.9%}
6089    --O                                                                       (2 = 3.6%) {56.4%}
8732    --O                                                                       (2 = 3.6%) {60.0%}
12523   O                                                                         (0 = 0.0%) {63.6%}
17959   ------O                                                                   (6 = 10.9%) {63.6%}
25755   --O                                                                       (2 = 3.6%) {74.5%}
36935   ----O                                                                     (4 = 7.3%) {78.2%}
52968   O                                                                         (0 = 0.0%) {85.5%}
75961   -----O                                                                    (5 = 9.1%) {85.5%}
108935  --O                                                                       (2 = 3.6%) {94.5%}
156223  -O                                                                        (1 = 1.8%) {98.2%}
224038  ... 

Histogram: Net.HttpJob.ProxyTypeSuccess recorded 52 samples, mean = 4.0 (flags = 0x41)
0  ... 
4  ----------------------------------------------------O                     (52 = 100.0%) {0.0%}
5  ... 

Histogram: Net.HttpJob.TotalTime recorded 57 samples, mean = 598.1 (flags = 0x41)
0     ----O                                                                     (4 = 7.0%)
1     O                                                                         (0 = 0.0%) {7.0%}
2     -O                                                                        (1 = 1.8%) {7.0%}
3     ... 
226   ------O                                                                   (6 = 10.5%) {8.8%}
268   -----------O                                                              (11 = 19.3%) {19.3%}
318   ------O                                                                   (6 = 10.5%) {38.6%}
378   --O                                                                       (2 = 3.5%) {49.1%}
449   ----O                                                                     (4 = 7.0%) {52.6%}
533   ----O                                                                     (4 = 7.0%) {59.6%}
633   --O                                                                       (2 = 3.5%) {66.7%}
752   --O                                                                       (2 = 3.5%) {70.2%}
894   --O                                                                       (2 = 3.5%) {73.7%}
1062  ----O                                                                     (4 = 7.0%) {77.2%}
1262  ------O                                                                   (6 = 10.5%) {84.2%}
1500  --O                                                                       (2 = 3.5%) {94.7%}
1782  -O                                                                        (1 = 1.8%) {98.2%}
2117  ... 

Histogram: Net.HttpJob.TotalTime.TLS13.Google recorded 2 samples, mean = 1525.0 (flags = 0x41)
0     ... 
1262  -O                                                                        (1 = 50.0%) {0.0%}
1500  -O                                                                        (1 = 50.0%) {50.0%}
1782  ... 

Histogram: Net.HttpJob.TotalTimeCached recorded 2 samples, mean = 640.0 (flags = 0x41)
0     ... 
2     -O                                                                        (1 = 50.0%) {0.0%}
3     ... 
1262  -O                                                                        (1 = 50.0%) {50.0%}
1500  ... 

Histogram: Net.HttpJob.TotalTimeCancel recorded 4 samples, mean = 0.0 (flags = 0x41)
0  ----O                                                                     (4 = 100.0%)
1  ... 

Histogram: Net.HttpJob.TotalTimeNotCached recorded 55 samples, mean = 596.5 (flags = 0x41)
0     ----O                                                                     (4 = 7.3%)
1     ... 
226   ------O                                                                   (6 = 10.9%) {7.3%}
268   -----------O                                                              (11 = 20.0%) {18.2%}
318   ------O                                                                   (6 = 10.9%) {38.2%}
378   --O                                                                       (2 = 3.6%) {49.1%}
449   ----O                                                                     (4 = 7.3%) {52.7%}
533   ----O                                                                     (4 = 7.3%) {60.0%}
633   --O                                                                       (2 = 3.6%) {67.3%}
752   --O                                                                       (2 = 3.6%) {70.9%}
894   --O                                                                       (2 = 3.6%) {74.5%}
1062  ----O                                                                     (4 = 7.3%) {78.2%}
1262  -----O                                                                    (5 = 9.1%) {85.5%}
1500  --O                                                                       (2 = 3.6%) {94.5%}
1782  -O                                                                        (1 = 1.8%) {98.2%}
2117  ... 

Histogram: Net.HttpJob.TotalTimeSuccess recorded 53 samples, mean = 643.2 (flags = 0x41)
0     ... 
2     -O                                                                        (1 = 1.9%) {0.0%}
3     ... 
226   ------O                                                                   (6 = 11.3%) {1.9%}
268   -----------O                                                              (11 = 20.8%) {13.2%}
318   ------O                                                                   (6 = 11.3%) {34.0%}
378   --O                                                                       (2 = 3.8%) {45.3%}
449   ----O                                                                     (4 = 7.5%) {49.1%}
533   ----O                                                                     (4 = 7.5%) {56.6%}
633   --O                                                                       (2 = 3.8%) {64.2%}
752   --O                                                                       (2 = 3.8%) {67.9%}
894   --O                                                                       (2 = 3.8%) {71.7%}
1062  ----O                                                                     (4 = 7.5%) {75.5%}
1262  ------O                                                                   (6 = 11.3%) {83.0%}
1500  --O                                                                       (2 = 3.8%) {94.3%}
1782  -O                                                                        (1 = 1.9%) {98.1%}
2117  ... 

Histogram: Net.HttpJob.TotalTimeSuccess.Priority1 recorded 3 samples, mean = 1154.0 (flags = 0x41)
0     ... 
378   -O                                                                        (1 = 33.3%) {0.0%}
449   ... 
1262  -O                                                                        (1 = 33.3%) {33.3%}
1500  -O                                                                        (1 = 33.3%) {66.7%}
1782  ... 

Histogram: Net.HttpJob.TotalTimeSuccess.Priority2 recorded 29 samples, mean = 428.2 (flags = 0x41)
0     ... 
226   ------O                                                                   (6 = 20.7%) {0.0%}
268   -----------O                                                              (11 = 37.9%) {20.7%}
318   ----O                                                                     (4 = 13.8%) {58.6%}
378   O                                                                         (0 = 0.0%) {72.4%}
449   ---O                                                                      (3 = 10.3%) {72.4%}
533   ---O                                                                      (3 = 10.3%) {82.8%}
633   ... 
1262  -O                                                                        (1 = 3.4%) {93.1%}
1500  O                                                                         (0 = 0.0%) {96.6%}
1782  -O                                                                        (1 = 3.4%) {96.6%}
2117  ... 

Histogram: Net.HttpJob.TotalTimeSuccess.Priority3 recorded 1 samples, mean = 1080.0 (flags = 0x41)
0     ... 
1062  -O                                                                        (1 = 100.0%) {0.0%}
1262  ... 

Histogram: Net.HttpJob.TotalTimeSuccess.Priority4 recorded 7 samples, mean = 868.6 (flags = 0x41)
0     ... 
318   --O                                                                       (2 = 28.6%) {0.0%}
378   -O                                                                        (1 = 14.3%) {28.6%}
449   ... 
752   -O                                                                        (1 = 14.3%) {42.9%}
894   O                                                                         (0 = 0.0%) {57.1%}
1062  -O                                                                        (1 = 14.3%) {57.1%}
1262  -O                                                                        (1 = 14.3%) {71.4%}
1500  -O                                                                        (1 = 14.3%) {85.7%}
1782  ... 

Histogram: Net.HttpJob.TotalTimeSuccess.Priority5 recorded 13 samples, mean = 850.1 (flags = 0x41)
0     ... 
2     -O                                                                        (1 = 7.7%) {0.0%}
3     ... 
449   -O                                                                        (1 = 7.7%) {7.7%}
533   -O                                                                        (1 = 7.7%) {15.4%}
633   --O                                                                       (2 = 15.4%) {23.1%}
752   -O                                                                        (1 = 7.7%) {38.5%}
894   --O                                                                       (2 = 15.4%) {46.2%}
1062  --O                                                                       (2 = 15.4%) {61.5%}
1262  ---O                                                                      (3 = 23.1%) {76.9%}
1500  ... 

Histogram: Net.HttpProxy.ConnectLatency.Insecure.Success recorded 20 samples, mean = 0.3 (flags = 0x41)
0  ----------------O                                                         (16 = 80.0%)
1  ---O                                                                      (3 = 15.0%) {80.0%}
2  ... 
4  -O                                                                        (1 = 5.0%) {95.0%}
5  ... 

Histogram: Net.HttpRequestSSLUpgradeDecision recorded 2 samples, mean = 5.0 (flags = 0x41)
0  ... 
5  --O                                                                       (2 = 100.0%) {0.0%}
6  O                                                                         (0 = 0.0%) {100.0%}

Histogram: Net.HttpRequestStsState recorded 2 samples, mean = 2.0 (flags = 0x41)
0  ... 
2  --O                                                                       (2 = 100.0%) {0.0%}
3  ... 

Histogram: Net.HttpResponseCode recorded 123 samples, mean = 206.8 (flags = 0x41)
0    ... 
200  ------------------------------------------------------------------------O (114 = 92.7%) {0.0%}
201  ... 
204  -O                                                                        (2 = 1.6%) {92.7%}
205  ... 
302  ---O                                                                      (4 = 3.3%) {94.3%}
303  O                                                                         (0 = 0.0%) {97.6%}
304  -O                                                                        (1 = 0.8%) {97.6%}
305  ... 
308  -O                                                                        (1 = 0.8%) {98.4%}
309  ... 
403  -O                                                                        (1 = 0.8%) {99.2%}
404  ... 

Histogram: Net.HttpTimeToFirstByte recorded 57 samples, mean = 584.3 (flags = 0x41)
0     -----O                                                                    (5 = 8.8%)
10    ... 
210   ---O                                                                      (3 = 5.3%) {8.8%}
258   ----------------O                                                         (16 = 28.1%) {14.0%}
317   -------O                                                                  (7 = 12.3%) {42.1%}
389   ---O                                                                      (3 = 5.3%) {54.4%}
477   -----O                                                                    (5 = 8.8%) {59.6%}
585   -O                                                                        (1 = 1.8%) {68.4%}
718   -O                                                                        (1 = 1.8%) {70.2%}
881   ------O                                                                   (6 = 10.5%) {71.9%}
1081  -------O                                                                  (7 = 12.3%) {82.5%}
1326  --O                                                                       (2 = 3.5%) {94.7%}
1627  ... 
2449  -O                                                                        (1 = 1.8%) {98.2%}
3005  ... 

Histogram: Net.HttpTimeToFirstByte.TLS13.Google recorded 2 samples, mean = 2012.0 (flags = 0x41)
0     ... 
1177  -O                                                                        (1 = 50.0%) {0.0%}
1496  ... 
2415  -O                                                                        (1 = 50.0%) {50.0%}
3069  ... 

Histogram: Net.NetworkChangeNotifier.NewConnectionCost recorded 2 samples, mean = 1.0 (flags = 0x41)
0  O                                                                         (0 = 0.0%)
1  --O                                                                       (2 = 100.0%) {0.0%}
2  ... 

Histogram: Net.NumQuicSessionsAtShutdown recorded 3 samples, mean = 0.0 (flags = 0x41)
0  ---O                                                                      (3 = 100.0%)
1  ... 

Histogram: Net.OnTransferSizeUpdated.Experimental.OverridenBy recorded 237 samples, mean = 13.1 (flags = 0x41)
0   O                                                                         (0 = 0.0%)
1   ------------------------------------------------------------------------O (81 = 34.2%) {0.0%}
2   ... 
11  --------------------------------------------------------------------O     (76 = 32.1%) {34.2%}
12  ---O                                                                      (3 = 1.3%) {66.2%}
13  ... 
26  -O                                                                        (1 = 0.4%) {67.5%}
27  O                                                                         (0 = 0.0%) {67.9%}
28  --------------------------------------------------------------------O     (76 = 32.1%) {67.9%}
29  ... 

Histogram: Net.QuicSession.CloseAllSessionsError recorded 3 samples (flags = 0x41)
3  ---O                                                                      (3 = 100.0%)

Histogram: Net.QuicSession.FinchConfigIsValid recorded 3 samples, mean = 1.0 (flags = 0x41)
0  O                                                                         (0 = 0.0%)
1  ---O                                                                      (3 = 100.0%) {0.0%}
2  O                                                                         (0 = 0.0%) {100.0%}

Histogram: Net.RestrictedCookieManager.GetCookiesString.Count30Seconds recorded 443 samples, mean = 0.0 (flags = 0x41)
0  ------------------------------------------------------------------------O (442 = 99.8%)
1  O                                                                         (0 = 0.0%) {99.8%}
2  O                                                                         (1 = 0.2%) {99.8%}
3  ... 

Histogram: Net.RestrictedCookieManager.SiteForCookiesOK recorded 2 samples, mean = 1.0 (flags = 0x41)
0  O                                                                         (0 = 0.0%)
1  --O                                                                       (2 = 100.0%) {0.0%}
2  O                                                                         (0 = 0.0%) {100.0%}

Histogram: Net.RestrictedCookieManager.TopFrameOriginOK recorded 2 samples, mean = 1.0 (flags = 0x41)
0  O                                                                         (0 = 0.0%)
1  --O                                                                       (2 = 100.0%) {0.0%}
2  O                                                                         (0 = 0.0%) {100.0%}

Histogram: Net.SSLHandshakeDetails recorded 15 samples, mean = 6.0 (flags = 0x41)
0  ... 
6  ---------------O                                                          (15 = 100.0%) {0.0%}
7  ... 

Histogram: Net.SSLNegotiatedAlpnProtocol recorded 15 samples, mean = 1.9 (flags = 0x41)
0  O                                                                         (0 = 0.0%)
1  -O                                                                        (1 = 6.7%) {0.0%}
2  --------------O                                                           (14 = 93.3%) {6.7%}
3  ... 

Histogram: Net.SSLRenegotiationInfoSupported recorded 15 samples, mean = 1.0 (flags = 0x41)
0  O                                                                         (0 = 0.0%)
1  ---------------O                                                          (15 = 100.0%) {0.0%}
2  O                                                                         (0 = 0.0%) {100.0%}

Histogram: Net.SSLSignatureAlgorithm recorded 15 samples (flags = 0x41)
1027  ----------O                                                               (10 = 66.7%)
2052  -----O                                                                    (5 = 33.3%)

Histogram: Net.SSLVersion recorded 15 samples, mean = 6.0 (flags = 0x41)
0  ... 
6  ---------------O                                                          (15 = 100.0%) {0.0%}
7  ... 

Histogram: Net.SSL_CipherSuite recorded 15 samples (flags = 0x41)
4865  --------------O                                                           (14 = 93.3%)
4866  -O                                                                        (1 = 6.7%)

Histogram: Net.SSL_Connection_Error recorded 15 samples (flags = 0x41)
0  ---------------O                                                          (15 = 100.0%)

Histogram: Net.SSL_Connection_Latency_2 recorded 15 samples, mean = 914.0 (flags = 0x41)
0     ... 
485   --O                                                                       (2 = 13.3%) {0.0%}
535   --O                                                                       (2 = 13.3%) {13.3%}
590   O                                                                         (0 = 0.0%) {26.7%}
651   --O                                                                       (2 = 13.3%) {26.7%}
718   ... 
964   -------O                                                                  (7 = 46.7%) {40.0%}
1064  O                                                                         (0 = 0.0%) {86.7%}
1174  -O                                                                        (1 = 6.7%) {86.7%}
1295  ... 
1920  -O                                                                        (1 = 6.7%) {93.3%}
2118  ... 

Histogram: Net.SSL_KeyExchange.ECDHE recorded 15 samples (flags = 0x41)
29     ----------O                                                               (10 = 66.7%)
25497  -----O                                                                    (5 = 33.3%)

Histogram: Net.SharedDictionaryStorageOnDisk.IsMetadataReadyOnFirstUse recorded 1 samples, mean = 1.0 (flags = 0x41)
0  O                                                                         (0 = 0.0%)
1  -O                                                                        (1 = 100.0%) {0.0%}
2  O                                                                         (0 = 0.0%) {100.0%}

Histogram: Net.SharedDictionaryStorageOnDisk.MetadataReadTime.Empty recorded 1 samples, mean = 0.0 (flags = 0x41)
0  -O                                                                        (1 = 100.0%)
1  ... 

Histogram: Net.SharedDictionaryStore.DeleteExpiredDictionaries.Error recorded 2 samples, mean = 0.0 (flags = 0x41)
0  --O                                                                       (2 = 100.0%)
1  ... 

Histogram: Net.SharedDictionaryStore.GetDictionaries.Error recorded 1 samples, mean = 0.0 (flags = 0x41)
0  -O                                                                        (1 = 100.0%)
1  ... 

Histogram: Net.SharedDictionaryStore.ProcessEviction.Error recorded 1 samples, mean = 0.0 (flags = 0x41)
0  -O                                                                        (1 = 100.0%)
1  ... 

Histogram: Net.SpdyFrameStreamAndSessionFlowControlState recorded 5 samples, mean = 0.0 (flags = 0x41)
0  -----O                                                                    (5 = 100.0%)
1  ... 

Histogram: Net.SpdyHeadersCompressionPercentage recorded 51 samples, mean = 80.5 (flags = 0x41)
0   ... 
33  -O                                                                        (1 = 2.0%) {0.0%}
34  --O                                                                       (2 = 3.9%) {2.0%}
35  ... 
40  --O                                                                       (2 = 3.9%) {5.9%}
41  ---O                                                                      (3 = 5.9%) {9.8%}
42  -O                                                                        (1 = 2.0%) {15.7%}
43  O                                                                         (0 = 0.0%) {17.6%}
44  -O                                                                        (1 = 2.0%) {17.6%}
45  -O                                                                        (1 = 2.0%) {19.6%}
46  ... 
67  -O                                                                        (1 = 2.0%) {21.6%}
68  -O                                                                        (1 = 2.0%) {23.5%}
69  ... 
78  -O                                                                        (1 = 2.0%) {25.5%}
79  -O                                                                        (1 = 2.0%) {27.5%}
80  ... 
83  --O                                                                       (2 = 3.9%) {29.4%}
84  -O                                                                        (1 = 2.0%) {33.3%}
85  ... 
92  ----O                                                                     (4 = 7.8%) {35.3%}
93  -O                                                                        (1 = 2.0%) {43.1%}
94  ---O                                                                      (3 = 5.9%) {45.1%}
95  -------------------O                                                      (19 = 37.3%) {51.0%}
96  -----O                                                                    (5 = 9.8%) {88.2%}
97  O                                                                         (0 = 0.0%) {98.0%}
98  -O                                                                        (1 = 2.0%) {98.0%}
99  ... 

Histogram: Net.SpdyResponseCode recorded 51 samples (flags = 0x41)
200  ----------------------------------------------O                           (46 = 90.2%)
204  -O                                                                        (1 = 2.0%)
302  --O                                                                       (2 = 3.9%)
304  -O                                                                        (1 = 2.0%)
403  -O                                                                        (1 = 2.0%)

Histogram: Net.SpdySession.AcceptChForOrigin recorded 51 samples, mean = 0.0 (flags = 0x41)
0  -------------------------------------------------O                        (49 = 96.1%)
1  --O                                                                       (2 = 3.9%) {96.1%}
2  O                                                                         (0 = 0.0%) {100.0%}

Histogram: Net.SpdySession.AlpsAcceptChEntries recorded 2 samples, mean = 1.0 (flags = 0x41)
0  O                                                                         (0 = 0.0%)
1  --O                                                                       (2 = 100.0%) {0.0%}
2  ... 

Histogram: Net.SpdySession.AlpsDecoderStatus recorded 2 samples, mean = 0.0 (flags = 0x41)
0  --O                                                                       (2 = 100.0%)
1  ... 

Histogram: Net.SpdySession.AlpsDecoderStatus.Bypassed recorded 2 samples, mean = 0.0 (flags = 0x41)
0  --O                                                                       (2 = 100.0%)
1  ... 

Histogram: Net.SpdySession.AlpsSettingParameterCount recorded 2 samples, mean = 0.0 (flags = 0x41)
0  --O                                                                       (2 = 100.0%)
1  ... 

Histogram: Net.SpdySession.ClosedOnError recorded 11 samples (flags = 0x41)
0    --O                                                                       (2 = 18.2%)
100  ---------O                                                                (9 = 81.8%)

Histogram: Net.SpdySession.CreateStreamWithSocketConnected recorded 51 samples, mean = 1.0 (flags = 0x41)
0  O                                                                         (0 = 0.0%)
1  ---------------------------------------------------O                      (51 = 100.0%) {0.0%}
2  O                                                                         (0 = 0.0%) {100.0%}

Histogram: Net.SpdySession.GoAwayReceived recorded 2 samples (flags = 0x41)
0  --O                                                                       (2 = 100.0%)

Histogram: Net.SpdySession.OnSettings.ActiveStreamCount2 recorded 11 samples, mean = 1.4 (flags = 0x41)
0  -O                                                                        (1 = 9.1%)
1  ---------O                                                                (9 = 81.8%) {9.1%}
2  ... 
6  -O                                                                        (1 = 9.1%) {90.9%}
7  ... 

Histogram: Net.SpdySession.OnSettings.CreatedAndActiveStreamCount2 recorded 11 samples, mean = 1.4 (flags = 0x41)
0  -O                                                                        (1 = 9.1%)
1  ---------O                                                                (9 = 81.8%) {9.1%}
2  ... 
6  -O                                                                        (1 = 9.1%) {90.9%}
7  ... 

Histogram: Net.SpdySession.OnSettings.CreatedStreamCount2 recorded 11 samples, mean = 0.0 (flags = 0x41)
0  -----------O                                                              (11 = 100.0%)
1  ... 

Histogram: Net.SpdySession.OnSettings.PendingStreamCount2 recorded 11 samples, mean = 0.0 (flags = 0x41)
0  -----------O                                                              (11 = 100.0%)
1  ... 

Histogram: Net.SpdySession.ServerSupportsWebSocket recorded 11 samples, mean = 0.0 (flags = 0x41)
0  -----------O                                                              (11 = 100.0%)
1  ... 

Histogram: Net.SpdySessionGet recorded 46 samples, mean = 1.5 (flags = 0x41)
0  O                                                                         (0 = 0.0%)
1  -----------------------------------O                                      (35 = 76.1%) {0.0%}
2  O                                                                         (0 = 0.0%) {76.1%}
3  -----------O                                                              (11 = 23.9%) {76.1%}
4  O                                                                         (0 = 0.0%) {100.0%}

Histogram: Net.SpdyStreamsAbandonedPerSession recorded 11 samples, mean = 0.0 (flags = 0x41)
0  -----------O                                                              (11 = 100.0%)
1  ... 

Histogram: Net.SpdyStreamsPerSession recorded 11 samples, mean = 4.6 (flags = 0x41)
0   O                                                                         (0 = 0.0%)
1   ------O                                                                   (6 = 54.5%) {0.0%}
2   --O                                                                       (2 = 18.2%) {54.5%}
3   ... 
5   -O                                                                        (1 = 9.1%) {72.7%}
6   O                                                                         (0 = 0.0%) {81.8%}
7   -O                                                                        (1 = 9.1%) {81.8%}
8   ... 
27  -O                                                                        (1 = 9.1%) {90.9%}
30  ... 

Histogram: Net.TCP_Connection_Latency recorded 20 samples, mean = 0.2 (flags = 0x41)
0  ----------------O                                                         (16 = 80.0%)
1  ----O                                                                     (4 = 20.0%) {80.0%}
2  ... 

Histogram: Net.TcpConnectAttempt.Latency.Success recorded 20 samples, mean = 0.2 (flags = 0x41)
0  --------------------O                                                     (20 = 100.0%)
10 ... 

Histogram: Net.UDPSocketWinClose recorded 144 samples, mean = 0.0 (flags = 0x41)
0  ------------------------------------------------------------------------O (144 = 100.0%)
1  ... 

Histogram: Net.URLLoaderThrottle.OnReceiveResponseTime recorded 48 samples, mean = 0.4 (flags = 0x41)
0   --------------------------------------------O                             (44 = 91.7%)
1   ---O                                                                      (3 = 6.2%) {91.7%}
2   ... 
14  -O                                                                        (1 = 2.1%) {97.9%}
17  ... 

Histogram: Net.URLLoaderThrottleExecutionTime.BeforeWillProcessResponse recorded 242 samples, mean = 0.0 (flags = 0x41)
0  ------------------------------------------------------------------------O (242 = 100.0%)
1  ... 

Histogram: Net.URLLoaderThrottleExecutionTime.WillOnCompleteWithError recorded 20 samples, mean = 0.0 (flags = 0x41)
0  --------------------O                                                     (20 = 100.0%)
1  ... 

Histogram: Net.URLLoaderThrottleExecutionTime.WillProcessResponse recorded 242 samples, mean = 0.0 (flags = 0x41)
0  ------------------------------------------------------------------------O (242 = 100.0%)
1  ... 

Histogram: Net.URLLoaderThrottleExecutionTime.WillRedirectRequest recorded 21 samples, mean = 0.0 (flags = 0x41)
0  ---------------------O                                                    (21 = 100.0%)
1  ... 

Histogram: Net.URLLoaderThrottleExecutionTime.WillStartRequest recorded 262 samples, mean = 0.0 (flags = 0x41)
0  ------------------------------------------------------------------------O (261 = 99.6%)
1  O                                                                         (0 = 0.0%) {99.6%}
2  O                                                                         (1 = 0.4%) {99.6%}
3  ... 

Histogram: Net.URLRequest.ReferrerHasInformativePath.CrossOrigin recorded 45 samples, mean = 0.0 (flags = 0x41)
0  ---------------------------------------------O                            (45 = 100.0%)
1  ... 

Histogram: Net.URLRequest.ReferrerHasInformativePath.SameOrigin recorded 12 samples, mean = 1.0 (flags = 0x41)
0  O                                                                         (0 = 0.0%)
1  ------------O                                                             (12 = 100.0%) {0.0%}
2  O                                                                         (0 = 0.0%) {100.0%}

Histogram: Net.URLRequest.ReferrerPolicyForRequest.CrossOrigin recorded 45 samples, mean = 1.1 (flags = 0x41)
0  O                                                                         (0 = 0.0%)
1  -------------------------------------------O                              (43 = 95.6%) {0.0%}
2  O                                                                         (0 = 0.0%) {95.6%}
3  --O                                                                       (2 = 4.4%) {95.6%}
4  ... 

Histogram: Net.URLRequest.ReferrerPolicyForRequest.SameOrigin recorded 12 samples, mean = 1.0 (flags = 0x41)
0  O                                                                         (0 = 0.0%)
1  ------------O                                                             (12 = 100.0%) {0.0%}
2  ... 

Histogram: Network.Mdns.Googlecast recorded 3 samples, mean = 0.0 (flags = 0x41)
0  ---O                                                                      (3 = 100.0%)
1  ... 

Histogram: NetworkService.DeletedOldCacheData recorded 1 samples, mean = 0.0 (flags = 0x41)
0  -O                                                                        (1 = 100.0%)
1  ... 

Histogram: NetworkService.GrantSandboxResult recorded 3 samples, mean = 9.0 (flags = 0x41)
0   ... 
7   -O                                                                        (1 = 33.3%) {0.0%}
8   ... 
10  --O                                                                       (2 = 66.7%) {33.3%}
11  ... 

Histogram: NetworkService.NetworkLoaderCompletionTime2.DiskCache recorded 1 samples, mean = 1281.0 (flags = 0x41)
0     ... 
1262  -O                                                                        (1 = 100.0%) {0.0%}
1500  ... 

Histogram: NetworkService.NetworkLoaderCompletionTime2.Network recorded 49 samples, mean = 1406.6 (flags = 0x41)
0     ... 
226   -O                                                                        (1 = 2.0%) {0.0%}
268   ---O                                                                      (3 = 6.1%) {2.0%}
318   ---O                                                                      (3 = 6.1%) {8.2%}
378   --O                                                                       (2 = 4.1%) {14.3%}
449   -O                                                                        (1 = 2.0%) {18.4%}
533   -O                                                                        (1 = 2.0%) {20.4%}
633   --O                                                                       (2 = 4.1%) {22.4%}
752   --O                                                                       (2 = 4.1%) {26.5%}
894   --O                                                                       (2 = 4.1%) {30.6%}
1062  ----O                                                                     (4 = 8.2%) {34.7%}
1262  ----O                                                                     (4 = 8.2%) {42.9%}
1500  ------O                                                                   (6 = 12.2%) {51.0%}
1782  ----------O                                                               (10 = 20.4%) {63.3%}
2117  -----O                                                                    (5 = 10.2%) {83.7%}
2516  --O                                                                       (2 = 4.1%) {93.9%}
2990  ... 
4222  -O                                                                        (1 = 2.0%) {98.0%}
5017  ... 

Histogram: NetworkService.TimeToGrantCacheAccess recorded 1 samples, mean = 17.0 (flags = 0x41)
0   ... 
17  -O                                                                        (1 = 100.0%) {0.0%}
20  ... 

Histogram: NetworkService.TimeToGrantDataAccess recorded 2 samples, mean = 2.5 (flags = 0x41)
0  O                                                                         (0 = 0.0%)
1  -O                                                                        (1 = 50.0%) {0.0%}
2  ... 
4  -O                                                                        (1 = 50.0%) {50.0%}
5  ... 

Histogram: NetworkService.TimeToGrantSharedDictionaryAccess recorded 1 samples, mean = 4.0 (flags = 0x41)
0  ... 
4  -O                                                                        (1 = 100.0%) {0.0%}
5  ... 

Histogram: NetworkedProfile.Check recorded 1 samples, mean = 4.0 (flags = 0x41)
0  ... 
4  -O                                                                        (1 = 100.0%) {0.0%}
5  ... 

Histogram: NewTabPage.MostVisited.DeciScore.0.Local recorded 1 samples, mean = 167.0 (flags = 0x41)
0    ... 
149  -O                                                                        (1 = 100.0%) {0.0%}
196  ... 

Histogram: NewTabPage.MostVisited.DeciScore.1.Local recorded 1 samples, mean = 167.0 (flags = 0x41)
0    ... 
149  -O                                                                        (1 = 100.0%) {0.0%}
196  ... 

Histogram: Notifications.UsingSystemNotificationCenter recorded 1 samples, mean = 0.0 (flags = 0x41)
0  -O                                                                        (1 = 100.0%)
1  ... 

Histogram: Notifications.Windows.GetDisplayedStatus recorded 1 samples, mean = 0.0 (flags = 0x41)
0  -O                                                                        (1 = 100.0%)
1  ... 

Histogram: Notifications.Windows.GetSettingStatusStartup recorded 1 samples, mean = 1.0 (flags = 0x41)
0  O                                                                         (0 = 0.0%)
1  -O                                                                        (1 = 100.0%) {0.0%}
2  O                                                                         (0 = 0.0%) {100.0%}

Histogram: Notifications.Windows.HistoryStatus recorded 1 samples, mean = 0.0 (flags = 0x41)
0  -O                                                                        (1 = 100.0%)
1  ... 

Histogram: Notifications.Windows.SetReadyCallbackStatus2 recorded 1 samples, mean = 3.0 (flags = 0x41)
0  ... 
3  -O                                                                        (1 = 100.0%) {0.0%}
4  ... 

Histogram: Notifications.Windows.StartMenuShortcutStatus recorded 1 samples, mean = 2.0 (flags = 0x41)
0  ... 
2  -O                                                                        (1 = 100.0%) {0.0%}
3  ... 

Histogram: OSCrypt.AppBoundEncryption.SupportLevel recorded 1 samples, mean = 1.0 (flags = 0x41)
0  O                                                                         (0 = 0.0%)
1  -O                                                                        (1 = 100.0%) {0.0%}
2  ... 

Histogram: OSCrypt.AppBoundProvider.KeyRetrieval.Status recorded 1 samples, mean = 1.0 (flags = 0x41)
0  O                                                                         (0 = 0.0%)
1  -O                                                                        (1 = 100.0%) {0.0%}
2  ... 

Histogram: OSCrypt.AsyncInitialization.Result recorded 1 samples, mean = 1.0 (flags = 0x41)
0  O                                                                         (0 = 0.0%)
1  -O                                                                        (1 = 100.0%) {0.0%}
2  O                                                                         (0 = 0.0%) {100.0%}

Histogram: OSCrypt.AsyncInitialization.Time recorded 1 samples, mean = 1.0 (flags = 0x41)
0  O                                                                         (0 = 0.0%)
1  -O                                                                        (1 = 100.0%) {0.0%}
2  ... 

Histogram: OSCrypt.DPAPIProvider.Status recorded 1 samples, mean = 0.0 (flags = 0x41)
0  -O                                                                        (1 = 100.0%)
1  ... 

Histogram: OSCrypt.Win.Decrypt.Result recorded 1 samples, mean = 1.0 (flags = 0x41)
0  O                                                                         (0 = 0.0%)
1  -O                                                                        (1 = 100.0%) {0.0%}
2  O                                                                         (0 = 0.0%) {100.0%}

Histogram: OSCrypt.Win.Decrypt.Time recorded 1 samples, mean = 0.0 (flags = 0x41)
0  -O                                                                        (1 = 100.0%)
1  ... 

Histogram: Omnibox.TemplateUrl.RlzPresent recorded 228 samples, mean = 0.0 (flags = 0x41)
0  ------------------------------------------------------------------------O (228 = 100.0%)
1  ... 

Histogram: Omnibox.TemplateUrl.SearchClientPresent recorded 228 samples, mean = 0.0 (flags = 0x41)
0  ------------------------------------------------------------------------O (228 = 100.0%)
1  ... 

Histogram: OptimizationGuide.ApplyDecision.AboutThisSite recorded 1 samples, mean = 8.0 (flags = 0x41)
0  ... 
8  -O                                                                        (1 = 100.0%) {0.0%}
9  ... 

Histogram: OptimizationGuide.ApplyDecision.V8CompileHints recorded 1 samples, mean = 8.0 (flags = 0x41)
0  ... 
8  -O                                                                        (1 = 100.0%) {0.0%}
9  ... 

Histogram: OptimizationGuide.HintCacheLevelDBStore.Status recorded 3 samples, mean = 1.3 (flags = 0x41)
0  -O                                                                        (1 = 33.3%)
1  -O                                                                        (1 = 33.3%) {33.3%}
2  O                                                                         (0 = 0.0%) {66.7%}
3  -O                                                                        (1 = 33.3%) {66.7%}
4  O                                                                         (0 = 0.0%) {100.0%}

Histogram: OptimizationGuide.HintsManager.HintCacheInitialized recorded 1 samples, mean = 1.0 (flags = 0x40)
0  O                                                                         (0 = 0.0%)
1  -O                                                                        (1 = 100.0%) {0.0%}
2  O                                                                         (0 = 0.0%) {100.0%}

Histogram: OptimizationGuide.LoadedHint.Result recorded 4 samples, mean = 0.0 (flags = 0x40)
0  ----O                                                                     (4 = 100.0%)
1  ... 

Histogram: OptimizationGuide.ModelExecution.FeatureCurrentlyEnabledResult.Compose recorded 1 samples, mean = 1.0 (flags = 0x41)
0  O                                                                         (0 = 0.0%)
1  -O                                                                        (1 = 100.0%) {0.0%}
2  ... 

Histogram: OptimizationGuide.ModelExecution.FeatureCurrentlyEnabledResult.HistorySearch recorded 2 samples, mean = 3.0 (flags = 0x41)
0  ... 
3  --O                                                                       (2 = 100.0%) {0.0%}
4  ... 

Histogram: OptimizationGuide.ModelExecution.FeatureCurrentlyEnabledResult.TabOrganization recorded 1 samples, mean = 3.0 (flags = 0x41)
0  ... 
3  -O                                                                        (1 = 100.0%) {0.0%}
4  ... 

Histogram: OptimizationGuide.ModelExecution.FeatureCurrentlyEnabledResult.WallpaperSearch recorded 1 samples, mean = 1.0 (flags = 0x41)
0  O                                                                         (0 = 0.0%)
1  -O                                                                        (1 = 100.0%) {0.0%}
2  ... 

Histogram: OptimizationGuide.ModelExecution.FeatureEnabledAtStartup.Compose recorded 1 samples, mean = 0.0 (flags = 0x41)
0  -O                                                                        (1 = 100.0%)
1  ... 

Histogram: OptimizationGuide.ModelExecution.FeatureEnabledAtStartup.HistorySearch recorded 1 samples, mean = 0.0 (flags = 0x41)
0  -O                                                                        (1 = 100.0%)
1  ... 

Histogram: OptimizationGuide.ModelExecution.FeatureEnabledAtStartup.TabOrganization recorded 1 samples, mean = 0.0 (flags = 0x41)
0  -O                                                                        (1 = 100.0%)
1  ... 

Histogram: OptimizationGuide.ModelExecution.FeatureEnabledAtStartup.WallpaperSearch recorded 1 samples, mean = 0.0 (flags = 0x41)
0  -O                                                                        (1 = 100.0%)
1  ... 

Histogram: OptimizationGuide.ModelExecution.OnDeviceModelInstallCriteria.AtRegistration.All recorded 1 samples, mean = 0.0 (flags = 0x41)
0  -O                                                                        (1 = 100.0%)
1  ... 

Histogram: OptimizationGuide.ModelExecution.OnDeviceModelInstallCriteria.AtRegistration.DeviceCapability recorded 1 samples, mean = 0.0 (flags = 0x41)
0  -O                                                                        (1 = 100.0%)
1  ... 

Histogram: OptimizationGuide.ModelExecution.OnDeviceModelInstallCriteria.AtRegistration.DiskSpace recorded 1 samples, mean = 1.0 (flags = 0x41)
0  O                                                                         (0 = 0.0%)
1  -O                                                                        (1 = 100.0%) {0.0%}
2  O                                                                         (0 = 0.0%) {100.0%}

Histogram: OptimizationGuide.ModelExecution.OnDeviceModelInstallCriteria.AtRegistration.EnabledByEnterprisePolicy recorded 1 samples, mean = 1.0 (flags = 0x41)
0  O                                                                         (0 = 0.0%)
1  -O                                                                        (1 = 100.0%) {0.0%}
2  O                                                                         (0 = 0.0%) {100.0%}

Histogram: OptimizationGuide.ModelExecution.OnDeviceModelInstallCriteria.AtRegistration.EnabledByFeature recorded 1 samples, mean = 0.0 (flags = 0x41)
0  -O                                                                        (1 = 100.0%)
1  ... 

Histogram: OptimizationGuide.ModelExecution.OnDeviceModelInstallCriteria.AtRegistration.FeatureUse recorded 1 samples, mean = 0.0 (flags = 0x41)
0  -O                                                                        (1 = 100.0%)
1  ... 

Histogram: OptimizationGuide.ModelHandler.HandlerCreated.GeolocationPermissions recorded 1 samples, mean = 1.0 (flags = 0x41)
0  O                                                                         (0 = 0.0%)
1  -O                                                                        (1 = 100.0%) {0.0%}
2  O                                                                         (0 = 0.0%) {100.0%}

Histogram: OptimizationGuide.ModelHandler.HandlerCreated.NewTabPageHistoryClustersModuleRanking recorded 1 samples, mean = 1.0 (flags = 0x41)
0  O                                                                         (0 = 0.0%)
1  -O                                                                        (1 = 100.0%) {0.0%}
2  O                                                                         (0 = 0.0%) {100.0%}

Histogram: OptimizationGuide.ModelHandler.HandlerCreated.NotificationPermissions recorded 1 samples, mean = 1.0 (flags = 0x41)
0  O                                                                         (0 = 0.0%)
1  -O                                                                        (1 = 100.0%) {0.0%}
2  O                                                                         (0 = 0.0%) {100.0%}

Histogram: OptimizationGuide.ModelHandler.HandlerCreated.OmniboxUrlScoring recorded 1 samples, mean = 1.0 (flags = 0x41)
0  O                                                                         (0 = 0.0%)
1  -O                                                                        (1 = 100.0%) {0.0%}
2  O                                                                         (0 = 0.0%) {100.0%}

Histogram: OptimizationGuide.ModelHandler.HandlerCreated.PageTopicsV2 recorded 1 samples, mean = 1.0 (flags = 0x41)
0  O                                                                         (0 = 0.0%)
1  -O                                                                        (1 = 100.0%) {0.0%}
2  O                                                                         (0 = 0.0%) {100.0%}

Histogram: OptimizationGuide.PageContentAnnotations.AnnotateVisitResultCached recorded 4 samples, mean = 0.0 (flags = 0x41)
0  ----O                                                                     (4 = 100.0%)
1  ... 

Histogram: OptimizationGuide.PageContentAnnotationsService.ContentAnnotated recorded 4 samples, mean = 0.0 (flags = 0x41)
0  ----O                                                                     (4 = 100.0%)
1  ... 

Histogram: OptimizationGuide.PredictionManager.DownloadServiceAvailabilityBlockedFetch recorded 2 samples, mean = 0.5 (flags = 0x41)
0  -O                                                                        (1 = 50.0%)
1  -O                                                                        (1 = 50.0%) {50.0%}
2  O                                                                         (0 = 0.0%) {100.0%}

Histogram: OptimizationGuide.PredictionManager.FirstModelFetchSinceServiceInit recorded 1 samples, mean = 10389.0 (flags = 0x41)
0      ... 
10165  -O                                                                        (1 = 100.0%) {0.0%}
12916  ... 

Histogram: OptimizationGuide.PredictionManager.ModelAvailableAtRegistration.ClientSidePhishing recorded 1 samples, mean = 0.0 (flags = 0x41)
0  -O                                                                        (1 = 100.0%)
1  ... 

Histogram: OptimizationGuide.PredictionManager.ModelAvailableAtRegistration.GeolocationPermissions recorded 1 samples, mean = 0.0 (flags = 0x41)
0  -O                                                                        (1 = 100.0%)
1  ... 

Histogram: OptimizationGuide.PredictionManager.ModelAvailableAtRegistration.LanguageDetection recorded 2 samples, mean = 0.0 (flags = 0x41)
0  --O                                                                       (2 = 100.0%)
1  ... 

Histogram: OptimizationGuide.PredictionManager.ModelAvailableAtRegistration.NewTabPageHistoryClustersModuleRanking recorded 1 samples, mean = 0.0 (flags = 0x41)
0  -O                                                                        (1 = 100.0%)
1  ... 

Histogram: OptimizationGuide.PredictionManager.ModelAvailableAtRegistration.NotificationPermissions recorded 1 samples, mean = 0.0 (flags = 0x41)
0  -O                                                                        (1 = 100.0%)
1  ... 

Histogram: OptimizationGuide.PredictionManager.ModelAvailableAtRegistration.OmniboxUrlScoring recorded 1 samples, mean = 0.0 (flags = 0x41)
0  -O                                                                        (1 = 100.0%)
1  ... 

Histogram: OptimizationGuide.PredictionManager.ModelAvailableAtRegistration.PageTopicsV2 recorded 1 samples, mean = 0.0 (flags = 0x41)
0  -O                                                                        (1 = 100.0%)
1  ... 

Histogram: OptimizationGuide.PredictionManager.ModelAvailableAtRegistration.TextSafety recorded 1 samples, mean = 0.0 (flags = 0x41)
0  -O                                                                        (1 = 100.0%)
1  ... 

Histogram: OptimizationGuide.PredictionManager.ModelAvailableAtRegistration.VisualSearchClassification recorded 1 samples, mean = 0.0 (flags = 0x41)
0  -O                                                                        (1 = 100.0%)
1  ... 

Histogram: OptimizationGuide.PredictionManager.ModelDeliveryEvents.ClientSidePhishing recorded 3 samples, mean = 6.0 (flags = 0x41)
0  ... 
3  -O                                                                        (1 = 33.3%) {0.0%}
4  ... 
7  -O                                                                        (1 = 33.3%) {33.3%}
8  -O                                                                        (1 = 33.3%) {66.7%}
9  ... 

Histogram: OptimizationGuide.PredictionManager.ModelDeliveryEvents.GeolocationPermissions recorded 3 samples, mean = 6.0 (flags = 0x41)
0  ... 
3  -O                                                                        (1 = 33.3%) {0.0%}
4  ... 
7  -O                                                                        (1 = 33.3%) {33.3%}
8  -O                                                                        (1 = 33.3%) {66.7%}
9  ... 

Histogram: OptimizationGuide.PredictionManager.ModelDeliveryEvents.LanguageDetection recorded 3 samples, mean = 6.0 (flags = 0x41)
0  ... 
3  -O                                                                        (1 = 33.3%) {0.0%}
4  ... 
7  -O                                                                        (1 = 33.3%) {33.3%}
8  -O                                                                        (1 = 33.3%) {66.7%}
9  ... 

Histogram: OptimizationGuide.PredictionManager.ModelDeliveryEvents.NewTabPageHistoryClustersModuleRanking recorded 3 samples, mean = 6.0 (flags = 0x41)
0  ... 
3  -O                                                                        (1 = 33.3%) {0.0%}
4  ... 
7  -O                                                                        (1 = 33.3%) {33.3%}
8  -O                                                                        (1 = 33.3%) {66.7%}
9  ... 

Histogram: OptimizationGuide.PredictionManager.ModelDeliveryEvents.NotificationPermissions recorded 3 samples, mean = 6.0 (flags = 0x41)
0  ... 
3  -O                                                                        (1 = 33.3%) {0.0%}
4  ... 
7  -O                                                                        (1 = 33.3%) {33.3%}
8  -O                                                                        (1 = 33.3%) {66.7%}
9  ... 

Histogram: OptimizationGuide.PredictionManager.ModelDeliveryEvents.OmniboxUrlScoring recorded 3 samples, mean = 6.0 (flags = 0x41)
0  ... 
3  -O                                                                        (1 = 33.3%) {0.0%}
4  ... 
7  -O                                                                        (1 = 33.3%) {33.3%}
8  -O                                                                        (1 = 33.3%) {66.7%}
9  ... 

Histogram: OptimizationGuide.PredictionManager.ModelDeliveryEvents.PageTopicsV2 recorded 3 samples, mean = 6.0 (flags = 0x41)
0  ... 
3  -O                                                                        (1 = 33.3%) {0.0%}
4  ... 
7  -O                                                                        (1 = 33.3%) {33.3%}
8  -O                                                                        (1 = 33.3%) {66.7%}
9  ... 

Histogram: OptimizationGuide.PredictionManager.ModelDeliveryEvents.TextSafety recorded 3 samples, mean = 6.0 (flags = 0x41)
0  ... 
3  -O                                                                        (1 = 33.3%) {0.0%}
4  ... 
7  -O                                                                        (1 = 33.3%) {33.3%}
8  -O                                                                        (1 = 33.3%) {66.7%}
9  ... 

Histogram: OptimizationGuide.PredictionManager.ModelDeliveryEvents.VisualSearchClassification recorded 3 samples, mean = 6.0 (flags = 0x41)
0  ... 
3  -O                                                                        (1 = 33.3%) {0.0%}
4  ... 
7  -O                                                                        (1 = 33.3%) {33.3%}
8  -O                                                                        (1 = 33.3%) {66.7%}
9  ... 

Histogram: OptimizationGuide.PredictionManager.RegistrationTimeSinceServiceInit.ClientSidePhishing recorded 1 samples, mean = 0.0 (flags = 0x41)
0  -O                                                                        (1 = 100.0%)
1  ... 

Histogram: OptimizationGuide.PredictionManager.RegistrationTimeSinceServiceInit.GeolocationPermissions recorded 1 samples, mean = 0.0 (flags = 0x41)
0  -O                                                                        (1 = 100.0%)
1  ... 

Histogram: OptimizationGuide.PredictionManager.RegistrationTimeSinceServiceInit.LanguageDetection recorded 2 samples, mean = 46.5 (flags = 0x41)
0   -O                                                                        (1 = 50.0%)
1   ... 
84  -O                                                                        (1 = 50.0%) {50.0%}
107 ... 

Histogram: OptimizationGuide.PredictionManager.RegistrationTimeSinceServiceInit.NewTabPageHistoryClustersModuleRanking recorded 1 samples, mean = 0.0 (flags = 0x41)
0  -O                                                                        (1 = 100.0%)
1  ... 

Histogram: OptimizationGuide.PredictionManager.RegistrationTimeSinceServiceInit.NotificationPermissions recorded 1 samples, mean = 0.0 (flags = 0x41)
0  -O                                                                        (1 = 100.0%)
1  ... 

Histogram: OptimizationGuide.PredictionManager.RegistrationTimeSinceServiceInit.OmniboxUrlScoring recorded 1 samples, mean = 0.0 (flags = 0x41)
0  -O                                                                        (1 = 100.0%)
1  ... 

Histogram: OptimizationGuide.PredictionManager.RegistrationTimeSinceServiceInit.PageTopicsV2 recorded 1 samples, mean = 0.0 (flags = 0x41)
0  -O                                                                        (1 = 100.0%)
1  ... 

Histogram: OptimizationGuide.PredictionManager.RegistrationTimeSinceServiceInit.TextSafety recorded 1 samples, mean = 0.0 (flags = 0x41)
0  -O                                                                        (1 = 100.0%)
1  ... 

Histogram: OptimizationGuide.PredictionManager.RegistrationTimeSinceServiceInit.VisualSearchClassification recorded 1 samples, mean = 0.0 (flags = 0x41)
0  -O                                                                        (1 = 100.0%)
1  ... 

Histogram: OptimizationGuide.PredictionManager.StoreInitialized recorded 1 samples, mean = 1.0 (flags = 0x40)
0  O                                                                         (0 = 0.0%)
1  -O                                                                        (1 = 100.0%) {0.0%}
2  O                                                                         (0 = 0.0%) {100.0%}

Histogram: OptimizationGuide.PredictionManager.SupportedModelEngineVersion recorded 2 samples, mean = 18.0 (flags = 0x40)
0   ... 
18  --O                                                                       (2 = 100.0%) {0.0%}
19  ... 

Histogram: OptimizationGuide.PredictionModelFetcher.GetModelsResponse.NetErrorCode recorded 1 samples (flags = 0x41)
379  -O                                                                        (1 = 100.0%)

Histogram: OptimizationGuide.PredictionModelFetcher.GetModelsResponse.NetErrorCode.ClientSidePhishing recorded 1 samples (flags = 0x41)
379  -O                                                                        (1 = 100.0%)

Histogram: OptimizationGuide.PredictionModelFetcher.GetModelsResponse.NetErrorCode.GeolocationPermissions recorded 1 samples (flags = 0x41)
379  -O                                                                        (1 = 100.0%)

Histogram: OptimizationGuide.PredictionModelFetcher.GetModelsResponse.NetErrorCode.LanguageDetection recorded 1 samples (flags = 0x41)
379  -O                                                                        (1 = 100.0%)

Histogram: OptimizationGuide.PredictionModelFetcher.GetModelsResponse.NetErrorCode.NewTabPageHistoryClustersModuleRanking recorded 1 samples (flags = 0x41)
379  -O                                                                        (1 = 100.0%)

Histogram: OptimizationGuide.PredictionModelFetcher.GetModelsResponse.NetErrorCode.NotificationPermissions recorded 1 samples (flags = 0x41)
379  -O                                                                        (1 = 100.0%)

Histogram: OptimizationGuide.PredictionModelFetcher.GetModelsResponse.NetErrorCode.OmniboxUrlScoring recorded 1 samples (flags = 0x41)
379  -O                                                                        (1 = 100.0%)

Histogram: OptimizationGuide.PredictionModelFetcher.GetModelsResponse.NetErrorCode.PageTopicsV2 recorded 1 samples (flags = 0x41)
379  -O                                                                        (1 = 100.0%)

Histogram: OptimizationGuide.PredictionModelFetcher.GetModelsResponse.NetErrorCode.TextSafety recorded 1 samples (flags = 0x41)
379  -O                                                                        (1 = 100.0%)

Histogram: OptimizationGuide.PredictionModelFetcher.GetModelsResponse.NetErrorCode.VisualSearchClassification recorded 1 samples (flags = 0x41)
379  -O                                                                        (1 = 100.0%)

Histogram: OptimizationGuide.PredictionModelFetcher.GetModelsResponse.Status recorded 1 samples, mean = 403.0 (flags = 0x41)
0    ... 
403  -O                                                                        (1 = 100.0%) {0.0%}
404  ... 

Histogram: OptimizationGuide.PredictionModelFetcher.GetModelsResponse.Status.ClientSidePhishing recorded 1 samples, mean = 403.0 (flags = 0x41)
0    ... 
403  -O                                                                        (1 = 100.0%) {0.0%}
404  ... 

Histogram: OptimizationGuide.PredictionModelFetcher.GetModelsResponse.Status.GeolocationPermissions recorded 1 samples, mean = 403.0 (flags = 0x41)
0    ... 
403  -O                                                                        (1 = 100.0%) {0.0%}
404  ... 

Histogram: OptimizationGuide.PredictionModelFetcher.GetModelsResponse.Status.LanguageDetection recorded 1 samples, mean = 403.0 (flags = 0x41)
0    ... 
403  -O                                                                        (1 = 100.0%) {0.0%}
404  ... 

Histogram: OptimizationGuide.PredictionModelFetcher.GetModelsResponse.Status.NewTabPageHistoryClustersModuleRanking recorded 1 samples, mean = 403.0 (flags = 0x41)
0    ... 
403  -O                                                                        (1 = 100.0%) {0.0%}
404  ... 

Histogram: OptimizationGuide.PredictionModelFetcher.GetModelsResponse.Status.NotificationPermissions recorded 1 samples, mean = 403.0 (flags = 0x41)
0    ... 
403  -O                                                                        (1 = 100.0%) {0.0%}
404  ... 

Histogram: OptimizationGuide.PredictionModelFetcher.GetModelsResponse.Status.OmniboxUrlScoring recorded 1 samples, mean = 403.0 (flags = 0x41)
0    ... 
403  -O                                                                        (1 = 100.0%) {0.0%}
404  ... 

Histogram: OptimizationGuide.PredictionModelFetcher.GetModelsResponse.Status.PageTopicsV2 recorded 1 samples, mean = 403.0 (flags = 0x41)
0    ... 
403  -O                                                                        (1 = 100.0%) {0.0%}
404  ... 

Histogram: OptimizationGuide.PredictionModelFetcher.GetModelsResponse.Status.TextSafety recorded 1 samples, mean = 403.0 (flags = 0x41)
0    ... 
403  -O                                                                        (1 = 100.0%) {0.0%}
404  ... 

Histogram: OptimizationGuide.PredictionModelFetcher.GetModelsResponse.Status.VisualSearchClassification recorded 1 samples, mean = 403.0 (flags = 0x41)
0    ... 
403  -O                                                                        (1 = 100.0%) {0.0%}
404  ... 

Histogram: OptimizationGuide.ProcessingComponentAtShutdown recorded 1 samples, mean = 0.0 (flags = 0x41)
0  -O                                                                        (1 = 100.0%)
1  ... 

Histogram: OptimizationGuide.RemoteFetchingEnabled recorded 1 samples, mean = 0.0 (flags = 0x41)
0  -O                                                                        (1 = 100.0%)
1  ... 

Histogram: OriginTrials.PersistentOriginTrial.LevelDbInitSuccess recorded 1 samples, mean = 0.0 (flags = 0x41)
0  -O                                                                        (1 = 100.0%)
1  ... 

Histogram: PageActionController.ExtensionsWithPageActions recorded 1 samples, mean = 0.0 (flags = 0x41)
0  -O                                                                        (1 = 100.0%)
1  ... 

Histogram: PageContentAnnotations.AnnotateVisit.AnnotationRequestQueued recorded 4 samples, mean = 1.0 (flags = 0x40)
0  O                                                                         (0 = 0.0%)
1  ----O                                                                     (4 = 100.0%) {0.0%}
2  O                                                                         (0 = 0.0%) {100.0%}

Histogram: PageContentAnnotations.AnnotateVisit.AnnotationRequested recorded 4 samples, mean = 1.0 (flags = 0x40)
0  O                                                                         (0 = 0.0%)
1  ----O                                                                     (4 = 100.0%) {0.0%}
2  O                                                                         (0 = 0.0%) {100.0%}

Histogram: PageContentAnnotations.AnnotateVisit.BatchAnnotationStarted recorded 1 samples, mean = 1.0 (flags = 0x40)
0  O                                                                         (0 = 0.0%)
1  -O                                                                        (1 = 100.0%) {0.0%}
2  O                                                                         (0 = 0.0%) {100.0%}

Histogram: PageLoad.Clients.Ads.AllPages.NonAdNetworkBytes recorded 1 samples, mean = 1394.0 (flags = 0x41)
0     ... 
1174  -O                                                                        (1 = 100.0%) {0.0%}
1529  ... 

Histogram: PageLoad.Clients.Ads.AllPages.PercentNetworkBytesAds recorded 1 samples, mean = 0.0 (flags = 0x41)
0  -O                                                                        (1 = 100.0%)
1  ... 

Histogram: PageLoad.Clients.Ads.AllPages.PercentTotalBytesAds recorded 1 samples, mean = 0.0 (flags = 0x41)
0  -O                                                                        (1 = 100.0%)
1  ... 

Histogram: PageLoad.Clients.Ads.AverageViewportAdDensity recorded 1 samples, mean = 0.0 (flags = 0x41)
0  -O                                                                        (1 = 100.0%)
1  ... 

Histogram: PageLoad.Clients.Ads.FrameCounts.AdFrames.Total recorded 1 samples, mean = 0.0 (flags = 0x41)
0  -O                                                                        (1 = 100.0%)
1  ... 

Histogram: PageLoad.Clients.Ads.NonVisible.FrameCounts.AdFrames.Total recorded 1 samples, mean = 0.0 (flags = 0x41)
0  -O                                                                        (1 = 100.0%)
1  ... 

Histogram: PageLoad.Clients.Ads.Visible.FrameCounts.AdFrames.Total recorded 1 samples, mean = 0.0 (flags = 0x41)
0  -O                                                                        (1 = 100.0%)
1  ... 

Histogram: PageLoad.Clients.CrossOrigin.LayoutInstability.CumulativeShiftScore recorded 1 samples, mean = 0.0 (flags = 0x41)
0  -O                                                                        (1 = 100.0%)
1  ... 

Histogram: PageLoad.Clients.CrossOrigin.LayoutInstability.CumulativeShiftScore.MainFrame recorded 1 samples, mean = 0.0 (flags = 0x41)
0  -O                                                                        (1 = 100.0%)
1  ... 

Histogram: PageLoad.Clients.Leakage2.AbandonReasonAt.LoaderStart recorded 1 samples, mean = 10.0 (flags = 0x41)
0   ... 
10  -O                                                                        (1 = 100.0%) {0.0%}
11  ... 

Histogram: PageLoad.Clients.Leakage2.LastMilestoneBeforeAbandon.NewReloadNavigation recorded 1 samples, mean = 1.0 (flags = 0x41)
0  O                                                                         (0 = 0.0%)
1  -O                                                                        (1 = 100.0%) {0.0%}
2  ... 

Histogram: PageLoad.Clients.Leakage2.LoaderStartToAbandon.NewReloadNavigation recorded 1 samples, mean = 6087.0 (flags = 0x41)
0     ... 
5985  -O                                                                        (1 = 100.0%) {0.0%}
6697  ... 

Histogram: PageLoad.Clients.Leakage2.NavigationStart recorded 2 samples, mean = 8160.0 (flags = 0x41)
0     ... 
5985  -O                                                                        (1 = 50.0%) {0.0%}
6697  ... 
9382  -O                                                                        (1 = 50.0%) {50.0%}
10498 ... 

Histogram: PageLoad.Clients.Leakage2.NavigationStartToCommitReceived recorded 1 samples, mean = 9784.0 (flags = 0x41)
0     ... 
9382  -O                                                                        (1 = 100.0%) {0.0%}
10498 ... 

Histogram: PageLoad.Clients.Leakage2.NavigationStartToCommitSent recorded 1 samples, mean = 9781.0 (flags = 0x41)
0     ... 
9382  -O                                                                        (1 = 100.0%) {0.0%}
10498 ... 

Histogram: PageLoad.Clients.Leakage2.NavigationStartToDOMContentLoaded recorded 1 samples, mean = 12110.0 (flags = 0x41)
0      ... 
11747  -O                                                                        (1 = 100.0%) {0.0%}
13144  ... 

Histogram: PageLoad.Clients.Leakage2.NavigationStartToDidCommit recorded 1 samples, mean = 10114.0 (flags = 0x41)
0     ... 
9382  -O                                                                        (1 = 100.0%) {0.0%}
10498 ... 

Histogram: PageLoad.Clients.Leakage2.NavigationStartToFirstRedirectResponseLoaderCallback recorded 1 samples, mean = 8774.0 (flags = 0x41)
0     ... 
8385  -O                                                                        (1 = 100.0%) {0.0%}
9382  ... 

Histogram: PageLoad.Clients.Leakage2.NavigationStartToFirstRedirectResponseStart recorded 1 samples, mean = 8770.0 (flags = 0x41)
0     ... 
8385  -O                                                                        (1 = 100.0%) {0.0%}
9382  ... 

Histogram: PageLoad.Clients.Leakage2.NavigationStartToFirstRedirectedRequestStart recorded 1 samples, mean = 8769.0 (flags = 0x41)
0     ... 
8385  -O                                                                        (1 = 100.0%) {0.0%}
9382  ... 

Histogram: PageLoad.Clients.Leakage2.NavigationStartToLoadStarted recorded 1 samples, mean = 15725.0 (flags = 0x41)
0      ... 
14707  -O                                                                        (1 = 100.0%) {0.0%}
16456  ... 

Histogram: PageLoad.Clients.Leakage2.NavigationStartToLoaderStart recorded 2 samples, mean = 3074.0 (flags = 0x41)
0     ... 
94    -O                                                                        (1 = 50.0%) {0.0%}
105   ... 
5985  -O                                                                        (1 = 50.0%) {50.0%}
6697  ... 

Histogram: PageLoad.Clients.Leakage2.NavigationStartToNonRedirectResponseLoaderCallback recorded 1 samples, mean = 9767.0 (flags = 0x41)
0     ... 
9382  -O                                                                        (1 = 100.0%) {0.0%}
10498 ... 

Histogram: PageLoad.Clients.Leakage2.NavigationStartToNonRedirectResponseStart recorded 1 samples, mean = 9492.0 (flags = 0x41)
0     ... 
9382  -O                                                                        (1 = 100.0%) {0.0%}
10498 ... 

Histogram: PageLoad.Clients.Leakage2.NavigationStartToNonRedirectedRequestStart recorded 1 samples, mean = 9113.0 (flags = 0x41)
0     ... 
8385  -O                                                                        (1 = 100.0%) {0.0%}
9382  ... 

Histogram: PageLoad.Clients.Leakage2.NavigationStartToParseStart recorded 1 samples, mean = 9800.0 (flags = 0x41)
0     ... 
9382  -O                                                                        (1 = 100.0%) {0.0%}
10498 ... 

Histogram: PageLoad.Clients.Leakage2.RendererProcessCreatedBeforeNav recorded 1 samples, mean = 1.0 (flags = 0x41)
0  O                                                                         (0 = 0.0%)
1  -O                                                                        (1 = 100.0%) {0.0%}
2  O                                                                         (0 = 0.0%) {100.0%}

Histogram: PageLoad.Clients.LinkPreview.Usage recorded 1 samples, mean = 0.0 (flags = 0x41)
0  -O                                                                        (1 = 100.0%)
1  ... 

Histogram: PageLoad.Clients.MultiTabLoading.WithTabCount_0.DocumentTiming.NavigationToDOMContentLoadedEventFired recorded 1 samples, mean = 12110.0 (flags = 0x41)
0      ... 
11747  -O                                                                        (1 = 100.0%) {0.0%}
13144  ... 

Histogram: PageLoad.Clients.MultiTabLoading.WithTabCount_0.DocumentTiming.NavigationToLoadEventFired recorded 1 samples, mean = 15725.0 (flags = 0x41)
0      ... 
14707  -O                                                                        (1 = 100.0%) {0.0%}
16456  ... 

Histogram: PageLoad.Clients.MultiTabLoading.With_0_OtherLoading.DocumentTiming.NavigationToDOMContentLoadedEventFired recorded 1 samples, mean = 12110.0 (flags = 0x41)
0      ... 
11747  -O                                                                        (1 = 100.0%) {0.0%}
13144  ... 

Histogram: PageLoad.Clients.MultiTabLoading.With_0_OtherLoading.DocumentTiming.NavigationToLoadEventFired recorded 1 samples, mean = 15725.0 (flags = 0x41)
0      ... 
14707  -O                                                                        (1 = 100.0%) {0.0%}
16456  ... 

Histogram: PageLoad.Clients.PerformanceManager.LoadedIdleWithoutLCP recorded 1 samples, mean = 18430.0 (flags = 0x41)
0      ... 
16411  -O                                                                        (1 = 100.0%) {0.0%}
20852  ... 

Histogram: PageLoad.Clients.PerformanceManager.LoadedIdleWithoutLCP.Foreground recorded 1 samples, mean = 18430.0 (flags = 0x41)
0      ... 
16411  -O                                                                        (1 = 100.0%) {0.0%}
20852  ... 

Histogram: PageLoad.Clients.Protocol.H2.DocumentTiming.NavigationToDOMContentLoadedEventFired recorded 1 samples, mean = 12110.0 (flags = 0x41)
0      ... 
11747  -O                                                                        (1 = 100.0%) {0.0%}
13144  ... 

Histogram: PageLoad.Clients.Protocol.H2.DocumentTiming.NavigationToLoadEventFired recorded 1 samples, mean = 15725.0 (flags = 0x41)
0      ... 
14707  -O                                                                        (1 = 100.0%) {0.0%}
16456  ... 

Histogram: PageLoad.Clients.Protocol.H2.ParseTiming.NavigationToParseStart recorded 1 samples, mean = 9800.0 (flags = 0x41)
0     ... 
9382  -O                                                                        (1 = 100.0%) {0.0%}
10498 ... 

Histogram: PageLoad.Clients.Scheme.HTTPS.ParseTiming.NavigationToParseStart recorded 1 samples, mean = 9800.0 (flags = 0x41)
0     ... 
9382  -O                                                                        (1 = 100.0%) {0.0%}
10498 ... 

Histogram: PageLoad.Clients.SubresourceLoading.DaysSinceLastVisitToOrigin recorded 1 samples, mean = 0.0 (flags = 0x40)
0  -O                                                                        (1 = 100.0%)
1  ... 

Histogram: PageLoad.Clients.SubresourceLoading.HasPreviousVisitToOrigin recorded 1 samples, mean = 1.0 (flags = 0x40)
0  O                                                                         (0 = 0.0%)
1  -O                                                                        (1 = 100.0%) {0.0%}
2  O                                                                         (0 = 0.0%) {100.0%}

Histogram: PageLoad.Clients.TPCD.CookieAccess.ThirdPartyCookieAllowMechanism3 recorded 1 samples, mean = 2.0 (flags = 0x41)
0  ... 
2  -O                                                                        (1 = 100.0%) {0.0%}
3  ... 

Histogram: PageLoad.Clients.TPCD.ThirdPartyCookieAccessBlockedByExperiment2 recorded 1 samples, mean = 0.0 (flags = 0x41)
0  -O                                                                        (1 = 100.0%)
1  ... 

Histogram: PageLoad.Clients.ThirdParty.Origins.CookieRead2 recorded 1 samples, mean = 0.0 (flags = 0x41)
0  -O                                                                        (1 = 100.0%)
1  ... 

Histogram: PageLoad.Cpu.TotalUsage recorded 1 samples, mean = 858.0 (flags = 0x41)
0    ... 
791  -O                                                                        (1 = 100.0%) {0.0%}
885  ... 

Histogram: PageLoad.Cpu.TotalUsageForegrounded recorded 1 samples, mean = 858.0 (flags = 0x41)
0    ... 
791  -O                                                                        (1 = 100.0%) {0.0%}
885  ... 

Histogram: PageLoad.DocumentTiming.NavigationToDOMContentLoadedEventFired recorded 1 samples, mean = 12110.0 (flags = 0x41)
0      ... 
11747  -O                                                                        (1 = 100.0%) {0.0%}
13144  ... 

Histogram: PageLoad.DocumentTiming.NavigationToLoadEventFired recorded 1 samples, mean = 15725.0 (flags = 0x41)
0      ... 
14707  -O                                                                        (1 = 100.0%) {0.0%}
16456  ... 

Histogram: PageLoad.Experimental.NavigationTiming.FinalLoaderCallbackToNavigationCommitSent recorded 1 samples, mean = 14.0 (flags = 0x41)
0   ... 
13  -O                                                                        (1 = 100.0%) {0.0%}
15  ... 

Histogram: PageLoad.Experimental.NavigationTiming.FinalRequestStartToFinalResponseStart recorded 1 samples, mean = 379.0 (flags = 0x41)
0    ... 
360  -O                                                                        (1 = 100.0%) {0.0%}
403  ... 

Histogram: PageLoad.Experimental.NavigationTiming.FinalResponseStartToFinalLoaderCallback recorded 1 samples, mean = 275.0 (flags = 0x41)
0    ... 
257  -O                                                                        (1 = 100.0%) {0.0%}
288  ... 

Histogram: PageLoad.Experimental.NavigationTiming.FirstRequestStartToFirstResponseStart recorded 1 samples, mean = 1.0 (flags = 0x41)
0  -O                                                                        (1 = 100.0%)
10 ... 

Histogram: PageLoad.Experimental.NavigationTiming.FirstResponseStartToFirstLoaderCallback recorded 1 samples, mean = 3.0 (flags = 0x41)
0  -O                                                                        (1 = 100.0%)
10 ... 

Histogram: PageLoad.Experimental.NavigationTiming.NavigationStartToFinalLoaderCallback recorded 1 samples, mean = 9767.0 (flags = 0x41)
0     ... 
9382  -O                                                                        (1 = 100.0%) {0.0%}
10498 ... 

Histogram: PageLoad.Experimental.NavigationTiming.NavigationStartToFinalRequestStart recorded 1 samples, mean = 9113.0 (flags = 0x41)
0     ... 
8385  -O                                                                        (1 = 100.0%) {0.0%}
9382  ... 

Histogram: PageLoad.Experimental.NavigationTiming.NavigationStartToFinalResponseStart recorded 1 samples, mean = 9492.0 (flags = 0x41)
0     ... 
9382  -O                                                                        (1 = 100.0%) {0.0%}
10498 ... 

Histogram: PageLoad.Experimental.NavigationTiming.NavigationStartToFirstLoaderCallback recorded 1 samples, mean = 8774.0 (flags = 0x41)
0     ... 
8385  -O                                                                        (1 = 100.0%) {0.0%}
9382  ... 

Histogram: PageLoad.Experimental.NavigationTiming.NavigationStartToFirstRequestStart recorded 1 samples, mean = 8769.0 (flags = 0x41)
0     ... 
8385  -O                                                                        (1 = 100.0%) {0.0%}
9382  ... 

Histogram: PageLoad.Experimental.NavigationTiming.NavigationStartToFirstResponseStart recorded 1 samples, mean = 8770.0 (flags = 0x41)
0     ... 
8385  -O                                                                        (1 = 100.0%) {0.0%}
9382  ... 

Histogram: PageLoad.Experimental.NavigationTiming.NavigationStartToNavigationCommitSent recorded 1 samples, mean = 9781.0 (flags = 0x41)
0     ... 
9382  -O                                                                        (1 = 100.0%) {0.0%}
10498 ... 

Histogram: PageLoad.Experimental.PageTiming.CachedResourceLoadTime.style recorded 1 samples, mean = 1280.0 (flags = 0x41)
0     ... 
1177  -O                                                                        (1 = 100.0%) {0.0%}
1496  ... 

Histogram: PageLoad.Experimental.PageTiming.CommitSentToFirstSubresourceLoadStart recorded 1 samples, mean = 981.0 (flags = 0x41)
0    ... 
885  -O                                                                        (1 = 100.0%) {0.0%}
990  ... 

Histogram: PageLoad.Experimental.PageTiming.NavigationToFirstSubresourceLoadStart recorded 1 samples, mean = 10762.0 (flags = 0x41)
0      ... 
10498  -O                                                                        (1 = 100.0%) {0.0%}
11747  ... 

Histogram: PageLoad.Experimental.PageTiming.ResourceLoadTime. recorded 7 samples, mean = 698.9 (flags = 0x41)
0     ... 
280   -O                                                                        (1 = 14.3%) {0.0%}
356   ---O                                                                      (3 = 42.9%) {14.3%}
452   ... 
729   -O                                                                        (1 = 14.3%) {57.1%}
926   O                                                                         (0 = 0.0%) {71.4%}
1177  --O                                                                       (2 = 28.6%) {71.4%}
1496  ... 

Histogram: PageLoad.Experimental.PageTiming.ResourceLoadTime.document recorded 1 samples, mean = 380.0 (flags = 0x41)
0    ... 
356  -O                                                                        (1 = 100.0%) {0.0%}
452  ... 

Histogram: PageLoad.Experimental.PageTiming.ResourceLoadTime.font recorded 5 samples, mean = 726.2 (flags = 0x41)
0     ... 
280   -O                                                                        (1 = 20.0%) {0.0%}
356   O                                                                         (0 = 0.0%) {20.0%}
452   -O                                                                        (1 = 20.0%) {20.0%}
574   -O                                                                        (1 = 20.0%) {40.0%}
729   -O                                                                        (1 = 20.0%) {60.0%}
926   O                                                                         (0 = 0.0%) {80.0%}
1177  -O                                                                        (1 = 20.0%) {80.0%}
1496  ... 

Histogram: PageLoad.Experimental.PageTiming.ResourceLoadTime.image recorded 1 samples, mean = 295.0 (flags = 0x41)
0    ... 
280  -O                                                                        (1 = 100.0%) {0.0%}
356  ... 

Histogram: PageLoad.Experimental.PageTiming.ResourceLoadTime.manifest recorded 1 samples, mean = 1079.0 (flags = 0x41)
0    ... 
926  -O                                                                        (1 = 100.0%) {0.0%}
1177 ... 

Histogram: PageLoad.Experimental.PageTiming.ResourceLoadTime.script recorded 26 samples, mean = 371.2 (flags = 0x41)
0     ... 
220   -------------O                                                            (13 = 50.0%) {0.0%}
280   -----O                                                                    (5 = 19.2%) {50.0%}
356   ---O                                                                      (3 = 11.5%) {69.2%}
452   ---O                                                                      (3 = 11.5%) {80.8%}
574   -O                                                                        (1 = 3.8%) {92.3%}
729   ... 
1177  -O                                                                        (1 = 3.8%) {96.2%}
1496  ... 

Histogram: PageLoad.Experimental.PageTiming.ResourceLoadTime.style recorded 6 samples, mean = 1090.3 (flags = 0x41)
0     ... 
926   ----O                                                                     (4 = 66.7%) {0.0%}
1177  --O                                                                       (2 = 33.3%) {66.7%}
1496  ... 

Histogram: PageLoad.Experimental.PageVisitFinalStatus recorded 1 samples, mean = 1.0 (flags = 0x41)
0  O                                                                         (0 = 0.0%)
1  -O                                                                        (1 = 100.0%) {0.0%}
2  ... 

Histogram: PageLoad.Experimental.PageVisitType2 recorded 1 samples, mean = 6.0 (flags = 0x41)
0  ... 
6  -O                                                                        (1 = 100.0%) {0.0%}
7  ... 

Histogram: PageLoad.Experimental.PaintTiming.FirstEligibleToPaintToFirstPaint recorded 1 samples, mean = 505.0 (flags = 0x41)
0    ... 
505  -O                                                                        (1 = 100.0%) {0.0%}
565  ... 

Histogram: PageLoad.Experimental.TotalForegroundDuration recorded 1 samples, mean = 13318768.0 (flags = 0x41)
0        ... 
3600000  -O                                                                        (1 = 100.0%) {0.0%}

Histogram: PageLoad.Experimental.TotalForegroundDuration.AllVisit recorded 1 samples, mean = 13318769.0 (flags = 0x41)
0        ... 
3600000  -O                                                                        (1 = 100.0%) {0.0%}

Histogram: PageLoad.Experimental.TotalForegroundDuration.IndependentUIVisit recorded 1 samples, mean = 13318769.0 (flags = 0x41)
0        ... 
3600000  -O                                                                        (1 = 100.0%) {0.0%}

Histogram: PageLoad.Expermental.SoftNavigations.Count recorded 1 samples, mean = 0.0 (flags = 0x41)
0  -O                                                                        (1 = 100.0%)
1  ... 

Histogram: PageLoad.Internal.PageLoadTimingStatus recorded 31 samples, mean = 0.0 (flags = 0x41)
0  -------------------------------O                                          (31 = 100.0%)
1  ... 

Histogram: PageLoad.Internal.PageLoadTimingStatus.AtTimingCallbackDispatch recorded 3 samples, mean = 0.0 (flags = 0x41)
0  ---O                                                                      (3 = 100.0%)
1  ... 

Histogram: PageLoad.Internal.PageType recorded 2 samples, mean = 0.0 (flags = 0x41)
0  --O                                                                       (2 = 100.0%)
1  ... 

Histogram: PageLoad.Internal.SuppressedEventsBeforeMissingFirstPaint recorded 1 samples, mean = 0.0 (flags = 0x41)
0  -O                                                                        (1 = 100.0%)
1  ... 

Histogram: PageLoad.Internal.SuppressedEventsCountBeforePaint3 recorded 1 samples, mean = 0.0 (flags = 0x41)
0  -O                                                                        (1 = 100.0%)
1  ... 

Histogram: PageLoad.Internal.SuppressedEventsTimingBeforePaint3 recorded 1 samples, mean = 0.0 (flags = 0x41)
0  -O                                                                        (1 = 100.0%)
1  ... 

Histogram: PageLoad.Internal.SuppressedInteractionsCountBeforePaint3 recorded 1 samples, mean = 0.0 (flags = 0x41)
0  -O                                                                        (1 = 100.0%)
1  ... 

Histogram: PageLoad.LayoutInstability.CumulativeShiftScore recorded 1 samples, mean = 0.0 (flags = 0x41)
0  -O                                                                        (1 = 100.0%)
1  ... 

Histogram: PageLoad.LayoutInstability.CumulativeShiftScore.MainFrame recorded 1 samples, mean = 0.0 (flags = 0x41)
0  -O                                                                        (1 = 100.0%)
1  ... 

Histogram: PageLoad.LayoutInstability.MaxCumulativeShiftScore.SessionWindow.Gap1000ms.Max5000ms recorded 1 samples, mean = 0.0 (flags = 0x41)
0  -O                                                                        (1 = 100.0%)
1  ... 

Histogram: PageLoad.LayoutInstability.MaxCumulativeShiftScore.SessionWindow.Gap1000ms.Max5000ms2 recorded 1 samples, mean = 0.0 (flags = 0x41)
0  -O                                                                        (1 = 100.0%)
1  ... 

Histogram: PageLoad.PageTiming.ForegroundDuration recorded 1 samples, mean = 13318768.0 (flags = 0x41)
0        ... 
3600000  -O                                                                        (1 = 100.0%) {0.0%}

Histogram: PageLoad.PageTiming.ForegroundDuration.AfterPaint recorded 1 samples, mean = 13306182.0 (flags = 0x41)
0        ... 
3600000  -O                                                                        (1 = 100.0%) {0.0%}

Histogram: PageLoad.PageTiming.ForegroundDuration.NoCommit recorded 1 samples, mean = 153.0 (flags = 0x41)
0    ... 
137  -O                                                                        (1 = 100.0%) {0.0%}
156  ... 

Histogram: PageLoad.PageTiming.ForegroundDuration.WithPaint recorded 1 samples, mean = 13318768.0 (flags = 0x41)
0        ... 
3600000  -O                                                                        (1 = 100.0%) {0.0%}

Histogram: PageLoad.PaintTiming.NavigationToFirstPaint recorded 1 samples, mean = 12586.0 (flags = 0x41)
0      ... 
11747  -O                                                                        (1 = 100.0%) {0.0%}
13144  ... 

Histogram: PageLoad.ParseTiming.NavigationToParseStart recorded 1 samples, mean = 9800.0 (flags = 0x41)
0     ... 
9382  -O                                                                        (1 = 100.0%) {0.0%}
10498 ... 

Histogram: PageLoad.ParseTiming.NavigationToParseStart.LoadType.NewNavigation recorded 1 samples, mean = 9800.0 (flags = 0x41)
0     ... 
9382  -O                                                                        (1 = 100.0%) {0.0%}
10498 ... 

Histogram: PageLoad.ParseTiming.ParseBlockedOnScriptExecution recorded 1 samples, mean = 17.0 (flags = 0x41)
0   ... 
17  -O                                                                        (1 = 100.0%) {0.0%}
19  ... 

Histogram: PageLoad.ParseTiming.ParseBlockedOnScriptExecutionFromDocumentWrite recorded 1 samples, mean = 0.0 (flags = 0x41)
0  -O                                                                        (1 = 100.0%)
10 ... 

Histogram: PageLoad.ParseTiming.ParseBlockedOnScriptLoad recorded 1 samples, mean = 2231.0 (flags = 0x41)
0     ... 
2176  -O                                                                        (1 = 100.0%) {0.0%}
2435  ... 

Histogram: PaintHolding.CommitTrigger2 recorded 1 samples, mean = 3.0 (flags = 0x41)
0  ... 
3  -O                                                                        (1 = 100.0%) {0.0%}
4  ... 

Histogram: PasswordManager.AccountStore.BlacklistedSitesHiRes3.WithoutCustomPassphrase recorded 1 samples, mean = 0.0 (flags = 0x41)
0  -O                                                                        (1 = 100.0%)
1  ... 

Histogram: PasswordManager.AccountStore.InaccessiblePasswords3 recorded 1 samples, mean = 0.0 (flags = 0x41)
0  -O                                                                        (1 = 100.0%)
1  ... 

Histogram: PasswordManager.AccountStore.LoginDatabaseEncryptionStatus recorded 1 samples, mean = 0.0 (flags = 0x41)
0  -O                                                                        (1 = 100.0%)
1  ... 

Histogram: PasswordManager.AccountStore.PasswordNotes.CountCredentialsWithNonEmptyNotes2 recorded 1 samples, mean = 0.0 (flags = 0x41)
0  -O                                                                        (1 = 100.0%)
1  ... 

Histogram: PasswordManager.AccountStore.TotalAccountsHiRes3.ByType.AutoGenerated.WithoutCustomPassphrase recorded 1 samples, mean = 0.0 (flags = 0x41)
0  -O                                                                        (1 = 100.0%)
1  ... 

Histogram: PasswordManager.AccountStore.TotalAccountsHiRes3.ByType.Overall recorded 1 samples, mean = 0.0 (flags = 0x41)
0  -O                                                                        (1 = 100.0%)
1  ... 

Histogram: PasswordManager.AccountStore.TotalAccountsHiRes3.ByType.Overall.WithoutCustomPassphrase recorded 1 samples, mean = 0.0 (flags = 0x41)
0  -O                                                                        (1 = 100.0%)
1  ... 

Histogram: PasswordManager.AccountStore.TotalAccountsHiRes3.ByType.ReceivedViaSharing.WithoutCustomPassphrase recorded 1 samples, mean = 0.0 (flags = 0x41)
0  -O                                                                        (1 = 100.0%)
1  ... 

Histogram: PasswordManager.AccountStore.TotalAccountsHiRes3.ByType.UserCreated.WithoutCustomPassphrase recorded 1 samples, mean = 0.0 (flags = 0x41)
0  -O                                                                        (1 = 100.0%)
1  ... 

Histogram: PasswordManager.AccountStore.TotalAccountsHiRes3.WithScheme.Android recorded 1 samples, mean = 0.0 (flags = 0x41)
0  -O                                                                        (1 = 100.0%)
1  ... 

Histogram: PasswordManager.AccountStore.TotalAccountsHiRes3.WithScheme.Ftp recorded 1 samples, mean = 0.0 (flags = 0x41)
0  -O                                                                        (1 = 100.0%)
1  ... 

Histogram: PasswordManager.AccountStore.TotalAccountsHiRes3.WithScheme.Http recorded 1 samples, mean = 0.0 (flags = 0x41)
0  -O                                                                        (1 = 100.0%)
1  ... 

Histogram: PasswordManager.AccountStore.TotalAccountsHiRes3.WithScheme.Https recorded 1 samples, mean = 0.0 (flags = 0x41)
0  -O                                                                        (1 = 100.0%)
1  ... 

Histogram: PasswordManager.AccountStore.TotalAccountsHiRes3.WithScheme.Other recorded 1 samples, mean = 0.0 (flags = 0x41)
0  -O                                                                        (1 = 100.0%)
1  ... 

Histogram: PasswordManager.AffiliationDatabase.DatabaseSize recorded 1 samples, mean = 52.0 (flags = 0x41)
0  -O                                                                        (1 = 100.0%)
1000... 

Histogram: PasswordManager.BiometricAuthBeforeFillingEnabled2 recorded 1 samples, mean = 0.0 (flags = 0x41)
0  -O                                                                        (1 = 100.0%)
1  ... 

Histogram: PasswordManager.BubbleSuppression.AccountsInStatisticsTable2 recorded 1 samples, mean = 0.0 (flags = 0x41)
0  -O                                                                        (1 = 100.0%)
1  ... 

Histogram: PasswordManager.CompromisedCredentials3.CountLeaked recorded 1 samples, mean = 0.0 (flags = 0x41)
0  -O                                                                        (1 = 100.0%)
1  ... 

Histogram: PasswordManager.CompromisedCredentials3.CountPhished recorded 1 samples, mean = 0.0 (flags = 0x41)
0  -O                                                                        (1 = 100.0%)
1  ... 

Histogram: PasswordManager.CredentialsWithDuplicates3 recorded 1 samples, mean = 0.0 (flags = 0x41)
0  -O                                                                        (1 = 100.0%)
1  ... 

Histogram: PasswordManager.CredentialsWithMismatchedDuplicates3 recorded 1 samples, mean = 0.0 (flags = 0x41)
0  -O                                                                        (1 = 100.0%)
1  ... 

Histogram: PasswordManager.EnableState recorded 1 samples, mean = 0.0 (flags = 0x41)
0  -O                                                                        (1 = 100.0%)
1  ... 

Histogram: PasswordManager.GetAllLogins.TimeSinceInit recorded 4 samples, mean = 30282.0 (flags = 0x41)
0      ... 
26495  ----O                                                                     (4 = 100.0%) {0.0%}
33665  ... 

Histogram: PasswordManager.GetAutofillableLogins.TimeSinceInit recorded 2 samples, mean = 9961.5 (flags = 0x41)
0     ... 
8000  --O                                                                       (2 = 100.0%) {0.0%}
10165 ... 

Histogram: PasswordManager.LoginDatabaseInit2 recorded 2 samples, mean = 0.0 (flags = 0x41)
0  --O                                                                       (2 = 100.0%)
1  ... 

Histogram: PasswordManager.OnEncryptorReceived.Success recorded 2 samples, mean = 1.0 (flags = 0x41)
0  O                                                                         (0 = 0.0%)
1  --O                                                                       (2 = 100.0%) {0.0%}
2  O                                                                         (0 = 0.0%) {100.0%}

Histogram: PasswordManager.PasswordStore.InitTime recorded 2 samples, mean = 7307.0 (flags = 0x41)
0     ... 
7083  --O                                                                       (2 = 100.0%) {0.0%}
8416  ... 

Histogram: PasswordManager.PasswordStoreBackend.GetAllLoginsAsync recorded 8 samples, mean = 1.0 (flags = 0x41)
0  ----O                                                                     (4 = 50.0%)
1  O                                                                         (0 = 0.0%) {50.0%}
2  ----O                                                                     (4 = 50.0%) {50.0%}
3  ... 

Histogram: PasswordManager.PasswordStoreBackend.GetAllLoginsAsync.Latency recorded 4 samples, mean = 0.0 (flags = 0x41)
0  ----O                                                                     (4 = 100.0%)
1  ... 

Histogram: PasswordManager.PasswordStoreBackend.GetAllLoginsAsync.Success recorded 4 samples, mean = 1.0 (flags = 0x41)
0  O                                                                         (0 = 0.0%)
1  ----O                                                                     (4 = 100.0%) {0.0%}
2  O                                                                         (0 = 0.0%) {100.0%}

Histogram: PasswordManager.PasswordStoreBackend.GetAutofillableLoginsAsync recorded 4 samples, mean = 1.0 (flags = 0x41)
0  --O                                                                       (2 = 50.0%)
1  O                                                                         (0 = 0.0%) {50.0%}
2  --O                                                                       (2 = 50.0%) {50.0%}
3  ... 

Histogram: PasswordManager.PasswordStoreBackend.GetAutofillableLoginsAsync.Latency recorded 2 samples, mean = 329.0 (flags = 0x41)
0    ... 
280  --O                                                                       (2 = 100.0%) {0.0%}
356  ... 

Histogram: PasswordManager.PasswordStoreBackend.GetAutofillableLoginsAsync.Success recorded 2 samples, mean = 1.0 (flags = 0x41)
0  O                                                                         (0 = 0.0%)
1  --O                                                                       (2 = 100.0%) {0.0%}
2  O                                                                         (0 = 0.0%) {100.0%}

Histogram: PasswordManager.PasswordStoreBuiltInBackend.GetAllLoginsAsync recorded 8 samples, mean = 1.0 (flags = 0x41)
0  ----O                                                                     (4 = 50.0%)
1  O                                                                         (0 = 0.0%) {50.0%}
2  ----O                                                                     (4 = 50.0%) {50.0%}
3  ... 

Histogram: PasswordManager.PasswordStoreBuiltInBackend.GetAllLoginsAsync.Latency recorded 4 samples, mean = 0.0 (flags = 0x41)
0  ----O                                                                     (4 = 100.0%)
1  ... 

Histogram: PasswordManager.PasswordStoreBuiltInBackend.GetAllLoginsAsync.Success recorded 4 samples, mean = 1.0 (flags = 0x41)
0  O                                                                         (0 = 0.0%)
1  ----O                                                                     (4 = 100.0%) {0.0%}
2  O                                                                         (0 = 0.0%) {100.0%}

Histogram: PasswordManager.PasswordStoreBuiltInBackend.GetAutofillableLoginsAsync recorded 4 samples, mean = 1.0 (flags = 0x41)
0  --O                                                                       (2 = 50.0%)
1  O                                                                         (0 = 0.0%) {50.0%}
2  --O                                                                       (2 = 50.0%) {50.0%}
3  ... 

Histogram: PasswordManager.PasswordStoreBuiltInBackend.GetAutofillableLoginsAsync.Latency recorded 2 samples, mean = 329.0 (flags = 0x41)
0    ... 
280  --O                                                                       (2 = 100.0%) {0.0%}
356  ... 

Histogram: PasswordManager.PasswordStoreBuiltInBackend.GetAutofillableLoginsAsync.Success recorded 2 samples, mean = 1.0 (flags = 0x41)
0  O                                                                         (0 = 0.0%)
1  --O                                                                       (2 = 100.0%) {0.0%}
2  O                                                                         (0 = 0.0%) {100.0%}

Histogram: PasswordManager.ProfileStore.BlacklistedSitesHiRes3.WithoutCustomPassphrase recorded 1 samples, mean = 0.0 (flags = 0x41)
0  -O                                                                        (1 = 100.0%)
1  ... 

Histogram: PasswordManager.ProfileStore.InaccessiblePasswords3 recorded 1 samples, mean = 0.0 (flags = 0x41)
0  -O                                                                        (1 = 100.0%)
1  ... 

Histogram: PasswordManager.ProfileStore.LoginDatabaseEncryptionStatus recorded 1 samples, mean = 0.0 (flags = 0x41)
0  -O                                                                        (1 = 100.0%)
1  ... 

Histogram: PasswordManager.ProfileStore.PasswordNotes.CountCredentialsWithNonEmptyNotes2 recorded 1 samples, mean = 0.0 (flags = 0x41)
0  -O                                                                        (1 = 100.0%)
1  ... 

Histogram: PasswordManager.ProfileStore.TotalAccountsHiRes3.ByType.AutoGenerated.WithoutCustomPassphrase recorded 1 samples, mean = 0.0 (flags = 0x41)
0  -O                                                                        (1 = 100.0%)
1  ... 

Histogram: PasswordManager.ProfileStore.TotalAccountsHiRes3.ByType.Overall recorded 1 samples, mean = 0.0 (flags = 0x41)
0  -O                                                                        (1 = 100.0%)
1  ... 

Histogram: PasswordManager.ProfileStore.TotalAccountsHiRes3.ByType.Overall.WithoutCustomPassphrase recorded 1 samples, mean = 0.0 (flags = 0x41)
0  -O                                                                        (1 = 100.0%)
1  ... 

Histogram: PasswordManager.ProfileStore.TotalAccountsHiRes3.ByType.ReceivedViaSharing.WithoutCustomPassphrase recorded 1 samples, mean = 0.0 (flags = 0x41)
0  -O                                                                        (1 = 100.0%)
1  ... 

Histogram: PasswordManager.ProfileStore.TotalAccountsHiRes3.ByType.UserCreated.WithoutCustomPassphrase recorded 1 samples, mean = 0.0 (flags = 0x41)
0  -O                                                                        (1 = 100.0%)
1  ... 

Histogram: PasswordManager.ProfileStore.TotalAccountsHiRes3.WithScheme.Android recorded 1 samples, mean = 0.0 (flags = 0x41)
0  -O                                                                        (1 = 100.0%)
1  ... 

Histogram: PasswordManager.ProfileStore.TotalAccountsHiRes3.WithScheme.Ftp recorded 1 samples, mean = 0.0 (flags = 0x41)
0  -O                                                                        (1 = 100.0%)
1  ... 

Histogram: PasswordManager.ProfileStore.TotalAccountsHiRes3.WithScheme.Http recorded 1 samples, mean = 0.0 (flags = 0x41)
0  -O                                                                        (1 = 100.0%)
1  ... 

Histogram: PasswordManager.ProfileStore.TotalAccountsHiRes3.WithScheme.Https recorded 1 samples, mean = 0.0 (flags = 0x41)
0  -O                                                                        (1 = 100.0%)
1  ... 

Histogram: PasswordManager.ProfileStore.TotalAccountsHiRes3.WithScheme.Other recorded 1 samples, mean = 0.0 (flags = 0x41)
0  -O                                                                        (1 = 100.0%)
1  ... 

Histogram: PasswordManager.SavedGaiaPasswordHashCount2 recorded 1 samples, mean = 0.0 (flags = 0x41)
0  -O                                                                        (1 = 100.0%)
1  ... 

Histogram: PasswordManager.SyncMetadataReadError2 recorded 2 samples, mean = 0.0 (flags = 0x41)
0  --O                                                                       (2 = 100.0%)
1  ... 

Histogram: PasswordManager.SyncingAccountState3 recorded 1 samples, mean = 2.0 (flags = 0x41)
0  ... 
2  -O                                                                        (1 = 100.0%) {0.0%}
3  ... 

Histogram: PaymentRequest.IsCanMakePaymentAllowedByPref.Startup recorded 1 samples, mean = 1.0 (flags = 0x41)
0  O                                                                         (0 = 0.0%)
1  -O                                                                        (1 = 100.0%) {0.0%}
2  O                                                                         (0 = 0.0%) {100.0%}

Histogram: PerformanceManager.LoadingNotQuiescentPageCount.All recorded 443 samples, mean = 0.0 (flags = 0x41)
0  ------------------------------------------------------------------------O (443 = 100.0%)
1  ... 

Histogram: PerformanceManager.LoadingNotQuiescentPageCount.Hidden recorded 443 samples, mean = 0.0 (flags = 0x41)
0  ------------------------------------------------------------------------O (443 = 100.0%)
1  ... 

Histogram: PerformanceManager.LoadingNotQuiescentPageCount.MixedVisibility recorded 443 samples, mean = 0.0 (flags = 0x41)
0  ------------------------------------------------------------------------O (443 = 100.0%)
1  ... 

Histogram: PerformanceManager.LoadingNotQuiescentPageCount.Visible recorded 443 samples, mean = 0.0 (flags = 0x41)
0  ------------------------------------------------------------------------O (443 = 100.0%)
1  ... 

Histogram: PerformanceManager.QuiescentPageCount recorded 443 samples, mean = 1.0 (flags = 0x41)
0  O                                                                         (0 = 0.0%)
1  ------------------------------------------------------------------------O (443 = 100.0%) {0.0%}
2  ... 

Histogram: PerformanceManager.SiteDB.DatabaseInit recorded 1 samples, mean = 0.0 (flags = 0x41)
0  -O                                                                        (1 = 100.0%)
1  ... 

Histogram: PerformanceManager.SiteDB.OnDiskSize recorded 1 samples, mean = 1.0 (flags = 0x41)
0  -O                                                                        (1 = 100.0%)
1000... 

Histogram: PerformanceManager.SiteDB.WriteCompleted.WriteSiteDataIntoStore recorded 1 samples, mean = 1.0 (flags = 0x41)
0  O                                                                         (0 = 0.0%)
1  -O                                                                        (1 = 100.0%) {0.0%}
2  O                                                                         (0 = 0.0%) {100.0%}

Histogram: PerformanceManager.SiteDB.WriteScheduled.WriteSiteDataIntoStore recorded 1 samples, mean = 1.0 (flags = 0x41)
0  O                                                                         (0 = 0.0%)
1  -O                                                                        (1 = 100.0%) {0.0%}
2  O                                                                         (0 = 0.0%) {100.0%}

Histogram: PerformanceManager.TabRevisitTracker.TimeToClose2 recorded 1 samples, mean = 13318.0 (flags = 0x41)
0      ... 
12868  -O                                                                        (1 = 100.0%) {0.0%}
13540  ... 

Histogram: PerformanceManager.UserTuning.BatterySaverModeEnabledPercent recorded 1 samples, mean = 0.0 (flags = 0x41)
0  -O                                                                        (1 = 100.0%)
1  ... 

Histogram: PerformanceManager.UserTuning.MemorySaverModeEnabledPercent recorded 1 samples, mean = 0.0 (flags = 0x41)
0  -O                                                                        (1 = 100.0%)
1  ... 

Histogram: PerformanceMonitor.AverageCPU8.BrowserProcess recorded 110 samples, mean = 5945.6 (flags = 0x41)
0      ... 
558    -------------O                                                            (13 = 11.8%) {0.0%}
674    ------------------O                                                       (18 = 16.4%) {11.8%}
814    ----------------------O                                                   (22 = 20.0%) {28.2%}
983    -----O                                                                    (5 = 4.5%) {48.2%}
1187   ... 
2088   -O                                                                        (1 = 0.9%) {52.7%}
2521   O                                                                         (0 = 0.0%) {53.6%}
3043   -O                                                                        (1 = 0.9%) {53.6%}
3673   ----O                                                                     (4 = 3.6%) {54.5%}
4434   ... 
6462   --O                                                                       (2 = 1.8%) {58.2%}
7801   O                                                                         (0 = 0.0%) {60.0%}
9417   ---------------O                                                          (15 = 13.6%) {60.0%}
11368  -----------------O                                                        (17 = 15.5%) {73.6%}
13724  -------O                                                                  (7 = 6.4%) {89.1%}
16567  ---O                                                                      (3 = 2.7%) {95.5%}
20000  --O                                                                       (2 = 1.8%) {98.2%}

Histogram: PerformanceMonitor.AverageCPU8.GPUProcess recorded 110 samples, mean = 24.7 (flags = 0x41)
0     ... 
6     ---O                                                                      (3 = 2.7%) {0.0%}
7     -------------------------O                                                (25 = 22.7%) {2.7%}
8     ------------------------------O                                           (30 = 27.3%) {25.5%}
10    ------------------O                                                       (18 = 16.4%) {52.7%}
12    ---------------O                                                          (15 = 13.6%) {69.1%}
15    ---------O                                                                (9 = 8.2%) {82.7%}
18    ------O                                                                   (6 = 5.5%) {90.9%}
22    ---O                                                                      (3 = 2.7%) {96.4%}
27    ... 
1433  -O                                                                        (1 = 0.9%) {99.1%}
1730  ... 

Histogram: PerformanceMonitor.AverageCPU8.NetworkProcess recorded 110 samples, mean = 1.4 (flags = 0x41)
0   O                                                                         (0 = 0.0%)
1   ------------------------------------------------------------------------O (98 = 89.1%) {0.0%}
2   --O                                                                       (3 = 2.7%) {89.1%}
3   -O                                                                        (1 = 0.9%) {91.8%}
4   -----O                                                                    (7 = 6.4%) {92.7%}
5   ... 
18  -O                                                                        (1 = 0.9%) {99.1%}
22  ... 

Histogram: PerformanceMonitor.AverageCPU8.OtherProcess recorded 110 samples, mean = 0.0 (flags = 0x41)
0  ------------------------------------------------------------------------O (110 = 100.0%)
1  ... 

Histogram: PerformanceMonitor.AverageCPU8.RendererExtensionEventProcess recorded 110 samples, mean = 0.0 (flags = 0x41)
0  ------------------------------------------------------------------------O (110 = 100.0%)
1  ... 

Histogram: PerformanceMonitor.AverageCPU8.RendererExtensionPersistentProcess recorded 110 samples, mean = 0.0 (flags = 0x41)
0  ------------------------------------------------------------------------O (110 = 100.0%)
1  ... 

Histogram: PerformanceMonitor.AverageCPU8.RendererProcess recorded 110 samples, mean = 3.0 (flags = 0x41)
0    ------------------------------------------------------------------------O (80 = 72.7%)
1    -----O                                                                    (5 = 4.5%) {72.7%}
2    -----O                                                                    (6 = 5.5%) {77.3%}
3    --------------O                                                           (16 = 14.5%) {82.7%}
4    O                                                                         (0 = 0.0%) {97.3%}
5    -O                                                                        (1 = 0.9%) {97.3%}
6    -O                                                                        (1 = 0.9%) {98.2%}
7    ... 
218  -O                                                                        (1 = 0.9%) {99.1%}
263  ... 

Histogram: PerformanceMonitor.AverageCPU8.Total recorded 110 samples, mean = 5960.7 (flags = 0x41)
0      ... 
558    -----------O                                                              (11 = 10.0%) {0.0%}
674    --------------------O                                                     (20 = 18.2%) {10.0%}
814    ---------------------O                                                    (21 = 19.1%) {28.2%}
983    -----O                                                                    (5 = 4.5%) {47.3%}
1187   -O                                                                        (1 = 0.9%) {51.8%}
1433   ... 
2088   -O                                                                        (1 = 0.9%) {52.7%}
2521   O                                                                         (0 = 0.0%) {53.6%}
3043   -O                                                                        (1 = 0.9%) {53.6%}
3673   ----O                                                                     (4 = 3.6%) {54.5%}
4434   ... 
6462   --O                                                                       (2 = 1.8%) {58.2%}
7801   O                                                                         (0 = 0.0%) {60.0%}
9417   ---------------O                                                          (15 = 13.6%) {60.0%}
11368  -----------------O                                                        (17 = 15.5%) {73.6%}
13724  -------O                                                                  (7 = 6.4%) {89.1%}
16567  ---O                                                                      (3 = 2.7%) {95.5%}
20000  --O                                                                       (2 = 1.8%) {98.2%}

Histogram: PerformanceMonitor.AverageCPU8.Total.ZeroWindow recorded 110 samples, mean = 5960.7 (flags = 0x41)
0      ... 
558    -----------O                                                              (11 = 10.0%) {0.0%}
674    --------------------O                                                     (20 = 18.2%) {10.0%}
814    ---------------------O                                                    (21 = 19.1%) {28.2%}
983    -----O                                                                    (5 = 4.5%) {47.3%}
1187   -O                                                                        (1 = 0.9%) {51.8%}
1433   ... 
2088   -O                                                                        (1 = 0.9%) {52.7%}
2521   O                                                                         (0 = 0.0%) {53.6%}
3043   -O                                                                        (1 = 0.9%) {53.6%}
3673   ----O                                                                     (4 = 3.6%) {54.5%}
4434   ... 
6462   --O                                                                       (2 = 1.8%) {58.2%}
7801   O                                                                         (0 = 0.0%) {60.0%}
9417   ---------------O                                                          (15 = 13.6%) {60.0%}
11368  -----------------O                                                        (17 = 15.5%) {73.6%}
13724  -------O                                                                  (7 = 6.4%) {89.1%}
16567  ---O                                                                      (3 = 2.7%) {95.5%}
20000  --O                                                                       (2 = 1.8%) {98.2%}

Histogram: PerformanceMonitor.AverageCPU8.UtilityProcess recorded 110 samples, mean = 0.0 (flags = 0x41)
0  ------------------------------------------------------------------------O (110 = 100.0%)
1  ... 

Histogram: PerformanceMonitor.HasPreciseCPUUsage recorded 9 samples, mean = 1.0 (flags = 0x41)
0  O                                                                         (0 = 0.0%)
1  ---------O                                                                (9 = 100.0%) {0.0%}
2  O                                                                         (0 = 0.0%) {100.0%}

Histogram: PerformanceMonitor.UsageScenario.LongInterval recorded 110 samples, mean = 13.0 (flags = 0x41)
0   ... 
13  ------------------------------------------------------------------------O (110 = 100.0%) {0.0%}
14  ... 

Histogram: Permissions.API.CreatedPermissionStatusObjects recorded 1 samples, mean = 0.0 (flags = 0x41)
0  -O                                                                        (1 = 100.0%)
1  ... 

Histogram: Permissions.Experimental.PrimaryMainNavigationFinished.AudioCapture.TopLevelHeaderPolicy recorded 1 samples, mean = 0.0 (flags = 0x41)
0  -O                                                                        (1 = 100.0%)
1  ... 

Histogram: Permissions.Experimental.PrimaryMainNavigationFinished.Geolocation.TopLevelHeaderPolicy recorded 1 samples, mean = 0.0 (flags = 0x41)
0  -O                                                                        (1 = 100.0%)
1  ... 

Histogram: Permissions.Experimental.PrimaryMainNavigationFinished.VideoCapture.TopLevelHeaderPolicy recorded 1 samples, mean = 0.0 (flags = 0x41)
0  -O                                                                        (1 = 100.0%)
1  ... 

Histogram: Permissions.QuietNotificationPrompts.RegularProfile.IsEnabledInPrefs recorded 1 samples, mean = 0.0 (flags = 0x41)
0  -O                                                                        (1 = 100.0%)
1  ... 

Histogram: Platform.IntelMaxMicroArchitecture recorded 1 samples, mean = 10.0 (flags = 0x41)
0   ... 
10  -O                                                                        (1 = 100.0%) {0.0%}
11  ... 

Histogram: Power.BatteryDischargeGranularityIsOrdered recorded 333 samples, mean = 1.0 (flags = 0x41)
0  O                                                                         (0 = 0.0%)
1  ------------------------------------------------------------------------O (333 = 100.0%) {0.0%}
2  O                                                                         (0 = 0.0%) {100.0%}

Histogram: Power.BatteryDischargeMode5 recorded 221 samples, mean = 1.0 (flags = 0x41)
0  O                                                                         (0 = 0.0%)
1  ------------------------------------------------------------------------O (221 = 100.0%) {0.0%}
2  ... 

Histogram: Power.BatteryDischargeMode5.Initial recorded 1 samples, mean = 1.0 (flags = 0x41)
0  O                                                                         (0 = 0.0%)
1  -O                                                                        (1 = 100.0%) {0.0%}
2  ... 

Histogram: Power.BatteryDischargeMode5.Periodic recorded 220 samples, mean = 1.0 (flags = 0x41)
0  O                                                                         (0 = 0.0%)
1  ------------------------------------------------------------------------O (220 = 100.0%) {0.0%}
2  ... 

Histogram: Power.BatteryDischargeMode5.TenMinutes recorded 21 samples, mean = 1.0 (flags = 0x41)
0  O                                                                         (0 = 0.0%)
1  ---------------------O                                                    (21 = 100.0%) {0.0%}
2  ... 

Histogram: Power.BatteryDischargeMode5.ZeroWindow recorded 221 samples, mean = 1.0 (flags = 0x41)
0  O                                                                         (0 = 0.0%)
1  ------------------------------------------------------------------------O (221 = 100.0%) {0.0%}
2  ... 

Histogram: Power.BatteryDischargeMode5.ZeroWindow.Initial recorded 1 samples, mean = 1.0 (flags = 0x41)
0  O                                                                         (0 = 0.0%)
1  -O                                                                        (1 = 100.0%) {0.0%}
2  ... 

Histogram: Power.BatteryDischargeMode5.ZeroWindow.Periodic recorded 220 samples, mean = 1.0 (flags = 0x41)
0  O                                                                         (0 = 0.0%)
1  ------------------------------------------------------------------------O (220 = 100.0%) {0.0%}
2  ... 

Histogram: Power.HasPreciseBatteryDischargeGranularity recorded 221 samples, mean = 0.0 (flags = 0x41)
0  ------------------------------------------------------------------------O (221 = 100.0%)
1  ... 

Histogram: Prefs.JSonStore.SetValueKey recorded 35 samples (flags = 0x41)
67499933    -O                                                                        (1 = 2.9%)
174384190   --O                                                                       (2 = 5.7%)
372921139   -O                                                                        (1 = 2.9%)
819550135   -O                                                                        (1 = 2.9%)
830521985   -O                                                                        (1 = 2.9%)
852125461   --O                                                                       (2 = 5.7%)
945162316   -O                                                                        (1 = 2.9%)
1285180254  -O                                                                        (1 = 2.9%)
1441835268  -O                                                                        (1 = 2.9%)
1886855768  -O                                                                        (1 = 2.9%)
1923415074  ----------------O                                                         (16 = 45.7%)
1927273959  -O                                                                        (1 = 2.9%)
1936820420  --O                                                                       (2 = 5.7%)
1956100443  --O                                                                       (2 = 5.7%)
2056672062  -O                                                                        (1 = 2.9%)
2082524502  -O                                                                        (1 = 2.9%)

Histogram: Privacy.CookieControlsSetting.RegularProfile recorded 1 samples, mean = 2.0 (flags = 0x41)
0  ... 
2  -O                                                                        (1 = 100.0%) {0.0%}
3  O                                                                         (0 = 0.0%) {100.0%}

Histogram: Privacy.DIPS.BounceCategoryServer.Block3PC recorded 1 samples, mean = 0.0 (flags = 0x41)
0  -O                                                                        (1 = 100.0%)
1  ... 

Histogram: Privacy.DIPS.ClearedSitesCount.Block3PC recorded 4 samples, mean = 0.0 (flags = 0x41)
0  ----O                                                                     (4 = 100.0%)
1  ... 

Histogram: Privacy.DIPS.DIPSErrorCodes recorded 3 samples, mean = 2.0 (flags = 0x41)
0  --O                                                                       (2 = 66.7%)
1  ... 
6  -O                                                                        (1 = 33.3%) {66.7%}
7  ... 

Histogram: Privacy.DIPS.Database.Operation.FilterSitesWithProtectiveEventTime recorded 1 samples, mean = 0.0 (flags = 0x41)
0  -O                                                                        (1 = 100.0%)
1  ... 

Histogram: Privacy.DIPS.Database.Operation.GetSitesThatBouncedWithStateTime recorded 4 samples, mean = 0.0 (flags = 0x41)
0  ----O                                                                     (4 = 100.0%)
1  ... 

Histogram: Privacy.DIPS.Database.Operation.InitTime recorded 1 samples, mean = 2.0 (flags = 0x41)
0  ... 
2  -O                                                                        (1 = 100.0%) {0.0%}
3  ... 

Histogram: Privacy.DIPS.Database.Operation.ReadPopupTime recorded 1 samples, mean = 0.0 (flags = 0x41)
0  -O                                                                        (1 = 100.0%)
1  ... 

Histogram: Privacy.DIPS.Database.Operation.ReadTime recorded 3 samples, mean = 0.0 (flags = 0x41)
0  ---O                                                                      (3 = 100.0%)
1  ... 

Histogram: Privacy.DIPS.Database.Operation.RemoveRowsTime recorded 1 samples, mean = 2.0 (flags = 0x41)
0  ... 
2  -O                                                                        (1 = 100.0%) {0.0%}
3  ... 

Histogram: Privacy.DIPS.Database.Operation.WriteTime recorded 1 samples, mean = 3.0 (flags = 0x41)
0  ... 
3  -O                                                                        (1 = 100.0%) {0.0%}
4  ... 

Histogram: Privacy.DIPS.DatabaseEntryCount recorded 1 samples, mean = 1.0 (flags = 0x41)
0  O                                                                         (0 = 0.0%)
1  -O                                                                        (1 = 100.0%) {0.0%}
2  ... 

Histogram: Privacy.DIPS.DatabaseHealthMetricsTime recorded 1 samples, mean = 0.0 (flags = 0x41)
0  -O                                                                        (1 = 100.0%)
1  ... 

Histogram: Privacy.DIPS.DatabaseInit recorded 1 samples, mean = 1.0 (flags = 0x41)
0  O                                                                         (0 = 0.0%)
1  -O                                                                        (1 = 100.0%) {0.0%}
2  ... 

Histogram: Privacy.DIPS.DatabaseSize recorded 1 samples, mean = 36.0 (flags = 0x41)
0  -O                                                                        (1 = 100.0%)
1000... 

Histogram: Privacy.DoNotTrackSetting2 recorded 1 samples, mean = 0.0 (flags = 0x41)
0  -O                                                                        (1 = 100.0%)
1  ... 

Histogram: Privacy.ThirdPartyCookieBlockingSetting.RegularProfile recorded 1 samples, mean = 0.0 (flags = 0x41)
0  -O                                                                        (1 = 100.0%)
1  ... 

Histogram: PrivacyBudget.Identifiability.FinchConfigValidationResult recorded 1 samples, mean = 1.0 (flags = 0x41)
0  O                                                                         (0 = 0.0%)
1  -O                                                                        (1 = 100.0%) {0.0%}
2  O                                                                         (0 = 0.0%) {100.0%}

Histogram: PrivacyBudget.Identifiability.RecordedSample recorded 95 samples, mean = 0.0 (flags = 0x41)
0  ------------------------------------------------------------------------O (95 = 100.0%)
1  ... 

Histogram: PrivacySandbox.IsTopicsAllowed recorded 1 samples, mean = 3.0 (flags = 0x41)
0  ... 
3  -O                                                                        (1 = 100.0%) {0.0%}
4  ... 

Histogram: PrivacySandbox.NoticeRequirement.IsVariationCountryEmpty recorded 3 samples, mean = 1.0 (flags = 0x41)
0  O                                                                         (0 = 0.0%)
1  ---O                                                                      (3 = 100.0%) {0.0%}
2  O                                                                         (0 = 0.0%) {100.0%}

Histogram: PrivacySandbox.NoticeRequirement.IsVariationServiceReady recorded 3 samples, mean = 1.0 (flags = 0x41)
0  O                                                                         (0 = 0.0%)
1  ---O                                                                      (3 = 100.0%) {0.0%}
2  O                                                                         (0 = 0.0%) {100.0%}

Histogram: PrivacySandbox.TrackingProtection.OnboardingStartup.State recorded 1 samples, mean = 0.0 (flags = 0x41)
0  -O                                                                        (1 = 100.0%)
1  ... 

Histogram: PrivacySandbox.TrackingProtection.SilentOnboardingStartup.State recorded 1 samples, mean = 0.0 (flags = 0x41)
0  -O                                                                        (1 = 100.0%)
1  ... 

Histogram: Profile.AppCount recorded 1 samples, mean = 0.0 (flags = 0x41)
0  -O                                                                        (1 = 100.0%)
1  ... 

Histogram: Profile.BookmarksSize recorded 1 samples, mean = 0.0 (flags = 0x41)
0  -O                                                                        (1 = 100.0%)
1  ... 

Histogram: Profile.CookiesSize recorded 1 samples, mean = 0.0 (flags = 0x41)
0  -O                                                                        (1 = 100.0%)
1  ... 

Histogram: Profile.Destroyer.OffTheRecord recorded 1 samples, mean = 1.0 (flags = 0x41)
0  O                                                                         (0 = 0.0%)
1  -O                                                                        (1 = 100.0%) {0.0%}
2  ... 

Histogram: Profile.DidDestroyProfileBeforeShutdown recorded 1 samples, mean = 0.0 (flags = 0x41)
0  -O                                                                        (1 = 100.0%)
1  ... 

Histogram: Profile.ExtensionSize recorded 1 samples, mean = 0.0 (flags = 0x41)
0  -O                                                                        (1 = 100.0%)
1  ... 

Histogram: Profile.FaviconsSize recorded 1 samples, mean = 0.0 (flags = 0x41)
0  -O                                                                        (1 = 100.0%)
1  ... 

Histogram: Profile.HistorySize recorded 1 samples, mean = 0.0 (flags = 0x41)
0  -O                                                                        (1 = 100.0%)
1  ... 

Histogram: Profile.KeepAliveLeakAtShutdown recorded 2 samples, mean = 3.5 (flags = 0x41)
0  -O                                                                        (1 = 50.0%)
1  ... 
7  -O                                                                        (1 = 50.0%) {50.0%}
8  ... 

Histogram: Profile.LiveProfileCount recorded 7 samples, mean = 1.0 (flags = 0x41)
0  O                                                                         (0 = 0.0%)
1  -------O                                                                  (7 = 100.0%) {0.0%}
2  ... 

Histogram: Profile.NumberOfActiveProfiles recorded 1 samples, mean = 0.0 (flags = 0x41)
0  -O                                                                        (1 = 100.0%)
1  ... 

Histogram: Profile.NumberOfManagedProfiles recorded 1 samples, mean = 0.0 (flags = 0x41)
0  -O                                                                        (1 = 100.0%)
1  ... 

Histogram: Profile.NumberOfProfiles recorded 1 samples, mean = 1.0 (flags = 0x41)
0  O                                                                         (0 = 0.0%)
1  -O                                                                        (1 = 100.0%) {0.0%}
2  ... 

Histogram: Profile.NumberOfSignedInProfiles recorded 1 samples, mean = 0.0 (flags = 0x41)
0  -O                                                                        (1 = 100.0%)
1  ... 

Histogram: Profile.NumberOfUnusedProfiles recorded 1 samples, mean = 1.0 (flags = 0x41)
0  O                                                                         (0 = 0.0%)
1  -O                                                                        (1 = 100.0%) {0.0%}
2  ... 

Histogram: Profile.PercentageOfManagedProfiles recorded 1 samples, mean = 0.0 (flags = 0x41)
0  -O                                                                        (1 = 100.0%)
1  ... 

Histogram: Profile.TopSitesSize recorded 1 samples, mean = 0.0 (flags = 0x41)
0  -O                                                                        (1 = 100.0%)
1  ... 

Histogram: Profile.TotalHistorySize recorded 1 samples, mean = 0.0 (flags = 0x41)
0  -O                                                                        (1 = 100.0%)
1  ... 

Histogram: Profile.TotalSize recorded 1 samples, mean = 0.0 (flags = 0x41)
0  -O                                                                        (1 = 100.0%)
1  ... 

Histogram: Profile.TotalSizeRecursive recorded 1 samples, mean = 15.0 (flags = 0x41)
0   ... 
14  -O                                                                        (1 = 100.0%) {0.0%}
17  ... 

Histogram: Profile.TriggeredReset recorded 1 samples, mean = 0.0 (flags = 0x41)
0  -O                                                                        (1 = 100.0%)
1  ... 

Histogram: Profile.VisitedLinksSize recorded 1 samples, mean = 0.0 (flags = 0x41)
0  -O                                                                        (1 = 100.0%)
1  ... 

Histogram: Profile.WebDataSize recorded 1 samples, mean = 0.0 (flags = 0x41)
0  -O                                                                        (1 = 100.0%)
1  ... 

Histogram: Profile.ZombieProfileCount recorded 7 samples, mean = 0.0 (flags = 0x41)
0  -------O                                                                  (7 = 100.0%)
1  ... 

Histogram: ProfilePicker.StartupMode.CreateInitialProfile recorded 1 samples, mean = 0.0 (flags = 0x41)
0  -O                                                                        (1 = 100.0%)
1  ... 

Histogram: ProfilePicker.StartupMode.GetStartupProfile recorded 1 samples, mean = 0.0 (flags = 0x41)
0  -O                                                                        (1 = 100.0%)
1  ... 

Histogram: ProfilePicker.StartupReason.GetStartupProfile recorded 1 samples, mean = 27.0 (flags = 0x41)
0   ... 
27  -O                                                                        (1 = 100.0%) {0.0%}
28  ... 

Histogram: ProtoDB.DestroySuccess.DownloadDB recorded 3 samples, mean = 1.0 (flags = 0x41)
0  O                                                                         (0 = 0.0%)
1  ---O                                                                      (3 = 100.0%) {0.0%}
2  O                                                                         (0 = 0.0%) {100.0%}

Histogram: ProtoDB.DestroySuccess.DownloadService recorded 1 samples, mean = 1.0 (flags = 0x41)
0  O                                                                         (0 = 0.0%)
1  -O                                                                        (1 = 100.0%) {0.0%}
2  O                                                                         (0 = 0.0%) {100.0%}

Histogram: ProtoDB.DestroySuccess.PreviewsHintCacheStore recorded 1 samples, mean = 1.0 (flags = 0x41)
0  O                                                                         (0 = 0.0%)
1  -O                                                                        (1 = 100.0%) {0.0%}
2  O                                                                         (0 = 0.0%) {100.0%}

Histogram: ProtoDB.InitStatus.BudgetManager recorded 1 samples, mean = 4.0 (flags = 0x41)
0  ... 
4  -O                                                                        (1 = 100.0%) {0.0%}
5  ... 

Histogram: ProtoDB.InitStatus.CartDatabase recorded 1 samples, mean = 4.0 (flags = 0x41)
0  ... 
4  -O                                                                        (1 = 100.0%) {0.0%}
5  ... 

Histogram: ProtoDB.InitStatus.ClientCertificatesDatabase recorded 1 samples, mean = 4.0 (flags = 0x41)
0  ... 
4  -O                                                                        (1 = 100.0%) {0.0%}
5  ... 

Histogram: ProtoDB.InitStatus.CommerceParcelTrackingDatabase recorded 1 samples, mean = 4.0 (flags = 0x41)
0  ... 
4  -O                                                                        (1 = 100.0%) {0.0%}
5  ... 

Histogram: ProtoDB.InitStatus.CommerceSubscriptionDatabase recorded 1 samples, mean = 4.0 (flags = 0x41)
0  ... 
4  -O                                                                        (1 = 100.0%) {0.0%}
5  ... 

Histogram: ProtoDB.InitStatus.CouponDatabase recorded 1 samples, mean = 4.0 (flags = 0x41)
0  ... 
4  -O                                                                        (1 = 100.0%) {0.0%}
5  ... 

Histogram: ProtoDB.InitStatus.DiscountsDatabase recorded 1 samples, mean = 4.0 (flags = 0x41)
0  ... 
4  -O                                                                        (1 = 100.0%) {0.0%}
5  ... 

Histogram: ProtoDB.InitStatus.DownloadDB recorded 3 samples, mean = 4.0 (flags = 0x41)
0  ... 
4  ---O                                                                      (3 = 100.0%) {0.0%}
5  ... 

Histogram: ProtoDB.InitStatus.DownloadService recorded 2 samples, mean = 4.0 (flags = 0x41)
0  ... 
4  --O                                                                       (2 = 100.0%) {0.0%}
5  ... 

Histogram: ProtoDB.InitStatus.FeatureEngagementTrackerAvailabilityStore recorded 1 samples, mean = 4.0 (flags = 0x41)
0  ... 
4  -O                                                                        (1 = 100.0%) {0.0%}
5  ... 

Histogram: ProtoDB.InitStatus.FeatureEngagementTrackerEventStore recorded 1 samples, mean = 4.0 (flags = 0x41)
0  ... 
4  -O                                                                        (1 = 100.0%) {0.0%}
5  ... 

Histogram: ProtoDB.InitStatus.Metadata recorded 4 samples, mean = 5.0 (flags = 0x41)
0  ... 
5  ----O                                                                     (4 = 100.0%) {0.0%}
6  O                                                                         (0 = 0.0%) {100.0%}

Histogram: ProtoDB.InitStatus.PersistentOriginTrials recorded 1 samples, mean = 4.0 (flags = 0x41)
0  ... 
4  -O                                                                        (1 = 100.0%) {0.0%}
5  ... 

Histogram: ProtoDB.InitStatus.PreviewsHintCacheStore recorded 1 samples, mean = 4.0 (flags = 0x41)
0  ... 
4  -O                                                                        (1 = 100.0%) {0.0%}
5  ... 

Histogram: ProtoDB.InitStatus.SegmentInfoDatabase recorded 1 samples, mean = 4.0 (flags = 0x41)
0  ... 
4  -O                                                                        (1 = 100.0%) {0.0%}
5  ... 

Histogram: ProtoDB.InitStatus.SignalDatabase recorded 1 samples, mean = 4.0 (flags = 0x41)
0  ... 
4  -O                                                                        (1 = 100.0%) {0.0%}
5  ... 

Histogram: ProtoDB.InitStatus.SignalStorageConfigDatabase recorded 1 samples, mean = 4.0 (flags = 0x41)
0  ... 
4  -O                                                                        (1 = 100.0%) {0.0%}
5  ... 

Histogram: ProtoDB.InitStatus.StrikeService recorded 4 samples, mean = 4.0 (flags = 0x41)
0  ... 
4  ----O                                                                     (4 = 100.0%) {0.0%}
5  ... 

Histogram: ProtoDB.SharedDbInitStatus recorded 77 samples, mean = 9.4 (flags = 0x41)
0   ---------------------------O                                              (27 = 35.1%)
1   ... 
3   -----------------------O                                                  (23 = 29.9%) {35.1%}
4   ... 
24  -----------------------O                                                  (23 = 29.9%) {64.9%}
25  O                                                                         (0 = 0.0%) {94.8%}
26  ----O                                                                     (4 = 5.2%) {94.8%}
27  ... 

Histogram: Quota.AvailableDiskSpace recorded 11 samples, mean = 435188.5 (flags = 0x41)
0       ... 
412711  -----------O                                                              (11 = 100.0%) {0.0%}
481447  ... 

Histogram: Quota.AvailableDiskSpace2 recorded 3 samples, mean = 435188.0 (flags = 0x41)
0       ... 
412711  ---O                                                                      (3 = 100.0%) {0.0%}
481447  ... 

Histogram: Quota.EvictedBucketsPerHour recorded 3 samples, mean = 0.0 (flags = 0x41)
0  ---O                                                                      (3 = 100.0%)
1  ... 

Histogram: Quota.EvictionRoundsPerHour recorded 3 samples, mean = 2.0 (flags = 0x41)
0  ... 
2  ---O                                                                      (3 = 100.0%) {0.0%}
3  ... 

Histogram: Quota.GlobalTemporaryPoolSize recorded 8 samples, mean = 819199.0 (flags = 0x41)
0       ... 
764286  --------O                                                                 (8 = 100.0%) {0.0%}
891576  ... 

Histogram: Quota.GlobalUsageOfTemporaryStorage recorded 3 samples, mean = 0.0 (flags = 0x41)
0  ---O                                                                      (3 = 100.0%)
1  ... 

Histogram: Quota.PercentDiskAvailable recorded 11 samples, mean = 42.0 (flags = 0x41)
0   ... 
42  -----------O                                                              (11 = 100.0%) {0.0%}
43  ... 

Histogram: Quota.PercentDiskAvailable2 recorded 3 samples, mean = 42.0 (flags = 0x41)
0   ... 
42  ---O                                                                      (3 = 100.0%) {0.0%}
43  ... 

Histogram: Quota.PercentUsedForTemporaryStorage2 recorded 3 samples, mean = 0.0 (flags = 0x41)
0  ---O                                                                      (3 = 100.0%)
1  ... 

Histogram: Quota.SkippedEvictionRoundsPerHour recorded 3 samples, mean = 2.0 (flags = 0x41)
0  ... 
2  ---O                                                                      (3 = 100.0%) {0.0%}
3  ... 

Histogram: Quota.StorageKeyNonceCount recorded 3 samples, mean = 0.0 (flags = 0x41)
0  ---O                                                                      (3 = 100.0%)
1  ... 

Histogram: Quota.TotalBucketCount recorded 3 samples, mean = 0.0 (flags = 0x41)
0  ---O                                                                      (3 = 100.0%)
1  ... 

Histogram: Quota.TotalDiskSpace recorded 11 samples, mean = 1023999.0 (flags = 0x41)
0       ... 
891576  -----------O                                                              (11 = 100.0%) {0.0%}
1040066 ... 

Histogram: Quota.TotalDiskSpaceIsZero recorded 8 samples, mean = 0.0 (flags = 0x41)
0  --------O                                                                 (8 = 100.0%)
1  ... 

Histogram: Renderer.Core.Timing.Performance.SwapsPerPerformanceEntryInsertion recorded 51 samples, mean = 0.8 (flags = 0x41)
0  --------------------------O                                               (26 = 51.0%)
1  -------------------O                                                      (19 = 37.3%) {51.0%}
2  --O                                                                       (2 = 3.9%) {88.2%}
3  --O                                                                       (2 = 3.9%) {92.2%}
4  -O                                                                        (1 = 2.0%) {96.1%}
5  O                                                                         (0 = 0.0%) {98.0%}
6  -O                                                                        (1 = 2.0%) {98.0%}
7  ... 

Histogram: Renderer.CriticalFonts.BlockingResourcesLoadTime recorded 1 samples, mean = 12047.0 (flags = 0x41)
0      ... 
10000  -O                                                                        (1 = 100.0%) {0.0%}

Histogram: Renderer.CriticalFonts.CriticalFontDelay recorded 1 samples, mean = 0.0 (flags = 0x41)
0  -O                                                                        (1 = 100.0%)
1  ... 

Histogram: Renderer.CriticalFonts.PreloadedFontsLoadTime recorded 1 samples, mean = 12020.0 (flags = 0x41)
0      ... 
10000  -O                                                                        (1 = 100.0%) {0.0%}

Histogram: Renderer.Font.PrimaryFont.DomContentLoaded recorded 1 samples, mean = 0.0 (flags = 0x41)
0  -O                                                                        (1 = 100.0%)
1  ... 

Histogram: Renderer.Font.PrimaryFont.DomContentLoaded.Style recorded 1 samples, mean = 0.0 (flags = 0x41)
0  -O                                                                        (1 = 100.0%)
1  ... 

Histogram: Renderer.Font.SystemFallback.DomContentLoaded recorded 1 samples, mean = 0.0 (flags = 0x41)
0  -O                                                                        (1 = 100.0%)
1  ... 

Histogram: Renderer.ProcessLifetime3 recorded 3 samples, mean = 8874341.0 (flags = 0x41)
0         ... 
2841      -O                                                                        (1 = 33.3%) {0.0%}
3190      ... 
12028224  --O                                                                       (2 = 66.7%) {33.3%}
13507433  ... 

Histogram: Renderer.ProcessLifetime3.Empty recorded 1 samples, mean = 13308676.0 (flags = 0x41)
0         ... 
12028224  -O                                                                        (1 = 100.0%) {0.0%}
13507433  ... 

Histogram: Renderer.ProcessLifetime3.MainFrame recorded 1 samples, mean = 13311344.0 (flags = 0x41)
0         ... 
12028224  -O                                                                        (1 = 100.0%) {0.0%}
13507433  ... 

Histogram: Renderer.ProcessLifetime3.Speculative recorded 1 samples, mean = 3004.0 (flags = 0x41)
0     ... 
2841  -O                                                                        (1 = 100.0%) {0.0%}
3190  ... 

Histogram: Renderer.ReduceSubresourceResponseIPC.DidNotifyBrowser recorded 47 samples, mean = 1.0 (flags = 0x41)
0  O                                                                         (0 = 0.0%)
1  -----------------------------------------------O                          (47 = 100.0%) {0.0%}
2  O                                                                         (0 = 0.0%) {100.0%}

Histogram: Renderer4.GpuRasterizationEnabled recorded 1 samples, mean = 1.0 (flags = 0x41)
0  O                                                                         (0 = 0.0%)
1  -O                                                                        (1 = 100.0%) {0.0%}
2  O                                                                         (0 = 0.0%) {100.0%}

Histogram: RendererScheduler.RendererMainThreadLoad5 recorded 26636 samples, mean = 0.0 (flags = 0x41)
0   ------------------------------------------------------------------------O (26627 = 100.0%)
1   O                                                                         (1 = 0.0%) {100.0%}
2   O                                                                         (1 = 0.0%) {100.0%}
3   O                                                                         (0 = 0.0%) {100.0%}
4   O                                                                         (1 = 0.0%) {100.0%}
5   ... 
12  O                                                                         (1 = 0.0%) {100.0%}
13  ... 
32  O                                                                         (1 = 0.0%) {100.0%}
33  ... 
45  O                                                                         (1 = 0.0%) {100.0%}
46  ... 
48  O                                                                         (1 = 0.0%) {100.0%}
49  O                                                                         (0 = 0.0%) {100.0%}
50  O                                                                         (1 = 0.0%) {100.0%}
51  ... 
53  O                                                                         (1 = 0.0%) {100.0%}
54  ... 

Histogram: RendererScheduler.RendererMainThreadLoad5.Background recorded 13310 samples, mean = 0.0 (flags = 0x41)
0  ------------------------------------------------------------------------O (13310 = 100.0%)
1  ... 

Histogram: RendererScheduler.RendererMainThreadLoad5.Background.AfterFifthMinute recorded 13009 samples, mean = 0.0 (flags = 0x41)
0  ------------------------------------------------------------------------O (13009 = 100.0%)
1  ... 

Histogram: RendererScheduler.RendererMainThreadLoad5.Background.AfterFirstMinute recorded 13249 samples, mean = 0.0 (flags = 0x41)
0  ------------------------------------------------------------------------O (13249 = 100.0%)
1  ... 

Histogram: RendererScheduler.RendererMainThreadLoad5.Background.AfterTenthMinute recorded 12709 samples, mean = 0.0 (flags = 0x41)
0  ------------------------------------------------------------------------O (12709 = 100.0%)
1  ... 

Histogram: RendererScheduler.RendererMainThreadLoad5.Foreground recorded 10 samples, mean = 10.3 (flags = 0x41)
0   --------O                                                                 (8 = 80.0%)
1   ... 
50  -O                                                                        (1 = 10.0%) {80.0%}
51  ... 
53  -O                                                                        (1 = 10.0%) {90.0%}
54  ... 

Histogram: RendererScheduler.RendererMainThreadLoad5.Foreground.AfterFirstMinute recorded 13250 samples, mean = 0.0 (flags = 0x41)
0  ------------------------------------------------------------------------O (13249 = 100.0%)
1  O                                                                         (1 = 0.0%) {100.0%}
2  ... 

Histogram: ResourceScheduler.RequestQueuingDuration.Priority1 recorded 3 samples, mean = 0.3 (flags = 0x41)
0  --O                                                                       (2 = 66.7%)
1  -O                                                                        (1 = 33.3%) {66.7%}
2  ... 

Histogram: ResourceScheduler.RequestQueuingDuration.Priority2 recorded 29 samples, mean = 1302.5 (flags = 0x41)
0     -----O                                                                    (5 = 17.2%)
1     ... 
107   -O                                                                        (1 = 3.4%) {17.2%}
136   ... 
926   -O                                                                        (1 = 3.4%) {20.7%}
1177  ---------O                                                                (9 = 31.0%) {24.1%}
1496  ---------O                                                                (9 = 31.0%) {55.2%}
1901  --O                                                                       (2 = 6.9%) {86.2%}
2415  --O                                                                       (2 = 6.9%) {93.1%}
3069  ... 

Histogram: ResourceScheduler.RequestQueuingDuration.Priority3 recorded 1 samples, mean = 0.0 (flags = 0x41)
0  -O                                                                        (1 = 100.0%)
1  ... 

Histogram: ResourceScheduler.RequestQueuingDuration.Priority4 recorded 7 samples, mean = 0.0 (flags = 0x41)
0  -------O                                                                  (7 = 100.0%)
1  ... 

Histogram: ResourceScheduler.RequestQueuingDuration.Priority5 recorded 17 samples, mean = 0.0 (flags = 0x41)
0  -----------------O                                                        (17 = 100.0%)
1  ... 

Histogram: SBClientPhishing.Classifier.Event recorded 2 samples, mean = 1.0 (flags = 0x41)
0  O                                                                         (0 = 0.0%)
1  --O                                                                       (2 = 100.0%) {0.0%}
2  ... 

Histogram: SBClientPhishing.ImageEmbedder.Event recorded 2 samples, mean = 1.0 (flags = 0x41)
0  O                                                                         (0 = 0.0%)
1  --O                                                                       (2 = 100.0%) {0.0%}
2  ... 

Histogram: SBClientPhishing.LoadReportTimesFromPrefAtServiceCreationSuccessful recorded 1 samples, mean = 1.0 (flags = 0x41)
0  O                                                                         (0 = 0.0%)
1  -O                                                                        (1 = 100.0%) {0.0%}
2  O                                                                         (0 = 0.0%) {100.0%}

Histogram: SBClientPhishing.PreClassificationCheckResult recorded 1 samples, mean = 1.0 (flags = 0x41)
0  O                                                                         (0 = 0.0%)
1  -O                                                                        (1 = 100.0%) {0.0%}
2  ... 

Histogram: SBIRS.DroppedIncident recorded 2 samples, mean = 1.0 (flags = 0x41)
0  O                                                                         (0 = 0.0%)
1  --O                                                                       (2 = 100.0%) {0.0%}
2  ... 

Histogram: SBIRS.ReceivedIncident recorded 2 samples, mean = 1.0 (flags = 0x41)
0  O                                                                         (0 = 0.0%)
1  --O                                                                       (2 = 100.0%) {0.0%}
2  ... 

Histogram: SSL.Experimental.SubresourceResponse recorded 47 samples, mean = 0.0 (flags = 0x41)
0  -----------------------------------------------O                          (47 = 100.0%)
1  ... 

Histogram: SafeBrowsing.AsyncCheck.CommittedNavigationIdsSize recorded 5 samples, mean = 1.6 (flags = 0x41)
0  -O                                                                        (1 = 20.0%)
1  -O                                                                        (1 = 20.0%) {20.0%}
2  --O                                                                       (2 = 40.0%) {40.0%}
3  -O                                                                        (1 = 20.0%) {80.0%}
4  ... 

Histogram: SafeBrowsing.BrowserThrottle.CheckerOnIOLifetime recorded 1 samples, mean = 3727.0 (flags = 0x41)
0     ... 
3069  -O                                                                        (1 = 100.0%) {0.0%}
3900  ... 

Histogram: SafeBrowsing.BrowserThrottle.IntervalBetweenStartAndProcess recorded 1 samples, mean = 3726.0 (flags = 0x41)
0     ... 
3553  -O                                                                        (1 = 100.0%) {0.0%}
4222  ... 

Histogram: SafeBrowsing.BrowserThrottle.IntervalBetweenStartAndProcess.FromNetwork recorded 1 samples, mean = 3726.0 (flags = 0x41)
0     ... 
3553  -O                                                                        (1 = 100.0%) {0.0%}
4222  ... 

Histogram: SafeBrowsing.BrowserThrottle.IsCheckCompletedOnProcessResponse recorded 1 samples, mean = 1.0 (flags = 0x41)
0  O                                                                         (0 = 0.0%)
1  -O                                                                        (1 = 100.0%) {0.0%}
2  O                                                                         (0 = 0.0%) {100.0%}

Histogram: SafeBrowsing.BrowserThrottle.RequestDestination recorded 1 samples, mean = 3.0 (flags = 0x41)
0  ... 
3  -O                                                                        (1 = 100.0%) {0.0%}
4  ... 

Histogram: SafeBrowsing.BrowserThrottle.RequestDestination.Checked recorded 1 samples, mean = 3.0 (flags = 0x41)
0  ... 
3  -O                                                                        (1 = 100.0%) {0.0%}
4  ... 

Histogram: SafeBrowsing.BrowserThrottle.TotalDelay2.FromNetwork recorded 1 samples, mean = 0.0 (flags = 0x41)
0  -O                                                                        (1 = 100.0%)
1  ... 

Histogram: SafeBrowsing.BrowserThrottle.TotalDelay2.HashPrefixDatabaseCheck recorded 2 samples, mean = 0.0 (flags = 0x41)
0  --O                                                                       (2 = 100.0%)
1  ... 

Histogram: SafeBrowsing.BrowserThrottle.WillProcessResponseCount recorded 1 samples, mean = 1.0 (flags = 0x41)
0  O                                                                         (0 = 0.0%)
1  -O                                                                        (1 = 100.0%) {0.0%}
2  ... 

Histogram: SafeBrowsing.CheckBrowseUrl.HasLocalMatch recorded 2 samples, mean = 1.0 (flags = 0x41)
0  O                                                                         (0 = 0.0%)
1  --O                                                                       (2 = 100.0%) {0.0%}
2  O                                                                         (0 = 0.0%) {100.0%}

Histogram: SafeBrowsing.CheckUrl.Action recorded 2 samples, mean = 0.0 (flags = 0x41)
0  --O                                                                       (2 = 100.0%)
1  ... 

Histogram: SafeBrowsing.CheckUrl.FirstRequestThreatType2 recorded 1 samples, mean = 1.0 (flags = 0x41)
0  O                                                                         (0 = 0.0%)
1  -O                                                                        (1 = 100.0%) {0.0%}
2  ... 

Histogram: SafeBrowsing.CheckUrl.FirstRequestThreatType2.LocalPVer4 recorded 1 samples, mean = 1.0 (flags = 0x41)
0  O                                                                         (0 = 0.0%)
1  -O                                                                        (1 = 100.0%) {0.0%}
2  ... 

Histogram: SafeBrowsing.CheckUrl.FirstRequestTimedOut recorded 1 samples, mean = 0.0 (flags = 0x41)
0  -O                                                                        (1 = 100.0%)
1  ... 

Histogram: SafeBrowsing.CheckUrl.FirstRequestTimedOut.LocalPVer4 recorded 1 samples, mean = 0.0 (flags = 0x41)
0  -O                                                                        (1 = 100.0%)
1  ... 

Histogram: SafeBrowsing.CheckUrl.IsDocumentCheckPrefetch recorded 2 samples, mean = 0.0 (flags = 0x41)
0  --O                                                                       (2 = 100.0%)
1  ... 

Histogram: SafeBrowsing.CheckUrl.TimeTaken.HashDatabase recorded 2 samples, mean = 1192.5 (flags = 0x41)
0     ... 
318   -O                                                                        (1 = 50.0%) {0.0%}
378   ... 
1782  -O                                                                        (1 = 50.0%) {50.0%}
2117  ... 

Histogram: SafeBrowsing.CheckUrl.Timeout recorded 2 samples, mean = 0.0 (flags = 0x41)
0  --O                                                                       (2 = 100.0%)
1  ... 

Histogram: SafeBrowsing.CheckUrl.UrlScheme recorded 2 samples, mean = 10.0 (flags = 0x41)
0   ... 
10  --O                                                                       (2 = 100.0%) {0.0%}
11  ... 

Histogram: SafeBrowsing.Daily.BypassCountLast28Days.StandardProtection.AllEvents recorded 1 samples, mean = 0.0 (flags = 0x41)
0  -O                                                                        (1 = 100.0%)
1  ... 

Histogram: SafeBrowsing.Daily.SecuritySensitiveCountLast28Days.StandardProtection.AllEvents recorded 1 samples, mean = 0.0 (flags = 0x41)
0  -O                                                                        (1 = 100.0%)
1  ... 

Histogram: SafeBrowsing.FileTypeUpdate.ResourceBundleResult recorded 1 samples (flags = 0x41)
1  -O                                                                        (1 = 100.0%)

Histogram: SafeBrowsing.FileTypeUpdate.ResourceBundleVersion recorded 1 samples (flags = 0x41)
66  -O                                                                        (1 = 100.0%)

Histogram: SafeBrowsing.HPRT.Cache.FullHashCount recorded 9 samples, mean = 0.0 (flags = 0x41)
0  ---------O                                                                (9 = 100.0%)
1  ... 

Histogram: SafeBrowsing.HPRT.Cache.HashPrefixCount recorded 9 samples, mean = 0.0 (flags = 0x41)
0  ---------O                                                                (9 = 100.0%)
1  ... 

Histogram: SafeBrowsing.HPRT.Ineligible.FeatureOff recorded 1 samples, mean = 0.0 (flags = 0x41)
0  -O                                                                        (1 = 100.0%)
1  ... 

Histogram: SafeBrowsing.HPRT.Ineligible.IneligibleForLocation recorded 1 samples, mean = 0.0 (flags = 0x41)
0  -O                                                                        (1 = 100.0%)
1  ... 

Histogram: SafeBrowsing.HPRT.Ineligible.IneligibleForSessionOrLocation recorded 1 samples, mean = 1.0 (flags = 0x41)
0  O                                                                         (0 = 0.0%)
1  -O                                                                        (1 = 100.0%) {0.0%}
2  O                                                                         (0 = 0.0%) {100.0%}

Histogram: SafeBrowsing.HPRT.Ineligible.NoGoogleChromeBranding recorded 1 samples, mean = 1.0 (flags = 0x41)
0  O                                                                         (0 = 0.0%)
1  -O                                                                        (1 = 100.0%) {0.0%}
2  O                                                                         (0 = 0.0%) {100.0%}

Histogram: SafeBrowsing.HPRT.Ineligible.NotAllowedByPolicy recorded 1 samples, mean = 0.0 (flags = 0x41)
0  -O                                                                        (1 = 100.0%)
1  ... 

Histogram: SafeBrowsing.HPRT.Ineligible.NotStandardProtection recorded 1 samples, mean = 0.0 (flags = 0x41)
0  -O                                                                        (1 = 100.0%)
1  ... 

Histogram: SafeBrowsing.HPRT.Ineligible.OffTheRecord recorded 1 samples, mean = 0.0 (flags = 0x41)
0  -O                                                                        (1 = 100.0%)
1  ... 

Histogram: SafeBrowsing.HasCookieAtStartup2 recorded 1 samples, mean = 0.0 (flags = 0x41)
0  -O                                                                        (1 = 100.0%)
1  ... 

Histogram: SafeBrowsing.PageLoadToken.TokenCount recorded 9 samples, mean = 0.0 (flags = 0x41)
0  ---------O                                                                (9 = 100.0%)
1  ... 

Histogram: SafeBrowsing.Pref.Daily.Extended recorded 1 samples, mean = 0.0 (flags = 0x41)
0  -O                                                                        (1 = 100.0%)
1  ... 

Histogram: SafeBrowsing.Pref.Daily.PasswordLeakToggle recorded 1 samples, mean = 1.0 (flags = 0x41)
0  O                                                                         (0 = 0.0%)
1  -O                                                                        (1 = 100.0%) {0.0%}
2  O                                                                         (0 = 0.0%) {100.0%}

Histogram: SafeBrowsing.Pref.Daily.SafeBrowsingModeManaged recorded 1 samples, mean = 0.0 (flags = 0x41)
0  -O                                                                        (1 = 100.0%)
1  ... 

Histogram: SafeBrowsing.Pref.Daily.SafeBrowsingState recorded 1 samples, mean = 1.0 (flags = 0x41)
0  O                                                                         (0 = 0.0%)
1  -O                                                                        (1 = 100.0%) {0.0%}
2  ... 

Histogram: SafeBrowsing.Pref.Enhanced recorded 1 samples, mean = 0.0 (flags = 0x41)
0  -O                                                                        (1 = 100.0%)
1  ... 

Histogram: SafeBrowsing.Pref.Enhanced.RegularProfile recorded 1 samples, mean = 0.0 (flags = 0x41)
0  -O                                                                        (1 = 100.0%)
1  ... 

Histogram: SafeBrowsing.Pref.Extended recorded 1 samples, mean = 0.0 (flags = 0x41)
0  -O                                                                        (1 = 100.0%)
1  ... 

Histogram: SafeBrowsing.Pref.General recorded 1 samples, mean = 1.0 (flags = 0x41)
0  O                                                                         (0 = 0.0%)
1  -O                                                                        (1 = 100.0%) {0.0%}
2  O                                                                         (0 = 0.0%) {100.0%}

Histogram: SafeBrowsing.RT.CacheManager.CleanUpTime recorded 9 samples, mean = 0.0 (flags = 0x41)
0  ---------O                                                                (9 = 100.0%)
1  ... 

Histogram: SafeBrowsing.RT.CanCheckDatabase recorded 2 samples, mean = 1.0 (flags = 0x41)
0  O                                                                         (0 = 0.0%)
1  --O                                                                       (2 = 100.0%) {0.0%}
2  O                                                                         (0 = 0.0%) {100.0%}

Histogram: SafeBrowsing.RT.ConsumerVersionReason recorded 2 samples, mean = 1.0 (flags = 0x41)
0  -O                                                                        (1 = 50.0%)
1  O                                                                         (0 = 0.0%) {50.0%}
2  -O                                                                        (1 = 50.0%) {50.0%}
3  ... 

Histogram: SafeBrowsing.RendererThrottle.IsCheckCompletedOnProcessResponse recorded 47 samples, mean = 1.0 (flags = 0x41)
0  O                                                                         (0 = 0.0%)
1  -----------------------------------------------O                          (47 = 100.0%) {0.0%}
2  O                                                                         (0 = 0.0%) {100.0%}

Histogram: SafeBrowsing.RendererThrottle.RequestDestination recorded 51 samples, mean = 10.0 (flags = 0x41)
0   -------O                                                                  (7 = 13.7%)
1   ... 
5   ---------O                                                                (9 = 17.6%) {13.7%}
6   ... 
8   -O                                                                        (1 = 2.0%) {31.4%}
9   -O                                                                        (1 = 2.0%) {33.3%}
10  ... 
13  --------------------------O                                               (26 = 51.0%) {35.3%}
14  ... 
16  -------O                                                                  (7 = 13.7%) {86.3%}
17  ... 

Histogram: SafeBrowsing.V4Database.Size recorded 1 samples, mean = 0.0 (flags = 0x41)
0  -O                                                                        (1 = 100.0%)
1  ... 

Histogram: SafeBrowsing.V4Database.Size.ChromeExtMalware recorded 1 samples, mean = 0.0 (flags = 0x41)
0  -O                                                                        (1 = 100.0%)
1  ... 

Histogram: SafeBrowsing.V4Database.Size.UrlBilling recorded 1 samples, mean = 0.0 (flags = 0x41)
0  -O                                                                        (1 = 100.0%)
1  ... 

Histogram: SafeBrowsing.V4Database.Size.UrlCsdDownloadAllowlist recorded 1 samples, mean = 0.0 (flags = 0x41)
0  -O                                                                        (1 = 100.0%)
1  ... 

Histogram: SafeBrowsing.V4Database.Size.UrlMalBin recorded 1 samples, mean = 0.0 (flags = 0x41)
0  -O                                                                        (1 = 100.0%)
1  ... 

Histogram: SafeBrowsing.V4Database.Size.UrlMalware recorded 1 samples, mean = 0.0 (flags = 0x41)
0  -O                                                                        (1 = 100.0%)
1  ... 

Histogram: SafeBrowsing.V4Database.Size.UrlSoceng recorded 1 samples, mean = 0.0 (flags = 0x41)
0  -O                                                                        (1 = 100.0%)
1  ... 

Histogram: SafeBrowsing.V4Database.Size.UrlUws recorded 1 samples, mean = 0.0 (flags = 0x41)
0  -O                                                                        (1 = 100.0%)
1  ... 

Histogram: SafeBrowsing.V4Database.SizeLinear recorded 1 samples, mean = 0.0 (flags = 0x41)
0  -O                                                                        (1 = 100.0%)
1  ... 

Histogram: SafeBrowsing.V4Database.SizeLinear.ChromeExtMalware recorded 1 samples, mean = 0.0 (flags = 0x41)
0  -O                                                                        (1 = 100.0%)
1  ... 

Histogram: SafeBrowsing.V4Database.SizeLinear.UrlMalBin recorded 1 samples, mean = 0.0 (flags = 0x41)
0  -O                                                                        (1 = 100.0%)
1  ... 

Histogram: SafeBrowsing.V4Database.SizeLinear.UrlSoceng recorded 1 samples, mean = 0.0 (flags = 0x41)
0  -O                                                                        (1 = 100.0%)
1  ... 

Histogram: SafeBrowsing.V4DatabaseInitializationTime recorded 1 samples, mean = 7373.0 (flags = 0x41)
0     ... 
7083  -O                                                                        (1 = 100.0%) {0.0%}
8416  ... 

Histogram: SafeBrowsing.V4Store.IsStoreValid recorded 7 samples, mean = 0.0 (flags = 0x41)
0  -------O                                                                  (7 = 100.0%)
1  ... 

Histogram: SafeBrowsing.V4Store.IsStoreValid.ChromeExtMalware recorded 1 samples, mean = 0.0 (flags = 0x41)
0  -O                                                                        (1 = 100.0%)
1  ... 

Histogram: SafeBrowsing.V4Store.IsStoreValid.UrlBilling recorded 1 samples, mean = 0.0 (flags = 0x41)
0  -O                                                                        (1 = 100.0%)
1  ... 

Histogram: SafeBrowsing.V4Store.IsStoreValid.UrlCsdDownloadAllowlist recorded 1 samples, mean = 0.0 (flags = 0x41)
0  -O                                                                        (1 = 100.0%)
1  ... 

Histogram: SafeBrowsing.V4Store.IsStoreValid.UrlMalBin recorded 1 samples, mean = 0.0 (flags = 0x41)
0  -O                                                                        (1 = 100.0%)
1  ... 

Histogram: SafeBrowsing.V4Store.IsStoreValid.UrlMalware recorded 1 samples, mean = 0.0 (flags = 0x41)
0  -O                                                                        (1 = 100.0%)
1  ... 

Histogram: SafeBrowsing.V4Store.IsStoreValid.UrlSoceng recorded 1 samples, mean = 0.0 (flags = 0x41)
0  -O                                                                        (1 = 100.0%)
1  ... 

Histogram: SafeBrowsing.V4Store.IsStoreValid.UrlUws recorded 1 samples, mean = 0.0 (flags = 0x41)
0  -O                                                                        (1 = 100.0%)
1  ... 

Histogram: SafeBrowsing.V4Store.ReadyOnStartup recorded 7 samples, mean = 0.0 (flags = 0x41)
0  -------O                                                                  (7 = 100.0%)
1  ... 

Histogram: SafeBrowsing.V4StoreRead.Result recorded 7 samples, mean = 2.0 (flags = 0x41)
0  ... 
2  -------O                                                                  (7 = 100.0%) {0.0%}
3  ... 

Histogram: Scheduler.Experimental.Renderer.UkmRecordingStatus recorded 2 samples, mean = 0.0 (flags = 0x41)
0  --O                                                                       (2 = 100.0%)
1  ... 

Histogram: Scheduling.MessagePumpTimeKeeper.BrowserIO recorded 0 samples (flags = 0x41)
0 ... 

Histogram: Scheduling.MessagePumpTimeKeeper.BrowserUI recorded 0 samples (flags = 0x41)
0 ... 

Histogram: Scheduling.ThreadController.ActiveIntervalDuration.Any.BrowserUI recorded 59 samples, mean = 0.0 (flags = 0x41)
0  -----------------------------------------------------------O              (59 = 100.0%)
1  ... 

Histogram: Scheduling.ThreadController.ActiveIntervalDuration.Any.Other recorded 188 samples, mean = 0.1 (flags = 0x41)
0  ------------------------------------------------------------------------O (185 = 98.4%)
1  ... 
4  O                                                                         (1 = 0.5%) {98.4%}
5  O                                                                         (1 = 0.5%) {98.9%}
6  ... 
8  O                                                                         (1 = 0.5%) {99.5%}
10 ... 

Histogram: Scheduling.ThreadController.ActiveIntervalDuration.Medium.Other recorded 3 samples, mean = 6.0 (flags = 0x41)
0  ... 
4  -O                                                                        (1 = 33.3%) {0.0%}
5  -O                                                                        (1 = 33.3%) {33.3%}
6  ... 
9  -O                                                                        (1 = 33.3%) {66.7%}
10 ... 

Histogram: Scheduling.ThreadController.ActiveIntervalDuration.Short.BrowserUI recorded 59 samples, mean = 0.6 (flags = 0x41)
0  --------------------------O                                               (26 = 44.1%)
1  --------------------------------O                                         (32 = 54.2%) {44.1%}
2  -O                                                                        (1 = 1.7%) {98.3%}
3  ... 

Histogram: Scheduling.ThreadController.ActiveIntervalDuration.Short.Other recorded 185 samples, mean = 44.6 (flags = 0x41)
0    ... 
3    -O                                                                        (1 = 0.5%) {0.0%}
4    --O                                                                       (2 = 1.1%) {0.5%}
5    ----O                                                                     (4 = 2.2%) {1.6%}
6    ------------O                                                             (12 = 6.5%) {3.8%}
7    --------------------------------------------------------O                 (56 = 30.3%) {10.3%}
8    -------------------------O                                                (25 = 13.5%) {40.5%}
9    -------O                                                                  (7 = 3.8%) {54.1%}
10   -O                                                                        (1 = 0.5%) {57.8%}
11   ----O                                                                     (4 = 2.2%) {58.4%}
12   --O                                                                       (2 = 1.1%) {60.5%}
13   -O                                                                        (1 = 0.5%) {61.6%}
14   ... 
18   --O                                                                       (2 = 1.1%) {62.2%}
19   ... 
21   -O                                                                        (1 = 0.5%) {63.2%}
22   O                                                                         (0 = 0.0%) {63.8%}
23   -O                                                                        (1 = 0.5%) {63.8%}
24   --O                                                                       (2 = 1.1%) {64.3%}
25   O                                                                         (0 = 0.0%) {65.4%}
26   -O                                                                        (1 = 0.5%) {65.4%}
27   ... 
29   -O                                                                        (1 = 0.5%) {65.9%}
31   --O                                                                       (2 = 1.1%) {66.5%}
33   -----O                                                                    (5 = 2.7%) {67.6%}
35   --O                                                                       (2 = 1.1%) {70.3%}
37   --O                                                                       (2 = 1.1%) {71.4%}
39   -O                                                                        (1 = 0.5%) {72.4%}
41   --O                                                                       (2 = 1.1%) {73.0%}
43   -O                                                                        (1 = 0.5%) {74.1%}
45   -O                                                                        (1 = 0.5%) {74.6%}
47   O                                                                         (0 = 0.0%) {75.1%}
49   --O                                                                       (2 = 1.1%) {75.1%}
52   ----O                                                                     (4 = 2.2%) {76.2%}
55   -O                                                                        (1 = 0.5%) {78.4%}
58   -O                                                                        (1 = 0.5%) {78.9%}
61   -O                                                                        (1 = 0.5%) {79.5%}
64   -O                                                                        (1 = 0.5%) {80.0%}
67   ... 
78   --O                                                                       (2 = 1.1%) {80.5%}
82   -O                                                                        (1 = 0.5%) {81.6%}
86   ---O                                                                      (3 = 1.6%) {82.2%}
90   O                                                                         (0 = 0.0%) {83.8%}
95   ----O                                                                     (4 = 2.2%) {83.8%}
100  -O                                                                        (1 = 0.5%) {85.9%}
105  ---O                                                                      (3 = 1.6%) {86.5%}
110  ----O                                                                     (4 = 2.2%) {88.1%}
116  ----O                                                                     (4 = 2.2%) {90.3%}
122  --O                                                                       (2 = 1.1%) {92.4%}
128  O                                                                         (0 = 0.0%) {93.5%}
135  -O                                                                        (1 = 0.5%) {93.5%}
142  -O                                                                        (1 = 0.5%) {94.1%}
149  -O                                                                        (1 = 0.5%) {94.6%}
157  -O                                                                        (1 = 0.5%) {95.1%}
165  O                                                                         (0 = 0.0%) {95.7%}
173  -O                                                                        (1 = 0.5%) {95.7%}
182  ... 
245  -O                                                                        (1 = 0.5%) {96.2%}
258  O                                                                         (0 = 0.0%) {96.8%}
271  --O                                                                       (2 = 1.1%) {96.8%}
285  ... 
366  -O                                                                        (1 = 0.5%) {97.8%}
385  -O                                                                        (1 = 0.5%) {98.4%}
405  ... 
448  -O                                                                        (1 = 0.5%) {98.9%}
471  ... 
777  -O                                                                        (1 = 0.5%) {99.5%}
817  ... 

Histogram: Scheduling.ThreadController.ActiveIntervalOffCpuDuration.Any.BrowserUI recorded 59 samples, mean = 0.0 (flags = 0x41)
0  -----------------------------------------------------------O              (59 = 100.0%)
1  ... 

Histogram: Scheduling.ThreadController.ActiveIntervalOffCpuDuration.Any.Other recorded 188 samples, mean = 0.0 (flags = 0x41)
0  ------------------------------------------------------------------------O (188 = 100.0%)
1  ... 

Histogram: Scheduling.ThreadController.ActiveIntervalOffCpuDuration.Medium.Other recorded 3 samples, mean = 0.0 (flags = 0x41)
0  ---O                                                                      (3 = 100.0%)
1  ... 

Histogram: Scheduling.ThreadController.ActiveIntervalOffCpuDuration.Short.BrowserUI recorded 59 samples, mean = 0.4 (flags = 0x41)
0  ------------------------------------O                                     (36 = 61.0%)
1  -----------------------O                                                  (23 = 39.0%) {61.0%}
2  ... 

Histogram: Scheduling.ThreadController.ActiveIntervalOffCpuDuration.Short.Other recorded 185 samples, mean = 8.3 (flags = 0x41)
0    ----------------------------------------O                                 (42 = 22.7%)
1    ------------------------------------------------------------------------O (75 = 40.5%) {22.7%}
2    --------------------------O                                               (27 = 14.6%) {63.2%}
3    -----O                                                                    (5 = 2.7%) {77.8%}
4    -O                                                                        (1 = 0.5%) {80.5%}
5    -O                                                                        (1 = 0.5%) {81.1%}
6    -O                                                                        (1 = 0.5%) {81.6%}
7    -O                                                                        (1 = 0.5%) {82.2%}
8    O                                                                         (0 = 0.0%) {82.7%}
9    -O                                                                        (1 = 0.5%) {82.7%}
10   O                                                                         (0 = 0.0%) {83.2%}
11   --O                                                                       (2 = 1.1%) {83.2%}
12   -O                                                                        (1 = 0.5%) {84.3%}
13   ---O                                                                      (3 = 1.6%) {84.9%}
14   -O                                                                        (1 = 0.5%) {86.5%}
15   O                                                                         (0 = 0.0%) {87.0%}
16   ----O                                                                     (4 = 2.2%) {87.0%}
17   ... 
19   ---O                                                                      (3 = 1.6%) {89.2%}
20   --O                                                                       (2 = 1.1%) {90.8%}
21   --O                                                                       (2 = 1.1%) {91.9%}
22   O                                                                         (0 = 0.0%) {93.0%}
23   --O                                                                       (2 = 1.1%) {93.0%}
24   O                                                                         (0 = 0.0%) {94.1%}
25   -O                                                                        (1 = 0.5%) {94.1%}
26   ... 
29   -O                                                                        (1 = 0.5%) {94.6%}
31   ... 
37   -O                                                                        (1 = 0.5%) {95.1%}
39   ... 
49   -O                                                                        (1 = 0.5%) {95.7%}
52   ... 
58   -O                                                                        (1 = 0.5%) {96.2%}
61   ... 
67   -O                                                                        (1 = 0.5%) {96.8%}
70   ... 
86   -O                                                                        (1 = 0.5%) {97.3%}
90   ... 
110  -O                                                                        (1 = 0.5%) {97.8%}
116  ... 
135  --O                                                                       (2 = 1.1%) {98.4%}
142  ... 
271  -O                                                                        (1 = 0.5%) {99.5%}
285  ... 

Histogram: Scheduling.ThreadController.ActiveIntervalOnCpuDuration.Any.BrowserUI recorded 59 samples, mean = 0.0 (flags = 0x41)
0  -----------------------------------------------------------O              (59 = 100.0%)
1  ... 

Histogram: Scheduling.ThreadController.ActiveIntervalOnCpuDuration.Any.Other recorded 188 samples, mean = 0.1 (flags = 0x41)
0  ------------------------------------------------------------------------O (185 = 98.4%)
1  ... 
4  O                                                                         (1 = 0.5%) {98.4%}
5  O                                                                         (1 = 0.5%) {98.9%}
6  ... 
8  O                                                                         (1 = 0.5%) {99.5%}
10 ... 

Histogram: Scheduling.ThreadController.ActiveIntervalOnCpuDuration.Medium.Other recorded 3 samples, mean = 5.7 (flags = 0x41)
0  ... 
4  -O                                                                        (1 = 33.3%) {0.0%}
5  -O                                                                        (1 = 33.3%) {33.3%}
6  ... 
8  -O                                                                        (1 = 33.3%) {66.7%}
9  ... 

Histogram: Scheduling.ThreadController.ActiveIntervalOnCpuDuration.Short.BrowserUI recorded 59 samples, mean = 0.2 (flags = 0x41)
0  -------------------------------------------------O                        (49 = 83.1%)
1  ---------O                                                                (9 = 15.3%) {83.1%}
2  -O                                                                        (1 = 1.7%) {98.3%}
3  ... 

Histogram: Scheduling.ThreadController.ActiveIntervalOnCpuDuration.Short.Other recorded 185 samples, mean = 36.3 (flags = 0x41)
0    --O                                                                       (2 = 1.1%)
1    ... 
3    ---O                                                                      (3 = 1.6%) {1.1%}
4    --O                                                                       (2 = 1.1%) {2.7%}
5    ---------O                                                                (9 = 4.9%) {3.8%}
6    ---------------------------------------------------------------O          (63 = 34.1%) {8.6%}
7    ------------------------------O                                           (30 = 16.2%) {42.7%}
8    --O                                                                       (2 = 1.1%) {58.9%}
9    ---O                                                                      (3 = 1.6%) {60.0%}
10   -O                                                                        (1 = 0.5%) {61.6%}
11   -----O                                                                    (5 = 2.7%) {62.2%}
12   ... 
18   -O                                                                        (1 = 0.5%) {64.9%}
19   O                                                                         (0 = 0.0%) {65.4%}
20   -O                                                                        (1 = 0.5%) {65.4%}
21   O                                                                         (0 = 0.0%) {65.9%}
22   --O                                                                       (2 = 1.1%) {65.9%}
23   -O                                                                        (1 = 0.5%) {67.0%}
24   O                                                                         (0 = 0.0%) {67.6%}
25   -O                                                                        (1 = 0.5%) {67.6%}
26   ... 
28   -O                                                                        (1 = 0.5%) {68.1%}
29   -O                                                                        (1 = 0.5%) {68.6%}
31   -O                                                                        (1 = 0.5%) {69.2%}
33   -----O                                                                    (5 = 2.7%) {69.7%}
35   ---O                                                                      (3 = 1.6%) {72.4%}
37   --O                                                                       (2 = 1.1%) {74.1%}
39   --O                                                                       (2 = 1.1%) {75.1%}
41   -O                                                                        (1 = 0.5%) {76.2%}
43   -O                                                                        (1 = 0.5%) {76.8%}
45   O                                                                         (0 = 0.0%) {77.3%}
47   --O                                                                       (2 = 1.1%) {77.3%}
49   O                                                                         (0 = 0.0%) {78.4%}
52   -----O                                                                    (5 = 2.7%) {78.4%}
55   -O                                                                        (1 = 0.5%) {81.1%}
58   -O                                                                        (1 = 0.5%) {81.6%}
61   ... 
67   -O                                                                        (1 = 0.5%) {82.2%}
70   ---O                                                                      (3 = 1.6%) {82.7%}
74   --O                                                                       (2 = 1.1%) {84.3%}
78   --O                                                                       (2 = 1.1%) {85.4%}
82   -O                                                                        (1 = 0.5%) {86.5%}
86   ------O                                                                   (6 = 3.2%) {87.0%}
90   -O                                                                        (1 = 0.5%) {90.3%}
95   --O                                                                       (2 = 1.1%) {90.8%}
100  ---O                                                                      (3 = 1.6%) {91.9%}
105  -O                                                                        (1 = 0.5%) {93.5%}
110  --O                                                                       (2 = 1.1%) {94.1%}
116  O                                                                         (0 = 0.0%) {95.1%}
122  -O                                                                        (1 = 0.5%) {95.1%}
128  O                                                                         (0 = 0.0%) {95.7%}
135  -O                                                                        (1 = 0.5%) {95.7%}
142  O                                                                         (0 = 0.0%) {96.2%}
149  -O                                                                        (1 = 0.5%) {96.2%}
157  ... 
173  -O                                                                        (1 = 0.5%) {96.8%}
182  ... 
271  -O                                                                        (1 = 0.5%) {97.3%}
285  ... 
366  ---O                                                                      (3 = 1.6%) {97.8%}
385  ... 
636  -O                                                                        (1 = 0.5%) {99.5%}
669  ... 

Histogram: Scheduling.ThreadController.ActiveIntervalOnCpuPercentage.Any.BrowserUI recorded 59 samples, mean = 61.0 (flags = 0x41)
0    -----------------------O                                                  (23 = 39.0%)
1    ... 
100  ------------------------------------O                                     (36 = 61.0%) {39.0%}
101  O                                                                         (0 = 0.0%) {100.0%}

Histogram: Scheduling.ThreadController.ActiveIntervalOnCpuPercentage.Any.Other recorded 188 samples, mean = 86.0 (flags = 0x41)
0    --O                                                                       (2 = 1.1%)
1    ... 
10   -O                                                                        (1 = 0.5%) {1.1%}
11   ... 
15   -O                                                                        (1 = 0.5%) {1.6%}
16   ... 
36   -O                                                                        (1 = 0.5%) {2.1%}
37   O                                                                         (0 = 0.0%) {2.7%}
38   -O                                                                        (1 = 0.5%) {2.7%}
39   ... 
43   -O                                                                        (1 = 0.5%) {3.2%}
44   ... 
55   -O                                                                        (1 = 0.5%) {3.7%}
56   ... 
62   -O                                                                        (1 = 0.5%) {4.3%}
63   ... 
65   -O                                                                        (1 = 0.5%) {4.8%}
66   ----O                                                                     (4 = 2.1%) {5.3%}
67   ... 
71   ----O                                                                     (4 = 2.1%) {7.4%}
72   O                                                                         (0 = 0.0%) {9.6%}
73   -O                                                                        (1 = 0.5%) {9.6%}
74   O                                                                         (0 = 0.0%) {10.1%}
75   -------------O                                                            (13 = 6.9%) {10.1%}
76   O                                                                         (0 = 0.0%) {17.0%}
77   --O                                                                       (2 = 1.1%) {17.0%}
78   -O                                                                        (1 = 0.5%) {18.1%}
79   --O                                                                       (2 = 1.1%) {18.6%}
80   ---O                                                                      (3 = 1.6%) {19.7%}
81   ----O                                                                     (4 = 2.1%) {21.3%}
82   -O                                                                        (1 = 0.5%) {23.4%}
83   ------O                                                                   (6 = 3.2%) {23.9%}
84   ---O                                                                      (3 = 1.6%) {27.1%}
85   --------------------------------------O                                   (38 = 20.2%) {28.7%}
86   ----O                                                                     (4 = 2.1%) {48.9%}
87   ------------O                                                             (12 = 6.4%) {51.1%}
88   -O                                                                        (1 = 0.5%) {57.4%}
89   -O                                                                        (1 = 0.5%) {58.0%}
90   -O                                                                        (1 = 0.5%) {58.5%}
91   ---O                                                                      (3 = 1.6%) {59.0%}
92   O                                                                         (0 = 0.0%) {60.6%}
93   -O                                                                        (1 = 0.5%) {60.6%}
94   O                                                                         (0 = 0.0%) {61.2%}
95   ----O                                                                     (4 = 2.1%) {61.2%}
96   -----O                                                                    (5 = 2.7%) {63.3%}
97   ---------O                                                                (9 = 4.8%) {66.0%}
98   ------------O                                                             (12 = 6.4%) {70.7%}
99   -O                                                                        (1 = 0.5%) {77.1%}
100  ------------------------------------------O                               (42 = 22.3%) {77.7%}
101  O                                                                         (0 = 0.0%) {100.0%}

Histogram: Scheduling.ThreadController.ActiveIntervalOnCpuPercentage.Medium.Other recorded 3 samples, mean = 97.7 (flags = 0x41)
0   ... 
97  -O                                                                        (1 = 33.3%) {0.0%}
98  --O                                                                       (2 = 66.7%) {33.3%}
99  ... 

Histogram: Scheduling.ThreadController.ActiveIntervalOnCpuPercentage.Short.BrowserUI recorded 59 samples, mean = 61.0 (flags = 0x41)
0    -----------------------O                                                  (23 = 39.0%)
1    ... 
100  ------------------------------------O                                     (36 = 61.0%) {39.0%}
101  O                                                                         (0 = 0.0%) {100.0%}

Histogram: Scheduling.ThreadController.ActiveIntervalOnCpuPercentage.Short.Other recorded 185 samples, mean = 85.8 (flags = 0x41)
0    --O                                                                       (2 = 1.1%)
1    ... 
10   -O                                                                        (1 = 0.5%) {1.1%}
11   ... 
15   -O                                                                        (1 = 0.5%) {1.6%}
16   ... 
36   -O                                                                        (1 = 0.5%) {2.2%}
37   O                                                                         (0 = 0.0%) {2.7%}
38   -O                                                                        (1 = 0.5%) {2.7%}
39   ... 
43   -O                                                                        (1 = 0.5%) {3.2%}
44   ... 
55   -O                                                                        (1 = 0.5%) {3.8%}
56   ... 
62   -O                                                                        (1 = 0.5%) {4.3%}
63   ... 
65   -O                                                                        (1 = 0.5%) {4.9%}
66   ----O                                                                     (4 = 2.2%) {5.4%}
67   ... 
71   ----O                                                                     (4 = 2.2%) {7.6%}
72   O                                                                         (0 = 0.0%) {9.7%}
73   -O                                                                        (1 = 0.5%) {9.7%}
74   O                                                                         (0 = 0.0%) {10.3%}
75   -------------O                                                            (13 = 7.0%) {10.3%}
76   O                                                                         (0 = 0.0%) {17.3%}
77   --O                                                                       (2 = 1.1%) {17.3%}
78   -O                                                                        (1 = 0.5%) {18.4%}
79   --O                                                                       (2 = 1.1%) {18.9%}
80   ---O                                                                      (3 = 1.6%) {20.0%}
81   ----O                                                                     (4 = 2.2%) {21.6%}
82   -O                                                                        (1 = 0.5%) {23.8%}
83   ------O                                                                   (6 = 3.2%) {24.3%}
84   ---O                                                                      (3 = 1.6%) {27.6%}
85   --------------------------------------O                                   (38 = 20.5%) {29.2%}
86   ----O                                                                     (4 = 2.2%) {49.7%}
87   ------------O                                                             (12 = 6.5%) {51.9%}
88   -O                                                                        (1 = 0.5%) {58.4%}
89   -O                                                                        (1 = 0.5%) {58.9%}
90   -O                                                                        (1 = 0.5%) {59.5%}
91   ---O                                                                      (3 = 1.6%) {60.0%}
92   O                                                                         (0 = 0.0%) {61.6%}
93   -O                                                                        (1 = 0.5%) {61.6%}
94   O                                                                         (0 = 0.0%) {62.2%}
95   ----O                                                                     (4 = 2.2%) {62.2%}
96   -----O                                                                    (5 = 2.7%) {64.3%}
97   --------O                                                                 (8 = 4.3%) {67.0%}
98   ----------O                                                               (10 = 5.4%) {71.4%}
99   -O                                                                        (1 = 0.5%) {76.8%}
100  ------------------------------------------O                               (42 = 22.7%) {77.3%}
101  O                                                                         (0 = 0.0%) {100.0%}

Histogram: Scheduling.ThreadController.IdleDuration.Any.BrowserUI recorded 59 samples, mean = 0.0 (flags = 0x41)
0  -----------------------------------------------------------O              (59 = 100.0%)
1  ... 

Histogram: Scheduling.ThreadController.IdleDuration.Any.Other recorded 78 samples, mean = 1121.4 (flags = 0x41)
0      -------------------------O                                                (25 = 32.1%)
1      ... 
3      -O                                                                        (1 = 1.3%) {32.1%}
4      O                                                                         (0 = 0.0%) {33.3%}
5      -O                                                                        (1 = 1.3%) {33.3%}
6      ... 
68     -O                                                                        (1 = 1.3%) {34.6%}
81     --------------O                                                           (14 = 17.9%) {35.9%}
96     ---------O                                                                (9 = 11.5%) {53.8%}
114    ... 
752    -O                                                                        (1 = 1.3%) {65.4%}
894    --------------O                                                           (14 = 17.9%) {66.7%}
1062   ... 
2117   -O                                                                        (1 = 1.3%) {84.6%}
2516   -O                                                                        (1 = 1.3%) {85.9%}
2990   -O                                                                        (1 = 1.3%) {87.2%}
3553   --------O                                                                 (8 = 10.3%) {88.5%}
4222   ... 
10000  -O                                                                        (1 = 1.3%) {98.7%}

Histogram: Scheduling.ThreadController.IdleDuration.Medium.Other recorded 19 samples, mean = 83.3 (flags = 0x41)
0   ... 
3   -O                                                                        (1 = 5.3%) {0.0%}
4   O                                                                         (0 = 0.0%) {5.3%}
5   -O                                                                        (1 = 5.3%) {5.3%}
6   ... 
76  -O                                                                        (1 = 5.3%) {10.5%}
77  ... 
92  ---O                                                                      (3 = 15.8%) {15.8%}
93  --------O                                                                 (8 = 42.1%) {31.6%}
94  ---O                                                                      (3 = 15.8%) {73.7%}
95  ... 
98  --O                                                                       (2 = 10.5%) {89.5%}
100 O                                                                         (0 = 0.0%) {100.0%}

Histogram: Scheduling.ThreadController.IdleDuration.Short.BrowserUI recorded 59 samples, mean = 3.8 (flags = 0x41)
0   ... 
2   --------------------------------------------O                             (44 = 74.6%) {0.0%}
3   -----------O                                                              (11 = 18.6%) {74.6%}
4   ... 
6   -O                                                                        (1 = 1.7%) {93.2%}
7   -O                                                                        (1 = 1.7%) {94.9%}
8   ... 
37  -O                                                                        (1 = 1.7%) {96.6%}
39  ... 
49  -O                                                                        (1 = 1.7%) {98.3%}
52  ... 

Histogram: Scheduling.ThreadController.IdleDuration.Short.Other recorded 25 samples, mean = 91.4 (flags = 0x41)
0    ... 
18   --O                                                                       (2 = 8.0%) {0.0%}
19   O                                                                         (0 = 0.0%) {8.0%}
20   --O                                                                       (2 = 8.0%) {8.0%}
21   O                                                                         (0 = 0.0%) {16.0%}
22   -O                                                                        (1 = 4.0%) {16.0%}
23   ... 
25   -O                                                                        (1 = 4.0%) {20.0%}
26   -O                                                                        (1 = 4.0%) {24.0%}
27   -O                                                                        (1 = 4.0%) {28.0%}
28   ... 
33   -O                                                                        (1 = 4.0%) {32.0%}
35   ... 
39   -O                                                                        (1 = 4.0%) {36.0%}
41   O                                                                         (0 = 0.0%) {40.0%}
43   -O                                                                        (1 = 4.0%) {40.0%}
45   O                                                                         (0 = 0.0%) {44.0%}
47   --O                                                                       (2 = 8.0%) {44.0%}
49   -O                                                                        (1 = 4.0%) {52.0%}
52   --O                                                                       (2 = 8.0%) {56.0%}
55   -O                                                                        (1 = 4.0%) {64.0%}
58   -O                                                                        (1 = 4.0%) {68.0%}
61   --O                                                                       (2 = 8.0%) {72.0%}
64   ... 
70   --O                                                                       (2 = 8.0%) {80.0%}
74   ... 
191  -O                                                                        (1 = 4.0%) {88.0%}
201  -O                                                                        (1 = 4.0%) {92.0%}
211  ... 
951  -O                                                                        (1 = 4.0%) {96.0%}
1000 O                                                                         (0 = 0.0%) {100.0%}

Histogram: Search.ChoiceReprompt recorded 1 samples, mean = 6.0 (flags = 0x41)
0  ... 
6  -O                                                                        (1 = 100.0%) {0.0%}
7  O                                                                         (0 = 0.0%) {100.0%}

Histogram: Search.SearchProviderOverrideStatus recorded 1 samples, mean = 0.0 (flags = 0x41)
0  -O                                                                        (1 = 100.0%)
1  ... 

Histogram: Security.GwpAsan.Activated.Malloc.Browser recorded 1 samples, mean = 0.0 (flags = 0x41)
0  -O                                                                        (1 = 100.0%)
1  ... 

Histogram: Security.GwpAsan.Activated.PartitionAlloc.Browser recorded 1 samples, mean = 0.0 (flags = 0x41)
0  -O                                                                        (1 = 100.0%)
1  ... 

Histogram: Security.HttpsFirstMode.SettingEnabledAtStartup recorded 1 samples, mean = 0.0 (flags = 0x41)
0  -O                                                                        (1 = 100.0%)
1  ... 

Histogram: Security.JSONParser.ChromiumExtensionUsage recorded 1 samples, mean = 1.0 (flags = 0x41)
0  O                                                                         (0 = 0.0%)
1  -O                                                                        (1 = 100.0%) {0.0%}
2  ... 

Histogram: Security.JSONParser.ParsingTime recorded 17 samples, mean = 86.2 (flags = 0x41)
0    -O                                                                        (1 = 5.9%)
1    O                                                                         (0 = 0.0%) {5.9%}
2    -O                                                                        (1 = 5.9%) {5.9%}
3    --O                                                                       (2 = 11.8%) {11.8%}
4    --O                                                                       (2 = 11.8%) {23.5%}
5    -O                                                                        (1 = 5.9%) {35.3%}
7    O                                                                         (0 = 0.0%) {41.2%}
9    -O                                                                        (1 = 5.9%) {41.2%}
12   -O                                                                        (1 = 5.9%) {47.1%}
16   --O                                                                       (2 = 11.8%) {52.9%}
21   O                                                                         (0 = 0.0%) {64.7%}
28   -O                                                                        (1 = 5.9%) {64.7%}
37   -O                                                                        (1 = 5.9%) {70.6%}
49   --O                                                                       (2 = 11.8%) {76.5%}
65   ... 
340  -O                                                                        (1 = 5.9%) {88.2%}
448  O                                                                         (0 = 0.0%) {94.1%}
590  -O                                                                        (1 = 5.9%) {94.1%}
777  ... 

Histogram: Security.NavigationRequestSecurityLevel recorded 2 samples, mean = 1.0 (flags = 0x41)
0  O                                                                         (0 = 0.0%)
1  --O                                                                       (2 = 100.0%) {0.0%}
2  ... 

Histogram: Security.PageEndReason.SECURE recorded 1 samples, mean = 6.0 (flags = 0x41)
0  ... 
6  -O                                                                        (1 = 100.0%) {0.0%}
7  ... 

Histogram: Security.PageEndReason.SafetyTip_None recorded 1 samples, mean = 6.0 (flags = 0x41)
0  ... 
6  -O                                                                        (1 = 100.0%) {0.0%}
7  ... 

Histogram: Security.PrivateNetworkAccess.CheckResult recorded 53 samples, mean = 2.4 (flags = 0x41)
0   ----O                                                                     (4 = 7.5%)
1   ------------------------------------------O                               (42 = 79.2%) {7.5%}
2   ... 
12  -------O                                                                  (7 = 13.2%) {86.8%}
13  O                                                                         (0 = 0.0%) {100.0%}

Histogram: Security.SCTAuditing.NumPersistedReportsLoaded recorded 1 samples, mean = 0.0 (flags = 0x41)
0  -O                                                                        (1 = 100.0%)
1  ... 

Histogram: Security.SafetyTips.GetReputationStatusWithEngagedSitesTime recorded 1 samples, mean = 0.0 (flags = 0x41)
0  -O                                                                        (1 = 100.0%)
1  ... 

Histogram: Security.SafetyTips.ReputationCheckComplete.DidFinishNavigation recorded 1 samples, mean = 1.0 (flags = 0x41)
0  O                                                                         (0 = 0.0%)
1  -O                                                                        (1 = 100.0%) {0.0%}
2  ... 

Histogram: Security.SafetyTips.SafetyTipShown recorded 1 samples, mean = 1.0 (flags = 0x41)
0  O                                                                         (0 = 0.0%)
1  -O                                                                        (1 = 100.0%) {0.0%}
2  ... 

Histogram: Security.SafetyTips.StatusWithInitiator.Unknown recorded 1 samples, mean = 1.0 (flags = 0x41)
0  O                                                                         (0 = 0.0%)
1  -O                                                                        (1 = 100.0%) {0.0%}
2  ... 

Histogram: Security.SecurityLevel.OnCommit recorded 1 samples, mean = 3.0 (flags = 0x41)
0  ... 
3  -O                                                                        (1 = 100.0%) {0.0%}
4  ... 

Histogram: Security.SecurityLevel.OnComplete recorded 1 samples, mean = 3.0 (flags = 0x41)
0  ... 
3  -O                                                                        (1 = 100.0%) {0.0%}
4  ... 

Histogram: Security.SiteEngagement.SECURE recorded 1 samples, mean = 13.0 (flags = 0x41)
0   ... 
13  -O                                                                        (1 = 100.0%) {0.0%}
14  ... 

Histogram: Security.SiteEngagement.SafetyTip_None recorded 1 samples, mean = 13.0 (flags = 0x41)
0   ... 
13  -O                                                                        (1 = 100.0%) {0.0%}
14  ... 

Histogram: Security.TimeOnPage2.SECURE recorded 1 samples, mean = 13312737.0 (flags = 0x41)
0        ... 
3600000  -O                                                                        (1 = 100.0%) {0.0%}

Histogram: Security.TimeOnPage2.SafetyTip_None recorded 1 samples, mean = 13312737.0 (flags = 0x41)
0        ... 
3600000  -O                                                                        (1 = 100.0%) {0.0%}

Histogram: SegmentationPlatform.Database.UpdateUrlForUkmSource recorded 6 samples, mean = 0.5 (flags = 0x41)
0  ----O                                                                     (4 = 66.7%)
1  -O                                                                        (1 = 16.7%) {66.7%}
2  -O                                                                        (1 = 16.7%) {83.3%}
3  ... 

Histogram: SegmentationPlatform.Init.ProcessCreationToServiceCreationLatency recorded 1 samples, mean = 32950484.0 (flags = 0x41)
0       ... 
180000  -O                                                                        (1 = 100.0%) {0.0%}

Histogram: SegmentationPlatform.SelectionFailedReason.ChromeLowUserEngagement recorded 2 samples, mean = 13.5 (flags = 0x41)
0   ... 
10  -O                                                                        (1 = 50.0%) {0.0%}
11  ... 
17  -O                                                                        (1 = 50.0%) {50.0%}
18  ... 

Histogram: SegmentationPlatform.SelectionFailedReason.ComposePromotion recorded 2 samples, mean = 13.5 (flags = 0x41)
0   ... 
10  -O                                                                        (1 = 50.0%) {0.0%}
11  ... 
17  -O                                                                        (1 = 50.0%) {50.0%}
18  ... 

Histogram: SegmentationPlatform.SelectionFailedReason.CrossDeviceUser recorded 2 samples, mean = 13.0 (flags = 0x41)
0   ... 
10  -O                                                                        (1 = 50.0%) {0.0%}
11  ... 
16  -O                                                                        (1 = 50.0%) {50.0%}
17  ... 

Histogram: SegmentationPlatform.SelectionFailedReason.DatabaseApiClients recorded 2 samples, mean = 13.5 (flags = 0x41)
0   ... 
10  -O                                                                        (1 = 50.0%) {0.0%}
11  ... 
17  -O                                                                        (1 = 50.0%) {50.0%}
18  ... 

Histogram: SegmentationPlatform.SelectionFailedReason.DeviceSwitcher recorded 2 samples, mean = 13.5 (flags = 0x41)
0   ... 
10  -O                                                                        (1 = 50.0%) {0.0%}
11  ... 
17  -O                                                                        (1 = 50.0%) {50.0%}
18  ... 

Histogram: SegmentationPlatform.SelectionFailedReason.PasswordManagerUser recorded 2 samples, mean = 13.5 (flags = 0x41)
0   ... 
10  -O                                                                        (1 = 50.0%) {0.0%}
11  ... 
17  -O                                                                        (1 = 50.0%) {50.0%}
18  ... 

Histogram: SegmentationPlatform.SelectionFailedReason.ResumeHeavyUser recorded 2 samples, mean = 13.5 (flags = 0x41)
0   ... 
10  -O                                                                        (1 = 50.0%) {0.0%}
11  ... 
17  -O                                                                        (1 = 50.0%) {50.0%}
18  ... 

Histogram: SegmentationPlatform.SelectionFailedReason.SearchUser recorded 2 samples, mean = 13.5 (flags = 0x41)
0   ... 
10  -O                                                                        (1 = 50.0%) {0.0%}
11  ... 
17  -O                                                                        (1 = 50.0%) {50.0%}
18  ... 

Histogram: SegmentationPlatform.SelectionFailedReason.ShoppingUser recorded 2 samples, mean = 13.0 (flags = 0x41)
0   ... 
10  -O                                                                        (1 = 50.0%) {0.0%}
11  ... 
16  -O                                                                        (1 = 50.0%) {50.0%}
17  ... 

Histogram: SegmentationPlatform.SelectionFailedReason.URLVisitResumptionRanker recorded 2 samples, mean = 13.5 (flags = 0x41)
0   ... 
10  -O                                                                        (1 = 50.0%) {0.0%}
11  ... 
17  -O                                                                        (1 = 50.0%) {50.0%}
18  ... 

Histogram: SegmentationPlatform.SelectionFailedReason.WebAppInstallationPromo recorded 2 samples, mean = 13.5 (flags = 0x41)
0   ... 
10  -O                                                                        (1 = 50.0%) {0.0%}
11  ... 
17  -O                                                                        (1 = 50.0%) {50.0%}
18  ... 

Histogram: SegmentationPlatform.SyncSessions.TabsCountAtStartup recorded 1 samples, mean = 0.0 (flags = 0x41)
0  -O                                                                        (1 = 100.0%)
1  ... 

Histogram: SegmentationPlatform.UkmDatabase.InitTime recorded 1 samples, mean = 16.0 (flags = 0x41)
0   ... 
14  -O                                                                        (1 = 100.0%) {0.0%}
17  ... 

Histogram: ServiceWorker.FindRegistrationForClientUrl.IsCalledForNavigation recorded 5 samples, mean = 0.2 (flags = 0x41)
0  ----O                                                                     (4 = 80.0%)
1  -O                                                                        (1 = 20.0%) {80.0%}
2  O                                                                         (0 = 0.0%) {100.0%}

Histogram: ServiceWorker.FindRegistrationForClientUrl.SkippedMojoCall.OnNavigation recorded 1 samples, mean = 0.0 (flags = 0x41)
0  -O                                                                        (1 = 100.0%)
1  ... 

Histogram: ServiceWorker.OnBrowserStartup.SkipServiceWorkerOnFirstNavigation recorded 1 samples, mean = 0.0 (flags = 0x41)
0  -O                                                                        (1 = 100.0%)
1  ... 

Histogram: ServiceWorker.RegisteredStorageKeyCount recorded 1 samples, mean = 0.0 (flags = 0x41)
0  -O                                                                        (1 = 100.0%)
1  ... 

Histogram: ServiceWorker.SkipCallingFindRegistrationForClientUrl recorded 1 samples, mean = 1.0 (flags = 0x41)
0  O                                                                         (0 = 0.0%)
1  -O                                                                        (1 = 100.0%) {0.0%}
2  O                                                                         (0 = 0.0%) {100.0%}

Histogram: ServiceWorker.Storage.ReadInitialDataFromDB.Time recorded 1 samples, mean = 0.0 (flags = 0x41)
0  -O                                                                        (1 = 100.0%)
1  ... 

Histogram: ServiceWorker.Storage.RegisteredStorageKeyCacheInitialization.Time recorded 1 samples, mean = 6439.0 (flags = 0x41)
0     ... 
6296  -O                                                                        (1 = 100.0%) {0.0%}
8000  ... 

Histogram: SessionRestore.UnrecoverableWriteErrorCount recorded 1 samples, mean = 0.0 (flags = 0x41)
0  -O                                                                        (1 = 100.0%)
1  ... 

Histogram: SessionStorageContext.CommitResult recorded 2 samples, mean = 0.0 (flags = 0x41)
0  --O                                                                       (2 = 100.0%)
1  ... 

Histogram: Settings.AdvancedSpellcheck.OnStartup2 recorded 1 samples, mean = 0.0 (flags = 0x41)
0  -O                                                                        (1 = 100.0%)
1  ... 

Histogram: Settings.AutocompleteSearches.OnStartup2 recorded 1 samples, mean = 1.0 (flags = 0x41)
0  O                                                                         (0 = 0.0%)
1  -O                                                                        (1 = 100.0%) {0.0%}
2  O                                                                         (0 = 0.0%) {100.0%}

Histogram: Settings.FingerprintingProtection.Enabled recorded 1 samples, mean = 0.0 (flags = 0x41)
0  -O                                                                        (1 = 100.0%)
1  ... 

Histogram: Settings.FirstPartySets.State recorded 1 samples, mean = 0.0 (flags = 0x41)
0  -O                                                                        (1 = 100.0%)
1  ... 

Histogram: Settings.IpProtection.Enabled recorded 1 samples, mean = 0.0 (flags = 0x41)
0  -O                                                                        (1 = 100.0%)
1  ... 

Histogram: Settings.PreloadStatus.OnStartup3 recorded 1 samples, mean = 1.0 (flags = 0x41)
0  O                                                                         (0 = 0.0%)
1  -O                                                                        (1 = 100.0%) {0.0%}
2  ... 

Histogram: Settings.PrivacySandbox.AdMeasurement.Enabled recorded 1 samples, mean = 0.0 (flags = 0x41)
0  -O                                                                        (1 = 100.0%)
1  ... 

Histogram: Settings.PrivacySandbox.Fledge.Enabled recorded 1 samples, mean = 0.0 (flags = 0x41)
0  -O                                                                        (1 = 100.0%)
1  ... 

Histogram: Settings.PrivacySandbox.Topics.Enabled recorded 1 samples, mean = 0.0 (flags = 0x41)
0  -O                                                                        (1 = 100.0%)
1  ... 

Histogram: Settings.ShowHomeButton2 recorded 1 samples, mean = 0.0 (flags = 0x41)
0  -O                                                                        (1 = 100.0%)
1  ... 

Histogram: Settings.StartupPageLoadSettings2 recorded 1 samples, mean = 5.0 (flags = 0x41)
0  ... 
5  -O                                                                        (1 = 100.0%) {0.0%}
6  ... 

Histogram: Settings.TrackedPreferenceChanged.FromRegistry recorded 2 samples, mean = 10.0 (flags = 0x41)
0   ... 
5   -O                                                                        (1 = 50.0%) {0.0%}
6   ... 
15  -O                                                                        (1 = 50.0%) {50.0%}
16  ... 

Histogram: Settings.TrackedPreferenceUnchanged recorded 18 samples, mean = 14.5 (flags = 0x41)
0   -O                                                                        (1 = 5.6%)
1   -O                                                                        (1 = 5.6%) {5.6%}
2   -O                                                                        (1 = 5.6%) {11.1%}
3   -O                                                                        (1 = 5.6%) {16.7%}
4   -O                                                                        (1 = 5.6%) {22.2%}
5   -O                                                                        (1 = 5.6%) {27.8%}
6   -O                                                                        (1 = 5.6%) {33.3%}
7   -O                                                                        (1 = 5.6%) {38.9%}
8   ... 
11  -O                                                                        (1 = 5.6%) {44.4%}
12  ... 
14  -O                                                                        (1 = 5.6%) {50.0%}
15  -O                                                                        (1 = 5.6%) {55.6%}
16  ... 
18  -O                                                                        (1 = 5.6%) {61.1%}
19  ... 
23  -O                                                                        (1 = 5.6%) {66.7%}
24  -O                                                                        (1 = 5.6%) {72.2%}
25  ... 
29  -O                                                                        (1 = 5.6%) {77.8%}
30  ... 
32  -O                                                                        (1 = 5.6%) {83.3%}
33  -O                                                                        (1 = 5.6%) {88.9%}
34  -O                                                                        (1 = 5.6%) {94.4%}
35  O                                                                         (0 = 0.0%) {100.0%}

Histogram: Settings.TrackedPreferenceUnchanged.FromRegistry recorded 16 samples, mean = 15.1 (flags = 0x41)
0   -O                                                                        (1 = 6.2%)
1   -O                                                                        (1 = 6.2%) {6.2%}
2   -O                                                                        (1 = 6.2%) {12.5%}
3   -O                                                                        (1 = 6.2%) {18.8%}
4   -O                                                                        (1 = 6.2%) {25.0%}
5   O                                                                         (0 = 0.0%) {31.2%}
6   -O                                                                        (1 = 6.2%) {31.2%}
7   -O                                                                        (1 = 6.2%) {37.5%}
8   ... 
11  -O                                                                        (1 = 6.2%) {43.8%}
12  ... 
14  -O                                                                        (1 = 6.2%) {50.0%}
15  ... 
18  -O                                                                        (1 = 6.2%) {56.2%}
19  ... 
23  -O                                                                        (1 = 6.2%) {62.5%}
24  -O                                                                        (1 = 6.2%) {68.8%}
25  ... 
29  -O                                                                        (1 = 6.2%) {75.0%}
30  ... 
32  -O                                                                        (1 = 6.2%) {81.2%}
33  -O                                                                        (1 = 6.2%) {87.5%}
34  -O                                                                        (1 = 6.2%) {93.8%}
35  O                                                                         (0 = 0.0%) {100.0%}

Histogram: Settings.TrackingProtection.Enabled recorded 1 samples, mean = 0.0 (flags = 0x41)
0  -O                                                                        (1 = 100.0%)
1  ... 

Histogram: SharedDictionary.TimeInitializeDB recorded 1 samples, mean = 4.0 (flags = 0x41)
0  ... 
4  -O                                                                        (1 = 100.0%) {0.0%}
5  ... 

Histogram: Signin.APIKeyMatchesFeatureOnStartup recorded 3 samples, mean = 0.0 (flags = 0x41)
0  ---O                                                                      (3 = 100.0%)
1  ... 

Histogram: Signin.AccountTracker.CountOfLoadedAccounts recorded 1 samples, mean = 0.0 (flags = 0x41)
0  -O                                                                        (1 = 100.0%)
1  ... 

Histogram: Signin.ExplicitSigninMigration recorded 1 samples, mean = 0.0 (flags = 0x41)
0  -O                                                                        (1 = 100.0%)
1  ... 

Histogram: Signin.HadPreviousSyncAccount.SignedOutOnProfileLoad recorded 1 samples, mean = 0.0 (flags = 0x41)
0  -O                                                                        (1 = 100.0%)
1  ... 

Histogram: Signin.HadPreviousSyncAccount.SyncOffOnProfileLoad recorded 1 samples, mean = 0.0 (flags = 0x41)
0  -O                                                                        (1 = 100.0%)
1  ... 

Histogram: Signin.ListAccountsFailure recorded 1 samples, mean = 0.0 (flags = 0x41)
0  -O                                                                        (1 = 100.0%)
1  ... 

Histogram: Signin.PAMInitialize.PrimaryAccountPrefs recorded 1 samples, mean = 2.0 (flags = 0x41)
0  ... 
2  -O                                                                        (1 = 100.0%) {0.0%}
3  ... 

Histogram: Signin.SigninAllowed recorded 1 samples, mean = 0.0 (flags = 0x41)
0  -O                                                                        (1 = 100.0%)
1  ... 

Histogram: Signin.TokenTable.GetAllTokensSqlStatementValidity recorded 1 samples, mean = 1.0 (flags = 0x41)
0  O                                                                         (0 = 0.0%)
1  -O                                                                        (1 = 100.0%) {0.0%}
2  O                                                                         (0 = 0.0%) {100.0%}

Histogram: SimpleCache.App.CacheSizeOnInit recorded 1 samples, mean = 0.0 (flags = 0x41)
0  -O                                                                        (1 = 100.0%)
1000... 

Histogram: SimpleCache.App.ConsistencyResult recorded 1 samples, mean = 0.0 (flags = 0x41)
0  -O                                                                        (1 = 100.0%)
1  ... 

Histogram: SimpleCache.App.CreationToIndex recorded 1 samples, mean = 18.0 (flags = 0x41)
0   ... 
17  -O                                                                        (1 = 100.0%) {0.0%}
20  ... 

Histogram: SimpleCache.App.IndexFileStateOnLoad recorded 1 samples, mean = 2.0 (flags = 0x41)
0  ... 
2  -O                                                                        (1 = 100.0%) {0.0%}
3  ... 

Histogram: SimpleCache.App.IndexInitializeMethod recorded 1 samples, mean = 1.0 (flags = 0x41)
0  O                                                                         (0 = 0.0%)
1  -O                                                                        (1 = 100.0%) {0.0%}
2  ... 

Histogram: SimpleCache.App.IndexNumEntriesOnInit recorded 1 samples, mean = 0.0 (flags = 0x41)
0  -O                                                                        (1 = 100.0%)
1  ... 

Histogram: SimpleCache.App.MaxCacheSizeOnInit recorded 1 samples, mean = 0.0 (flags = 0x41)
0  -O                                                                        (1 = 100.0%)
1000... 

Histogram: SimpleCache.Code.CacheSizeOnInit recorded 1 samples, mean = 4512.0 (flags = 0x41)
0     ... 
4153  -O                                                                        (1 = 100.0%) {0.0%}
4727  ... 

Histogram: SimpleCache.Code.ConsistencyResult recorded 1 samples, mean = 0.0 (flags = 0x41)
0  -O                                                                        (1 = 100.0%)
1  ... 

Histogram: SimpleCache.Code.CreationToIndex recorded 1 samples, mean = 14.0 (flags = 0x41)
0   ... 
14  -O                                                                        (1 = 100.0%) {0.0%}
17  ... 

Histogram: SimpleCache.Code.DiskCloseLatency recorded 24 samples, mean = 0.0 (flags = 0x41)
0  ------------------------O                                                 (24 = 100.0%)
1  ... 

Histogram: SimpleCache.Code.DiskCreateLatency recorded 23 samples, mean = 0.0 (flags = 0x40)
0  ----------------------O                                                   (22 = 95.7%)
1  -O                                                                        (1 = 4.3%) {95.7%}
2  ... 

Histogram: SimpleCache.Code.DiskDoomLatency recorded 1 samples, mean = 0.0 (flags = 0x41)
0  -O                                                                        (1 = 100.0%)
1  ... 

Histogram: SimpleCache.Code.DiskOpenLatency recorded 1 samples, mean = 5.0 (flags = 0x41)
0  ... 
5  -O                                                                        (1 = 100.0%) {0.0%}
6  ... 

Histogram: SimpleCache.Code.EntryCreationTime recorded 24 samples, mean = 0.2 (flags = 0x41)
0  ----------------------O                                                   (22 = 91.7%)
1  -O                                                                        (1 = 4.2%) {91.7%}
2  ... 
5  -O                                                                        (1 = 4.2%) {95.8%}
6  ... 

Histogram: SimpleCache.Code.HeaderSize recorded 23 samples, mean = 36.0 (flags = 0x41)
0   ... 
34  -----------------------O                                                  (23 = 100.0%) {0.0%}
40  ... 

Histogram: SimpleCache.Code.IndexFileStateOnLoad recorded 1 samples, mean = 2.0 (flags = 0x41)
0  ... 
2  -O                                                                        (1 = 100.0%) {0.0%}
3  ... 

Histogram: SimpleCache.Code.IndexInitializeMethod recorded 1 samples, mean = 1.0 (flags = 0x41)
0  O                                                                         (0 = 0.0%)
1  -O                                                                        (1 = 100.0%) {0.0%}
2  ... 

Histogram: SimpleCache.Code.IndexNumEntriesOnInit recorded 1 samples, mean = 62.0 (flags = 0x41)
0   ... 
61  -O                                                                        (1 = 100.0%) {0.0%}
76  ... 

Histogram: SimpleCache.Code.MaxCacheSizeOnInit recorded 1 samples, mean = 327680.0 (flags = 0x41)
0       ... 
297881  -O                                                                        (1 = 100.0%) {0.0%}
339058  ... 

Histogram: SimpleCache.Code.OpenEntryIndexState recorded 49 samples, mean = 1.0 (flags = 0x41)
0  O                                                                         (0 = 0.0%)
1  ------------------------------------------------O                         (48 = 98.0%) {0.0%}
2  -O                                                                        (1 = 2.0%) {98.0%}
3  O                                                                         (0 = 0.0%) {100.0%}

Histogram: SimpleCache.Code.SyncCheckEOFResult recorded 1 samples, mean = 0.0 (flags = 0x40)
0  -O                                                                        (1 = 100.0%)
1  ... 

Histogram: SimpleCache.Code.SyncCloseResult recorded 24 samples, mean = 0.0 (flags = 0x40)
0  ------------------------O                                                 (24 = 100.0%)
1  ... 

Histogram: SimpleCache.Code.SyncOpenPrefetchMode recorded 1 samples, mean = 0.0 (flags = 0x41)
0  -O                                                                        (1 = 100.0%)
1  ... 

Histogram: SimpleCache.Code.SyncOpenResult recorded 1 samples, mean = 0.0 (flags = 0x40)
0  -O                                                                        (1 = 100.0%)
1  ... 

Histogram: SiteEngagementService.EngagementScore recorded 1 samples, mean = 13.0 (flags = 0x41)
0   ... 
13  -O                                                                        (1 = 100.0%) {0.0%}
14  ... 

Histogram: SiteEngagementService.EngagementType recorded 2 samples, mean = 4.0 (flags = 0x41)
0  -O                                                                        (1 = 50.0%)
1  ... 
8  -O                                                                        (1 = 50.0%) {50.0%}
9  ... 

Histogram: SiteEngagementService.MeanEngagement recorded 1 samples, mean = 13.0 (flags = 0x41)
0   ... 
13  -O                                                                        (1 = 100.0%) {0.0%}
14  ... 

Histogram: SiteEngagementService.MedianEngagement recorded 1 samples, mean = 13.0 (flags = 0x41)
0   ... 
13  -O                                                                        (1 = 100.0%) {0.0%}
14  ... 

Histogram: SiteEngagementService.OriginsEngaged recorded 1 samples, mean = 1.0 (flags = 0x41)
0  O                                                                         (0 = 0.0%)
1  -O                                                                        (1 = 100.0%) {0.0%}
2  ... 

Histogram: SiteIsolatedCodeCache.JS.Behaviour recorded 50 samples, mean = 2.4 (flags = 0x41)
0  -O                                                                        (1 = 2.0%)
1  -------------------------O                                                (25 = 50.0%) {2.0%}
2  -O                                                                        (1 = 2.0%) {52.0%}
3  O                                                                         (0 = 0.0%) {54.0%}
4  -----------------------O                                                  (23 = 46.0%) {54.0%}
5  ... 

Histogram: SiteIsolatedCodeCache.JS.FetchCodeCache recorded 1 samples, mean = 6.0 (flags = 0x41)
0  ... 
6  -O                                                                        (1 = 100.0%) {0.0%}
7  ... 

Histogram: SiteIsolatedCodeCache.JS.Hit recorded 26 samples, mean = 0.0 (flags = 0x41)
0  -------------------------O                                                (25 = 96.2%)
1  -O                                                                        (1 = 3.8%) {96.2%}
2  O                                                                         (0 = 0.0%) {100.0%}

Histogram: SiteIsolatedCodeCache.JS.PotentialMemoryBackedCodeCacheHit recorded 26 samples, mean = 0.0 (flags = 0x41)
0  --------------------------O                                               (26 = 100.0%)
1  ... 

Histogram: SiteIsolatedCodeCache.JS.PotentialMemoryBackedCodeCacheSize2 recorded 44 samples, mean = 27127.0 (flags = 0x41)
0      ... 
26179  --------------------------------------------O                             (44 = 100.0%) {0.0%}
37599  ... 

Histogram: SiteIsolatedCodeCache.WASM.Behaviour recorded 6 samples, mean = 1.0 (flags = 0x41)
0  O                                                                         (0 = 0.0%)
1  ------O                                                                   (6 = 100.0%) {0.0%}
2  ... 

Histogram: SiteIsolation.BrowsingInstance.MaxCountPerProcess recorded 3 samples, mean = 0.7 (flags = 0x41)
0  -O                                                                        (1 = 33.3%)
1  --O                                                                       (2 = 66.7%) {33.3%}
2  ... 

Histogram: SiteIsolation.NewProcessUsedForNavigationWhenSameSiteProcessExists recorded 1 samples, mean = 0.0 (flags = 0x41)
0  -O                                                                        (1 = 100.0%)
1  ... 

Histogram: SiteIsolation.ProcessPerSiteWithMainFrameThreshold.IsDevToolsUser recorded 1 samples, mean = 0.0 (flags = 0x41)
0  -O                                                                        (1 = 100.0%)
1  ... 

Histogram: Skia.SubmitRenderPasses recorded 25 samples, mean = 1.3 (flags = 0x41)
0  ---------------O                                                          (15 = 60.0%)
1  --O                                                                       (2 = 8.0%) {60.0%}
2  -O                                                                        (1 = 4.0%) {68.0%}
3  O                                                                         (0 = 0.0%) {72.0%}
4  -------O                                                                  (7 = 28.0%) {72.0%}
5  ... 

Histogram: Sql.Statement.Affiliation.VMSteps recorded 15 samples, mean = 15.5 (flags = 0x41)
0   ... 
3   ----O                                                                     (4 = 26.7%) {0.0%}
4   O                                                                         (0 = 0.0%) {26.7%}
5   -O                                                                        (1 = 6.7%) {26.7%}
6   -O                                                                        (1 = 6.7%) {33.3%}
7   ... 
12  -----O                                                                    (5 = 33.3%) {40.0%}
14  ... 
20  -O                                                                        (1 = 6.7%) {73.3%}
24  O                                                                         (0 = 0.0%) {80.0%}
29  -O                                                                        (1 = 6.7%) {80.0%}
34  O                                                                         (0 = 0.0%) {86.7%}
40  -O                                                                        (1 = 6.7%) {86.7%}
48  -O                                                                        (1 = 6.7%) {93.3%}
57  ... 

Histogram: Sql.Statement.BrowsingTopics.VMSteps recorded 12 samples, mean = 8.0 (flags = 0x41)
0   ... 
3   ----O                                                                     (4 = 33.3%) {0.0%}
4   O                                                                         (0 = 0.0%) {33.3%}
5   -O                                                                        (1 = 8.3%) {33.3%}
6   ... 
8   --O                                                                       (2 = 16.7%) {41.7%}
10  O                                                                         (0 = 0.0%) {58.3%}
12  -----O                                                                    (5 = 41.7%) {58.3%}
14  ... 

Histogram: Sql.Statement.Cookie.VMSteps recorded 32 samples, mean = 20.8 (flags = 0x41)
0   ... 
3   ------O                                                                   (6 = 18.8%) {0.0%}
4   O                                                                         (0 = 0.0%) {18.8%}
5   --O                                                                       (2 = 6.2%) {18.8%}
6   O                                                                         (0 = 0.0%) {25.0%}
7   -O                                                                        (1 = 3.1%) {25.0%}
8   O                                                                         (0 = 0.0%) {28.1%}
10  -O                                                                        (1 = 3.1%) {28.1%}
12  ----------O                                                               (10 = 31.2%) {31.2%}
14  ... 
20  --O                                                                       (2 = 6.2%) {62.5%}
24  ----O                                                                     (4 = 12.5%) {68.8%}
29  O                                                                         (0 = 0.0%) {81.2%}
34  -O                                                                        (1 = 3.1%) {81.2%}
40  ... 
57  -----O                                                                    (5 = 15.6%) {84.4%}
68  ... 

Histogram: Sql.Statement.DIPS.VMSteps recorded 40 samples, mean = 13.8 (flags = 0x41)
0   ... 
3   --O                                                                       (2 = 5.0%) {0.0%}
4   O                                                                         (0 = 0.0%) {5.0%}
5   -O                                                                        (1 = 2.5%) {5.0%}
6   ... 
8   -------O                                                                  (7 = 17.5%) {7.5%}
10  -O                                                                        (1 = 2.5%) {25.0%}
12  --------------O                                                           (14 = 35.0%) {27.5%}
14  --O                                                                       (2 = 5.0%) {62.5%}
17  ------O                                                                   (6 = 15.0%) {67.5%}
20  ------O                                                                   (6 = 15.0%) {82.5%}
24  -O                                                                        (1 = 2.5%) {97.5%}
29  ... 

Histogram: Sql.Statement.FirstPartySets.VMSteps recorded 31 samples, mean = 9.2 (flags = 0x41)
0   ... 
3   ----------O                                                               (10 = 32.3%) {0.0%}
4   O                                                                         (0 = 0.0%) {32.3%}
5   -O                                                                        (1 = 3.2%) {32.3%}
6   ... 
8   ----O                                                                     (4 = 12.9%) {35.5%}
10  ---O                                                                      (3 = 9.7%) {48.4%}
12  -----------O                                                              (11 = 35.5%) {58.1%}
14  ... 
20  -O                                                                        (1 = 3.2%) {93.5%}
24  -O                                                                        (1 = 3.2%) {96.8%}
29  ... 

Histogram: Sql.Statement.History.VMSteps recorded 294 samples, mean = 61.5 (flags = 0x41)
0     ... 
3     ------O                                                                   (8 = 2.7%) {0.0%}
4     O                                                                         (0 = 0.0%) {2.7%}
5     -O                                                                        (1 = 0.3%) {2.7%}
6     --O                                                                       (2 = 0.7%) {3.1%}
7     O                                                                         (0 = 0.0%) {3.7%}
8     ---O                                                                      (4 = 1.4%) {3.7%}
10    ---O                                                                      (4 = 1.4%) {5.1%}
12    ------------------------------------------------------------------------O (92 = 31.3%) {6.5%}
14    -O                                                                        (1 = 0.3%) {37.8%}
17    ----------------------------------------------O                           (59 = 20.1%) {38.1%}
20    -----------------------------------------------------------------O        (83 = 28.2%) {58.2%}
24    --------O                                                                 (10 = 3.4%) {86.4%}
29    --O                                                                       (3 = 1.0%) {89.8%}
34    -O                                                                        (1 = 0.3%) {90.8%}
40    O                                                                         (0 = 0.0%) {91.2%}
48    -O                                                                        (1 = 0.3%) {91.2%}
57    -O                                                                        (1 = 0.3%) {91.5%}
68    -----O                                                                    (6 = 2.0%) {91.8%}
81    -O                                                                        (1 = 0.3%) {93.9%}
96    -O                                                                        (1 = 0.3%) {94.2%}
114   O                                                                         (0 = 0.0%) {94.6%}
135   --O                                                                       (3 = 1.0%) {94.6%}
160   ... 
226   -O                                                                        (1 = 0.3%) {95.6%}
268   ... 
533   -O                                                                        (1 = 0.3%) {95.9%}
633   -O                                                                        (1 = 0.3%) {96.3%}
752   -O                                                                        (1 = 0.3%) {96.6%}
894   O                                                                         (0 = 0.0%) {96.9%}
1062  -------O                                                                  (9 = 3.1%) {96.9%}
1262  ... 

Histogram: Sql.Statement.OptOutBlacklist.VMSteps recorded 4 samples, mean = 10.8 (flags = 0x41)
0   ... 
5   -O                                                                        (1 = 25.0%) {0.0%}
6   O                                                                         (0 = 0.0%) {25.0%}
7   -O                                                                        (1 = 25.0%) {25.0%}
8   O                                                                         (0 = 0.0%) {50.0%}
10  -O                                                                        (1 = 25.0%) {50.0%}
12  ... 
20  -O                                                                        (1 = 25.0%) {75.0%}
24  ... 

Histogram: Sql.Statement.Passwords.VMSteps recorded 53 samples, mean = 23.9 (flags = 0x41)
0   ... 
3   ----O                                                                     (4 = 7.5%) {0.0%}
4   O                                                                         (0 = 0.0%) {7.5%}
5   --O                                                                       (2 = 3.8%) {7.5%}
6   --------O                                                                 (8 = 15.1%) {11.3%}
7   ----O                                                                     (4 = 7.5%) {26.4%}
8   ---O                                                                      (3 = 5.7%) {34.0%}
10  O                                                                         (0 = 0.0%) {39.6%}
12  ------------O                                                             (12 = 22.6%) {39.6%}
14  --O                                                                       (2 = 3.8%) {62.3%}
17  O                                                                         (0 = 0.0%) {66.0%}
20  --O                                                                       (2 = 3.8%) {66.0%}
24  ... 
34  --O                                                                       (2 = 3.8%) {69.8%}
40  ----O                                                                     (4 = 7.5%) {73.6%}
48  O                                                                         (0 = 0.0%) {81.1%}
57  ----O                                                                     (4 = 7.5%) {81.1%}
68  ------O                                                                   (6 = 11.3%) {88.7%}
81  ... 

Histogram: Sql.Statement.Predictor.VMSteps recorded 15 samples, mean = 15.9 (flags = 0x41)
0   ... 
3   --O                                                                       (2 = 13.3%) {0.0%}
4   O                                                                         (0 = 0.0%) {13.3%}
5   -O                                                                        (1 = 6.7%) {13.3%}
6   -O                                                                        (1 = 6.7%) {20.0%}
7   O                                                                         (0 = 0.0%) {26.7%}
8   -O                                                                        (1 = 6.7%) {26.7%}
10  ----O                                                                     (4 = 26.7%) {33.3%}
12  -O                                                                        (1 = 6.7%) {60.0%}
14  -O                                                                        (1 = 6.7%) {66.7%}
17  ... 
24  -O                                                                        (1 = 6.7%) {73.3%}
29  -O                                                                        (1 = 6.7%) {80.0%}
34  O                                                                         (0 = 0.0%) {86.7%}
40  -O                                                                        (1 = 6.7%) {86.7%}
48  -O                                                                        (1 = 6.7%) {93.3%}
57  ... 

Histogram: Sql.Statement.Quota.VMSteps recorded 27 samples, mean = 8.4 (flags = 0x41)
0   ... 
3   ----O                                                                     (4 = 14.8%) {0.0%}
4   O                                                                         (0 = 0.0%) {14.8%}
5   -O                                                                        (1 = 3.7%) {14.8%}
6   ---O                                                                      (3 = 11.1%) {18.5%}
7   O                                                                         (0 = 0.0%) {29.6%}
8   --------O                                                                 (8 = 29.6%) {29.6%}
10  ---O                                                                      (3 = 11.1%) {59.3%}
12  --------O                                                                 (8 = 29.6%) {70.4%}
14  ... 

Histogram: Sql.Statement.SharedDictionary.VMSteps recorded 20 samples, mean = 9.1 (flags = 0x41)
0   ... 
3   --------O                                                                 (8 = 40.0%) {0.0%}
4   O                                                                         (0 = 0.0%) {40.0%}
5   -O                                                                        (1 = 5.0%) {40.0%}
6   ... 
8   -O                                                                        (1 = 5.0%) {45.0%}
10  O                                                                         (0 = 0.0%) {50.0%}
12  -------O                                                                  (7 = 35.0%) {50.0%}
14  O                                                                         (0 = 0.0%) {85.0%}
17  --O                                                                       (2 = 10.0%) {85.0%}
20  -O                                                                        (1 = 5.0%) {95.0%}
24  ... 

Histogram: Sql.Statement.SharedStorage.VMSteps recorded 3 samples, mean = 7.7 (flags = 0x41)
0   ... 
5   -O                                                                        (1 = 33.3%) {0.0%}
6   ... 
8   -O                                                                        (1 = 33.3%) {33.3%}
10  -O                                                                        (1 = 33.3%) {66.7%}
12  ... 

Histogram: Sql.Statement.Thumbnail.VMSteps recorded 24 samples, mean = 11.6 (flags = 0x41)
0   ... 
3   --------O                                                                 (8 = 33.3%) {0.0%}
4   O                                                                         (0 = 0.0%) {33.3%}
5   -O                                                                        (1 = 4.2%) {33.3%}
6   ... 
8   -O                                                                        (1 = 4.2%) {37.5%}
10  O                                                                         (0 = 0.0%) {41.7%}
12  ----------O                                                               (10 = 41.7%) {41.7%}
14  ... 
20  -O                                                                        (1 = 4.2%) {83.3%}
24  O                                                                         (0 = 0.0%) {87.5%}
29  ---O                                                                      (3 = 12.5%) {87.5%}
34  ... 

Histogram: Sql.Statement.TopSites.VMSteps recorded 13 samples, mean = 12.7 (flags = 0x41)
0   ... 
3   --O                                                                       (2 = 15.4%) {0.0%}
4   O                                                                         (0 = 0.0%) {15.4%}
5   -O                                                                        (1 = 7.7%) {15.4%}
6   ... 
12  ---------O                                                                (9 = 69.2%) {23.1%}
14  ... 
40  -O                                                                        (1 = 7.7%) {92.3%}
48  ... 

Histogram: Sql.Statement.TrustTokens.VMSteps recorded 16 samples, mean = 14.1 (flags = 0x41)
0   ... 
3   --O                                                                       (2 = 12.5%) {0.0%}
4   O                                                                         (0 = 0.0%) {12.5%}
5   -O                                                                        (1 = 6.2%) {12.5%}
6   ---O                                                                      (3 = 18.8%) {18.8%}
7   ... 
10  -O                                                                        (1 = 6.2%) {37.5%}
12  -----O                                                                    (5 = 31.2%) {43.8%}
14  ... 
20  -O                                                                        (1 = 6.2%) {75.0%}
24  O                                                                         (0 = 0.0%) {81.2%}
29  -O                                                                        (1 = 6.2%) {81.2%}
34  --O                                                                       (2 = 12.5%) {87.5%}
40  ... 

Histogram: Sql.Statement.UKMMetrics.VMSteps recorded 30 samples, mean = 13.2 (flags = 0x41)
0   ... 
3   -----O                                                                    (5 = 16.7%) {0.0%}
4   O                                                                         (0 = 0.0%) {16.7%}
5   -O                                                                        (1 = 3.3%) {16.7%}
6   ... 
8   -------O                                                                  (7 = 23.3%) {20.0%}
10  O                                                                         (0 = 0.0%) {43.3%}
12  -------O                                                                  (7 = 23.3%) {43.3%}
14  ... 
20  --------O                                                                 (8 = 26.7%) {66.7%}
24  O                                                                         (0 = 0.0%) {93.3%}
29  -O                                                                        (1 = 3.3%) {93.3%}
34  O                                                                         (0 = 0.0%) {96.7%}
40  -O                                                                        (1 = 3.3%) {96.7%}
48  ... 

Histogram: Sql.Statement.Web.VMSteps recorded 117 samples, mean = 52.7 (flags = 0x41)
0    ... 
3    --------O                                                                 (8 = 6.8%) {0.0%}
4    -O                                                                        (1 = 0.9%) {6.8%}
5    -O                                                                        (1 = 0.9%) {7.7%}
6    ------------O                                                             (12 = 10.3%) {8.5%}
7    ----------O                                                               (10 = 8.5%) {18.8%}
8    -------O                                                                  (7 = 6.0%) {27.4%}
10   ---------O                                                                (9 = 7.7%) {33.3%}
12   --------------O                                                           (14 = 12.0%) {41.0%}
14   -O                                                                        (1 = 0.9%) {53.0%}
17   ---O                                                                      (3 = 2.6%) {53.8%}
20   -O                                                                        (1 = 0.9%) {56.4%}
24   -O                                                                        (1 = 0.9%) {57.3%}
29   --O                                                                       (2 = 1.7%) {58.1%}
34   --O                                                                       (2 = 1.7%) {59.8%}
40   --O                                                                       (2 = 1.7%) {61.5%}
48   ---O                                                                      (3 = 2.6%) {63.2%}
57   ----O                                                                     (4 = 3.4%) {65.8%}
68   ----O                                                                     (4 = 3.4%) {69.2%}
81   --O                                                                       (2 = 1.7%) {72.6%}
96   -------O                                                                  (7 = 6.0%) {74.4%}
114  -----O                                                                    (5 = 4.3%) {80.3%}
135  -------O                                                                  (7 = 6.0%) {84.6%}
160  -----O                                                                    (5 = 4.3%) {90.6%}
190  ------O                                                                   (6 = 5.1%) {94.9%}
226  ... 

Histogram: Sql.vfs.SyncTime recorded 63 samples, mean = 0.0 (flags = 0x41)
0  --------------------------------------------------------------O           (62 = 98.4%)
1  -O                                                                        (1 = 1.6%) {98.4%}
2  ... 

Histogram: Stability.Counts2 recorded 8 samples, mean = 24.2 (flags = 0x43)
0   ... 
2   -O                                                                        (1 = 12.5%) {0.0%}
3   ... 
15  -O                                                                        (1 = 12.5%) {12.5%}
16  ... 
26  ---O                                                                      (3 = 37.5%) {25.0%}
27  ... 
33  ---O                                                                      (3 = 37.5%) {62.5%}
34  O                                                                         (0 = 0.0%) {100.0%}

Histogram: Stability.Experimental.PageLoads recorded 1 samples, mean = 17.0 (flags = 0x41)
0   ... 
17  -O                                                                        (1 = 100.0%) {0.0%}
18  O                                                                         (0 = 0.0%) {100.0%}

Histogram: Startup.AfterStartupTaskCount recorded 1 samples, mean = 2.0 (flags = 0x41)
0  ... 
2  -O                                                                        (1 = 100.0%) {0.0%}
3  ... 

Histogram: Startup.AfterStartupTaskDelayedUntilTime recorded 1 samples, mean = 51902.0 (flags = 0x41)
0      ... 
51267  -O                                                                        (1 = 100.0%) {0.0%}
69459  ... 

Histogram: Startup.BrowserMainRunnerImplInitializeLongTime recorded 1 samples, mean = 530.0 (flags = 0x41)
0    ... 
495  -O                                                                        (1 = 100.0%) {0.0%}
571  ... 

Histogram: Startup.BrowserMessageLoopFirstIdle recorded 1 samples, mean = 13319703.0 (flags = 0x41)
0        ... 
3600000  -O                                                                        (1 = 100.0%) {0.0%}

Histogram: Startup.BrowserMessageLoopStartTime recorded 1 samples, mean = 708.0 (flags = 0x41)
0    ... 
659  -O                                                                        (1 = 100.0%) {0.0%}
761  ... 

Histogram: Startup.CreateFirstProfile recorded 1 samples, mean = 306.0 (flags = 0x41)
0    ... 
294  -O                                                                        (1 = 100.0%) {0.0%}
398  ... 

Histogram: Startup.FirstWebContents.FinishReason recorded 1 samples, mean = 6.0 (flags = 0x41)
0  ... 
6  -O                                                                        (1 = 100.0%) {0.0%}
7  ... 

Histogram: Startup.LoadTime.ApplicationStartToChromeMain recorded 1 samples, mean = 0.0 (flags = 0x41)
0  -O                                                                        (1 = 100.0%)
1  ... 

Histogram: Startup.LoadTime.ProcessCreateToApplicationStart recorded 1 samples, mean = 42840.0 (flags = 0x41)
0      ... 
37840  -O                                                                        (1 = 100.0%) {0.0%}
51267  ... 

Histogram: Startup.LoadTime.RecordedProcessCreation recorded 1 samples, mean = 1.0 (flags = 0x1)
0  O                                                                         (0 = 0.0%)
1  -O                                                                        (1 = 100.0%) {0.0%}
2  O                                                                         (0 = 0.0%) {100.0%}

Histogram: Startup.PreMainMessageLoopRunImplLongTime recorded 1 samples, mean = 389.0 (flags = 0x41)
0    ... 
372  -O                                                                        (1 = 100.0%) {0.0%}
429  ... 

Histogram: Startup.Temperature recorded 1 samples, mean = 3.0 (flags = 0x41)
0  ... 
3  -O                                                                        (1 = 100.0%) {0.0%}
4  O                                                                         (0 = 0.0%) {100.0%}

Histogram: Storage.Blob.CreateDirectoryResult recorded 1 samples, mean = 0.0 (flags = 0x41)
0  -O                                                                        (1 = 100.0%)
1  ... 

Histogram: Storage.SessionStorage.RendererAreaCacheHit recorded 2 samples, mean = 1.0 (flags = 0x41)
0  -O                                                                        (1 = 50.0%)
1  O                                                                         (0 = 0.0%) {50.0%}
2  -O                                                                        (1 = 50.0%) {50.0%}
3  O                                                                         (0 = 0.0%) {100.0%}

Histogram: Storage.SharedStorage.Database.Timing.OpenImpl recorded 1 samples, mean = 2.0 (flags = 0x41)
0  ... 
2  -O                                                                        (1 = 100.0%) {0.0%}
3  ... 

Histogram: Storage.SharedStorage.OnShutdown.NumSqlErrors recorded 1 samples, mean = 0.0 (flags = 0x41)
0  -O                                                                        (1 = 100.0%)
1  ... 

Histogram: Storage.SharedStorage.OnShutdown.RecoveryFromInitFailureAttempted recorded 1 samples, mean = 0.0 (flags = 0x41)
0  -O                                                                        (1 = 100.0%)
1  ... 

Histogram: Storage.SharedStorage.OnShutdown.RecoveryOnDiskAttempted recorded 1 samples, mean = 0.0 (flags = 0x41)
0  -O                                                                        (1 = 100.0%)
1  ... 

Histogram: Storage.SharedStorage.Worklet.NumPerPage recorded 1 samples, mean = 0.0 (flags = 0x41)
0  -O                                                                        (1 = 100.0%)
1  ... 

Histogram: Storage.SharedStorage.Worklet.SelectURL.CallsPerPage recorded 1 samples, mean = 0.0 (flags = 0x41)
0  -O                                                                        (1 = 100.0%)
1  ... 

Histogram: Style.InvalidationTime recorded 1 samples, mean = 45.0 (flags = 0x41)
0   ... 
40  -O                                                                        (1 = 100.0%) {0.0%}
55  ... 

Histogram: Style.RebuildLayoutTreeTime recorded 9 samples, mean = 417.1 (flags = 0x41)
0     ... 
2     -O                                                                        (1 = 11.1%) {0.0%}
3     ... 
11    -O                                                                        (1 = 11.1%) {11.1%}
15    ... 
29    ---O                                                                      (3 = 33.3%) {22.2%}
40    O                                                                         (0 = 0.0%) {55.6%}
55    -O                                                                        (1 = 11.1%) {55.6%}
76    ... 
146   -O                                                                        (1 = 11.1%) {66.7%}
203   -O                                                                        (1 = 11.1%) {77.8%}
282   ... 
2786  -O                                                                        (1 = 11.1%) {88.9%}
3865  ... 

Histogram: Style.RecalcTime recorded 13 samples, mean = 1990.0 (flags = 0x41)
0     O                                                                         (0 = 0.0%)
1     -O                                                                        (1 = 7.7%) {0.0%}
2     ... 
4     -O                                                                        (1 = 7.7%) {7.7%}
6     ... 
29    -O                                                                        (1 = 7.7%) {15.4%}
40    --O                                                                       (2 = 15.4%) {23.1%}
55    ... 
282   -O                                                                        (1 = 7.7%) {38.5%}
391   O                                                                         (0 = 0.0%) {46.2%}
542   -O                                                                        (1 = 7.7%) {46.2%}
752   O                                                                         (0 = 0.0%) {53.8%}
1043  -O                                                                        (1 = 7.7%) {53.8%}
1447  O                                                                         (0 = 0.0%) {61.5%}
2008  -O                                                                        (1 = 7.7%) {61.5%}
2786  -O                                                                        (1 = 7.7%) {69.2%}
3865  -O                                                                        (1 = 7.7%) {76.9%}
5362  --O                                                                       (2 = 15.4%) {84.6%}
7439  ... 

Histogram: SubresourceFilter.MainFrameLoad.RulesetIsAvailableAnyActivationLevel recorded 1 samples, mean = 0.0 (flags = 0x41)
0  -O                                                                        (1 = 100.0%)
1  ... 

Histogram: SubresourceFilter.PageLoad.ActivationDecision recorded 1 samples, mean = 1.0 (flags = 0x41)
0  O                                                                         (0 = 0.0%)
1  -O                                                                        (1 = 100.0%) {0.0%}
2  ... 

Histogram: SubresourceFilter.PageLoad.ActivationList recorded 1 samples, mean = 0.0 (flags = 0x41)
0  -O                                                                        (1 = 100.0%)
1  ... 

Histogram: SubresourceFilter.PageLoad.ActivationState recorded 2 samples, mean = 0.0 (flags = 0x41)
0  --O                                                                       (2 = 100.0%)
1  ... 

Histogram: SubresourceFilter.PageLoad.SafeBrowsingDelay recorded 1 samples, mean = 0.0 (flags = 0x41)
0  -O                                                                        (1 = 100.0%)
1  ... 

Histogram: SubresourceFilter.SafeBrowsing.TotalCheckTime recorded 3 samples, mean = 0.0 (flags = 0x41)
0  ---O                                                                      (3 = 100.0%)
1  ... 

Histogram: Sync.ModelTypeErrorSite.DEVICE_INFO recorded 1 samples, mean = 0.0 (flags = 0x41)
0  -O                                                                        (1 = 100.0%)
1  ... 

Histogram: Sync.ModelTypeErrorSite.READING_LIST recorded 2 samples, mean = 0.0 (flags = 0x41)
0  --O                                                                       (2 = 100.0%)
1  ... 

Histogram: Sync.ModelTypeErrorSite.SEND_TAB_TO_SELF recorded 1 samples, mean = 0.0 (flags = 0x41)
0  -O                                                                        (1 = 100.0%)
1  ... 

Histogram: Sync.ModelTypeErrorSite.WEB_APP recorded 1 samples, mean = 0.0 (flags = 0x41)
0  -O                                                                        (1 = 100.0%)
1  ... 

Histogram: Sync.ModelTypeStoreBackendError.Init recorded 1 samples, mean = 5.0 (flags = 0x41)
0  ... 
5  -O                                                                        (1 = 100.0%) {0.0%}
6  O                                                                         (0 = 0.0%) {100.0%}

Histogram: Sync.ModelTypeStoreBackendInitializationSuccess recorded 1 samples, mean = 0.0 (flags = 0x41)
0  -O                                                                        (1 = 100.0%)
1  ... 

Histogram: Sync.PassphraseType2 recorded 1 samples, mean = 0.0 (flags = 0x41)
0  -O                                                                        (1 = 100.0%)
1  ... 

Histogram: Sync.SyncToSigninMigrationDecision recorded 1 samples, mean = 1.0 (flags = 0x41)
0  O                                                                         (0 = 0.0%)
1  -O                                                                        (1 = 100.0%) {0.0%}
2  ... 

Histogram: Sync.TrustedVaultFileReadStatus recorded 1 samples, mean = 0.0 (flags = 0x41)
0  -O                                                                        (1 = 100.0%)
1  ... 

Histogram: Sync.TrustedVaultFileWriteSuccess recorded 1 samples, mean = 1.0 (flags = 0x41)
0  O                                                                         (0 = 0.0%)
1  -O                                                                        (1 = 100.0%) {0.0%}
2  O                                                                         (0 = 0.0%) {100.0%}

Histogram: TabGroups.CollapsedGroupCountPerLoad recorded 1 samples, mean = 0.0 (flags = 0x41)
0  -O                                                                        (1 = 100.0%)
1  ... 

Histogram: TabGroups.UserCustomizedGroupCountPerLoad recorded 1 samples, mean = 0.0 (flags = 0x41)
0  -O                                                                        (1 = 100.0%)
1  ... 

Histogram: TabGroups.UserGroupCountPerLoad recorded 1 samples, mean = 0.0 (flags = 0x41)
0  -O                                                                        (1 = 100.0%)
1  ... 

Histogram: TabGroups.UserPinnedTabCountPerLoad recorded 1 samples, mean = 0.0 (flags = 0x41)
0  -O                                                                        (1 = 100.0%)
1  ... 

Histogram: Tabs.NewNavigationWithSameOriginTab recorded 1 samples, mean = 0.0 (flags = 0x41)
0  -O                                                                        (1 = 100.0%)
1  ... 

Histogram: Tabs.TabCount recorded 44 samples, mean = 0.0 (flags = 0x41)
0  --------------------------------------------O                             (44 = 100.0%)
1  ... 

Histogram: Tabs.TabCount.PluggedIn recorded 44 samples, mean = 0.0 (flags = 0x41)
0  --------------------------------------------O                             (44 = 100.0%)
1  ... 

Histogram: Tabs.TabCountPerLoad recorded 1 samples, mean = 0.0 (flags = 0x41)
0  -O                                                                        (1 = 100.0%)
1  ... 

Histogram: Tabs.WindowCount recorded 44 samples, mean = 0.0 (flags = 0x41)
0  --------------------------------------------O                             (44 = 100.0%)
1  ... 

Histogram: Tabs.WindowCount.PluggedIn recorded 44 samples, mean = 0.0 (flags = 0x41)
0  --------------------------------------------O                             (44 = 100.0%)
1  ... 

Histogram: ThirdPartyModules.InputMethodEditorsCount recorded 1 samples, mean = 0.0 (flags = 0x41)
0  -O                                                                        (1 = 100.0%)
1  ... 

Histogram: ThreadPool.UnnecessaryWakeup.Browser.Background recorded 1 samples, mean = 1.0 (flags = 0x41)
0  O                                                                         (0 = 0.0%)
1  -O                                                                        (1 = 100.0%) {0.0%}
2  O                                                                         (0 = 0.0%) {100.0%}

Histogram: ThreadPool.UnnecessaryWakeup.Browser.Foreground recorded 72 samples, mean = 1.0 (flags = 0x41)
0  O                                                                         (0 = 0.0%)
1  ------------------------------------------------------------------------O (72 = 100.0%) {0.0%}
2  O                                                                         (0 = 0.0%) {100.0%}

Histogram: ThreadPool.UnnecessaryWakeup.ContentChild.Foreground recorded 12 samples, mean = 1.0 (flags = 0x41)
0  O                                                                         (0 = 0.0%)
1  ------------O                                                             (12 = 100.0%) {0.0%}
2  O                                                                         (0 = 0.0%) {100.0%}

Histogram: ThreadPool.UnnecessaryWakeup.GPU.Foreground recorded 2 samples, mean = 1.0 (flags = 0x41)
0  O                                                                         (0 = 0.0%)
1  --O                                                                       (2 = 100.0%) {0.0%}
2  O                                                                         (0 = 0.0%) {100.0%}

Histogram: ThreadPool.UnnecessaryWakeup.Renderer.Foreground recorded 169 samples, mean = 1.0 (flags = 0x41)
0  O                                                                         (0 = 0.0%)
1  ------------------------------------------------------------------------O (169 = 100.0%) {0.0%}
2  O                                                                         (0 = 0.0%) {100.0%}

Histogram: Translate.ApplicationStart.AlwaysTranslateLanguage.Count recorded 1 samples, mean = 0.0 (flags = 0x41)
0  -O                                                                        (1 = 100.0%)
1  ... 

Histogram: Translate.ApplicationStart.NeverTranslateLanguage recorded 1 samples (flags = 0x41)
-1898669966-O                                                                        (1 = 100.0%)

Histogram: Translate.ApplicationStart.NeverTranslateLanguage.Count recorded 1 samples, mean = 1.0 (flags = 0x41)
0  O                                                                         (0 = 0.0%)
1  -O                                                                        (1 = 100.0%) {0.0%}
2  ... 

Histogram: Translate.ApplicationStart.NeverTranslateSite.Count recorded 1 samples, mean = 0.0 (flags = 0x41)
0  -O                                                                        (1 = 100.0%)
1  ... 

Histogram: Translate.LanguageDetection.LanguageVerification recorded 1 samples, mean = 2.0 (flags = 0x41)
0  ... 
2  -O                                                                        (1 = 100.0%) {0.0%}
3  ... 

Histogram: Translate.LanguageDeterminedDuration recorded 1 samples, mean = 2303.0 (flags = 0x41)
0     ... 
1816  -O                                                                        (1 = 100.0%) {0.0%}
2460  ... 

Histogram: Translate.PageLoad.FinalSourceLanguage recorded 1 samples (flags = 0x41)
-1898669966-O                                                                        (1 = 100.0%)

Histogram: Translate.PageLoad.FinalState recorded 1 samples, mean = 1.0 (flags = 0x41)
0  O                                                                         (0 = 0.0%)
1  -O                                                                        (1 = 100.0%) {0.0%}
2  ... 

Histogram: Translate.PageLoad.FinalTargetLanguage recorded 1 samples (flags = 0x41)
-1898669966-O                                                                        (1 = 100.0%)

Histogram: Translate.PageLoad.InitialSourceLanguage recorded 1 samples (flags = 0x41)
-1898669966-O                                                                        (1 = 100.0%)

Histogram: Translate.PageLoad.InitialState recorded 1 samples, mean = 1.0 (flags = 0x41)
0  O                                                                         (0 = 0.0%)
1  -O                                                                        (1 = 100.0%) {0.0%}
2  ... 

Histogram: Translate.PageLoad.InitialTargetLanguage recorded 1 samples (flags = 0x41)
-1898669966-O                                                                        (1 = 100.0%)

Histogram: Translate.PageLoad.InitialTargetLanguage.Origin recorded 1 samples, mean = 1.0 (flags = 0x41)
0  O                                                                         (0 = 0.0%)
1  -O                                                                        (1 = 100.0%) {0.0%}
2  ... 

Histogram: Translate.PageLoad.IsInitialSourceLanguageInUsersContentLanguages recorded 1 samples, mean = 1.0 (flags = 0x41)
0  O                                                                         (0 = 0.0%)
1  -O                                                                        (1 = 100.0%) {0.0%}
2  O                                                                         (0 = 0.0%) {100.0%}

Histogram: Translate.PageLoad.NumReversions recorded 1 samples, mean = 0.0 (flags = 0x41)
0  -O                                                                        (1 = 100.0%)
1  ... 

Histogram: Translate.PageLoad.NumTargetLanguageChanges recorded 1 samples, mean = 0.0 (flags = 0x41)
0  -O                                                                        (1 = 100.0%)
1  ... 

Histogram: Translate.PageLoad.NumTranslations recorded 1 samples, mean = 0.0 (flags = 0x41)
0  -O                                                                        (1 = 100.0%)
1  ... 

Histogram: Translate.PageLoad.Ranker.Decision recorded 1 samples, mean = 1.0 (flags = 0x41)
0  O                                                                         (0 = 0.0%)
1  -O                                                                        (1 = 100.0%) {0.0%}
2  ... 

Histogram: Translate.PageLoad.Ranker.Version recorded 1 samples (flags = 0x41)
0  -O                                                                        (1 = 100.0%)

Histogram: Translate.PageLoad.TriggerDecision recorded 1 samples, mean = 4.0 (flags = 0x41)
0  ... 
4  -O                                                                        (1 = 100.0%) {0.0%}
5  ... 

Histogram: Translate.Ranker.Model.Status2 recorded 2 samples, mean = 6.5 (flags = 0x41)
0  ... 
6  -O                                                                        (1 = 50.0%) {0.0%}
7  -O                                                                        (1 = 50.0%) {50.0%}
8  O                                                                         (0 = 0.0%) {100.0%}

Histogram: UI.DeviceScale recorded 1 samples (flags = 0x41)
150  -O                                                                        (1 = 100.0%)

Histogram: UKM.Entries.Dropped recorded 418 samples, mean = 1.0 (flags = 0x41)
0  O                                                                         (0 = 0.0%)
1  ------------------------------------------------------------------------O (418 = 100.0%) {0.0%}
2  ... 

Histogram: UKM.Entries.Dropped.ByEntryHash recorded 418 samples (flags = 0x41)
58315124    -O                                                                        (1 = 0.2%)
181657211   -O                                                                        (2 = 0.5%)
189164898   -O                                                                        (1 = 0.2%)
251237400   -O                                                                        (1 = 0.2%)
270025173   -O                                                                        (1 = 0.2%)
277070773   -O                                                                        (1 = 0.2%)
385121421   -O                                                                        (1 = 0.2%)
480593958   --O                                                                       (3 = 0.7%)
532600439   --O                                                                       (3 = 0.7%)
575234402   -O                                                                        (1 = 0.2%)
624513781   -O                                                                        (1 = 0.2%)
654949485   ------------------------------------------------O                         (74 = 17.7%)
661477988   -O                                                                        (1 = 0.2%)
705322609   --O                                                                       (3 = 0.7%)
805578149   -O                                                                        (1 = 0.2%)
810755299   -O                                                                        (1 = 0.2%)
828084724   ------------------------------------------------------------------------O (110 = 26.3%)
854760832   -O                                                                        (1 = 0.2%)
888761441   -O                                                                        (1 = 0.2%)
902138984   ------------------------O                                                 (37 = 8.9%)
923024503   -O                                                                        (1 = 0.2%)
938382174   -O                                                                        (1 = 0.2%)
986870865   ---O                                                                      (4 = 1.0%)
1004547038  -O                                                                        (1 = 0.2%)
1035062417  -O                                                                        (1 = 0.2%)
1078164680  -O                                                                        (2 = 0.5%)
1149114043  -O                                                                        (1 = 0.2%)
1262170432  -----O                                                                    (7 = 1.7%)
1321082436  -O                                                                        (2 = 0.5%)
1350795912  -O                                                                        (1 = 0.2%)
1354891390  -O                                                                        (1 = 0.2%)
1404242571  ------------------------------------------------------------------------O (110 = 26.3%)
1545548559  -O                                                                        (2 = 0.5%)
1548358279  -O                                                                        (1 = 0.2%)
1576109827  -O                                                                        (1 = 0.2%)
1604233346  -----O                                                                    (7 = 1.7%)
1607081943  -O                                                                        (1 = 0.2%)
1645426679  ---O                                                                      (5 = 1.2%)
1663717192  -O                                                                        (1 = 0.2%)
1767609109  -------O                                                                  (11 = 2.6%)
1790338714  -O                                                                        (1 = 0.2%)
1832900131  ---O                                                                      (4 = 1.0%)
1866365893  -O                                                                        (1 = 0.2%)
1871083634  -O                                                                        (1 = 0.2%)
1982793904  -O                                                                        (1 = 0.2%)
2037740339  --O                                                                       (3 = 0.7%)
2066033668  -O                                                                        (1 = 0.2%)

Histogram: UKM.PersistentLogRecall.Status recorded 1 samples, mean = 1.0 (flags = 0x41)
0  O                                                                         (0 = 0.0%)
1  -O                                                                        (1 = 100.0%) {0.0%}
2  ... 

Histogram: UKM.Sources.Dropped recorded 7 samples, mean = 1.0 (flags = 0x41)
0  O                                                                         (0 = 0.0%)
1  -------O                                                                  (7 = 100.0%) {0.0%}
2  ... 

Histogram: UKM.WebDXFeatureSets.Dropped recorded 2 samples, mean = 1.0 (flags = 0x41)
0  O                                                                         (0 = 0.0%)
1  --O                                                                       (2 = 100.0%) {0.0%}
2  ... 

Histogram: UMA.ChildProcess.Ping.Periodic recorded 81 samples, mean = 1.0 (flags = 0x41)
0  ---------------------------O                                              (27 = 33.3%)
1  ---------------------------O                                              (27 = 33.3%) {33.3%}
2  ---------------------------O                                              (27 = 33.3%) {66.7%}
3  O                                                                         (0 = 0.0%) {100.0%}

Histogram: UMA.ChildProcess.Ping.SharedMemorySetUp recorded 22 samples, mean = 1.0 (flags = 0x41)
0  --------O                                                                 (8 = 36.4%)
1  -------O                                                                  (7 = 31.8%) {36.4%}
2  -------O                                                                  (7 = 31.8%) {68.2%}
3  O                                                                         (0 = 0.0%) {100.0%}

Histogram: UMA.CleanExitBeaconConsistency3 recorded 1 samples, mean = 1.0 (flags = 0x41)
0  O                                                                         (0 = 0.0%)
1  -O                                                                        (1 = 100.0%) {0.0%}
2  ... 

Histogram: UMA.EntropySourceType recorded 1 samples, mean = 1.0 (flags = 0x41)
0  O                                                                         (0 = 0.0%)
1  -O                                                                        (1 = 100.0%) {0.0%}
2  ... 

Histogram: UMA.LocalHistogram recorded 9 samples, mean = 1.0 (flags = 0x40)
0  O                                                                         (0 = 0.0%)
1  ---------O                                                                (9 = 100.0%) {0.0%}
2  O                                                                         (0 = 0.0%) {100.0%}

Histogram: UMA.MachineIdState recorded 1 samples, mean = 3.0 (flags = 0x41)
0  ... 
3  -O                                                                        (1 = 100.0%) {0.0%}
4  O                                                                         (0 = 0.0%) {100.0%}

Histogram: UMA.MetricsService.Initialize.Time recorded 1 samples, mean = 203.0 (flags = 0x41)
0    ... 
196  -O                                                                        (1 = 100.0%) {0.0%}
258  ... 

Histogram: UMA.MetricsService.PendingOngoingLogOnDisable recorded 1 samples, mean = 0.0 (flags = 0x41)
0  -O                                                                        (1 = 100.0%)
1  ... 

Histogram: UMA.PersistentAllocator.BrowserMetrics.Errors recorded 0 samples (flags = 0x41)
0 ... 

Histogram: UMA.PersistentAllocator.BrowserMetrics.UsedPct recorded 0 samples (flags = 0x41)
0 ... 

Histogram: UMA.PersistentAllocator.EarlyHistograms.BrowserMetrics recorded 1 samples, mean = 1.0 (flags = 0x41)
0  O                                                                         (0 = 0.0%)
1  -O                                                                        (1 = 100.0%) {0.0%}
2  ... 

Histogram: UMA.PersistentAllocator.EarlyHistograms.GpuMetrics recorded 1 samples, mean = 25.0 (flags = 0x41)
0   ... 
25  -O                                                                        (1 = 100.0%) {0.0%}
26  ... 

Histogram: UMA.PersistentAllocator.EarlyHistograms.RendererMetrics recorded 3 samples, mean = 30.3 (flags = 0x41)
0   ... 
30  ---O                                                                      (3 = 100.0%) {0.0%}
32  ... 

Histogram: UMA.PersistentAllocator.EarlyHistograms.UtilityMetrics recorded 3 samples, mean = 10.0 (flags = 0x41)
0   ... 
7   -O                                                                        (1 = 33.3%) {0.0%}
8   -O                                                                        (1 = 33.3%) {33.3%}
9   ... 
15  -O                                                                        (1 = 33.3%) {66.7%}
16  ... 

Histogram: UMA.PersistentAllocator.FieldTrialAllocator.Errors recorded 0 samples (flags = 0x41)
0 ... 

Histogram: UMA.PersistentAllocator.FieldTrialAllocator.UsedPct recorded 8 samples, mean = 0.0 (flags = 0x41)
0  --------O                                                                 (8 = 100.0%)
1  ... 

Histogram: UMA.PersistentHistograms.InitResult recorded 1 samples, mean = 2.0 (flags = 0x41)
0  ... 
2  -O                                                                        (1 = 100.0%) {0.0%}
3  ... 

Histogram: UMA.Pseudo.PageLoad.LayoutInstability.CumulativeShiftScore recorded 1 samples, mean = 0.0 (flags = 0x41)
0  -O                                                                        (1 = 100.0%)
1  ... 

Histogram: UMA.Pseudo.PageLoad.LayoutInstability.MaxCumulativeShiftScore.SessionWindow.Gap1000ms.Max5000ms2 recorded 1 samples, mean = 0.0 (flags = 0x41)
0  -O                                                                        (1 = 100.0%)
1  ... 

Histogram: UnifiedConsent.MakeSearchesAndBrowsingBetter.OnProfileLoad recorded 1 samples, mean = 0.0 (flags = 0x41)
0  -O                                                                        (1 = 100.0%)
1  ... 

Histogram: V8.CollectSourcePositions recorded 4 samples, mean = 124.5 (flags = 0x41)
0    ... 
16   -O                                                                        (1 = 25.0%) {0.0%}
21   ... 
49   -O                                                                        (1 = 25.0%) {25.0%}
65   ... 
113  -O                                                                        (1 = 25.0%) {50.0%}
149  ... 
258  -O                                                                        (1 = 25.0%) {75.0%}
340  ... 

Histogram: V8.CompileLazyMicroSeconds recorded 14 samples, mean = 1124.4 (flags = 0x41)
0     ... 
8     -O                                                                        (1 = 7.1%) {0.0%}
11    -O                                                                        (1 = 7.1%) {7.1%}
15    O                                                                         (0 = 0.0%) {14.3%}
21    -O                                                                        (1 = 7.1%) {14.3%}
29    -O                                                                        (1 = 7.1%) {21.4%}
40    ---O                                                                      (3 = 21.4%) {28.6%}
55    -O                                                                        (1 = 7.1%) {50.0%}
76    ... 
146   -O                                                                        (1 = 7.1%) {57.1%}
203   -O                                                                        (1 = 7.1%) {64.3%}
282   ... 
752   -O                                                                        (1 = 7.1%) {71.4%}
1043  -O                                                                        (1 = 7.1%) {78.6%}
1447  ... 
2786  -O                                                                        (1 = 7.1%) {85.7%}
3865  ... 
7439  -O                                                                        (1 = 7.1%) {92.9%}
10321 ... 

Histogram: V8.CompileMicroSeconds recorded 22 samples, mean = 149.7 (flags = 0x41)
0     O                                                                         (0 = 0.0%)
1     --------O                                                                 (8 = 36.4%) {0.0%}
2     --O                                                                       (2 = 9.1%) {36.4%}
3     -O                                                                        (1 = 4.5%) {45.5%}
4     -O                                                                        (1 = 4.5%) {50.0%}
5     ... 
9     -O                                                                        (1 = 4.5%) {54.5%}
12    ---O                                                                      (3 = 13.6%) {59.1%}
16    O                                                                         (0 = 0.0%) {72.7%}
21    --O                                                                       (2 = 9.1%) {72.7%}
28    --O                                                                       (2 = 9.1%) {81.8%}
37    ... 
113   -O                                                                        (1 = 4.5%) {90.9%}
149   ... 
2336  -O                                                                        (1 = 4.5%) {95.5%}
3077  ... 

Histogram: V8.CompileScript.CacheBehaviour recorded 48 samples, mean = 9.2 (flags = 0x41)
0   ... 
4   ----------------O                                                         (16 = 33.3%) {0.0%}
5   ... 
8   --O                                                                       (2 = 4.2%) {33.3%}
9   ... 
12  --------------------------O                                               (26 = 54.2%) {37.5%}
13  ----O                                                                     (4 = 8.3%) {91.7%}
14  ... 

Histogram: V8.CompileScriptMicroSeconds recorded 48 samples, mean = 182.8 (flags = 0x41)
0     ... 
2     --O                                                                       (2 = 4.2%) {0.0%}
3     -O                                                                        (1 = 2.1%) {4.2%}
4     --O                                                                       (2 = 4.2%) {6.2%}
5     ------O                                                                   (6 = 12.5%) {10.4%}
7     -------O                                                                  (7 = 14.6%) {22.9%}
9     ----------O                                                               (10 = 20.8%) {37.5%}
12    ---O                                                                      (3 = 6.2%) {58.3%}
16    -----O                                                                    (5 = 10.4%) {64.6%}
21    -O                                                                        (1 = 2.1%) {75.0%}
28    ---O                                                                      (3 = 6.2%) {77.1%}
37    -O                                                                        (1 = 2.1%) {83.3%}
49    --O                                                                       (2 = 4.2%) {85.4%}
65    -O                                                                        (1 = 2.1%) {89.6%}
86    O                                                                         (0 = 0.0%) {91.7%}
113   -O                                                                        (1 = 2.1%) {91.7%}
149   ... 
258   -O                                                                        (1 = 2.1%) {93.8%}
340   O                                                                         (0 = 0.0%) {95.8%}
448   -O                                                                        (1 = 2.1%) {95.8%}
590   ... 
7031  -O                                                                        (1 = 2.1%) {97.9%}
9260  ... 

Histogram: V8.CompileScriptMicroSeconds.BackgroundThread recorded 26 samples, mean = 31536.5 (flags = 0x41)
0       ... 
65      -O                                                                        (1 = 3.8%) {0.0%}
86      -O                                                                        (1 = 3.8%) {3.8%}
113     -----O                                                                    (5 = 19.2%) {7.7%}
149     -O                                                                        (1 = 3.8%) {26.9%}
196     ... 
448     ---O                                                                      (3 = 11.5%) {30.8%}
590     O                                                                         (0 = 0.0%) {42.3%}
777     ---O                                                                      (3 = 11.5%) {42.3%}
1023    O                                                                         (0 = 0.0%) {53.8%}
1347    -O                                                                        (1 = 3.8%) {53.8%}
1774    -O                                                                        (1 = 3.8%) {57.7%}
2336    O                                                                         (0 = 0.0%) {61.5%}
3077    -O                                                                        (1 = 3.8%) {61.5%}
4053    ... 
9260    -O                                                                        (1 = 3.8%) {65.4%}
12196   O                                                                         (0 = 0.0%) {69.2%}
16063   -O                                                                        (1 = 3.8%) {69.2%}
21156   O                                                                         (0 = 0.0%) {73.1%}
27864   -O                                                                        (1 = 3.8%) {73.1%}
36699   --O                                                                       (2 = 7.7%) {76.9%}
48336   --O                                                                       (2 = 7.7%) {84.6%}
63662   O                                                                         (0 = 0.0%) {92.3%}
83848   -O                                                                        (1 = 3.8%) {92.3%}
110434  ... 
437686  -O                                                                        (1 = 3.8%) {96.2%}
576468  ... 

Histogram: V8.CompileScriptMicroSeconds.NoCache.InlineScript recorded 16 samples, mean = 55.9 (flags = 0x41)
0    ... 
3    -O                                                                        (1 = 6.2%) {0.0%}
4    O                                                                         (0 = 0.0%) {6.2%}
5    -O                                                                        (1 = 6.2%) {6.2%}
7    -O                                                                        (1 = 6.2%) {12.5%}
9    ---O                                                                      (3 = 18.8%) {18.8%}
12   --O                                                                       (2 = 12.5%) {37.5%}
16   -O                                                                        (1 = 6.2%) {50.0%}
21   -O                                                                        (1 = 6.2%) {56.2%}
28   --O                                                                       (2 = 12.5%) {62.5%}
37   -O                                                                        (1 = 6.2%) {75.0%}
49   O                                                                         (0 = 0.0%) {81.2%}
65   -O                                                                        (1 = 6.2%) {81.2%}
86   O                                                                         (0 = 0.0%) {87.5%}
113  -O                                                                        (1 = 6.2%) {87.5%}
149  ... 
448  -O                                                                        (1 = 6.2%) {93.8%}
590  ... 

Histogram: V8.CompileScriptMicroSeconds.NoCache.Other recorded 6 samples, mean = 1280.5 (flags = 0x41)
0     ... 
16    -O                                                                        (1 = 16.7%) {0.0%}
21    O                                                                         (0 = 0.0%) {16.7%}
28    -O                                                                        (1 = 16.7%) {16.7%}
37    O                                                                         (0 = 0.0%) {33.3%}
49    --O                                                                       (2 = 33.3%) {33.3%}
65    ... 
258   -O                                                                        (1 = 16.7%) {66.7%}
340   ... 
7031  -O                                                                        (1 = 16.7%) {83.3%}
9260  ... 

Histogram: V8.CompileScriptMicroSeconds.StreamingFinalization recorded 26 samples, mean = 9.1 (flags = 0x41)
0   ... 
2   --O                                                                       (2 = 7.7%) {0.0%}
3   O                                                                         (0 = 0.0%) {7.7%}
4   -O                                                                        (1 = 3.8%) {7.7%}
5   -----O                                                                    (5 = 19.2%) {11.5%}
7   ----O                                                                     (4 = 15.4%) {30.8%}
9   ---------O                                                                (9 = 34.6%) {46.2%}
12  --O                                                                       (2 = 7.7%) {80.8%}
16  --O                                                                       (2 = 7.7%) {88.5%}
21  -O                                                                        (1 = 3.8%) {96.2%}
28  ... 

Histogram: V8.ErrorsThrownPerContext recorded 1 samples, mean = 0.0 (flags = 0x41)
0  -O                                                                        (1 = 100.0%)
1  ... 

Histogram: V8.GC.Cycle.CollectionRate.Full recorded 2 samples, mean = 47.0 (flags = 0x41)
0   ... 
21  -O                                                                        (1 = 50.0%) {0.0%}
26  ... 
64  -O                                                                        (1 = 50.0%) {50.0%}
80  ... 

Histogram: V8.GC.Cycle.CollectionRate.Full.Cpp recorded 2 samples, mean = 52.5 (flags = 0x41)
0   ... 
26  -O                                                                        (1 = 50.0%) {0.0%}
33  ... 
64  -O                                                                        (1 = 50.0%) {50.0%}
80  ... 

Histogram: V8.GC.Cycle.CollectionRate.Young recorded 33 samples, mean = 47.7 (flags = 0x41)
0   O                                                                         (0 = 0.0%)
1   ------O                                                                   (6 = 18.2%) {0.0%}
2   ... 
5   -O                                                                        (1 = 3.0%) {18.2%}
6   ... 
14  -O                                                                        (1 = 3.0%) {21.2%}
17  ... 
33  --O                                                                       (2 = 6.1%) {24.2%}
41  O                                                                         (0 = 0.0%) {30.3%}
51  ---------O                                                                (9 = 27.3%) {30.3%}
64  --------------O                                                           (14 = 42.4%) {57.6%}
80  ... 

Histogram: V8.GC.Cycle.CollectionWeight.Full recorded 2 samples, mean = 0.0 (flags = 0x41)
0  --O                                                                       (2 = 100.0%)
1  ... 

Histogram: V8.GC.Cycle.CollectionWeight.Full.Cpp recorded 2 samples, mean = 0.0 (flags = 0x41)
0  --O                                                                       (2 = 100.0%)
1  ... 

Histogram: V8.GC.Cycle.CollectionWeight.MainThread.Full recorded 2 samples, mean = 0.0 (flags = 0x41)
0  --O                                                                       (2 = 100.0%)
1  ... 

Histogram: V8.GC.Cycle.CollectionWeight.MainThread.Full.Cpp recorded 2 samples, mean = 0.0 (flags = 0x41)
0  --O                                                                       (2 = 100.0%)
1  ... 

Histogram: V8.GC.Cycle.Efficiency.Full recorded 2 samples, mean = 722.0 (flags = 0x41)
0     ... 
163   -O                                                                        (1 = 50.0%) {0.0%}
222   ... 
1034  -O                                                                        (1 = 50.0%) {50.0%}
1407  ... 

Histogram: V8.GC.Cycle.Efficiency.Full.Cpp recorded 2 samples, mean = 496.5 (flags = 0x41)
0    ... 
163  -O                                                                        (1 = 50.0%) {0.0%}
222  ... 
760  -O                                                                        (1 = 50.0%) {50.0%}
1034 ... 

Histogram: V8.GC.Cycle.Efficiency.MainThread.Full recorded 2 samples, mean = 2555.5 (flags = 0x41)
0     ... 
559   -O                                                                        (1 = 50.0%) {0.0%}
760   ... 
3542  -O                                                                        (1 = 50.0%) {50.0%}
4818  ... 

Histogram: V8.GC.Cycle.Efficiency.MainThread.Full.Cpp recorded 2 samples, mean = 1040.0 (flags = 0x41)
0     ... 
302   -O                                                                        (1 = 50.0%) {0.0%}
411   ... 
1407  -O                                                                        (1 = 50.0%) {50.0%}
1914  ... 

Histogram: V8.GC.Cycle.Efficiency.MainThread.Young recorded 33 samples, mean = 3895.5 (flags = 0x41)
0      ... 
222    -O                                                                        (1 = 3.0%) {0.0%}
302    O                                                                         (0 = 0.0%) {3.0%}
411    -O                                                                        (1 = 3.0%) {3.0%}
559    ---O                                                                      (3 = 9.1%) {6.1%}
760    --------O                                                                 (8 = 24.2%) {15.2%}
1034   -------O                                                                  (7 = 21.2%) {39.4%}
1407   -O                                                                        (1 = 3.0%) {60.6%}
1914   ---O                                                                      (3 = 9.1%) {63.6%}
2604   O                                                                         (0 = 0.0%) {72.7%}
3542   -O                                                                        (1 = 3.0%) {72.7%}
4818   ... 
8915   ----O                                                                     (4 = 12.1%) {75.8%}
12127  ----O                                                                     (4 = 12.1%) {87.9%}
16496  ... 

Histogram: V8.GC.Cycle.Efficiency.Young recorded 33 samples, mean = 2585.4 (flags = 0x41)
0      ... 
222    -----O                                                                    (5 = 15.2%) {0.0%}
302    ------O                                                                   (6 = 18.2%) {15.2%}
411    -------O                                                                  (7 = 21.2%) {33.3%}
559    ------O                                                                   (6 = 18.2%) {54.5%}
760    -O                                                                        (1 = 3.0%) {72.7%}
1034   ... 
2604   -O                                                                        (1 = 3.0%) {75.8%}
3542   ... 
6554   --O                                                                       (2 = 6.1%) {78.8%}
8915   ----O                                                                     (4 = 12.1%) {84.8%}
12127  -O                                                                        (1 = 3.0%) {97.0%}
16496  ... 

Histogram: V8.GC.Cycle.Full recorded 2 samples, mean = 25.5 (flags = 0x41)
0   ... 
20  -O                                                                        (1 = 50.0%) {0.0%}
24  O                                                                         (0 = 0.0%) {50.0%}
29  -O                                                                        (1 = 50.0%) {50.0%}
34  ... 

Histogram: V8.GC.Cycle.Full.Compact recorded 2 samples, mean = 4.5 (flags = 0x41)
0  ... 
2  -O                                                                        (1 = 50.0%) {0.0%}
3  ... 
7  -O                                                                        (1 = 50.0%) {50.0%}
8  ... 

Histogram: V8.GC.Cycle.Full.Compact.Cpp recorded 2 samples, mean = 0.5 (flags = 0x41)
0  -O                                                                        (1 = 50.0%)
1  -O                                                                        (1 = 50.0%) {50.0%}
2  ... 

Histogram: V8.GC.Cycle.Full.Cpp recorded 2 samples, mean = 12.0 (flags = 0x41)
0   ... 
8   -O                                                                        (1 = 50.0%) {0.0%}
10  ... 
14  -O                                                                        (1 = 50.0%) {50.0%}
17  ... 

Histogram: V8.GC.Cycle.Full.Mark recorded 2 samples, mean = 15.5 (flags = 0x41)
0   ... 
14  --O                                                                       (2 = 100.0%) {0.0%}
17  ... 

Histogram: V8.GC.Cycle.Full.Mark.Cpp recorded 2 samples, mean = 5.5 (flags = 0x41)
0  ... 
4  -O                                                                        (1 = 50.0%) {0.0%}
5  ... 
7  -O                                                                        (1 = 50.0%) {50.0%}
8  ... 

Histogram: V8.GC.Cycle.Full.Sweep recorded 2 samples, mean = 1.5 (flags = 0x41)
0  O                                                                         (0 = 0.0%)
1  -O                                                                        (1 = 50.0%) {0.0%}
2  -O                                                                        (1 = 50.0%) {50.0%}
3  ... 

Histogram: V8.GC.Cycle.Full.Sweep.Cpp recorded 2 samples, mean = 5.5 (flags = 0x41)
0  ... 
3  -O                                                                        (1 = 50.0%) {0.0%}
4  ... 
8  -O                                                                        (1 = 50.0%) {50.0%}
10 ... 

Histogram: V8.GC.Cycle.Full.Weak recorded 2 samples, mean = 0.0 (flags = 0x41)
0  --O                                                                       (2 = 100.0%)
1  ... 

Histogram: V8.GC.Cycle.Full.Weak.Cpp recorded 2 samples, mean = 0.0 (flags = 0x41)
0  --O                                                                       (2 = 100.0%)
1  ... 

Histogram: V8.GC.Cycle.MainThread.Full recorded 2 samples, mean = 7.0 (flags = 0x41)
0  ... 
6  -O                                                                        (1 = 50.0%) {0.0%}
7  O                                                                         (0 = 0.0%) {50.0%}
8  -O                                                                        (1 = 50.0%) {50.0%}
10 ... 

Histogram: V8.GC.Cycle.MainThread.Full.Atomic recorded 2 samples, mean = 5.5 (flags = 0x41)
0  ... 
5  -O                                                                        (1 = 50.0%) {0.0%}
6  -O                                                                        (1 = 50.0%) {50.0%}
7  ... 

Histogram: V8.GC.Cycle.MainThread.Full.Atomic.Compact recorded 2 samples, mean = 0.5 (flags = 0x41)
0  -O                                                                        (1 = 50.0%)
1  -O                                                                        (1 = 50.0%) {50.0%}
2  ... 

Histogram: V8.GC.Cycle.MainThread.Full.Atomic.Compact.Cpp recorded 2 samples, mean = 0.5 (flags = 0x41)
0  -O                                                                        (1 = 50.0%)
1  -O                                                                        (1 = 50.0%) {50.0%}
2  ... 

Histogram: V8.GC.Cycle.MainThread.Full.Atomic.Cpp recorded 2 samples, mean = 1.0 (flags = 0x41)
0  O                                                                         (0 = 0.0%)
1  --O                                                                       (2 = 100.0%) {0.0%}
2  ... 

Histogram: V8.GC.Cycle.MainThread.Full.Atomic.Mark recorded 2 samples, mean = 1.0 (flags = 0x41)
0  -O                                                                        (1 = 50.0%)
1  O                                                                         (0 = 0.0%) {50.0%}
2  -O                                                                        (1 = 50.0%) {50.0%}
3  ... 

Histogram: V8.GC.Cycle.MainThread.Full.Atomic.Mark.Cpp recorded 2 samples, mean = 0.5 (flags = 0x41)
0  -O                                                                        (1 = 50.0%)
1  -O                                                                        (1 = 50.0%) {50.0%}
2  ... 

Histogram: V8.GC.Cycle.MainThread.Full.Atomic.Sweep recorded 2 samples, mean = 0.0 (flags = 0x41)
0  --O                                                                       (2 = 100.0%)
1  ... 

Histogram: V8.GC.Cycle.MainThread.Full.Atomic.Sweep.Cpp recorded 2 samples, mean = 0.0 (flags = 0x41)
0  --O                                                                       (2 = 100.0%)
1  ... 

Histogram: V8.GC.Cycle.MainThread.Full.Atomic.Weak recorded 2 samples, mean = 0.0 (flags = 0x41)
0  --O                                                                       (2 = 100.0%)
1  ... 

Histogram: V8.GC.Cycle.MainThread.Full.Atomic.Weak.Cpp recorded 2 samples, mean = 0.0 (flags = 0x41)
0  --O                                                                       (2 = 100.0%)
1  ... 

Histogram: V8.GC.Cycle.MainThread.Full.Compact recorded 2 samples, mean = 0.5 (flags = 0x41)
0  -O                                                                        (1 = 50.0%)
1  -O                                                                        (1 = 50.0%) {50.0%}
2  ... 

Histogram: V8.GC.Cycle.MainThread.Full.Compact.Cpp recorded 2 samples, mean = 0.5 (flags = 0x41)
0  -O                                                                        (1 = 50.0%)
1  -O                                                                        (1 = 50.0%) {50.0%}
2  ... 

Histogram: V8.GC.Cycle.MainThread.Full.Cpp recorded 2 samples, mean = 5.5 (flags = 0x41)
0  ... 
4  -O                                                                        (1 = 50.0%) {0.0%}
5  ... 
7  -O                                                                        (1 = 50.0%) {50.0%}
8  ... 

Histogram: V8.GC.Cycle.MainThread.Full.Incremental.Mark recorded 2 samples, mean = 1.0 (flags = 0x41)
0  O                                                                         (0 = 0.0%)
1  --O                                                                       (2 = 100.0%) {0.0%}
2  ... 

Histogram: V8.GC.Cycle.MainThread.Full.Incremental.Mark.Cpp recorded 2 samples, mean = 0.0 (flags = 0x41)
0  --O                                                                       (2 = 100.0%)
1  ... 

Histogram: V8.GC.Cycle.MainThread.Full.Incremental.Mark.StartStop recorded 2 samples, mean = 2.0 (flags = 0x41)
0  O                                                                         (0 = 0.0%)
1  -O                                                                        (1 = 50.0%) {0.0%}
2  O                                                                         (0 = 0.0%) {50.0%}
3  -O                                                                        (1 = 50.0%) {50.0%}
4  ... 

Histogram: V8.GC.Cycle.MainThread.Full.Incremental.Sweep recorded 2 samples, mean = 0.0 (flags = 0x41)
0  --O                                                                       (2 = 100.0%)
1  ... 

Histogram: V8.GC.Cycle.MainThread.Full.Incremental.Sweep.Cpp recorded 2 samples, mean = 3.5 (flags = 0x41)
0  ... 
2  -O                                                                        (1 = 50.0%) {0.0%}
3  ... 
5  -O                                                                        (1 = 50.0%) {50.0%}
6  ... 

Histogram: V8.GC.Cycle.MainThread.Full.Mark recorded 2 samples, mean = 2.5 (flags = 0x41)
0  O                                                                         (0 = 0.0%)
1  -O                                                                        (1 = 50.0%) {0.0%}
2  ... 
4  -O                                                                        (1 = 50.0%) {50.0%}
5  ... 

Histogram: V8.GC.Cycle.MainThread.Full.Mark.Cpp recorded 2 samples, mean = 0.5 (flags = 0x41)
0  -O                                                                        (1 = 50.0%)
1  -O                                                                        (1 = 50.0%) {50.0%}
2  ... 

Histogram: V8.GC.Cycle.MainThread.Full.Sweep recorded 2 samples, mean = 0.0 (flags = 0x41)
0  --O                                                                       (2 = 100.0%)
1  ... 

Histogram: V8.GC.Cycle.MainThread.Full.Sweep.Cpp recorded 2 samples, mean = 4.0 (flags = 0x41)
0  ... 
2  -O                                                                        (1 = 50.0%) {0.0%}
3  ... 
6  -O                                                                        (1 = 50.0%) {50.0%}
7  ... 

Histogram: V8.GC.Cycle.MainThread.Full.Weak recorded 2 samples, mean = 0.0 (flags = 0x41)
0  --O                                                                       (2 = 100.0%)
1  ... 

Histogram: V8.GC.Cycle.MainThread.Full.Weak.Cpp recorded 2 samples, mean = 0.0 (flags = 0x41)
0  --O                                                                       (2 = 100.0%)
1  ... 

Histogram: V8.GC.Cycle.MainThread.Young recorded 33 samples, mean = 0.3 (flags = 0x41)
0  -------------------------O                                                (25 = 75.8%)
1  -------O                                                                  (7 = 21.2%) {75.8%}
2  -O                                                                        (1 = 3.0%) {97.0%}
3  ... 

Histogram: V8.GC.Cycle.Memory.Freed.Full recorded 2 samples, mean = 17634.0 (flags = 0x41)
0      ... 
8915   -O                                                                        (1 = 50.0%) {0.0%}
12127  ... 
22439  -O                                                                        (1 = 50.0%) {50.0%}
30523  ... 

Histogram: V8.GC.Cycle.Memory.Freed.Full.Cpp recorded 2 samples, mean = 6336.0 (flags = 0x41)
0     ... 
3542  -O                                                                        (1 = 50.0%) {0.0%}
4818  O                                                                         (0 = 0.0%) {50.0%}
6554  -O                                                                        (1 = 50.0%) {50.0%}
8915  ... 

Histogram: V8.GC.Cycle.Objects.After.Full recorded 2 samples, mean = 10727.0 (flags = 0x41)
0      ... 
8915   -O                                                                        (1 = 50.0%) {0.0%}
12127  -O                                                                        (1 = 50.0%) {50.0%}
16496  ... 

Histogram: V8.GC.Cycle.Objects.After.Full.Cpp recorded 2 samples, mean = 5329.0 (flags = 0x41)
0     ... 
4818  --O                                                                       (2 = 100.0%) {0.0%}
6554  ... 

Histogram: V8.GC.Cycle.Objects.Before.Full recorded 2 samples, mean = 27101.5 (flags = 0x41)
0      ... 
16496  -O                                                                        (1 = 50.0%) {0.0%}
22439  O                                                                         (0 = 0.0%) {50.0%}
30523  -O                                                                        (1 = 50.0%) {50.0%}
41520  ... 

Histogram: V8.GC.Cycle.Objects.Before.Full.Cpp recorded 2 samples, mean = 12771.5 (flags = 0x41)
0      ... 
6554   -O                                                                        (1 = 50.0%) {0.0%}
8915   ... 
16496  -O                                                                        (1 = 50.0%) {50.0%}
22439  ... 

Histogram: V8.GC.Cycle.Objects.Freed.Full recorded 2 samples, mean = 16373.5 (flags = 0x41)
0      ... 
4818   -O                                                                        (1 = 50.0%) {0.0%}
6554   ... 
22439  -O                                                                        (1 = 50.0%) {50.0%}
30523  ... 

Histogram: V8.GC.Cycle.Objects.Freed.Full.Cpp recorded 2 samples, mean = 7442.0 (flags = 0x41)
0      ... 
1407   -O                                                                        (1 = 50.0%) {0.0%}
1914   ... 
12127  -O                                                                        (1 = 50.0%) {50.0%}
16496  ... 

Histogram: V8.GC.Cycle.Reason.Full recorded 2 samples, mean = 17.0 (flags = 0x41)
0   ... 
9   -O                                                                        (1 = 50.0%) {0.0%}
10  ... 
25  -O                                                                        (1 = 50.0%) {50.0%}
26  ... 

Histogram: V8.GC.Cycle.Reason.Young recorded 33 samples, mean = 11.7 (flags = 0x41)
0   O                                                                         (0 = 0.0%)
1   -O                                                                        (1 = 3.0%) {0.0%}
2   ... 
12  --------------------------------O                                         (32 = 97.0%) {3.0%}
13  ... 

Histogram: V8.GC.Cycle.Young recorded 33 samples, mean = 1.7 (flags = 0x41)
0  -----------------O                                                        (17 = 51.5%)
1  -----O                                                                    (5 = 15.2%) {51.5%}
2  ---O                                                                      (3 = 9.1%) {66.7%}
3  -O                                                                        (1 = 3.0%) {75.8%}
4  -O                                                                        (1 = 3.0%) {78.8%}
5  --O                                                                       (2 = 6.1%) {81.8%}
6  -O                                                                        (1 = 3.0%) {87.9%}
7  --O                                                                       (2 = 6.1%) {90.9%}
8  -O                                                                        (1 = 3.0%) {97.0%}
10 ... 

Histogram: V8.GC.Event.MainThread.Full.Finalize.Incremental.ReduceMemory recorded 2 samples, mean = 4.0 (flags = 0x41)
0  ... 
2  -O                                                                        (1 = 50.0%) {0.0%}
3  ... 
6  -O                                                                        (1 = 50.0%) {50.0%}
7  ... 

Histogram: V8.GC.Event.MainThread.Full.Finalize.Incremental.ReduceMemory.Foreground recorded 2 samples, mean = 4.0 (flags = 0x41)
0  ... 
2  -O                                                                        (1 = 50.0%) {0.0%}
3  ... 
6  -O                                                                        (1 = 50.0%) {50.0%}
7  ... 

Histogram: V8.GC.Event.MainThread.Full.Finalize.Incremental.Regular recorded 1 samples, mean = 5.0 (flags = 0x41)
0  ... 
5  -O                                                                        (1 = 100.0%) {0.0%}
6  ... 

Histogram: V8.GC.Event.MainThread.Full.Finalize.Incremental.Regular.Foreground recorded 1 samples, mean = 5.0 (flags = 0x41)
0  ... 
5  -O                                                                        (1 = 100.0%) {0.0%}
6  ... 

Histogram: V8.GC.Event.MainThread.Full.Incremental.Mark recorded 46 samples, mean = 0.0 (flags = 0x41)
0  ----------------------------------------------O                           (46 = 100.0%)
1  ... 

Histogram: V8.GC.Event.MainThread.Full.Incremental.Mark.Cpp recorded 49 samples, mean = 0.0 (flags = 0x41)
0  -------------------------------------------------O                        (49 = 100.0%)
1  ... 

Histogram: V8.GC.Event.MainThread.Full.Incremental.Sweep.Cpp recorded 105 samples, mean = 0.1 (flags = 0x41)
0  ------------------------------------------------------------------------O (103 = 98.1%)
1  O                                                                         (0 = 0.0%) {98.1%}
2  -O                                                                        (1 = 1.0%) {98.1%}
3  ... 
5  -O                                                                        (1 = 1.0%) {99.0%}
6  ... 

Histogram: V8.GC.TimeToCollectionOnBackground recorded 1 samples, mean = 22.0 (flags = 0x41)
0   ... 
21  -O                                                                        (1 = 100.0%) {0.0%}
29  ... 

Histogram: V8.GC.TimeToSafepoint recorded 39 samples, mean = 62.7 (flags = 0x41)
0     -----------------------O                                                  (23 = 59.0%)
1     ------O                                                                   (6 = 15.4%) {59.0%}
2     -O                                                                        (1 = 2.6%) {74.4%}
3     -O                                                                        (1 = 2.6%) {76.9%}
4     -O                                                                        (1 = 2.6%) {79.5%}
6     -O                                                                        (1 = 2.6%) {82.1%}
8     O                                                                         (0 = 0.0%) {84.6%}
11    -O                                                                        (1 = 2.6%) {84.6%}
15    -O                                                                        (1 = 2.6%) {87.2%}
21    O                                                                         (0 = 0.0%) {89.7%}
29    --O                                                                       (2 = 5.1%) {89.7%}
40    ... 
105   -O                                                                        (1 = 2.6%) {94.9%}
146   ... 
2008  -O                                                                        (1 = 2.6%) {97.4%}
2786  ... 

Histogram: V8.GCFinalizeMC.Clear recorded 1 samples, mean = 0.0 (flags = 0x41)
0  -O                                                                        (1 = 100.0%)
1  ... 

Histogram: V8.GCFinalizeMC.Epilogue recorded 1 samples, mean = 0.0 (flags = 0x41)
0  -O                                                                        (1 = 100.0%)
1  ... 

Histogram: V8.GCFinalizeMC.Evacuate recorded 1 samples, mean = 0.0 (flags = 0x41)
0  -O                                                                        (1 = 100.0%)
1  ... 

Histogram: V8.GCFinalizeMC.Finish recorded 1 samples, mean = 0.0 (flags = 0x41)
0  -O                                                                        (1 = 100.0%)
1  ... 

Histogram: V8.GCFinalizeMC.Mark recorded 1 samples, mean = 2.0 (flags = 0x41)
0  ... 
2  -O                                                                        (1 = 100.0%) {0.0%}
3  ... 

Histogram: V8.GCFinalizeMC.Prologue recorded 1 samples, mean = 0.0 (flags = 0x41)
0  -O                                                                        (1 = 100.0%)
1  ... 

Histogram: V8.GCFinalizeMC.Sweep recorded 1 samples, mean = 0.0 (flags = 0x41)
0  -O                                                                        (1 = 100.0%)
1  ... 

Histogram: V8.GCIncrementalMarking recorded 54 samples, mean = 0.0 (flags = 0x41)
0  ------------------------------------------------------O                   (54 = 100.0%)
1  ... 

Histogram: V8.GCIncrementalMarkingReason recorded 3 samples, mean = 12.0 (flags = 0x41)
0   ... 
2   -O                                                                        (1 = 33.3%) {0.0%}
3   ... 
17  --O                                                                       (2 = 66.7%) {33.3%}
18  ... 

Histogram: V8.GCIncrementalMarkingStart recorded 3 samples, mean = 0.3 (flags = 0x41)
0  --O                                                                       (2 = 66.7%)
1  -O                                                                        (1 = 33.3%) {66.7%}
2  ... 

Histogram: V8.GCMarkCompactReason recorded 2 samples, mean = 17.0 (flags = 0x41)
0   ... 
9   -O                                                                        (1 = 50.0%) {0.0%}
10  ... 
25  -O                                                                        (1 = 50.0%) {50.0%}
26  ... 

Histogram: V8.GCScavenger.ScavengeMain recorded 33 samples, mean = 0.1 (flags = 0x41)
0  -------------------------------O                                          (31 = 93.9%)
1  --O                                                                       (2 = 6.1%) {93.9%}
2  ... 

Histogram: V8.GCScavenger.ScavengeRoots recorded 33 samples, mean = 0.0 (flags = 0x41)
0  --------------------------------O                                         (32 = 97.0%)
1  -O                                                                        (1 = 3.0%) {97.0%}
2  ... 

Histogram: V8.JSDispatchTableEntriesCount recorded 3 samples, mean = 0.7 (flags = 0x41)
0  --O                                                                       (2 = 66.7%)
1  O                                                                         (0 = 0.0%) {66.7%}
2  -O                                                                        (1 = 33.3%) {66.7%}
3  ... 

Histogram: V8.LocalWindowProxy.CreateContextTime recorded 4 samples, mean = 6.8 (flags = 0x41)
0   --O                                                                       (2 = 50.0%)
1   -O                                                                        (1 = 25.0%) {50.0%}
2   ... 
24  -O                                                                        (1 = 25.0%) {75.0%}
29  ... 

Histogram: V8.LocalWindowProxy.InitializeTime recorded 4 samples, mean = 9.2 (flags = 0x41)
0   --O                                                                       (2 = 50.0%)
1   ... 
3   -O                                                                        (1 = 25.0%) {50.0%}
4   ... 
34  -O                                                                        (1 = 25.0%) {75.0%}
40  ... 

Histogram: V8.MaglevOptimizeExecute recorded 344 samples, mean = 173.9 (flags = 0x41)
0     ... 
5     ----O                                                                     (4 = 1.2%) {0.0%}
6     ------O                                                                   (6 = 1.7%) {1.2%}
8     ----O                                                                     (4 = 1.2%) {2.9%}
10    -----------O                                                              (11 = 3.2%) {4.1%}
13    -------O                                                                  (7 = 2.0%) {7.3%}
16    -------O                                                                  (7 = 2.0%) {9.3%}
20    ----------O                                                               (10 = 2.9%) {11.3%}
25    ------------------------O                                                 (24 = 7.0%) {14.2%}
31    -------------------O                                                      (19 = 5.5%) {21.2%}
39    ------------------------O                                                 (24 = 7.0%) {26.7%}
49    ----------------------------------O                                       (34 = 9.9%) {33.7%}
61    ------------------------O                                                 (24 = 7.0%) {43.6%}
76    ------------------------------------O                                     (36 = 10.5%) {50.6%}
95    -------------------------------O                                          (31 = 9.0%) {61.0%}
119   ----------------------O                                                   (22 = 6.4%) {70.1%}
149   ------------------------------O                                           (30 = 8.7%) {76.5%}
186   ---------------O                                                          (15 = 4.4%) {85.2%}
233   ----------O                                                               (10 = 2.9%) {89.5%}
292   ---O                                                                      (3 = 0.9%) {92.4%}
365   ---O                                                                      (3 = 0.9%) {93.3%}
457   ----------O                                                               (10 = 2.9%) {94.2%}
572   --O                                                                       (2 = 0.6%) {97.1%}
716   -O                                                                        (1 = 0.3%) {97.7%}
896   --O                                                                       (2 = 0.6%) {98.0%}
1122  -O                                                                        (1 = 0.3%) {98.5%}
1404  O                                                                         (0 = 0.0%) {98.8%}
1757  -O                                                                        (1 = 0.3%) {98.8%}
2199  ... 
4313  --O                                                                       (2 = 0.6%) {99.1%}
5399  O                                                                         (0 = 0.0%) {99.7%}
6758  -O                                                                        (1 = 0.3%) {99.7%}
8459  ... 

Histogram: V8.MaglevOptimizeFinalize recorded 344 samples, mean = 3.3 (flags = 0x41)
0   --------------------------------------O                                   (39 = 11.3%)
1   ------------------------------------------------------------------------O (73 = 21.2%) {11.3%}
2   ----------------------------------------------------------O               (59 = 17.2%) {32.6%}
3   --------------------------------------------------------------O           (63 = 18.3%) {49.7%}
4   ---------------------------------------O                                  (40 = 11.6%) {68.0%}
5   --------------O                                                           (14 = 4.1%) {79.7%}
6   -------------------------------O                                          (31 = 9.0%) {83.7%}
8   ------O                                                                   (6 = 1.7%) {92.7%}
10  --------O                                                                 (8 = 2.3%) {94.5%}
13  ----O                                                                     (4 = 1.2%) {96.8%}
16  -----O                                                                    (5 = 1.5%) {98.0%}
20  -O                                                                        (1 = 0.3%) {99.4%}
25  -O                                                                        (1 = 0.3%) {99.7%}
31  ... 

Histogram: V8.MaglevOptimizePrepare recorded 344 samples, mean = 0.1 (flags = 0x41)
0  ------------------------------------------------------------------------O (325 = 94.5%)
1  ----O                                                                     (19 = 5.5%) {94.5%}
2  ... 

Histogram: V8.MaglevOptimizeTotalTime recorded 344 samples, mean = 1487.3 (flags = 0x41)
0       ... 
7       -O                                                                        (1 = 0.3%) {0.0%}
9       ---O                                                                      (3 = 0.9%) {0.3%}
12      ----O                                                                     (4 = 1.2%) {1.2%}
16      -----O                                                                    (5 = 1.5%) {2.3%}
21      ------O                                                                   (6 = 1.7%) {3.8%}
28      ---------O                                                                (9 = 2.6%) {5.5%}
37      -----------------O                                                        (17 = 4.9%) {8.1%}
49      ---------------------O                                                    (21 = 6.1%) {13.1%}
65      -------------------------------O                                          (31 = 9.0%) {19.2%}
86      ------------------------------------O                                     (36 = 10.5%) {28.2%}
113     ---------------------------------O                                        (33 = 9.6%) {38.7%}
149     --------------------------------O                                         (32 = 9.3%) {48.3%}
196     -----------------------O                                                  (23 = 6.7%) {57.6%}
258     -------------------O                                                      (19 = 5.5%) {64.2%}
340     --------------------------------O                                         (32 = 9.3%) {69.8%}
448     -----------O                                                              (11 = 3.2%) {79.1%}
590     ----------O                                                               (10 = 2.9%) {82.3%}
777     ----------O                                                               (10 = 2.9%) {85.2%}
1023    ------------------------O                                                 (24 = 7.0%) {88.1%}
1347    -O                                                                        (1 = 0.3%) {95.1%}
1774    O                                                                         (0 = 0.0%) {95.3%}
2336    -O                                                                        (1 = 0.3%) {95.3%}
3077    ------O                                                                   (6 = 1.7%) {95.6%}
4053    ----O                                                                     (4 = 1.2%) {97.4%}
5338    O                                                                         (0 = 0.0%) {98.5%}
7031    ---O                                                                      (3 = 0.9%) {98.5%}
9260    ... 
145450  --O                                                                       (2 = 0.6%) {99.4%}
191569  ... 

Histogram: V8.MemoryExternalFragmentationCodeSpace recorded 36 samples, mean = 33.8 (flags = 0x41)
0   ... 
6   -O                                                                        (1 = 2.8%) {0.0%}
7   -O                                                                        (1 = 2.8%) {2.8%}
8   ... 
18  -O                                                                        (1 = 2.8%) {5.6%}
19  -O                                                                        (1 = 2.8%) {8.3%}
20  ... 
24  ---O                                                                      (3 = 8.3%) {11.1%}
25  --O                                                                       (2 = 5.6%) {19.4%}
26  -O                                                                        (1 = 2.8%) {25.0%}
27  O                                                                         (0 = 0.0%) {27.8%}
28  -O                                                                        (1 = 2.8%) {27.8%}
29  --O                                                                       (2 = 5.6%) {30.6%}
30  O                                                                         (0 = 0.0%) {36.1%}
31  ---O                                                                      (3 = 8.3%) {36.1%}
32  ---O                                                                      (3 = 8.3%) {44.4%}
33  O                                                                         (0 = 0.0%) {52.8%}
34  -O                                                                        (1 = 2.8%) {52.8%}
35  ----O                                                                     (4 = 11.1%) {55.6%}
36  -O                                                                        (1 = 2.8%) {66.7%}
37  --O                                                                       (2 = 5.6%) {69.4%}
38  O                                                                         (0 = 0.0%) {75.0%}
39  --O                                                                       (2 = 5.6%) {75.0%}
40  O                                                                         (0 = 0.0%) {80.6%}
41  -O                                                                        (1 = 2.8%) {80.6%}
42  O                                                                         (0 = 0.0%) {83.3%}
43  --O                                                                       (2 = 5.6%) {83.3%}
44  -O                                                                        (1 = 2.8%) {88.9%}
45  ... 
48  -O                                                                        (1 = 2.8%) {91.7%}
49  ... 
76  -O                                                                        (1 = 2.8%) {94.4%}
77  ... 
86  -O                                                                        (1 = 2.8%) {97.2%}
87  ... 

Histogram: V8.MemoryExternalFragmentationLoSpace recorded 36 samples, mean = 2.9 (flags = 0x41)
0  O                                                                         (0 = 0.0%)
1  --O                                                                       (2 = 5.6%) {0.0%}
2  O                                                                         (0 = 0.0%) {5.6%}
3  ----------------------------------O                                       (34 = 94.4%) {5.6%}
4  ... 

Histogram: V8.MemoryExternalFragmentationOldSpace recorded 36 samples, mean = 7.0 (flags = 0x41)
0   O                                                                         (0 = 0.0%)
1   ---O                                                                      (3 = 8.3%) {0.0%}
2   ----O                                                                     (4 = 11.1%) {8.3%}
3   -----O                                                                    (5 = 13.9%) {19.4%}
4   ----O                                                                     (4 = 11.1%) {33.3%}
5   ---O                                                                      (3 = 8.3%) {44.4%}
6   ------O                                                                   (6 = 16.7%) {52.8%}
7   -----O                                                                    (5 = 13.9%) {69.4%}
8   O                                                                         (0 = 0.0%) {83.3%}
9   --O                                                                       (2 = 5.6%) {83.3%}
10  -O                                                                        (1 = 2.8%) {88.9%}
11  ... 
13  -O                                                                        (1 = 2.8%) {91.7%}
14  ... 
18  -O                                                                        (1 = 2.8%) {94.4%}
19  ... 
64  -O                                                                        (1 = 2.8%) {97.2%}
65  ... 

Histogram: V8.MemoryExternalFragmentationTotal recorded 36 samples, mean = 38.3 (flags = 0x41)
0   ... 
12  -O                                                                        (1 = 2.8%) {0.0%}
13  ... 
17  -O                                                                        (1 = 2.8%) {2.8%}
18  ... 
22  -O                                                                        (1 = 2.8%) {5.6%}
23  ... 
25  -O                                                                        (1 = 2.8%) {8.3%}
26  ... 
28  -O                                                                        (1 = 2.8%) {11.1%}
29  --O                                                                       (2 = 5.6%) {13.9%}
30  -O                                                                        (1 = 2.8%) {19.4%}
31  ... 
33  -O                                                                        (1 = 2.8%) {22.2%}
34  ... 
36  ---O                                                                      (3 = 8.3%) {25.0%}
37  -O                                                                        (1 = 2.8%) {33.3%}
38  --O                                                                       (2 = 5.6%) {36.1%}
39  ------O                                                                   (6 = 16.7%) {41.7%}
40  ----O                                                                     (4 = 11.1%) {58.3%}
41  -O                                                                        (1 = 2.8%) {69.4%}
42  --O                                                                       (2 = 5.6%) {72.2%}
43  O                                                                         (0 = 0.0%) {77.8%}
44  ---O                                                                      (3 = 8.3%) {77.8%}
45  ... 
48  -O                                                                        (1 = 2.8%) {86.1%}
49  O                                                                         (0 = 0.0%) {88.9%}
50  -O                                                                        (1 = 2.8%) {88.9%}
51  -O                                                                        (1 = 2.8%) {91.7%}
52  ... 
58  -O                                                                        (1 = 2.8%) {94.4%}
59  ... 
75  -O                                                                        (1 = 2.8%) {97.2%}
76  ... 

Histogram: V8.MemoryHeapSampleCodeSpaceCommitted recorded 36 samples, mean = 995.6 (flags = 0x41)
0     ------------O                                                             (12 = 33.3%)
1000  --------------------O                                                     (20 = 55.6%) {33.3%}
1138  ... 
1474  ---O                                                                      (3 = 8.3%) {88.9%}
1678  O                                                                         (0 = 0.0%) {97.2%}
1910  -O                                                                        (1 = 2.8%) {97.2%}
2174  ... 

Histogram: V8.MemoryHeapSampleMaximumCommitted recorded 36 samples, mean = 26806.7 (flags = 0x41)
0      ... 
3649   -O                                                                        (1 = 2.8%) {0.0%}
4153   O                                                                         (0 = 0.0%) {2.8%}
4727   -O                                                                        (1 = 2.8%) {2.8%}
5380   -O                                                                        (1 = 2.8%) {5.6%}
6124   O                                                                         (0 = 0.0%) {8.3%}
6971   ----O                                                                     (4 = 11.1%) {8.3%}
7935   ----O                                                                     (4 = 11.1%) {19.4%}
9032   O                                                                         (0 = 0.0%) {30.6%}
10281  -O                                                                        (1 = 2.8%) {30.6%}
11702  --O                                                                       (2 = 5.6%) {33.3%}
13320  ... 
17257  ---O                                                                      (3 = 8.3%) {38.9%}
19642  ... 
25447  -O                                                                        (1 = 2.8%) {47.2%}
28965  --O                                                                       (2 = 5.6%) {50.0%}
32969  --O                                                                       (2 = 5.6%) {55.6%}
37526  --O                                                                       (2 = 5.6%) {61.1%}
42713  ---------O                                                                (9 = 25.0%) {66.7%}
48617  ---O                                                                      (3 = 8.3%) {91.7%}
55338  ... 

Histogram: V8.MemoryHeapSampleTotalCommitted recorded 36 samples, mean = 24532.0 (flags = 0x41)
0      ... 
3649   -O                                                                        (1 = 2.8%) {0.0%}
4153   O                                                                         (0 = 0.0%) {2.8%}
4727   -O                                                                        (1 = 2.8%) {2.8%}
5380   -O                                                                        (1 = 2.8%) {5.6%}
6124   --O                                                                       (2 = 5.6%) {8.3%}
6971   ---O                                                                      (3 = 8.3%) {13.9%}
7935   ---O                                                                      (3 = 8.3%) {22.2%}
9032   O                                                                         (0 = 0.0%) {30.6%}
10281  -O                                                                        (1 = 2.8%) {30.6%}
11702  --O                                                                       (2 = 5.6%) {33.3%}
13320  --O                                                                       (2 = 5.6%) {38.9%}
15161  O                                                                         (0 = 0.0%) {44.4%}
17257  ---O                                                                      (3 = 8.3%) {44.4%}
19642  ... 
25447  -O                                                                        (1 = 2.8%) {52.8%}
28965  --O                                                                       (2 = 5.6%) {55.6%}
32969  --O                                                                       (2 = 5.6%) {61.1%}
37526  ---O                                                                      (3 = 8.3%) {66.7%}
42713  ---------O                                                                (9 = 25.0%) {75.0%}
48617  ... 

Histogram: V8.MemoryHeapSampleTotalUsed recorded 36 samples, mean = 14332.1 (flags = 0x41)
0      ... 
2174   -O                                                                        (1 = 2.8%) {0.0%}
2475   ... 
3206   -O                                                                        (1 = 2.8%) {2.8%}
3649   -O                                                                        (1 = 2.8%) {5.6%}
4153   --O                                                                       (2 = 5.6%) {8.3%}
4727   --O                                                                       (2 = 5.6%) {13.9%}
5380   ---O                                                                      (3 = 8.3%) {19.4%}
6124   --O                                                                       (2 = 5.6%) {27.8%}
6971   --O                                                                       (2 = 5.6%) {33.3%}
7935   -O                                                                        (1 = 2.8%) {38.9%}
9032   --O                                                                       (2 = 5.6%) {41.7%}
10281  -O                                                                        (1 = 2.8%) {47.2%}
11702  ---O                                                                      (3 = 8.3%) {50.0%}
13320  -O                                                                        (1 = 2.8%) {58.3%}
15161  -O                                                                        (1 = 2.8%) {61.1%}
17257  -O                                                                        (1 = 2.8%) {63.9%}
19642  -O                                                                        (1 = 2.8%) {66.7%}
22357  -O                                                                        (1 = 2.8%) {69.4%}
25447  ---------O                                                                (9 = 25.0%) {72.2%}
28965  -O                                                                        (1 = 2.8%) {97.2%}
32969  ... 

Histogram: V8.RegExpBacktracks recorded 260 samples, mean = 1.7 (flags = 0x41)
0    -----O                                                                    (17 = 6.5%)
1    ------------------------------------------------------------------------O (229 = 88.1%) {6.5%}
2    --O                                                                       (5 = 1.9%) {94.6%}
3    -O                                                                        (2 = 0.8%) {96.5%}
4    --O                                                                       (5 = 1.9%) {97.3%}
6    O                                                                         (0 = 0.0%) {99.2%}
9    O                                                                         (1 = 0.4%) {99.2%}
13   ... 
127  O                                                                         (1 = 0.4%) {99.6%}
185  ... 

Histogram: V8.SandboxedCodePointersCount recorded 3 samples, mean = 1199.0 (flags = 0x41)
0     ... 
977   -O                                                                        (1 = 33.3%) {0.0%}
1136  --O                                                                       (2 = 66.7%) {33.3%}
1321  ... 

Histogram: V8.SandboxedCppHeapPointersCount recorded 3 samples, mean = 19318.7 (flags = 0x41)
0      ... 
8499   -O                                                                        (1 = 33.3%) {0.0%}
10100  ... 
14263  -O                                                                        (1 = 33.3%) {33.3%}
16950  ... 
28446  -O                                                                        (1 = 33.3%) {66.7%}
33804  ... 

Histogram: V8.SandboxedExternalPointersCount recorded 39 samples, mean = 1732.3 (flags = 0x41)
0      ... 
17     -O                                                                        (1 = 2.6%) {0.0%}
20     ... 
96     -O                                                                        (1 = 2.6%) {2.6%}
114    --O                                                                       (2 = 5.1%) {5.1%}
135    --------O                                                                 (8 = 20.5%) {10.3%}
160    ... 
226    -O                                                                        (1 = 2.6%) {30.8%}
269    --O                                                                       (2 = 5.1%) {33.3%}
320    -O                                                                        (1 = 2.6%) {38.5%}
380    O                                                                         (0 = 0.0%) {41.0%}
452    -O                                                                        (1 = 2.6%) {41.0%}
537    -O                                                                        (1 = 2.6%) {43.6%}
638    -O                                                                        (1 = 2.6%) {46.2%}
758    -O                                                                        (1 = 2.6%) {48.7%}
901    --O                                                                       (2 = 5.1%) {51.3%}
1071   -----O                                                                    (5 = 12.8%) {56.4%}
1273   -O                                                                        (1 = 2.6%) {69.2%}
1513   --O                                                                       (2 = 5.1%) {71.8%}
1798   ------O                                                                   (6 = 15.4%) {76.9%}
2137   ... 
12002  ---O                                                                      (3 = 7.7%) {92.3%}
14263  ... 

Histogram: V8.SandboxedTrustedPointersCount recorded 3 samples, mean = 3664.3 (flags = 0x41)
0     ... 
2809  -O                                                                        (1 = 33.3%) {0.0%}
3267  O                                                                         (0 = 0.0%) {33.3%}
3799  --O                                                                       (2 = 66.7%) {33.3%}
4418  ... 

Histogram: V8.SnapshotDeserializeContextMicroSeconds recorded 6 samples, mean = 503.8 (flags = 0x41)
0     ... 
149   -O                                                                        (1 = 16.7%) {0.0%}
196   O                                                                         (0 = 0.0%) {16.7%}
258   --O                                                                       (2 = 33.3%) {16.7%}
340   --O                                                                       (2 = 33.3%) {50.0%}
448   ... 
1347  -O                                                                        (1 = 16.7%) {83.3%}
1774  ... 

Histogram: V8.TurboFan1KTicks recorded 114 samples, mean = 15.7 (flags = 0x41)
0    ----O                                                                     (4 = 3.5%)
1    -------O                                                                  (7 = 6.1%) {3.5%}
2    --------O                                                                 (8 = 7.0%) {9.6%}
3    --------------O                                                           (14 = 12.3%) {16.7%}
4    ---O                                                                      (3 = 2.6%) {28.9%}
5    -----O                                                                    (5 = 4.4%) {31.6%}
6    ---------O                                                                (9 = 7.9%) {36.0%}
7    ------O                                                                   (6 = 5.3%) {43.9%}
8    -----O                                                                    (5 = 4.4%) {49.1%}
9    ---O                                                                      (3 = 2.6%) {53.5%}
10   ---O                                                                      (3 = 2.6%) {56.1%}
11   --O                                                                       (2 = 1.8%) {58.8%}
12   --O                                                                       (2 = 1.8%) {60.5%}
13   ------O                                                                   (6 = 5.3%) {62.3%}
14   -O                                                                        (1 = 0.9%) {67.5%}
15   ----O                                                                     (4 = 3.5%) {68.4%}
16   ---O                                                                      (3 = 2.6%) {71.9%}
17   -O                                                                        (1 = 0.9%) {74.6%}
18   ---O                                                                      (3 = 2.6%) {75.4%}
19   --O                                                                       (2 = 1.8%) {78.1%}
20   --O                                                                       (2 = 1.8%) {79.8%}
21   O                                                                         (0 = 0.0%) {81.6%}
22   -O                                                                        (1 = 0.9%) {81.6%}
23   ... 
28   -O                                                                        (1 = 0.9%) {82.5%}
29   ... 
31   ---O                                                                      (3 = 2.6%) {83.3%}
33   --O                                                                       (2 = 1.8%) {86.0%}
35   --O                                                                       (2 = 1.8%) {87.7%}
37   -O                                                                        (1 = 0.9%) {89.5%}
39   --O                                                                       (2 = 1.8%) {90.4%}
41   -O                                                                        (1 = 0.9%) {92.1%}
43   O                                                                         (0 = 0.0%) {93.0%}
45   -O                                                                        (1 = 0.9%) {93.0%}
47   -O                                                                        (1 = 0.9%) {93.9%}
49   ... 
54   -O                                                                        (1 = 0.9%) {94.7%}
57   ... 
69   -O                                                                        (1 = 0.9%) {95.6%}
72   --O                                                                       (2 = 1.8%) {96.5%}
76   ... 
102  -O                                                                        (1 = 0.9%) {98.2%}
107  ... 
189  -O                                                                        (1 = 0.9%) {99.1%}
198  ... 

Histogram: V8.TurboFanOptimizeConcurrentTotalTime recorded 113 samples, mean = 2698.6 (flags = 0x41)
0      ... 
105    --O                                                                       (2 = 1.8%) {0.0%}
146    --O                                                                       (2 = 1.8%) {1.8%}
203    ----O                                                                     (4 = 3.5%) {3.5%}
282    ----------O                                                               (10 = 8.8%) {7.1%}
391    -------------O                                                            (13 = 11.5%) {15.9%}
542    ----------O                                                               (10 = 8.8%) {27.4%}
752    ----------O                                                               (10 = 8.8%) {36.3%}
1043   -------O                                                                  (7 = 6.2%) {45.1%}
1447   ------O                                                                   (6 = 5.3%) {51.3%}
2008   ----------------O                                                         (16 = 14.2%) {56.6%}
2786   ---------------O                                                          (15 = 13.3%) {70.8%}
3865   ----O                                                                     (4 = 3.5%) {84.1%}
5362   ------O                                                                   (6 = 5.3%) {87.6%}
7439   ---O                                                                      (3 = 2.7%) {92.9%}
10321  O                                                                         (0 = 0.0%) {95.6%}
14319  ----O                                                                     (4 = 3.5%) {95.6%}
19866  -O                                                                        (1 = 0.9%) {99.1%}
27562  ... 

Histogram: V8.TurboFanOptimizeExecute recorded 113 samples, mean = 1715.1 (flags = 0x41)
0      ... 
86     -O                                                                        (1 = 0.9%) {0.0%}
113    --O                                                                       (2 = 1.8%) {0.9%}
149    ------O                                                                   (6 = 5.3%) {2.7%}
196    ------O                                                                   (6 = 5.3%) {8.0%}
258    -------------O                                                            (13 = 11.5%) {13.3%}
340    -------------O                                                            (13 = 11.5%) {24.8%}
448    -----------O                                                              (11 = 9.7%) {36.3%}
590    ------------O                                                             (12 = 10.6%) {46.0%}
777    ------------O                                                             (12 = 10.6%) {56.6%}
1023   ------O                                                                   (6 = 5.3%) {67.3%}
1347   -------O                                                                  (7 = 6.2%) {72.6%}
1774   ---O                                                                      (3 = 2.7%) {78.8%}
2336   ---------O                                                                (9 = 8.0%) {81.4%}
3077   ---O                                                                      (3 = 2.7%) {89.4%}
4053   --O                                                                       (2 = 1.8%) {92.0%}
5338   ---O                                                                      (3 = 2.7%) {93.8%}
7031   ... 
16063  ----O                                                                     (4 = 3.5%) {96.5%}
21156  ... 

Histogram: V8.TurboFanOptimizeFinalize recorded 113 samples, mean = 12.0 (flags = 0x41)
0   ... 
2   --O                                                                       (2 = 1.8%) {0.0%}
3   -------O                                                                  (7 = 6.2%) {1.8%}
4   -------O                                                                  (7 = 6.2%) {8.0%}
5   -------------------O                                                      (19 = 16.8%) {14.2%}
7   ---------------O                                                          (15 = 13.3%) {31.0%}
9   -------------------------O                                                (25 = 22.1%) {44.2%}
12  -----------O                                                              (11 = 9.7%) {66.4%}
16  ------------O                                                             (12 = 10.6%) {76.1%}
21  ----O                                                                     (4 = 3.5%) {86.7%}
28  --------O                                                                 (8 = 7.1%) {90.3%}
37  ---O                                                                      (3 = 2.7%) {97.3%}
49  ... 

Histogram: V8.TurboFanOptimizeForOnStackReplacementExecute recorded 1 samples, mean = 14749.0 (flags = 0x41)
0      ... 
12196  -O                                                                        (1 = 100.0%) {0.0%}
16063  ... 

Histogram: V8.TurboFanOptimizeForOnStackReplacementFinalize recorded 1 samples, mean = 76.0 (flags = 0x41)
0   ... 
65  -O                                                                        (1 = 100.0%) {0.0%}
86  ... 

Histogram: V8.TurboFanOptimizeForOnStackReplacementPrepare recorded 1 samples, mean = 7.0 (flags = 0x41)
0  ... 
7  -O                                                                        (1 = 100.0%) {0.0%}
9  ... 

Histogram: V8.TurboFanOptimizeForOnStackReplacementTotalTime recorded 1 samples, mean = 15267.0 (flags = 0x41)
0      ... 
14319  -O                                                                        (1 = 100.0%) {0.0%}
19866  ... 

Histogram: V8.TurboFanOptimizePrepare recorded 113 samples, mean = 4.2 (flags = 0x41)
0   O                                                                         (0 = 0.0%)
1   --O                                                                       (2 = 1.8%) {0.0%}
2   -------------------O                                                      (19 = 16.8%) {1.8%}
3   ----------------------------------------O                                 (40 = 35.4%) {18.6%}
4   -------------------------O                                                (25 = 22.1%) {54.0%}
5   ----------O                                                               (10 = 8.8%) {76.1%}
7   -------O                                                                  (7 = 6.2%) {85.0%}
9   -----O                                                                    (5 = 4.4%) {91.2%}
12  ----O                                                                     (4 = 3.5%) {95.6%}
16  -O                                                                        (1 = 0.9%) {99.1%}
21  ... 

Histogram: V8.TurboFanOptimizeTotalBackground recorded 113 samples, mean = 1715.1 (flags = 0x41)
0      ... 
105    --O                                                                       (2 = 1.8%) {0.0%}
146    -------O                                                                  (7 = 6.2%) {1.8%}
203    -----------O                                                              (11 = 9.7%) {8.0%}
282    --------------O                                                           (14 = 12.4%) {17.7%}
391    -------------O                                                            (13 = 11.5%) {30.1%}
542    --------------O                                                           (14 = 12.4%) {41.6%}
752    ----------------O                                                         (16 = 14.2%) {54.0%}
1043   --------O                                                                 (8 = 7.1%) {68.1%}
1447   ------O                                                                   (6 = 5.3%) {75.2%}
2008   ---------O                                                                (9 = 8.0%) {80.5%}
2786   ----O                                                                     (4 = 3.5%) {88.5%}
3865   --O                                                                       (2 = 1.8%) {92.0%}
5362   ---O                                                                      (3 = 2.7%) {93.8%}
7439   ... 
14319  ---O                                                                      (3 = 2.7%) {96.5%}
19866  -O                                                                        (1 = 0.9%) {99.1%}
27562  ... 

Histogram: V8.TurboFanOptimizeTotalForeground recorded 113 samples, mean = 16.3 (flags = 0x41)
0   ... 
4   -O                                                                        (1 = 0.9%) {0.0%}
6   ------------O                                                             (12 = 10.6%) {0.9%}
8   -------------------------O                                                (25 = 22.1%) {11.5%}
11  ------------------------O                                                 (24 = 21.2%) {33.6%}
15  -------------------------O                                                (25 = 22.1%) {54.9%}
21  ------------O                                                             (12 = 10.6%) {77.0%}
29  ---------O                                                                (9 = 8.0%) {87.6%}
40  -----O                                                                    (5 = 4.4%) {95.6%}
55  ... 

Histogram: V8.TurboFanOptimizeTotalTime recorded 113 samples, mean = 2698.6 (flags = 0x41)
0      ... 
105    --O                                                                       (2 = 1.8%) {0.0%}
146    --O                                                                       (2 = 1.8%) {1.8%}
203    ----O                                                                     (4 = 3.5%) {3.5%}
282    ----------O                                                               (10 = 8.8%) {7.1%}
391    -------------O                                                            (13 = 11.5%) {15.9%}
542    ----------O                                                               (10 = 8.8%) {27.4%}
752    ----------O                                                               (10 = 8.8%) {36.3%}
1043   -------O                                                                  (7 = 6.2%) {45.1%}
1447   ------O                                                                   (6 = 5.3%) {51.3%}
2008   ----------------O                                                         (16 = 14.2%) {56.6%}
2786   ---------------O                                                          (15 = 13.3%) {70.8%}
3865   ----O                                                                     (4 = 3.5%) {84.1%}
5362   ------O                                                                   (6 = 5.3%) {87.6%}
7439   ---O                                                                      (3 = 2.7%) {92.9%}
10321  O                                                                         (0 = 0.0%) {95.6%}
14319  ----O                                                                     (4 = 3.5%) {95.6%}
19866  -O                                                                        (1 = 0.9%) {99.1%}
27562  ... 

Histogram: Variations.ExtendedSafeMode.BeaconFileStateAtStartup recorded 1 samples, mean = 0.0 (flags = 0x41)
0  -O                                                                        (1 = 100.0%)
1  ... 

Histogram: Variations.ExtendedSafeMode.BeaconFileWrite recorded 2 samples, mean = 1.0 (flags = 0x41)
0  O                                                                         (0 = 0.0%)
1  --O                                                                       (2 = 100.0%) {0.0%}
2  O                                                                         (0 = 0.0%) {100.0%}

Histogram: Variations.ForcedFieldTrialsAtStartupForInternalsPage recorded 1 samples, mean = 0.0 (flags = 0x41)
0  -O                                                                        (1 = 100.0%)
1  ... 

Histogram: Variations.Headers.ExperimentCount recorded 92 samples, mean = 1.0 (flags = 0x41)
0  O                                                                         (0 = 0.0%)
1  ------------------------------------------------------------------------O (92 = 100.0%) {0.0%}
2  ... 

Histogram: Variations.Headers.HasLowEntropySourceValue recorded 92 samples, mean = 1.0 (flags = 0x41)
0  O                                                                         (0 = 0.0%)
1  ------------------------------------------------------------------------O (92 = 100.0%) {0.0%}
2  O                                                                         (0 = 0.0%) {100.0%}

Histogram: Variations.Headers.RequestContextCategory recorded 53 samples, mean = 3.8 (flags = 0x41)
0  --O                                                                       (2 = 3.8%)
1  ... 
4  ---------------------------------------------------O                      (51 = 96.2%) {3.8%}
5  ... 

Histogram: Variations.Headers.URLValidationResult.Append recorded 53 samples, mean = 2.0 (flags = 0x41)
0  ... 
2  ----------------------------------------------------O                     (52 = 98.1%) {0.0%}
3  -O                                                                        (1 = 1.9%) {98.1%}
4  ... 

Histogram: Variations.Headers.URLValidationResult.Remove recorded 3 samples, mean = 2.0 (flags = 0x41)
0  ... 
2  ---O                                                                      (3 = 100.0%) {0.0%}
3  ... 

Histogram: Variations.Limits.VariationKeySize.Default recorded 23 samples, mean = 0.0 (flags = 0x41)
0  -----------------------O                                                  (23 = 100.0%)
1  ... 

Histogram: Variations.LoadPermanentConsistencyCountryResult recorded 1 samples, mean = 0.0 (flags = 0x41)
0  -O                                                                        (1 = 100.0%)
1  ... 

Histogram: Variations.PolicyRestriction recorded 1 samples, mean = 0.0 (flags = 0x41)
0  -O                                                                        (1 = 100.0%)
1  ... 

Histogram: Variations.SafeMode.Streak.Crashes recorded 1 samples (flags = 0x41)
0  -O                                                                        (1 = 100.0%)

Histogram: Variations.SafeMode.Streak.FetchFailures recorded 1 samples (flags = 0x41)
0  -O                                                                        (1 = 100.0%)

Histogram: Variations.SeedLoadResult recorded 1 samples, mean = 1.0 (flags = 0x41)
0  O                                                                         (0 = 0.0%)
1  -O                                                                        (1 = 100.0%) {0.0%}
2  ... 

Histogram: Variations.SeedUsage recorded 1 samples, mean = 2.0 (flags = 0x41)
0  ... 
2  -O                                                                        (1 = 100.0%) {0.0%}
3  ... 

Histogram: Variations.UserChannel recorded 1 samples (flags = 0x41)
-1 -O                                                                        (1 = 100.0%)

Histogram: Views.Browser.NumColorProvidersInitializedDuringOnNativeThemeUpdated recorded 5 samples, mean = 0.0 (flags = 0x41)
0  -----O                                                                    (5 = 100.0%)
1  ... 

Histogram: Views.Browser.TimeSpentInitializingColorProvider recorded 3 samples, mean = 1.0 (flags = 0x41)
0  --O                                                                       (2 = 66.7%)
1  ... 
3  -O                                                                        (1 = 33.3%) {66.7%}
4  ... 

Histogram: Views.Browser.TimeSpentProcessingOnNativeThemeUpdatedEvent recorded 5 samples, mean = 0.0 (flags = 0x41)
0  -----O                                                                    (5 = 100.0%)
1  ... 

Histogram: Views.ColorProviderCacheSize recorded 3 samples, mean = 2.0 (flags = 0x41)
0  O                                                                         (0 = 0.0%)
1  -O                                                                        (1 = 33.3%) {0.0%}
2  -O                                                                        (1 = 33.3%) {33.3%}
3  -O                                                                        (1 = 33.3%) {66.7%}
4  ... 

Histogram: Viz.FrameSink.GpuBusyDuration recorded 1 samples, mean = 37406.0 (flags = 0x41)
0      ... 
33729  -O                                                                        (1 = 100.0%) {0.0%}
39071  ... 

Histogram: Viz.FrameSinkVideoCapturer.CaptureDuration recorded 7 samples, mean = 8.3 (flags = 0x41)
0   --O                                                                       (2 = 28.6%)
1   -O                                                                        (1 = 14.3%) {28.6%}
2   ... 
5   -O                                                                        (1 = 14.3%) {42.9%}
6   O                                                                         (0 = 0.0%) {57.1%}
7   -O                                                                        (1 = 14.3%) {57.1%}
8   ... 
14  -O                                                                        (1 = 14.3%) {71.4%}
16  ... 
29  -O                                                                        (1 = 14.3%) {85.7%}
33  ... 

Histogram: Viz.FrameSinkVideoCapturer.CaptureSucceeded recorded 7 samples, mean = 1.0 (flags = 0x41)
0  O                                                                         (0 = 0.0%)
1  -------O                                                                  (7 = 100.0%) {0.0%}
2  O                                                                         (0 = 0.0%) {100.0%}

Histogram: Viz.FrameSinkVideoCapturer.FrameResurrected recorded 7 samples, mean = 0.0 (flags = 0x41)
0  -------O                                                                  (7 = 100.0%)
1  ... 

Histogram: Viz.FrameSinkVideoCapturer.RGBA.CaptureDuration recorded 7 samples, mean = 8.3 (flags = 0x41)
0   --O                                                                       (2 = 28.6%)
1   -O                                                                        (1 = 14.3%) {28.6%}
2   ... 
5   -O                                                                        (1 = 14.3%) {42.9%}
6   O                                                                         (0 = 0.0%) {57.1%}
7   -O                                                                        (1 = 14.3%) {57.1%}
8   ... 
14  -O                                                                        (1 = 14.3%) {71.4%}
16  ... 
29  -O                                                                        (1 = 14.3%) {85.7%}
33  ... 

Histogram: Viz.FrameSinkVideoCapturer.RGBA.CaptureSucceeded recorded 7 samples, mean = 1.0 (flags = 0x41)
0  O                                                                         (0 = 0.0%)
1  -------O                                                                  (7 = 100.0%) {0.0%}
2  O                                                                         (0 = 0.0%) {100.0%}

Histogram: Viz.FrameSinkVideoCapturer.ReserveFrameDuration recorded 7 samples, mean = 3.1 (flags = 0x41)
0   ------O                                                                   (6 = 85.7%)
1   ... 
22  -O                                                                        (1 = 14.3%) {85.7%}
24  ... 

Histogram: Viz.FrameSinkVideoCapturer.TotalDuration recorded 7 samples, mean = 8.3 (flags = 0x41)
0   --O                                                                       (2 = 28.6%)
1   -O                                                                        (1 = 14.3%) {28.6%}
2   ... 
5   -O                                                                        (1 = 14.3%) {42.9%}
6   O                                                                         (0 = 0.0%) {57.1%}
7   -O                                                                        (1 = 14.3%) {57.1%}
8   ... 
14  -O                                                                        (1 = 14.3%) {71.4%}
16  ... 
29  -O                                                                        (1 = 14.3%) {85.7%}
33  ... 

Histogram: WebAuthentication.Windows.KeyCredentialManagerSupported recorded 1 samples, mean = 0.0 (flags = 0x41)
0  -O                                                                        (1 = 100.0%)
1  ... 

Histogram: WebContentsObserver.DOMContentLoaded recorded 3 samples, mean = 0.0 (flags = 0x41)
0  ---O                                                                      (3 = 100.0%)
1  ... 

Histogram: WebContentsObserver.DidChangeVisibleSecurityState recorded 2 samples, mean = 0.0 (flags = 0x41)
0  --O                                                                       (2 = 100.0%)
1  ... 

Histogram: WebContentsObserver.DidFinishLoad recorded 3 samples, mean = 0.0 (flags = 0x41)
0  ---O                                                                      (3 = 100.0%)
1  ... 

Histogram: WebContentsObserver.DidFinishNavigation recorded 5 samples, mean = 3.4 (flags = 0x41)
0   ---O                                                                      (3 = 60.0%)
1   ... 
6   -O                                                                        (1 = 20.0%) {60.0%}
7   ... 
10  -O                                                                        (1 = 20.0%) {80.0%}
12  ... 

Histogram: WebContentsObserver.DidFirstVisuallyNonEmptyPaint recorded 1 samples, mean = 0.0 (flags = 0x41)
0  -O                                                                        (1 = 100.0%)
1  ... 

Histogram: WebContentsObserver.DidRedirectNavigation recorded 1 samples, mean = 0.0 (flags = 0x41)
0  -O                                                                        (1 = 100.0%)
1  ... 

Histogram: WebContentsObserver.DidStartLoading recorded 1 samples, mean = 1.0 (flags = 0x41)
0  O                                                                         (0 = 0.0%)
1  -O                                                                        (1 = 100.0%) {0.0%}
2  ... 

Histogram: WebContentsObserver.DidStartNavigation recorded 5 samples, mean = 1.6 (flags = 0x41)
0  ----O                                                                     (4 = 80.0%)
1  ... 
8  -O                                                                        (1 = 20.0%) {80.0%}
10 ... 

Histogram: WebContentsObserver.DidStartNavigation.MainFrame recorded 3 samples, mean = 2.7 (flags = 0x41)
0  --O                                                                       (2 = 66.7%)
1  ... 
8  -O                                                                        (1 = 33.3%) {66.7%}
10 ... 

Histogram: WebContentsObserver.DidStartNavigation.Subframe recorded 2 samples, mean = 0.0 (flags = 0x41)
0  --O                                                                       (2 = 100.0%)
1  ... 

Histogram: WebContentsObserver.DidStopLoading recorded 1 samples, mean = 0.0 (flags = 0x41)
0  -O                                                                        (1 = 100.0%)
1  ... 

Histogram: WebContentsObserver.DidUpdateNavigationHandleTiming recorded 5 samples, mean = 0.0 (flags = 0x41)
0  -----O                                                                    (5 = 100.0%)
1  ... 

Histogram: WebContentsObserver.LoadProgressChanged recorded 10 samples, mean = 0.0 (flags = 0x41)
0  ----------O                                                               (10 = 100.0%)
1  ... 

Histogram: WebContentsObserver.NavigationEntryChanged recorded 3 samples, mean = 0.0 (flags = 0x41)
0  ---O                                                                      (3 = 100.0%)
1  ... 

Histogram: WebContentsObserver.NavigationEntryCommitted recorded 2 samples, mean = 0.0 (flags = 0x41)
0  --O                                                                       (2 = 100.0%)
1  ... 

Histogram: WebContentsObserver.PrimaryMainDocumentElementAvailable recorded 1 samples, mean = 0.0 (flags = 0x41)
0  -O                                                                        (1 = 100.0%)
1  ... 

Histogram: WebContentsObserver.RenderFrameCreated recorded 4 samples, mean = 1.0 (flags = 0x41)
0  ---O                                                                      (3 = 75.0%)
1  ... 
4  -O                                                                        (1 = 25.0%) {75.0%}
5  ... 

Histogram: WebContentsObserver.RenderFrameDeleted recorded 4 samples, mean = 0.5 (flags = 0x41)
0  --O                                                                       (2 = 50.0%)
1  --O                                                                       (2 = 50.0%) {50.0%}
2  ... 

Histogram: WebContentsObserver.RenderViewReady recorded 2 samples, mean = 0.0 (flags = 0x41)
0  --O                                                                       (2 = 100.0%)
1  ... 

Histogram: WebContentsObserver.TitleWasSet recorded 1 samples, mean = 0.0 (flags = 0x41)
0  -O                                                                        (1 = 100.0%)
1  ... 

Histogram: WebCore.Scripts.Async.StartedStreaming recorded 26 samples, mean = 1.0 (flags = 0x41)
0  O                                                                         (0 = 0.0%)
1  --------------------------O                                               (26 = 100.0%) {0.0%}
2  O                                                                         (0 = 0.0%) {100.0%}

Histogram: WebCore.Scripts.Other.NotStreamingReason recorded 17 samples, mean = 11.0 (flags = 0x41)
0   ... 
11  -----------------O                                                        (17 = 100.0%) {0.0%}
12  ... 

Histogram: WebCore.Scripts.Other.StartedStreaming recorded 17 samples, mean = 0.0 (flags = 0x41)
0  -----------------O                                                        (17 = 100.0%)
1  ... 

Histogram: WebCore.Scripts.V8CodeCacheMetadata.Get recorded 49 samples, mean = 0.0 (flags = 0x41)
0  -------------------------------------------------O                        (49 = 100.0%)
1  ... 

Histogram: WebCore.Scripts.V8CodeCacheMetadata.Set recorded 23 samples, mean = 0.0 (flags = 0x41)
0  -----------------------O                                                  (23 = 100.0%)
1  ... 

Histogram: WebCore.Scripts.V8CompileHintsStatus recorded 44 samples, mean = 10.4 (flags = 0x41)
0   ... 
10  --------------------------O                                               (26 = 59.1%) {0.0%}
11  ------------------O                                                       (18 = 40.9%) {59.1%}
12  ... 

Histogram: WebCore.Scripts.V8CrowdsourcedCompileHints.ModelQuality recorded 1 samples, mean = 0.0 (flags = 0x41)
0  -O                                                                        (1 = 100.0%)
1  ... 

Histogram: WebDatabase.InitResult recorded 2 samples, mean = 0.0 (flags = 0x41)
0  --O                                                                       (2 = 100.0%)
1  ... 

Histogram: WebFont.CacheHit recorded 5 samples, mean = 0.6 (flags = 0x41)
0  ----O                                                                     (4 = 80.0%)
1  ... 
3  -O                                                                        (1 = 20.0%) {80.0%}
4  O                                                                         (0 = 0.0%) {100.0%}

Histogram: WebFont.Clients.RenderBlockingFonts.ExpiredFonts recorded 1 samples, mean = 1.0 (flags = 0x41)
0  O                                                                         (0 = 0.0%)
1  -O                                                                        (1 = 100.0%) {0.0%}
2  O                                                                         (0 = 0.0%) {100.0%}

Histogram: WebFont.HadBlankText recorded 1 samples, mean = 0.0 (flags = 0x41)
0  -O                                                                        (1 = 100.0%)
1  ... 

Histogram: WebFont.LocalFontUsed recorded 1 samples, mean = 1.0 (flags = 0x41)
0  O                                                                         (0 = 0.0%)
1  -O                                                                        (1 = 100.0%) {0.0%}
2  O                                                                         (0 = 0.0%) {100.0%}

Histogram: Windows.AcLayersLoaded recorded 1 samples, mean = 0.0 (flags = 0x41)
0  -O                                                                        (1 = 100.0%)
1  ... 

Histogram: Windows.CetAvailable recorded 1 samples, mean = 1.0 (flags = 0x41)
0  O                                                                         (0 = 0.0%)
1  -O                                                                        (1 = 100.0%) {0.0%}
2  O                                                                         (0 = 0.0%) {100.0%}

Histogram: Windows.CetEnabled recorded 1 samples, mean = 0.0 (flags = 0x41)
0  -O                                                                        (1 = 100.0%)
1  ... 

Histogram: Windows.DisplayIdFromDeviceId recorded 30 samples, mean = 3.0 (flags = 0x41)
0  ... 
3  ------------------------------O                                           (30 = 100.0%) {0.0%}
4  O                                                                         (0 = 0.0%) {100.0%}

Histogram: Windows.DisplayIdFromDeviceKey recorded 30 samples, mean = 3.0 (flags = 0x41)
0  ... 
3  ------------------------------O                                           (30 = 100.0%) {0.0%}
4  O                                                                         (0 = 0.0%) {100.0%}

Histogram: Windows.Enclave.SGX.Available recorded 1 samples, mean = 0.0 (flags = 0x41)
0  -O                                                                        (1 = 100.0%)
1  ... 

Histogram: Windows.Enclave.SGX2.Available recorded 1 samples, mean = 0.0 (flags = 0x41)
0  -O                                                                        (1 = 100.0%)
1  ... 

Histogram: Windows.Enclave.VBS.Available recorded 1 samples, mean = 1.0 (flags = 0x41)
0  O                                                                         (0 = 0.0%)
1  -O                                                                        (1 = 100.0%) {0.0%}
2  O                                                                         (0 = 0.0%) {100.0%}

Histogram: Windows.Enclave.VBSBasic.Available recorded 1 samples, mean = 0.0 (flags = 0x41)
0  -O                                                                        (1 = 100.0%)
1  ... 

Histogram: Windows.HasHighResolutionTimeTicks recorded 1 samples, mean = 1.0 (flags = 0x41)
0  O                                                                         (0 = 0.0%)
1  -O                                                                        (1 = 100.0%) {0.0%}
2  O                                                                         (0 = 0.0%) {100.0%}

Histogram: Windows.HasThreadTicks recorded 1 samples, mean = 1.0 (flags = 0x41)
0  O                                                                         (0 = 0.0%)
1  -O                                                                        (1 = 100.0%) {0.0%}
2  O                                                                         (0 = 0.0%) {100.0%}

Histogram: Windows.HighResolutionTimerUsage recorded 132 samples, mean = 0.0 (flags = 0x41)
0  ------------------------------------------------------------------------O (132 = 100.0%)
1  ... 

Histogram: Windows.HypervPresent recorded 1 samples, mean = 1.0 (flags = 0x41)
0  O                                                                         (0 = 0.0%)
1  -O                                                                        (1 = 100.0%) {0.0%}
2  O                                                                         (0 = 0.0%) {100.0%}

Histogram: Windows.LegacyDisplayIdAlgorithm recorded 65 samples, mean = 0.0 (flags = 0x41)
0  -----------------------------------------------------------------O        (65 = 100.0%)
1  ... 

Histogram: Windows.ParallelDllLoadingEnabled recorded 1 samples, mean = 1.0 (flags = 0x41)
0  O                                                                         (0 = 0.0%)
1  -O                                                                        (1 = 100.0%) {0.0%}
2  O                                                                         (0 = 0.0%) {100.0%}

Histogram: Windows.PatchLevel recorded 1 samples (flags = 0x41)
1717051855  -O                                                                        (1 = 100.0%)

Histogram: Windows.PatchLevelKernel32 recorded 1 samples (flags = 0x41)
1710498121  -O                                                                        (1 = 100.0%)

Histogram: Windows.ProcessorFamily recorded 1 samples (flags = 0x41)
775  -O                                                                        (1 = 100.0%)

Histogram: Windows.ProcessorVirtualizationFirmwareEnabled recorded 1 samples, mean = 0.0 (flags = 0x41)
0  -O                                                                        (1 = 100.0%)
1  ... 


