[24168:30356:0605/121745.972:WARNING:chrome_main_delegate.cc(745)] This is Chrome version 128.0.6613.138 (not a warning)
[24168:30356:0605/121746.389:WARNING:account_consistency_mode_manager.cc(77)] Desktop Identity Consistency cannot be enabled as no OAuth client ID and client secret have been configured.
[15072:29124:0605/121756.068:WARNING:frame_impl.cc(430)] virtual CefFrameImpl::SendProcessMessage sent to detached frame 5-9BC02046F51275D807E9A6C37D36738D will be ignored
[24168:30356:0605/124650.590:VERBOSE1:device_event_log_impl.cc(198)] [12:46:50.590] Display: EVENT: screen_win.cc:893 Displays updated, count: 1
[24168:30356:0605/124650.590:VERBOSE1:device_event_log_impl.cc(198)] [12:46:50.591] Display: EVENT: screen_win.cc:895 Display[3091818007] bounds=[0,0 1707x1067], workarea=[0,0 1707x1019], scale=1.5, rotation=0, panel_rotation=0 external detected
[24168:30356:0605/124651.847:VERBOSE1:device_event_log_impl.cc(198)] [12:46:51.847] Display: EVENT: screen_win.cc:893 Displays updated, count: 1
[24168:30356:0605/124651.847:VERBOSE1:device_event_log_impl.cc(198)] [12:46:51.847] Display: EVENT: screen_win.cc:895 Display[3091818007] bounds=[0,0 1707x1067], workarea=[0,0 1707x1019], scale=1.5, rotation=0, panel_rotation=0 external detected
[24168:30356:0605/124653.847:VERBOSE1:device_event_log_impl.cc(198)] [12:46:53.847] Display: EVENT: screen_win.cc:893 Displays updated, count: 1
[24168:30356:0605/124653.847:VERBOSE1:device_event_log_impl.cc(198)] [12:46:53.847] Display: EVENT: screen_win.cc:895 Display[3091818007] bounds=[0,0 1707x1067], workarea=[0,0 1707x1019], scale=1.5, rotation=0, panel_rotation=0 external detected
[24168:30356:0605/124655.172:VERBOSE1:device_event_log_impl.cc(198)] [12:46:55.172] Display: EVENT: screen_win.cc:893 Displays updated, count: 1
[24168:30356:0605/124655.172:VERBOSE1:device_event_log_impl.cc(198)] [12:46:55.172] Display: EVENT: screen_win.cc:895 Display[3091818007] bounds=[0,0 1707x1067], workarea=[0,0 1707x1019], scale=1.5, rotation=0, panel_rotation=0 external detected
[24168:30356:0605/124658.207:VERBOSE1:device_event_log_impl.cc(198)] [12:46:58.207] Display: EVENT: screen_win.cc:893 Displays updated, count: 1
[24168:30356:0605/124658.207:VERBOSE1:device_event_log_impl.cc(198)] [12:46:58.207] Display: EVENT: screen_win.cc:895 Display[3091818007] bounds=[0,0 1707x1067], workarea=[0,0 1707x1019], scale=1.5, rotation=0, panel_rotation=0 external detected
[24168:30356:0605/124736.294:VERBOSE1:device_event_log_impl.cc(198)] [12:47:36.295] Display: EVENT: screen_win.cc:893 Displays updated, count: 1
[24168:30356:0605/124736.295:VERBOSE1:device_event_log_impl.cc(198)] [12:47:36.295] Display: EVENT: screen_win.cc:895 Display[3091818007] bounds=[0,0 1707x1067], workarea=[0,0 1707x1019], scale=1.5, rotation=0, panel_rotation=0 external detected
[27852:25532:0605/124757.839:VERBOSE1:network_delegate.cc(36)] NetworkDelegate::NotifyBeforeURLRequest: https://optimizationguide-pa.googleapis.com/v1:GetModels?key=dummytoken
[24168:30356:0605/124803.395:VERBOSE1:device_event_log_impl.cc(198)] [12:48:03.395] Display: EVENT: screen_win.cc:893 Displays updated, count: 1
[24168:30356:0605/124803.395:VERBOSE1:device_event_log_impl.cc(198)] [12:48:03.396] Display: EVENT: screen_win.cc:895 Display[3091818007] bounds=[0,0 1707x1067], workarea=[0,0 1707x1019], scale=1.5, rotation=0, panel_rotation=0 external detected
[24168:30356:0605/124829.760:VERBOSE1:device_event_log_impl.cc(198)] [12:48:29.761] Display: EVENT: screen_win.cc:893 Displays updated, count: 1
[24168:30356:0605/124829.760:VERBOSE1:device_event_log_impl.cc(198)] [12:48:29.761] Display: EVENT: screen_win.cc:895 Display[3091818007] bounds=[0,0 1707x1067], workarea=[0,0 1707x1019], scale=1.5, rotation=0, panel_rotation=0 external detected
[24168:30356:0605/124830.812:VERBOSE1:device_event_log_impl.cc(198)] [12:48:30.813] Display: EVENT: screen_win.cc:893 Displays updated, count: 1
[24168:30356:0605/124830.812:VERBOSE1:device_event_log_impl.cc(198)] [12:48:30.813] Display: EVENT: screen_win.cc:895 Display[3091818007] bounds=[0,0 1707x1067], workarea=[0,0 1707x1019], scale=1.5, rotation=0, panel_rotation=0 external detected
[24168:30356:0605/124934.713:VERBOSE1:device_event_log_impl.cc(198)] [12:49:34.713] Display: EVENT: screen_win.cc:893 Displays updated, count: 1
[24168:30356:0605/124934.713:VERBOSE1:device_event_log_impl.cc(198)] [12:49:34.713] Display: EVENT: screen_win.cc:895 Display[3091818007] bounds=[0,0 1707x1067], workarea=[0,0 1707x1019], scale=1.5, rotation=0, panel_rotation=0 external detected
[24168:30356:0605/125010.244:VERBOSE1:device_event_log_impl.cc(198)] [12:50:10.244] Display: EVENT: screen_win.cc:893 Displays updated, count: 1
[24168:30356:0605/125010.244:VERBOSE1:device_event_log_impl.cc(198)] [12:50:10.244] Display: EVENT: screen_win.cc:895 Display[3091818007] bounds=[0,0 1707x1067], workarea=[0,0 1707x1019], scale=1.5, rotation=0, panel_rotation=0 external detected
[24168:30356:0605/125014.124:VERBOSE1:device_event_log_impl.cc(198)] [12:50:14.124] Display: EVENT: screen_win.cc:893 Displays updated, count: 1
[24168:30356:0605/125014.124:VERBOSE1:device_event_log_impl.cc(198)] [12:50:14.124] Display: EVENT: screen_win.cc:895 Display[3091818007] bounds=[0,0 1707x1067], workarea=[0,0 1707x1019], scale=1.5, rotation=0, panel_rotation=0 external detected
[27852:25532:0605/125049.921:VERBOSE1:network_delegate.cc(36)] NetworkDelegate::NotifyBeforeURLRequest: https://optimizationguide-pa.googleapis.com/v1:GetModels?key=dummytoken
[24168:30356:0605/125205.715:VERBOSE1:device_event_log_impl.cc(198)] [12:52:05.714] Display: EVENT: screen_win.cc:893 Displays updated, count: 1
[24168:30356:0605/125205.715:VERBOSE1:device_event_log_impl.cc(198)] [12:52:05.714] Display: EVENT: screen_win.cc:895 Display[3091818007] bounds=[0,0 1707x1067], workarea=[0,0 1707x1019], scale=1.5, rotation=0, panel_rotation=0 external detected
[24168:30356:0605/125207.298:VERBOSE1:device_event_log_impl.cc(198)] [12:52:07.297] Display: EVENT: screen_win.cc:893 Displays updated, count: 1
[24168:30356:0605/125207.298:VERBOSE1:device_event_log_impl.cc(198)] [12:52:07.298] Display: EVENT: screen_win.cc:895 Display[3091818007] bounds=[0,0 1707x1067], workarea=[0,0 1707x1019], scale=1.5, rotation=0, panel_rotation=0 external detected
[24168:30356:0605/125212.557:VERBOSE1:device_event_log_impl.cc(198)] [12:52:12.556] Display: EVENT: screen_win.cc:893 Displays updated, count: 1
[24168:30356:0605/125212.558:VERBOSE1:device_event_log_impl.cc(198)] [12:52:12.557] Display: EVENT: screen_win.cc:895 Display[3091818007] bounds=[0,0 1707x1067], workarea=[0,0 1707x1019], scale=1.5, rotation=0, panel_rotation=0 external detected
[27852:25532:0605/125344.749:VERBOSE1:network_delegate.cc(36)] NetworkDelegate::NotifyBeforeURLRequest: https://optimizationguide-pa.googleapis.com/v1:GetModels?key=dummytoken
[27852:25532:0605/125620.445:VERBOSE1:network_delegate.cc(36)] NetworkDelegate::NotifyBeforeURLRequest: https://optimizationguide-pa.googleapis.com/v1:GetModels?key=dummytoken
[27852:25532:0605/125908.132:VERBOSE1:network_delegate.cc(36)] NetworkDelegate::NotifyBeforeURLRequest: https://optimizationguide-pa.googleapis.com/v1:GetModels?key=dummytoken
[27852:25532:0605/130146.822:VERBOSE1:network_delegate.cc(36)] NetworkDelegate::NotifyBeforeURLRequest: https://optimizationguide-pa.googleapis.com/v1:GetModels?key=dummytoken
[27852:25532:0605/130445.520:VERBOSE1:network_delegate.cc(36)] NetworkDelegate::NotifyBeforeURLRequest: https://optimizationguide-pa.googleapis.com/v1:GetModels?key=dummytoken
[27852:25532:0605/130725.871:VERBOSE1:network_delegate.cc(36)] NetworkDelegate::NotifyBeforeURLRequest: https://optimizationguide-pa.googleapis.com/v1:GetModels?key=dummytoken
[27852:25532:0605/131004.664:VERBOSE1:network_delegate.cc(36)] NetworkDelegate::NotifyBeforeURLRequest: https://optimizationguide-pa.googleapis.com/v1:GetModels?key=dummytoken
[27852:25532:0605/131253.686:VERBOSE1:network_delegate.cc(36)] NetworkDelegate::NotifyBeforeURLRequest: https://optimizationguide-pa.googleapis.com/v1:GetModels?key=dummytoken
[27852:25532:0605/131526.041:VERBOSE1:network_delegate.cc(36)] NetworkDelegate::NotifyBeforeURLRequest: https://optimizationguide-pa.googleapis.com/v1:GetModels?key=dummytoken
[27852:25532:0605/131802.734:VERBOSE1:network_delegate.cc(36)] NetworkDelegate::NotifyBeforeURLRequest: https://optimizationguide-pa.googleapis.com/v1:GetModels?key=dummytoken
[27852:25532:0605/132051.092:VERBOSE1:network_delegate.cc(36)] NetworkDelegate::NotifyBeforeURLRequest: https://optimizationguide-pa.googleapis.com/v1:GetModels?key=dummytoken
[27852:25532:0605/132347.124:VERBOSE1:network_delegate.cc(36)] NetworkDelegate::NotifyBeforeURLRequest: https://optimizationguide-pa.googleapis.com/v1:GetModels?key=dummytoken
[27852:25532:0605/132636.145:VERBOSE1:network_delegate.cc(36)] NetworkDelegate::NotifyBeforeURLRequest: https://optimizationguide-pa.googleapis.com/v1:GetModels?key=dummytoken
[27852:25532:0605/132907.834:VERBOSE1:network_delegate.cc(36)] NetworkDelegate::NotifyBeforeURLRequest: https://optimizationguide-pa.googleapis.com/v1:GetModels?key=dummytoken
[27852:25532:0605/133138.195:VERBOSE1:network_delegate.cc(36)] NetworkDelegate::NotifyBeforeURLRequest: https://optimizationguide-pa.googleapis.com/v1:GetModels?key=dummytoken
[27852:25532:0605/133421.545:VERBOSE1:network_delegate.cc(36)] NetworkDelegate::NotifyBeforeURLRequest: https://optimizationguide-pa.googleapis.com/v1:GetModels?key=dummytoken
[27852:25532:0605/133711.569:VERBOSE1:network_delegate.cc(36)] NetworkDelegate::NotifyBeforeURLRequest: https://optimizationguide-pa.googleapis.com/v1:GetModels?key=dummytoken
[27852:25532:0605/133943.257:VERBOSE1:network_delegate.cc(36)] NetworkDelegate::NotifyBeforeURLRequest: https://optimizationguide-pa.googleapis.com/v1:GetModels?key=dummytoken
[27852:25532:0605/134216.281:VERBOSE1:network_delegate.cc(36)] NetworkDelegate::NotifyBeforeURLRequest: https://optimizationguide-pa.googleapis.com/v1:GetModels?key=dummytoken
[27852:25532:0605/134507.972:VERBOSE1:network_delegate.cc(36)] NetworkDelegate::NotifyBeforeURLRequest: https://optimizationguide-pa.googleapis.com/v1:GetModels?key=dummytoken
[27852:25532:0605/134746.659:VERBOSE1:network_delegate.cc(36)] NetworkDelegate::NotifyBeforeURLRequest: https://optimizationguide-pa.googleapis.com/v1:GetModels?key=dummytoken
[27852:25532:0605/135025.012:VERBOSE1:network_delegate.cc(36)] NetworkDelegate::NotifyBeforeURLRequest: https://optimizationguide-pa.googleapis.com/v1:GetModels?key=dummytoken
[27852:25532:0605/135318.708:VERBOSE1:network_delegate.cc(36)] NetworkDelegate::NotifyBeforeURLRequest: https://optimizationguide-pa.googleapis.com/v1:GetModels?key=dummytoken
[27852:25532:0605/135604.731:VERBOSE1:network_delegate.cc(36)] NetworkDelegate::NotifyBeforeURLRequest: https://optimizationguide-pa.googleapis.com/v1:GetModels?key=dummytoken
[27852:25532:0605/135856.750:VERBOSE1:network_delegate.cc(36)] NetworkDelegate::NotifyBeforeURLRequest: https://optimizationguide-pa.googleapis.com/v1:GetModels?key=dummytoken
[27852:25532:0605/140144.442:VERBOSE1:network_delegate.cc(36)] NetworkDelegate::NotifyBeforeURLRequest: https://optimizationguide-pa.googleapis.com/v1:GetModels?key=dummytoken
[27852:25532:0605/140440.791:VERBOSE1:network_delegate.cc(36)] NetworkDelegate::NotifyBeforeURLRequest: https://optimizationguide-pa.googleapis.com/v1:GetModels?key=dummytoken
[27852:25532:0605/140733.145:VERBOSE1:network_delegate.cc(36)] NetworkDelegate::NotifyBeforeURLRequest: https://optimizationguide-pa.googleapis.com/v1:GetModels?key=dummytoken
[27852:25532:0605/141013.842:VERBOSE1:network_delegate.cc(36)] NetworkDelegate::NotifyBeforeURLRequest: https://optimizationguide-pa.googleapis.com/v1:GetModels?key=dummytoken
[27852:25532:0605/141250.532:VERBOSE1:network_delegate.cc(36)] NetworkDelegate::NotifyBeforeURLRequest: https://optimizationguide-pa.googleapis.com/v1:GetModels?key=dummytoken
[27852:25532:0605/141534.217:VERBOSE1:network_delegate.cc(36)] NetworkDelegate::NotifyBeforeURLRequest: https://optimizationguide-pa.googleapis.com/v1:GetModels?key=dummytoken
[27852:25532:0605/141809.236:VERBOSE1:network_delegate.cc(36)] NetworkDelegate::NotifyBeforeURLRequest: https://optimizationguide-pa.googleapis.com/v1:GetModels?key=dummytoken
[27852:25532:0605/142040.262:VERBOSE1:network_delegate.cc(36)] NetworkDelegate::NotifyBeforeURLRequest: https://optimizationguide-pa.googleapis.com/v1:GetModels?key=dummytoken
[27852:25532:0605/142310.621:VERBOSE1:network_delegate.cc(36)] NetworkDelegate::NotifyBeforeURLRequest: https://optimizationguide-pa.googleapis.com/v1:GetModels?key=dummytoken
[27852:25532:0605/142557.306:VERBOSE1:network_delegate.cc(36)] NetworkDelegate::NotifyBeforeURLRequest: https://optimizationguide-pa.googleapis.com/v1:GetModels?key=dummytoken
[27852:25532:0605/142844.337:VERBOSE1:network_delegate.cc(36)] NetworkDelegate::NotifyBeforeURLRequest: https://optimizationguide-pa.googleapis.com/v1:GetModels?key=dummytoken
[27852:25532:0605/143121.021:VERBOSE1:network_delegate.cc(36)] NetworkDelegate::NotifyBeforeURLRequest: https://optimizationguide-pa.googleapis.com/v1:GetModels?key=dummytoken
[27852:25532:0605/143402.058:VERBOSE1:network_delegate.cc(36)] NetworkDelegate::NotifyBeforeURLRequest: https://optimizationguide-pa.googleapis.com/v1:GetModels?key=dummytoken
[27852:25532:0605/143634.401:VERBOSE1:network_delegate.cc(36)] NetworkDelegate::NotifyBeforeURLRequest: https://optimizationguide-pa.googleapis.com/v1:GetModels?key=dummytoken
[27852:25532:0605/143933.761:VERBOSE1:network_delegate.cc(36)] NetworkDelegate::NotifyBeforeURLRequest: https://optimizationguide-pa.googleapis.com/v1:GetModels?key=dummytoken
[27852:25532:0605/144220.790:VERBOSE1:network_delegate.cc(36)] NetworkDelegate::NotifyBeforeURLRequest: https://optimizationguide-pa.googleapis.com/v1:GetModels?key=dummytoken
[27852:25532:0605/144508.815:VERBOSE1:network_delegate.cc(36)] NetworkDelegate::NotifyBeforeURLRequest: https://optimizationguide-pa.googleapis.com/v1:GetModels?key=dummytoken
[27852:25532:0605/144756.834:VERBOSE1:network_delegate.cc(36)] NetworkDelegate::NotifyBeforeURLRequest: https://optimizationguide-pa.googleapis.com/v1:GetModels?key=dummytoken
[27852:25532:0605/145055.858:VERBOSE1:network_delegate.cc(36)] NetworkDelegate::NotifyBeforeURLRequest: https://optimizationguide-pa.googleapis.com/v1:GetModels?key=dummytoken
[27852:25532:0605/145353.208:VERBOSE1:network_delegate.cc(36)] NetworkDelegate::NotifyBeforeURLRequest: https://optimizationguide-pa.googleapis.com/v1:GetModels?key=dummytoken
[27852:25532:0605/145625.227:VERBOSE1:network_delegate.cc(36)] NetworkDelegate::NotifyBeforeURLRequest: https://optimizationguide-pa.googleapis.com/v1:GetModels?key=dummytoken
[27852:25532:0605/145920.259:VERBOSE1:network_delegate.cc(36)] NetworkDelegate::NotifyBeforeURLRequest: https://optimizationguide-pa.googleapis.com/v1:GetModels?key=dummytoken
[27852:25532:0605/150152.615:VERBOSE1:network_delegate.cc(36)] NetworkDelegate::NotifyBeforeURLRequest: https://optimizationguide-pa.googleapis.com/v1:GetModels?key=dummytoken
[27852:25532:0605/150448.312:VERBOSE1:network_delegate.cc(36)] NetworkDelegate::NotifyBeforeURLRequest: https://optimizationguide-pa.googleapis.com/v1:GetModels?key=dummytoken
[27852:25532:0605/150724.005:VERBOSE1:network_delegate.cc(36)] NetworkDelegate::NotifyBeforeURLRequest: https://optimizationguide-pa.googleapis.com/v1:GetModels?key=dummytoken
[27852:25532:0605/150958.355:VERBOSE1:network_delegate.cc(36)] NetworkDelegate::NotifyBeforeURLRequest: https://optimizationguide-pa.googleapis.com/v1:GetModels?key=dummytoken
[27852:25532:0605/151249.710:VERBOSE1:network_delegate.cc(36)] NetworkDelegate::NotifyBeforeURLRequest: https://optimizationguide-pa.googleapis.com/v1:GetModels?key=dummytoken
[27852:25532:0605/151522.401:VERBOSE1:network_delegate.cc(36)] NetworkDelegate::NotifyBeforeURLRequest: https://optimizationguide-pa.googleapis.com/v1:GetModels?key=dummytoken
[27852:25532:0605/151816.087:VERBOSE1:network_delegate.cc(36)] NetworkDelegate::NotifyBeforeURLRequest: https://optimizationguide-pa.googleapis.com/v1:GetModels?key=dummytoken
[27852:25532:0605/152053.107:VERBOSE1:network_delegate.cc(36)] NetworkDelegate::NotifyBeforeURLRequest: https://optimizationguide-pa.googleapis.com/v1:GetModels?key=dummytoken
[27852:25532:0605/152337.460:VERBOSE1:network_delegate.cc(36)] NetworkDelegate::NotifyBeforeURLRequest: https://optimizationguide-pa.googleapis.com/v1:GetModels?key=dummytoken
[27852:25532:0605/152608.145:VERBOSE1:network_delegate.cc(36)] NetworkDelegate::NotifyBeforeURLRequest: https://optimizationguide-pa.googleapis.com/v1:GetModels?key=dummytoken
[27852:25532:0605/152908.169:VERBOSE1:network_delegate.cc(36)] NetworkDelegate::NotifyBeforeURLRequest: https://optimizationguide-pa.googleapis.com/v1:GetModels?key=dummytoken
[27852:25532:0605/153153.863:VERBOSE1:network_delegate.cc(36)] NetworkDelegate::NotifyBeforeURLRequest: https://optimizationguide-pa.googleapis.com/v1:GetModels?key=dummytoken
[27852:25532:0605/153428.550:VERBOSE1:network_delegate.cc(36)] NetworkDelegate::NotifyBeforeURLRequest: https://optimizationguide-pa.googleapis.com/v1:GetModels?key=dummytoken
[27852:25532:0605/153719.424:VERBOSE1:network_delegate.cc(36)] NetworkDelegate::NotifyBeforeURLRequest: https://optimizationguide-pa.googleapis.com/v1:GetModels?key=dummytoken
[27852:25532:0605/154003.777:VERBOSE1:network_delegate.cc(36)] NetworkDelegate::NotifyBeforeURLRequest: https://optimizationguide-pa.googleapis.com/v1:GetModels?key=dummytoken
[27852:25532:0605/154248.463:VERBOSE1:network_delegate.cc(36)] NetworkDelegate::NotifyBeforeURLRequest: https://optimizationguide-pa.googleapis.com/v1:GetModels?key=dummytoken
[27852:25532:0605/154528.151:VERBOSE1:network_delegate.cc(36)] NetworkDelegate::NotifyBeforeURLRequest: https://optimizationguide-pa.googleapis.com/v1:GetModels?key=dummytoken
[27852:25532:0605/154826.508:VERBOSE1:network_delegate.cc(36)] NetworkDelegate::NotifyBeforeURLRequest: https://optimizationguide-pa.googleapis.com/v1:GetModels?key=dummytoken
[27852:25532:0605/155105.531:VERBOSE1:network_delegate.cc(36)] NetworkDelegate::NotifyBeforeURLRequest: https://optimizationguide-pa.googleapis.com/v1:GetModels?key=dummytoken
[27852:25532:0605/155351.554:VERBOSE1:network_delegate.cc(36)] NetworkDelegate::NotifyBeforeURLRequest: https://optimizationguide-pa.googleapis.com/v1:GetModels?key=dummytoken
[24168:30356:0605/155423.991:VERBOSE1:device_event_log_impl.cc(198)] [15:54:23.991] Display: EVENT: screen_win.cc:893 Displays updated, count: 1
[24168:30356:0605/155423.991:VERBOSE1:device_event_log_impl.cc(198)] [15:54:23.991] Display: EVENT: screen_win.cc:895 Display[3091818007] bounds=[0,0 1707x1067], workarea=[0,0 1707x1019], scale=1.5, rotation=0, panel_rotation=0 external detected
[24168:30356:0605/155425.812:VERBOSE1:device_event_log_impl.cc(198)] [15:54:25.812] Display: EVENT: screen_win.cc:893 Displays updated, count: 1
[24168:30356:0605/155425.812:VERBOSE1:device_event_log_impl.cc(198)] [15:54:25.812] Display: EVENT: screen_win.cc:895 Display[3091818007] bounds=[0,0 1707x1067], workarea=[0,0 1707x1019], scale=1.5, rotation=0, panel_rotation=0 external detected
[27852:25532:0605/155623.714:VERBOSE1:network_delegate.cc(36)] NetworkDelegate::NotifyBeforeURLRequest: https://optimizationguide-pa.googleapis.com/v1:GetModels?key=dummytoken
[27852:25532:0605/155923.078:VERBOSE1:network_delegate.cc(36)] NetworkDelegate::NotifyBeforeURLRequest: https://optimizationguide-pa.googleapis.com/v1:GetModels?key=dummytoken
[27852:25532:0605/160206.782:VERBOSE1:network_delegate.cc(36)] NetworkDelegate::NotifyBeforeURLRequest: https://optimizationguide-pa.googleapis.com/v1:GetModels?key=dummytoken
[27852:25532:0605/160445.157:VERBOSE1:network_delegate.cc(36)] NetworkDelegate::NotifyBeforeURLRequest: https://optimizationguide-pa.googleapis.com/v1:GetModels?key=dummytoken
[27852:25532:0605/160729.199:VERBOSE1:network_delegate.cc(36)] NetworkDelegate::NotifyBeforeURLRequest: https://optimizationguide-pa.googleapis.com/v1:GetModels?key=dummytoken
[27852:25532:0605/161021.228:VERBOSE1:network_delegate.cc(36)] NetworkDelegate::NotifyBeforeURLRequest: https://optimizationguide-pa.googleapis.com/v1:GetModels?key=dummytoken
[27852:25532:0605/161310.259:VERBOSE1:network_delegate.cc(36)] NetworkDelegate::NotifyBeforeURLRequest: https://optimizationguide-pa.googleapis.com/v1:GetModels?key=dummytoken
[27852:25532:0605/161550.944:VERBOSE1:network_delegate.cc(36)] NetworkDelegate::NotifyBeforeURLRequest: https://optimizationguide-pa.googleapis.com/v1:GetModels?key=dummytoken
[27852:25532:0605/161849.307:VERBOSE1:network_delegate.cc(36)] NetworkDelegate::NotifyBeforeURLRequest: https://optimizationguide-pa.googleapis.com/v1:GetModels?key=dummytoken
[27852:25532:0605/162143.337:VERBOSE1:network_delegate.cc(36)] NetworkDelegate::NotifyBeforeURLRequest: https://optimizationguide-pa.googleapis.com/v1:GetModels?key=dummytoken
[27852:25532:0605/162418.364:VERBOSE1:network_delegate.cc(36)] NetworkDelegate::NotifyBeforeURLRequest: https://optimizationguide-pa.googleapis.com/v1:GetModels?key=dummytoken
[27852:25532:0605/162715.724:VERBOSE1:network_delegate.cc(36)] NetworkDelegate::NotifyBeforeURLRequest: https://optimizationguide-pa.googleapis.com/v1:GetModels?key=dummytoken
[27852:25532:0605/163004.767:VERBOSE1:network_delegate.cc(36)] NetworkDelegate::NotifyBeforeURLRequest: https://optimizationguide-pa.googleapis.com/v1:GetModels?key=dummytoken
[27852:25532:0605/163252.482:VERBOSE1:network_delegate.cc(36)] NetworkDelegate::NotifyBeforeURLRequest: https://optimizationguide-pa.googleapis.com/v1:GetModels?key=dummytoken
[27852:25532:0605/163537.516:VERBOSE1:network_delegate.cc(36)] NetworkDelegate::NotifyBeforeURLRequest: https://optimizationguide-pa.googleapis.com/v1:GetModels?key=dummytoken
[27852:25532:0605/163830.549:VERBOSE1:network_delegate.cc(36)] NetworkDelegate::NotifyBeforeURLRequest: https://optimizationguide-pa.googleapis.com/v1:GetModels?key=dummytoken
[27852:25532:0605/164117.570:VERBOSE1:network_delegate.cc(36)] NetworkDelegate::NotifyBeforeURLRequest: https://optimizationguide-pa.googleapis.com/v1:GetModels?key=dummytoken
[27852:25532:0605/164412.928:VERBOSE1:network_delegate.cc(36)] NetworkDelegate::NotifyBeforeURLRequest: https://optimizationguide-pa.googleapis.com/v1:GetModels?key=dummytoken
[27852:25532:0605/164703.632:VERBOSE1:network_delegate.cc(36)] NetworkDelegate::NotifyBeforeURLRequest: https://optimizationguide-pa.googleapis.com/v1:GetModels?key=dummytoken
[27852:25532:0605/164940.319:VERBOSE1:network_delegate.cc(36)] NetworkDelegate::NotifyBeforeURLRequest: https://optimizationguide-pa.googleapis.com/v1:GetModels?key=dummytoken
[27852:25532:0605/165228.674:VERBOSE1:network_delegate.cc(36)] NetworkDelegate::NotifyBeforeURLRequest: https://optimizationguide-pa.googleapis.com/v1:GetModels?key=dummytoken
[27852:25532:0605/165502.025:VERBOSE1:network_delegate.cc(36)] NetworkDelegate::NotifyBeforeURLRequest: https://optimizationguide-pa.googleapis.com/v1:GetModels?key=dummytoken
[27852:25532:0605/165738.712:VERBOSE1:network_delegate.cc(36)] NetworkDelegate::NotifyBeforeURLRequest: https://optimizationguide-pa.googleapis.com/v1:GetModels?key=dummytoken
[27852:25532:0605/170017.736:VERBOSE1:network_delegate.cc(36)] NetworkDelegate::NotifyBeforeURLRequest: https://optimizationguide-pa.googleapis.com/v1:GetModels?key=dummytoken
[24168:30356:0605/170207.838:VERBOSE1:device_event_log_impl.cc(198)] [17:02:07.838] Display: EVENT: screen_win.cc:893 Displays updated, count: 1
[24168:30356:0605/170207.838:VERBOSE1:device_event_log_impl.cc(198)] [17:02:07.838] Display: EVENT: screen_win.cc:895 Display[3091818007] bounds=[0,0 1707x1067], workarea=[0,0 1707x1019], scale=1.5, rotation=0, panel_rotation=0 external detected
[27852:25532:0605/170311.761:VERBOSE1:network_delegate.cc(36)] NetworkDelegate::NotifyBeforeURLRequest: https://optimizationguide-pa.googleapis.com/v1:GetModels?key=dummytoken
[24168:30356:0605/170458.781:VERBOSE1:profile_manager.cc(1325)] AddKeepAlive(Default, kExtensionUpdater). keep_alives=[kWaitingForFirstBrowserWindow (1), kAppWindow (1), kExtensionUpdater (1)]
[24168:30356:0605/170458.781:VERBOSE1:profile_manager.cc(1377)] RemoveKeepAlive(Default, kExtensionUpdater). keep_alives=[kWaitingForFirstBrowserWindow (1), kAppWindow (1)]
[27852:25532:0605/170605.124:VERBOSE1:network_delegate.cc(36)] NetworkDelegate::NotifyBeforeURLRequest: https://optimizationguide-pa.googleapis.com/v1:GetModels?key=dummytoken
[27852:25532:0605/170903.822:VERBOSE1:network_delegate.cc(36)] NetworkDelegate::NotifyBeforeURLRequest: https://optimizationguide-pa.googleapis.com/v1:GetModels?key=dummytoken
[27852:25532:0605/171201.851:VERBOSE1:network_delegate.cc(36)] NetworkDelegate::NotifyBeforeURLRequest: https://optimizationguide-pa.googleapis.com/v1:GetModels?key=dummytoken
[27852:25532:0605/171456.886:VERBOSE1:network_delegate.cc(36)] NetworkDelegate::NotifyBeforeURLRequest: https://optimizationguide-pa.googleapis.com/v1:GetModels?key=dummytoken
[24168:30356:0605/171723.705:VERBOSE1:device_event_log_impl.cc(198)] [17:17:23.705] Display: EVENT: screen_win.cc:893 Displays updated, count: 1
[24168:30356:0605/171723.705:VERBOSE1:device_event_log_impl.cc(198)] [17:17:23.705] Display: EVENT: screen_win.cc:895 Display[3091818007] bounds=[0,0 1707x1067], workarea=[0,0 1707x1019], scale=1.5, rotation=0, panel_rotation=0 external detected
[24168:30356:0605/171730.303:VERBOSE1:device_event_log_impl.cc(198)] [17:17:30.303] Display: EVENT: screen_win.cc:893 Displays updated, count: 1
[24168:30356:0605/171730.303:VERBOSE1:device_event_log_impl.cc(198)] [17:17:30.303] Display: EVENT: screen_win.cc:895 Display[3091818007] bounds=[0,0 1707x1067], workarea=[0,0 1707x1019], scale=1.5, rotation=0, panel_rotation=0 external detected
[27852:25532:0605/171753.953:VERBOSE1:network_delegate.cc(36)] NetworkDelegate::NotifyBeforeURLRequest: https://optimizationguide-pa.googleapis.com/v1:GetModels?key=dummytoken
[27852:25532:0605/172039.974:VERBOSE1:network_delegate.cc(36)] NetworkDelegate::NotifyBeforeURLRequest: https://optimizationguide-pa.googleapis.com/v1:GetModels?key=dummytoken
[24168:30356:0605/172252.062:VERBOSE1:device_event_log_impl.cc(198)] [17:22:52.062] Display: EVENT: screen_win.cc:893 Displays updated, count: 1
[24168:30356:0605/172252.062:VERBOSE1:device_event_log_impl.cc(198)] [17:22:52.062] Display: EVENT: screen_win.cc:895 Display[3091818007] bounds=[0,0 1707x1067], workarea=[0,0 1707x1019], scale=1.5, rotation=0, panel_rotation=0 external detected
[24168:30356:0605/172323.670:VERBOSE1:device_event_log_impl.cc(198)] [17:23:23.670] Display: EVENT: screen_win.cc:893 Displays updated, count: 1
[24168:30356:0605/172323.670:VERBOSE1:device_event_log_impl.cc(198)] [17:23:23.670] Display: EVENT: screen_win.cc:895 Display[3091818007] bounds=[0,0 1707x1067], workarea=[0,0 1707x1019], scale=1.5, rotation=0, panel_rotation=0 external detected
[27852:25532:0605/172332.089:VERBOSE1:network_delegate.cc(36)] NetworkDelegate::NotifyBeforeURLRequest: https://optimizationguide-pa.googleapis.com/v1:GetModels?key=dummytoken
[24168:30356:0605/172355.066:VERBOSE1:device_event_log_impl.cc(198)] [17:23:55.065] Display: EVENT: screen_win.cc:893 Displays updated, count: 1
[24168:30356:0605/172355.066:VERBOSE1:device_event_log_impl.cc(198)] [17:23:55.065] Display: EVENT: screen_win.cc:895 Display[3091818007] bounds=[0,0 1707x1067], workarea=[0,0 1707x1019], scale=1.5, rotation=0, panel_rotation=0 external detected
[24168:30356:0605/172402.187:VERBOSE1:device_event_log_impl.cc(198)] [17:24:02.186] Display: EVENT: screen_win.cc:893 Displays updated, count: 1
[24168:30356:0605/172402.187:VERBOSE1:device_event_log_impl.cc(198)] [17:24:02.186] Display: EVENT: screen_win.cc:895 Display[3091818007] bounds=[0,0 1707x1067], workarea=[0,0 1707x1019], scale=1.5, rotation=0, panel_rotation=0 external detected
[24168:30356:0605/172557.727:VERBOSE1:device_event_log_impl.cc(198)] [17:25:57.727] Display: EVENT: screen_win.cc:893 Displays updated, count: 1
[24168:30356:0605/172557.727:VERBOSE1:device_event_log_impl.cc(198)] [17:25:57.727] Display: EVENT: screen_win.cc:895 Display[3091818007] bounds=[0,0 1707x1067], workarea=[0,0 1707x1019], scale=1.5, rotation=0, panel_rotation=0 external detected
[27852:25532:0605/172608.010:VERBOSE1:network_delegate.cc(36)] NetworkDelegate::NotifyBeforeURLRequest: https://optimizationguide-pa.googleapis.com/v1:GetModels?key=dummytoken
[24168:30356:0605/172609.432:VERBOSE1:device_event_log_impl.cc(198)] [17:26:09.433] Display: EVENT: screen_win.cc:893 Displays updated, count: 1
[24168:30356:0605/172609.432:VERBOSE1:device_event_log_impl.cc(198)] [17:26:09.433] Display: EVENT: screen_win.cc:895 Display[3091818007] bounds=[0,0 1707x1067], workarea=[0,0 1707x1019], scale=1.5, rotation=0, panel_rotation=0 external detected
[27852:25532:0605/172907.321:VERBOSE1:network_delegate.cc(36)] NetworkDelegate::NotifyBeforeURLRequest: https://optimizationguide-pa.googleapis.com/v1:GetModels?key=dummytoken
[27852:25532:0605/173151.015:VERBOSE1:network_delegate.cc(36)] NetworkDelegate::NotifyBeforeURLRequest: https://optimizationguide-pa.googleapis.com/v1:GetModels?key=dummytoken
[27852:25532:0605/173426.038:VERBOSE1:network_delegate.cc(36)] NetworkDelegate::NotifyBeforeURLRequest: https://optimizationguide-pa.googleapis.com/v1:GetModels?key=dummytoken
[27852:25532:0605/173706.056:VERBOSE1:network_delegate.cc(36)] NetworkDelegate::NotifyBeforeURLRequest: https://optimizationguide-pa.googleapis.com/v1:GetModels?key=dummytoken
[24168:30356:0605/173831.537:VERBOSE1:device_event_log_impl.cc(198)] [17:38:31.537] Display: EVENT: screen_win.cc:893 Displays updated, count: 1
[24168:30356:0605/173831.538:VERBOSE1:device_event_log_impl.cc(198)] [17:38:31.537] Display: EVENT: screen_win.cc:895 Display[3091818007] bounds=[0,0 1707x1067], workarea=[0,0 1707x1019], scale=1.5, rotation=0, panel_rotation=0 external detected
[24168:30356:0605/173838.071:VERBOSE1:frame_host_impl.cc(515)] frame 6-4F5B1947EF36658DDF252022848BF5B3 (sub) detached (reason=RENDER_FRAME_DELETED, is_connected=1)
[30268:5824:0605/173838.071:VERBOSE1:dispatcher.cc(596)] Num tracked contexts: 1
[30268:5824:0605/173838.072:VERBOSE1:frame_impl.cc(620)] frame 6-4F5B1947EF36658DDF252022848BF5B3 disconnected (reason=DETACHED, current_state=CONNECTION_ACKED, FRAME_INVALID)
[30268:5824:0605/173838.074:VERBOSE1:script_context.cc(164)] Destroyed context for extension
  extension id: 
  effective extension id: 
[30268:5824:0605/173838.074:VERBOSE1:script_context.cc(164)] Destroyed context for extension
  extension id: 
  effective extension id: 
[30268:5824:0605/173838.074:VERBOSE1:frame_impl.cc(620)] frame 6-C37BAAA35CB31FE73E3343976EFA0021 disconnected (reason=BROWSER_FRAME_DISCONNECT, current_state=CONNECTION_ACKED)
[30268:5824:0605/173838.074:VERBOSE1:frame_impl.cc(633)] frame 6-C37BAAA35CB31FE73E3343976EFA0021 connection retry scheduled
[24168:30356:0605/173838.078:VERBOSE1:frame_host_impl.cc(515)] frame 6-C37BAAA35CB31FE73E3343976EFA0021 (main) detached (reason=NEW_MAIN_FRAME, is_connected=1)
[24168:30356:0605/173838.109:VERBOSE1:account_reconcilor.cc(264)] AccountReconcilor::Shutdown
[24168:30356:0605/173838.109:VERBOSE1:account_reconcilor.cc(718)] AccountReconcilor::AbortReconcile: try again later
[24168:30356:0605/173838.109:VERBOSE1:account_reconcilor.cc(827)] AccountReconcilor::CalculateIfMultiloginReconcileIsDone: Error was 
[24168:30356:0605/173838.109:VERBOSE1:account_reconcilor.cc(313)] AccountReconcilor::UnregisterWithIdentityManager
[24168:30356:0605/173838.109:VERBOSE1:account_reconcilor.cc(286)] AccountReconcilor::UnregisterWithContentSettings
[24168:30356:0605/173838.110:VERBOSE1:gaia_cookie_manager_service.cc(628)] GaiaCookieManagerService::CancelAll
[24168:30356:0605/173838.110:VERBOSE1:mutable_profile_oauth2_token_service_delegate.cc(752)] MutablePO2TS::Shutdown
[24168:30356:0605/173838.110:VERBOSE1:mutable_profile_oauth2_token_service_delegate.cc(235)] MutablePO2TS::~MutablePO2TS
[24168:30356:0605/173838.112:VERBOSE1:device_event_log_impl.cc(198)] [17:38:38.112] Bluetooth: EVENT: bluetooth_api.cc:109 BluetoothAPI: Shutdown
[24168:30356:0605/173838.130:VERBOSE1:account_reconcilor.cc(193)] AccountReconcilor::~AccountReconcilor
[24168:30356:0605/173838.135:VERBOSE1:device_event_log_impl.cc(198)] [17:38:38.134] Bluetooth: EVENT: bluetooth_api.cc:95 ~BluetoothAPI: 0000494C0032DA00
[24168:30356:0605/173838.264:VERBOSE1:component_updater_service.cc(180)] CrxUpdateService stopping
[24168:30356:0605/173838.265:WARNING:pref_notifier_impl.cc(41)] Pref observer for media_router.cast_allow_all_ips found at shutdown.
[24168:30356:0605/173838.284:VERBOSE1:statistics_recorder.cc(607)] Collections of all histograms
Histogram: API.StorageAccess.AllowedRequests2 recorded 191 samples, mean = 0.0 (flags = 0x41)
0  ------------------------------------------------------------------------O (182 = 95.3%)
1  ----O                                                                     (9 = 4.7%) {95.3%}
2  ... 

Histogram: API.StorageAccess.DocumentInheritedStorageAccess recorded 8 samples, mean = 0.0 (flags = 0x41)
0  --------O                                                                 (8 = 100.0%)
1  ... 

Histogram: API.StorageAccess.DocumentLoadedWithStorageAccess recorded 8 samples, mean = 0.0 (flags = 0x41)
0  --------O                                                                 (8 = 100.0%)
1  ... 

Histogram: Accessibility.CaptionSettingsLoadedFromSystemSettings recorded 1 samples, mean = 0.0 (flags = 0x41)
0  -O                                                                        (1 = 100.0%)
1  ... 

Histogram: Accessibility.ImageLabels2 recorded 1 samples, mean = 0.0 (flags = 0x41)
0  -O                                                                        (1 = 100.0%)
1  ... 

Histogram: Accessibility.LiveCaption.FeatureEnabled2 recorded 1 samples, mean = 1.0 (flags = 0x41)
0  O                                                                         (0 = 0.0%)
1  -O                                                                        (1 = 100.0%) {0.0%}
2  O                                                                         (0 = 0.0%) {100.0%}

Histogram: Accessibility.LiveCaption2 recorded 1 samples, mean = 0.0 (flags = 0x41)
0  -O                                                                        (1 = 100.0%)
1  ... 

Histogram: Accessibility.ManuallyEnabled recorded 1 samples, mean = 0.0 (flags = 0x41)
0  -O                                                                        (1 = 100.0%)
1  ... 

Histogram: Accessibility.WinJAWS recorded 1 samples, mean = 0.0 (flags = 0x41)
0  -O                                                                        (1 = 100.0%)
1  ... 

Histogram: Accessibility.WinNVDA recorded 1 samples, mean = 0.0 (flags = 0x41)
0  -O                                                                        (1 = 100.0%)
1  ... 

Histogram: Accessibility.WinSAToGo recorded 1 samples, mean = 0.0 (flags = 0x41)
0  -O                                                                        (1 = 100.0%)
1  ... 

Histogram: Accessibility.WinScreenReader2 recorded 1 samples, mean = 0.0 (flags = 0x41)
0  -O                                                                        (1 = 100.0%)
1  ... 

Histogram: Accessibility.WinStickyKeys recorded 1 samples, mean = 0.0 (flags = 0x41)
0  -O                                                                        (1 = 100.0%)
1  ... 

Histogram: Accessibility.WinSupernova recorded 1 samples, mean = 0.0 (flags = 0x41)
0  -O                                                                        (1 = 100.0%)
1  ... 

Histogram: Accessibility.WinZoomText recorded 1 samples, mean = 0.0 (flags = 0x41)
0  -O                                                                        (1 = 100.0%)
1  ... 

Histogram: AppBanners.InstallableStatusCode recorded 1 samples (flags = 0x41)
8  -O                                                                        (1 = 100.0%)

Histogram: Apps.PreferredApps.EntryCount recorded 1 samples, mean = 0.0 (flags = 0x41)
0  -O                                                                        (1 = 100.0%)
1  ... 

Histogram: Autofill.Address.IsEnabled.PageLoad recorded 1 samples, mean = 1.0 (flags = 0x41)
0  O                                                                         (0 = 0.0%)
1  -O                                                                        (1 = 100.0%) {0.0%}
2  O                                                                         (0 = 0.0%) {100.0%}

Histogram: Autofill.Address.IsEnabled.PageLoad.SignedOut recorded 1 samples, mean = 1.0 (flags = 0x41)
0  O                                                                         (0 = 0.0%)
1  -O                                                                        (1 = 100.0%) {0.0%}
2  O                                                                         (0 = 0.0%) {100.0%}

Histogram: Autofill.Address.IsEnabled.Startup recorded 1 samples, mean = 1.0 (flags = 0x41)
0  O                                                                         (0 = 0.0%)
1  -O                                                                        (1 = 100.0%) {0.0%}
2  O                                                                         (0 = 0.0%) {100.0%}

Histogram: Autofill.CreditCard.IsEnabled.PageLoad recorded 1 samples, mean = 1.0 (flags = 0x41)
0  O                                                                         (0 = 0.0%)
1  -O                                                                        (1 = 100.0%) {0.0%}
2  O                                                                         (0 = 0.0%) {100.0%}

Histogram: Autofill.CreditCard.IsEnabled.PageLoad.SignedOut recorded 1 samples, mean = 1.0 (flags = 0x41)
0  O                                                                         (0 = 0.0%)
1  -O                                                                        (1 = 100.0%) {0.0%}
2  O                                                                         (0 = 0.0%) {100.0%}

Histogram: Autofill.CreditCard.IsEnabled.Startup recorded 1 samples, mean = 1.0 (flags = 0x41)
0  O                                                                         (0 = 0.0%)
1  -O                                                                        (1 = 100.0%) {0.0%}
2  O                                                                         (0 = 0.0%) {100.0%}

Histogram: Autofill.DOMContentLoadedInOutermostMainFrame recorded 3 samples, mean = 0.3 (flags = 0x41)
0  --O                                                                       (2 = 66.7%)
1  -O                                                                        (1 = 33.3%) {66.7%}
2  O                                                                         (0 = 0.0%) {100.0%}

Histogram: Autofill.ExtractFormUnowned.FieldCount recorded 6 samples, mean = 0.0 (flags = 0x41)
0  ------O                                                                   (6 = 100.0%)
1  ... 

Histogram: Autofill.FormForest.GetBrowserFormOfRendererForm.Duration recorded 1 samples, mean = 0.0 (flags = 0x41)
0  -O                                                                        (1 = 100.0%)
1  ... 

Histogram: Autofill.FormForest.UpdateTreeOfRendererForm.Duration recorded 1 samples, mean = 13.0 (flags = 0x41)
0   ... 
12  -O                                                                        (1 = 100.0%) {0.0%}
16  ... 

Histogram: Autofill.FormForest.UpdateTreeOfRendererForm.Visits recorded 1 samples, mean = 2.0 (flags = 0x41)
0  ... 
2  -O                                                                        (1 = 100.0%) {0.0%}
3  ... 

Histogram: Autofill.Funnel.ParsedAsType.Address recorded 6 samples, mean = 0.0 (flags = 0x41)
0  ------O                                                                   (6 = 100.0%)
1  ... 

Histogram: Autofill.Funnel.ParsedAsType.CreditCard recorded 6 samples, mean = 0.0 (flags = 0x41)
0  ------O                                                                   (6 = 100.0%)
1  ... 

Histogram: Autofill.Funnel.ParsedAsType.VirtualCard.StandaloneCvc recorded 6 samples, mean = 0.0 (flags = 0x41)
0  ------O                                                                   (6 = 100.0%)
1  ... 

Histogram: Autofill.IsEnabled.PageLoad recorded 1 samples, mean = 1.0 (flags = 0x41)
0  O                                                                         (0 = 0.0%)
1  -O                                                                        (1 = 100.0%) {0.0%}
2  O                                                                         (0 = 0.0%) {100.0%}

Histogram: Autofill.IsEnabled.PageLoad.SignedOut recorded 1 samples, mean = 1.0 (flags = 0x41)
0  O                                                                         (0 = 0.0%)
1  -O                                                                        (1 = 100.0%) {0.0%}
2  O                                                                         (0 = 0.0%) {100.0%}

Histogram: Autofill.IsEnabled.Startup recorded 1 samples, mean = 1.0 (flags = 0x41)
0  O                                                                         (0 = 0.0%)
1  -O                                                                        (1 = 100.0%) {0.0%}
2  O                                                                         (0 = 0.0%) {100.0%}

Histogram: Autofill.Leipzig.Duplication.NumberOfLocalSupersetProfilesOnStartup recorded 1 samples, mean = 0.0 (flags = 0x41)
0  -O                                                                        (1 = 100.0%)
1  ... 

Histogram: Autofill.NumberOfDriversPerFactory recorded 1 samples, mean = 3.0 (flags = 0x41)
0  ... 
3  -O                                                                        (1 = 100.0%) {0.0%}
4  ... 

Histogram: Autofill.Offer.StoredOfferCount2.CardLinkedOffer recorded 1 samples, mean = 0.0 (flags = 0x41)
0  -O                                                                        (1 = 100.0%)
1  ... 

Histogram: Autofill.Offer.StoredOfferCount2.GPayPromoCodeOffer recorded 1 samples, mean = 0.0 (flags = 0x41)
0  -O                                                                        (1 = 100.0%)
1  ... 

Histogram: Autofill.PaymentMethods.CvcStorageIsEnabled.Startup recorded 1 samples, mean = 0.0 (flags = 0x41)
0  -O                                                                        (1 = 100.0%)
1  ... 

Histogram: Autofill.StoredCreditCardCount recorded 1 samples, mean = 0.0 (flags = 0x41)
0  -O                                                                        (1 = 100.0%)
1  ... 

Histogram: Autofill.StoredCreditCardCount.Local recorded 1 samples, mean = 0.0 (flags = 0x41)
0  -O                                                                        (1 = 100.0%)
1  ... 

Histogram: Autofill.StoredCreditCardCount.Local.WithInvalidCardNumber recorded 1 samples, mean = 0.0 (flags = 0x41)
0  -O                                                                        (1 = 100.0%)
1  ... 

Histogram: Autofill.StoredCreditCardCount.Local.WithNickname recorded 1 samples, mean = 0.0 (flags = 0x41)
0  -O                                                                        (1 = 100.0%)
1  ... 

Histogram: Autofill.StoredCreditCardCount.Server recorded 1 samples, mean = 0.0 (flags = 0x41)
0  -O                                                                        (1 = 100.0%)
1  ... 

Histogram: Autofill.StoredCreditCardCount.Server.Masked recorded 1 samples, mean = 0.0 (flags = 0x41)
0  -O                                                                        (1 = 100.0%)
1  ... 

Histogram: Autofill.StoredCreditCardCount.Server.Masked.WithNickname recorded 1 samples, mean = 0.0 (flags = 0x41)
0  -O                                                                        (1 = 100.0%)
1  ... 

Histogram: Autofill.StoredCreditCardCount.Server.Unmasked recorded 1 samples, mean = 0.0 (flags = 0x41)
0  -O                                                                        (1 = 100.0%)
1  ... 

Histogram: Autofill.StoredCreditCardCount.Server.WithCardArtImage recorded 1 samples, mean = 0.0 (flags = 0x41)
0  -O                                                                        (1 = 100.0%)
1  ... 

Histogram: Autofill.StoredCreditCardCount.Server.WithVirtualCardMetadata recorded 1 samples, mean = 0.0 (flags = 0x41)
0  -O                                                                        (1 = 100.0%)
1  ... 

Histogram: Autofill.StoredIbanCount recorded 1 samples, mean = 0.0 (flags = 0x41)
0  -O                                                                        (1 = 100.0%)
1  ... 

Histogram: Autofill.StoredProfileCount.AccountChrome recorded 1 samples, mean = 0.0 (flags = 0x41)
0  -O                                                                        (1 = 100.0%)
1  ... 

Histogram: Autofill.StoredProfileCount.AccountNonChrome recorded 1 samples, mean = 0.0 (flags = 0x41)
0  -O                                                                        (1 = 100.0%)
1  ... 

Histogram: Autofill.StoredProfileCount.Legacy recorded 1 samples, mean = 0.0 (flags = 0x41)
0  -O                                                                        (1 = 100.0%)
1  ... 

Histogram: Autofill.StoredProfileCount.Total recorded 1 samples, mean = 0.0 (flags = 0x41)
0  -O                                                                        (1 = 100.0%)
1  ... 

Histogram: Autofill.SubmissionDetectionSource.FormTracker recorded 2 samples, mean = 3.0 (flags = 0x41)
0  ... 
3  --O                                                                       (2 = 100.0%) {0.0%}
4  ... 

Histogram: Autofill.Timing.ParseFormsAsync recorded 1 samples, mean = 0.0 (flags = 0x41)
0  -O                                                                        (1 = 100.0%)
1  ... 

Histogram: Autofill.Timing.ParseFormsAsync.RunHeuristics recorded 1 samples, mean = 0.0 (flags = 0x41)
0  -O                                                                        (1 = 100.0%)
1  ... 

Histogram: Autofill.Timing.ParseFormsAsync.UpdateCache recorded 1 samples, mean = 0.0 (flags = 0x41)
0  -O                                                                        (1 = 100.0%)
1  ... 

Histogram: Autofill.TimingInterval.ExtractFormData.GetFormDataFromUnownedInputElements.AutofillAgentReset recorded 3 samples, mean = 3487741.2 (flags = 0x41)
0        ... 
2129046  -O                                                                        (1 = 33.3%) {0.0%}
2485230  -O                                                                        (1 = 33.3%) {33.3%}
2901002  ... 
5386095  -O                                                                        (1 = 33.3%) {66.7%}
6287174  ... 

Histogram: Autofill.TimingInterval.ExtractFormData.GetFormDataFromUnownedInputElements.DOMContentLoaded recorded 3 samples, mean = 716984256.0 (flags = 0x41)
0         ... 
332665    -O                                                                        (1 = 33.3%) {0.0%}
388319    ... 
2901002   -O                                                                        (1 = 33.3%) {33.3%}
3386332   ... 
10000000  -O                                                                        (1 = 33.3%) {66.7%}

Histogram: Autofill.TimingInterval.ExtractFormData.UpdateFormCache.AutofillAgentReset recorded 5 samples, mean = 2092789.8 (flags = 0x41)
0        ... 
43       -O                                                                        (1 = 20.0%) {0.0%}
50       ... 
684      -O                                                                        (1 = 20.0%) {20.0%}
798      ... 
2129046  -O                                                                        (1 = 20.0%) {40.0%}
2485230  -O                                                                        (1 = 20.0%) {60.0%}
2901002  ... 
5386095  -O                                                                        (1 = 20.0%) {80.0%}
6287174  ... 

Histogram: Autofill.TimingInterval.ExtractFormData.UpdateFormCache.DOMContentLoaded recorded 5 samples, mean = 693899.8 (flags = 0x41)
0        ... 
3        -O                                                                        (1 = 20.0%) {0.0%}
4        ... 
7        -O                                                                        (1 = 20.0%) {20.0%}
8        ... 
368      -O                                                                        (1 = 20.0%) {40.0%}
430      ... 
332665   -O                                                                        (1 = 20.0%) {60.0%}
388319   ... 
2901002  -O                                                                        (1 = 20.0%) {80.0%}
3386332  ... 

Histogram: Autofill.TimingInterval.UpdateFormCache.UpdateFormCache.AutofillAgentReset recorded 5 samples, mean = 2092840.0 (flags = 0x41)
0        ... 
50       -O                                                                        (1 = 20.0%) {0.0%}
58       ... 
798      -O                                                                        (1 = 20.0%) {20.0%}
932      ... 
2129046  -O                                                                        (1 = 20.0%) {40.0%}
2485230  -O                                                                        (1 = 20.0%) {60.0%}
2901002  ... 
5386095  -O                                                                        (1 = 20.0%) {80.0%}
6287174  ... 

Histogram: Autofill.TimingInterval.UpdateFormCache.UpdateFormCache.DOMContentLoaded recorded 5 samples, mean = 693950.0 (flags = 0x41)
0        ... 
9        -O                                                                        (1 = 20.0%) {0.0%}
11       -O                                                                        (1 = 20.0%) {20.0%}
13       ... 
586      -O                                                                        (1 = 20.0%) {40.0%}
684      ... 
332665   -O                                                                        (1 = 20.0%) {60.0%}
388319   ... 
2901002  -O                                                                        (1 = 20.0%) {80.0%}
3386332  ... 

Histogram: Autofill.TimingPrecise.ExtractFormData recorded 8 samples, mean = 103.0 (flags = 0x41)
0    O                                                                         (0 = 0.0%)
1    -O                                                                        (1 = 12.5%) {0.0%}
2    -O                                                                        (1 = 12.5%) {12.5%}
3    -O                                                                        (1 = 12.5%) {25.0%}
4    O                                                                         (0 = 0.0%) {37.5%}
5    -O                                                                        (1 = 12.5%) {37.5%}
6    ... 
53   -O                                                                        (1 = 12.5%) {50.0%}
60   -O                                                                        (1 = 12.5%) {62.5%}
68   ... 
217  -O                                                                        (1 = 12.5%) {75.0%}
247  ... 
471  -O                                                                        (1 = 12.5%) {87.5%}
536  ... 

Histogram: Autofill.TimingPrecise.ExtractFormData.GetFormDataFromUnownedInputElements recorded 3 samples, mean = 159.3 (flags = 0x41)
0    O                                                                         (0 = 0.0%)
1    -O                                                                        (1 = 33.3%) {0.0%}
2    -O                                                                        (1 = 33.3%) {33.3%}
3    ... 
471  -O                                                                        (1 = 33.3%) {66.7%}
536  ... 

Histogram: Autofill.TimingPrecise.ExtractFormData.UpdateFormCache recorded 5 samples, mean = 69.2 (flags = 0x41)
0    ... 
3    -O                                                                        (1 = 20.0%) {0.0%}
4    O                                                                         (0 = 0.0%) {20.0%}
5    -O                                                                        (1 = 20.0%) {20.0%}
6    ... 
53   -O                                                                        (1 = 20.0%) {40.0%}
60   -O                                                                        (1 = 20.0%) {60.0%}
68   ... 
217  -O                                                                        (1 = 20.0%) {80.0%}
247  ... 

Histogram: Autofill.TimingPrecise.InferLabelForElement recorded 8 samples, mean = 0.0 (flags = 0x41)
0  --------O                                                                 (8 = 100.0%)
1  ... 

Histogram: Autofill.TimingPrecise.UpdateFormCache recorded 5 samples, mean = 122.6 (flags = 0x41)
0    ... 
9    -O                                                                        (1 = 20.0%) {0.0%}
10   O                                                                         (0 = 0.0%) {20.0%}
11   -O                                                                        (1 = 20.0%) {20.0%}
13   ... 
68   --O                                                                       (2 = 40.0%) {40.0%}
77   ... 
414  -O                                                                        (1 = 20.0%) {80.0%}
471  ... 

Histogram: Autofill.TimingPrecise.UpdateFormCache.UpdateFormCache recorded 5 samples, mean = 122.6 (flags = 0x41)
0    ... 
9    -O                                                                        (1 = 20.0%) {0.0%}
10   O                                                                         (0 = 0.0%) {20.0%}
11   -O                                                                        (1 = 20.0%) {20.0%}
13   ... 
68   --O                                                                       (2 = 40.0%) {40.0%}
77   ... 
414  -O                                                                        (1 = 20.0%) {80.0%}
471  ... 

Histogram: Autofill.VirtualCardUsageData.StoredUsageDataCount recorded 1 samples, mean = 0.0 (flags = 0x41)
0  -O                                                                        (1 = 100.0%)
1  ... 

Histogram: Blink.CSSStyleSheetResource.ParseTime recorded 8 samples, mean = 909.9 (flags = 0x41)
0     ... 
40    -O                                                                        (1 = 12.5%) {0.0%}
55    O                                                                         (0 = 0.0%) {12.5%}
76    ---O                                                                      (3 = 37.5%) {12.5%}
105   O                                                                         (0 = 0.0%) {50.0%}
146   -O                                                                        (1 = 12.5%) {50.0%}
203   ... 
391   -O                                                                        (1 = 12.5%) {62.5%}
542   ... 
2008  -O                                                                        (1 = 12.5%) {75.0%}
2786  O                                                                         (0 = 0.0%) {87.5%}
3865  -O                                                                        (1 = 12.5%) {87.5%}
5362  ... 

Histogram: Blink.CommitDocumentLoaderTime recorded 8 samples, mean = 7.5 (flags = 0x41)
0   ---O                                                                      (3 = 37.5%)
1   --O                                                                       (2 = 25.0%) {37.5%}
2   -O                                                                        (1 = 12.5%) {62.5%}
3   ... 
14  -O                                                                        (1 = 12.5%) {75.0%}
17  ... 
40  -O                                                                        (1 = 12.5%) {87.5%}
48  ... 

Histogram: Blink.CookiesTime recorded 21 samples, mean = 15.6 (flags = 0x41)
0    --------------------O                                                     (20 = 95.2%)
1    ... 
318  -O                                                                        (1 = 4.8%) {95.2%}
378  ... 

Histogram: Blink.CullRect.UpdateTime recorded 42 samples, mean = 15.7 (flags = 0x41)
0    --------O                                                                 (8 = 19.0%)
1    -------------------O                                                      (19 = 45.2%) {19.0%}
2    O                                                                         (0 = 0.0%) {64.3%}
3    ----O                                                                     (4 = 9.5%) {64.3%}
4    ----O                                                                     (4 = 9.5%) {73.8%}
6    O                                                                         (0 = 0.0%) {83.3%}
8    -O                                                                        (1 = 2.4%) {83.3%}
11   ----O                                                                     (4 = 9.5%) {85.7%}
15   -O                                                                        (1 = 2.4%) {95.2%}
21   ... 
391  -O                                                                        (1 = 2.4%) {97.6%}
542  ... 

Histogram: Blink.DocumentLoader.CommitNavigationToStartLoadingResponse.Time.OutermostMainFrame.NewNavigation.IsHTTPOrHTTPS recorded 1 samples, mean = 3.0 (flags = 0x41)
0  ... 
3  -O                                                                        (1 = 100.0%) {0.0%}
4  ... 

Histogram: Blink.DocumentLoader.CreateParserPostCommit.Time.OutermostMainFrame.NewNavigation.IsHTTPOrHTTPS recorded 1 samples, mean = 11.0 (flags = 0x41)
0   ... 
10  -O                                                                        (1 = 100.0%) {0.0%}
12  ... 

Histogram: Blink.EffectiveZoom recorded 21 samples (flags = 0x41)
150  ---------------------O                                                    (21 = 100.0%)

Histogram: Blink.Experimental.Cookies.CacheLookupResult2 recorded 21 samples, mean = 0.9 (flags = 0x41)
0  --O                                                                       (2 = 9.5%)
1  -------------------O                                                      (19 = 90.5%) {9.5%}
2  ... 

Histogram: Blink.Experimental.Cookies.FirstCookieRequest recorded 2 samples, mean = 1.0 (flags = 0x41)
0  O                                                                         (0 = 0.0%)
1  --O                                                                       (2 = 100.0%) {0.0%}
2  ... 

Histogram: Blink.Fetch.RequestResourceTime2 recorded 129 samples, mean = 62.9 (flags = 0x41)
0     ... 
8     ----------------------O                                                   (22 = 17.1%) {0.0%}
11    -----------------O                                                        (17 = 13.2%) {17.1%}
15    -----------------------------------O                                      (35 = 27.1%) {30.2%}
21    -----O                                                                    (5 = 3.9%) {57.4%}
29    ---------------O                                                          (15 = 11.6%) {61.2%}
40    ----O                                                                     (4 = 3.1%) {72.9%}
55    ------O                                                                   (6 = 4.7%) {76.0%}
76    -----O                                                                    (5 = 3.9%) {80.6%}
105   --------O                                                                 (8 = 6.2%) {84.5%}
146   ------O                                                                   (6 = 4.7%) {90.7%}
203   --O                                                                       (2 = 1.6%) {95.3%}
282   -O                                                                        (1 = 0.8%) {96.9%}
391   -O                                                                        (1 = 0.8%) {97.7%}
542   -O                                                                        (1 = 0.8%) {98.4%}
752   ... 
1447  -O                                                                        (1 = 0.8%) {99.2%}
2008  ... 

Histogram: Blink.Fetch.RequestResourceTime2.Preload recorded 41 samples, mean = 87.6 (flags = 0x41)
0     ... 
8     -----O                                                                    (5 = 12.2%) {0.0%}
11    ------O                                                                   (6 = 14.6%) {12.2%}
15    ------------O                                                             (12 = 29.3%) {26.8%}
21    ---O                                                                      (3 = 7.3%) {56.1%}
29    ---O                                                                      (3 = 7.3%) {63.4%}
40    -O                                                                        (1 = 2.4%) {70.7%}
55    --O                                                                       (2 = 4.9%) {73.2%}
76    ----O                                                                     (4 = 9.8%) {78.0%}
105   -O                                                                        (1 = 2.4%) {87.8%}
146   -O                                                                        (1 = 2.4%) {90.2%}
203   O                                                                         (0 = 0.0%) {92.7%}
282   -O                                                                        (1 = 2.4%) {92.7%}
391   -O                                                                        (1 = 2.4%) {95.1%}
542   ... 
1447  -O                                                                        (1 = 2.4%) {97.6%}
2008  ... 

Histogram: Blink.FetchQueuedPreloadsTime.MainFrame.Initial recorded 1 samples, mean = 1.0 (flags = 0x41)
0  O                                                                         (0 = 0.0%)
1  -O                                                                        (1 = 100.0%) {0.0%}
2  ... 

Histogram: Blink.Fonts.DecodeTime recorded 5 samples, mean = 6555.6 (flags = 0x41)
0      ... 
2008   -O                                                                        (1 = 20.0%) {0.0%}
2786   ---O                                                                      (3 = 60.0%) {20.0%}
3865   ... 
19866  -O                                                                        (1 = 20.0%) {80.0%}
27562  ... 

Histogram: Blink.Fonts.VariableFontsRatio recorded 5 samples, mean = 1.2 (flags = 0x41)
0  O                                                                         (0 = 0.0%)
1  ----O                                                                     (4 = 80.0%) {0.0%}
2  -O                                                                        (1 = 20.0%) {80.0%}
3  ... 

Histogram: Blink.ForcedStyleAndLayout.UpdateTime.PreFCP recorded 2 samples, mean = 7.0 (flags = 0x41)
0   ... 
2   -O                                                                        (1 = 50.0%) {0.0%}
3   ... 
11  -O                                                                        (1 = 50.0%) {50.0%}
15  ... 

Histogram: Blink.HTMLFastPathParser.AbortedParseSize recorded 17 samples, mean = 3.3 (flags = 0x41)
0  ---O                                                                      (3 = 17.6%)
1  ... 
4  --------------O                                                           (14 = 82.4%) {17.6%}
6  ... 

Histogram: Blink.HTMLFastPathParser.AbortedParseTime2 recorded 17 samples, mean = 16.2 (flags = 0x41)
0    ---------O                                                                (9 = 52.9%)
1    -----O                                                                    (5 = 29.4%) {52.9%}
2    O                                                                         (0 = 0.0%) {82.4%}
3    --O                                                                       (2 = 11.8%) {82.4%}
4    ... 
256  -O                                                                        (1 = 5.9%) {94.1%}
277  ... 

Histogram: Blink.HTMLFastPathParser.ParseResult recorded 33 samples, mean = 8.0 (flags = 0x41)
0   ----------------O                                                         (16 = 48.5%)
1   ... 
4   ---O                                                                      (3 = 9.1%) {48.5%}
5   ... 
18  --------------O                                                           (14 = 42.4%) {57.6%}
19  ... 

Histogram: Blink.HTMLFastPathParser.SuccessfulParseSize recorded 16 samples, mean = 128.8 (flags = 0x41)
0    ... 
105  --------------O                                                           (14 = 87.5%) {0.0%}
146  --O                                                                       (2 = 12.5%) {87.5%}
203  ... 

Histogram: Blink.HTMLFastPathParser.SuccessfulParseTime2 recorded 16 samples, mean = 2.2 (flags = 0x41)
0   ------O                                                                   (6 = 37.5%)
1   -------O                                                                  (7 = 43.8%) {37.5%}
2   -O                                                                        (1 = 6.2%) {81.2%}
3   ... 
6   -O                                                                        (1 = 6.2%) {87.5%}
7   ... 
21  -O                                                                        (1 = 6.2%) {93.8%}
23  ... 

Histogram: Blink.HTMLFastPathParser.TotalParseTime2 recorded 33 samples, mean = 15.8 (flags = 0x41)
0    --O                                                                       (2 = 6.1%)
1    ---------O                                                                (9 = 27.3%) {6.1%}
2    ---O                                                                      (3 = 9.1%) {33.3%}
3    ---O                                                                      (3 = 9.1%) {42.4%}
4    ---O                                                                      (3 = 9.1%) {51.5%}
5    O                                                                         (0 = 0.0%) {60.6%}
6    -O                                                                        (1 = 3.0%) {60.6%}
7    O                                                                         (0 = 0.0%) {63.6%}
8    -O                                                                        (1 = 3.0%) {63.6%}
9    ... 
11   ---O                                                                      (3 = 9.1%) {66.7%}
12   -O                                                                        (1 = 3.0%) {75.8%}
13   -O                                                                        (1 = 3.0%) {78.8%}
14   -O                                                                        (1 = 3.0%) {81.8%}
15   ... 
21   -O                                                                        (1 = 3.0%) {84.8%}
23   -O                                                                        (1 = 3.0%) {87.9%}
25   ... 
31   -O                                                                        (1 = 3.0%) {90.9%}
34   O                                                                         (0 = 0.0%) {93.9%}
37   -O                                                                        (1 = 3.0%) {93.9%}
40   ... 
277  -O                                                                        (1 = 3.0%) {97.0%}
299  ... 

Histogram: Blink.HTMLParsing.TimeToDeferredPumpTokenizer4 recorded 1 samples, mean = 597.0 (flags = 0x41)
0    ... 
536  -O                                                                        (1 = 100.0%) {0.0%}
610  ... 

Histogram: Blink.History.VisitedLinks.IsLinkStyledAsVisited recorded 38 samples, mean = 0.0 (flags = 0x41)
0  --------------------------------------O                                   (38 = 100.0%)
1  ... 

Histogram: Blink.JavascriptDocumentUpdate.UpdateTime.PreFCP recorded 1 samples, mean = 2.0 (flags = 0x41)
0  ... 
2  -O                                                                        (1 = 100.0%) {0.0%}
3  ... 

Histogram: Blink.Layout.InlineNode.ShapeText.MaxTime.InOutermostMainFrame3 recorded 1 samples, mean = 0.0 (flags = 0x41)
0  -O                                                                        (1 = 100.0%)
1  ... 

Histogram: Blink.Layout.InlineNode.ShapeText.TotalTime.InOutermostMainFrame3 recorded 1 samples, mean = 0.0 (flags = 0x41)
0  -O                                                                        (1 = 100.0%)
1  ... 

Histogram: Blink.Layout.SVGImage.Count.InOutermostMainFrame recorded 1 samples, mean = 0.0 (flags = 0x41)
0  -O                                                                        (1 = 100.0%)
1  ... 

Histogram: Blink.Layout.SVGImage.TotalTime.InOutermostMainFrame recorded 1 samples, mean = 0.0 (flags = 0x41)
0  -O                                                                        (1 = 100.0%)
1  ... 

Histogram: Blink.MainFrame.UpdateTime.PreFCP recorded 41 samples, mean = 2692.2 (flags = 0x41)
0      ... 
40     --O                                                                       (2 = 4.9%) {0.0%}
55     -------O                                                                  (7 = 17.1%) {4.9%}
76     ----------O                                                               (10 = 24.4%) {22.0%}
105    -----O                                                                    (5 = 12.2%) {46.3%}
146    -O                                                                        (1 = 2.4%) {58.5%}
203    O                                                                         (0 = 0.0%) {61.0%}
282    -O                                                                        (1 = 2.4%) {61.0%}
391    --O                                                                       (2 = 4.9%) {63.4%}
542    O                                                                         (0 = 0.0%) {68.3%}
752    --O                                                                       (2 = 4.9%) {68.3%}
1043   ---O                                                                      (3 = 7.3%) {73.2%}
1447   O                                                                         (0 = 0.0%) {80.5%}
2008   --O                                                                       (2 = 4.9%) {80.5%}
2786   ---O                                                                      (3 = 7.3%) {85.4%}
3865   -O                                                                        (1 = 2.4%) {92.7%}
5362   ... 
10321  -O                                                                        (1 = 2.4%) {95.1%}
14319  ... 
53055  -O                                                                        (1 = 2.4%) {97.6%}
73609  ... 

Histogram: Blink.MemoryCache.RevalidationPolicy.AsyncScript recorded 48 samples, mean = 1.6 (flags = 0x41)
0  -----------------------O                                                  (23 = 47.9%)
1  ... 
3  -------------------------O                                                (25 = 52.1%) {47.9%}
4  ... 

Histogram: Blink.MemoryCache.RevalidationPolicy.CSSStyleSheet recorded 8 samples, mean = 0.0 (flags = 0x41)
0  --------O                                                                 (8 = 100.0%)
1  ... 

Histogram: Blink.MemoryCache.RevalidationPolicy.Dead.CSSStyleSheet recorded 1 samples, mean = 0.0 (flags = 0x41)
0  -O                                                                        (1 = 100.0%)
1  ... 

Histogram: Blink.MemoryCache.RevalidationPolicy.Dead.Font recorded 1 samples, mean = 0.0 (flags = 0x41)
0  -O                                                                        (1 = 100.0%)
1  ... 

Histogram: Blink.MemoryCache.RevalidationPolicy.Dead.Script recorded 21 samples, mean = 0.0 (flags = 0x41)
0  ---------------------O                                                    (21 = 100.0%)
1  ... 

Histogram: Blink.MemoryCache.RevalidationPolicy.Font recorded 23 samples, mean = 4.0 (flags = 0x41)
0  -O                                                                        (1 = 4.3%)
1  ... 
4  ------------------O                                                       (18 = 78.3%) {4.3%}
5  ----O                                                                     (4 = 17.4%) {82.6%}
6  O                                                                         (0 = 0.0%) {100.0%}

Histogram: Blink.MemoryCache.RevalidationPolicy.Image recorded 26 samples, mean = 4.0 (flags = 0x41)
0  ... 
3  -O                                                                        (1 = 3.8%) {0.0%}
4  -------------------------O                                                (25 = 96.2%) {3.8%}
5  ... 

Histogram: Blink.MemoryCache.RevalidationPolicy.Manifest recorded 1 samples, mean = 3.0 (flags = 0x41)
0  ... 
3  -O                                                                        (1 = 100.0%) {0.0%}
4  ... 

Histogram: Blink.MemoryCache.RevalidationPolicy.Preload.CSSStyleSheet recorded 15 samples, mean = 1.6 (flags = 0x41)
0  -------O                                                                  (7 = 46.7%)
1  ... 
3  --------O                                                                 (8 = 53.3%) {46.7%}
4  ... 

Histogram: Blink.MemoryCache.RevalidationPolicy.Preload.Font recorded 2 samples, mean = 1.5 (flags = 0x41)
0  -O                                                                        (1 = 50.0%)
1  ... 
3  -O                                                                        (1 = 50.0%) {50.0%}
4  ... 

Histogram: Blink.MemoryCache.RevalidationPolicy.Preload.Script recorded 24 samples, mean = 2.8 (flags = 0x41)
0  --O                                                                       (2 = 8.3%)
1  ... 
3  ----------------------O                                                   (22 = 91.7%) {8.3%}
4  ... 

Histogram: Blink.MemoryCache.RevalidationPolicy.Raw recorded 8 samples, mean = 3.0 (flags = 0x41)
0  ... 
3  --------O                                                                 (8 = 100.0%) {0.0%}
4  ... 

Histogram: Blink.MemoryCache.RevalidationPolicy.Script recorded 26 samples, mean = 0.5 (flags = 0x41)
0  ----------------------O                                                   (22 = 84.6%)
1  ... 
3  ----O                                                                     (4 = 15.4%) {84.6%}
4  ... 

Histogram: Blink.PreloadRequestStartDuration recorded 41 samples, mean = 98.1 (flags = 0x41)
0     ... 
8     ----O                                                                     (4 = 9.8%) {0.0%}
11    -------O                                                                  (7 = 17.1%) {9.8%}
15    ------------O                                                             (12 = 29.3%) {26.8%}
21    ---O                                                                      (3 = 7.3%) {56.1%}
29    ---O                                                                      (3 = 7.3%) {63.4%}
40    -O                                                                        (1 = 2.4%) {70.7%}
55    --O                                                                       (2 = 4.9%) {73.2%}
76    ---O                                                                      (3 = 7.3%) {78.0%}
105   -O                                                                        (1 = 2.4%) {85.4%}
146   -O                                                                        (1 = 2.4%) {87.8%}
203   -O                                                                        (1 = 2.4%) {90.2%}
282   O                                                                         (0 = 0.0%) {92.7%}
391   --O                                                                       (2 = 4.9%) {92.7%}
542   ... 
1447  -O                                                                        (1 = 2.4%) {97.6%}
2008  ... 

Histogram: Blink.PreloadRequestWaitTime recorded 31 samples, mean = 1.6 (flags = 0x41)
0  O                                                                         (0 = 0.0%)
1  -----------O                                                              (11 = 35.5%) {0.0%}
2  --------------------O                                                     (20 = 64.5%) {35.5%}
3  ... 

Histogram: Blink.PrepareToStopParsingTime recorded 25 samples, mean = 0.4 (flags = 0x41)
0  ----------------------O                                                   (22 = 88.0%)
1  -O                                                                        (1 = 4.0%) {88.0%}
2  O                                                                         (0 = 0.0%) {92.0%}
3  -O                                                                        (1 = 4.0%) {92.0%}
4  ... 
6  -O                                                                        (1 = 4.0%) {96.0%}
7  ... 

Histogram: Blink.PumpTokenizerTime recorded 46 samples, mean = 0.6 (flags = 0x41)
0   ------------------------------------------O                               (42 = 91.3%)
1   ... 
4   -O                                                                        (1 = 2.2%) {91.3%}
5   -O                                                                        (1 = 2.2%) {93.5%}
6   ... 
8   -O                                                                        (1 = 2.2%) {95.7%}
10  O                                                                         (0 = 0.0%) {97.8%}
12  -O                                                                        (1 = 2.2%) {97.8%}
14  ... 

Histogram: Blink.ResourceRequest.BackgroundResourceFetchSupportStatus recorded 53 samples, mean = 0.1 (flags = 0x41)
0  ---------------------------------------------------O                      (51 = 96.2%)
1  O                                                                         (0 = 0.0%) {96.2%}
2  --O                                                                       (2 = 3.8%) {96.2%}
3  ... 

Histogram: Blink.ResourceRequest.CompletionDelay2 recorded 53 samples, mean = 18.1 (flags = 0x41)
0    -------------------------------------------O                              (43 = 81.1%)
1    -O                                                                        (1 = 1.9%) {81.1%}
2    -O                                                                        (1 = 1.9%) {83.0%}
3    -O                                                                        (1 = 1.9%) {84.9%}
4    ... 
10   -O                                                                        (1 = 1.9%) {86.8%}
12   O                                                                         (0 = 0.0%) {88.7%}
14   -O                                                                        (1 = 1.9%) {88.7%}
17   -O                                                                        (1 = 1.9%) {90.6%}
20   -O                                                                        (1 = 1.9%) {92.5%}
24   ... 
48   -O                                                                        (1 = 1.9%) {94.3%}
57   ... 
318  -O                                                                        (1 = 1.9%) {96.2%}
378  O                                                                         (0 = 0.0%) {98.1%}
449  -O                                                                        (1 = 1.9%) {98.1%}
533  ... 

Histogram: Blink.ResourceRequest.RedirectDelay2 recorded 2 samples, mean = 14.5 (flags = 0x41)
0   ... 
8   -O                                                                        (1 = 50.0%) {0.0%}
10  ... 
20  -O                                                                        (1 = 50.0%) {50.0%}
24  ... 

Histogram: Blink.ResourceRequest.ResponseDelay2 recorded 49 samples, mean = 19.5 (flags = 0x41)
0    -----------------------------------O                                      (35 = 71.4%)
1    ------O                                                                   (6 = 12.2%) {71.4%}
2    ... 
5    -O                                                                        (1 = 2.0%) {83.7%}
6    -O                                                                        (1 = 2.0%) {85.7%}
7    ... 
14   -O                                                                        (1 = 2.0%) {87.8%}
17   -O                                                                        (1 = 2.0%) {89.8%}
20   -O                                                                        (1 = 2.0%) {91.8%}
24   ... 
48   -O                                                                        (1 = 2.0%) {93.9%}
57   ... 
318  -O                                                                        (1 = 2.0%) {95.9%}
378  O                                                                         (0 = 0.0%) {98.0%}
449  -O                                                                        (1 = 2.0%) {98.0%}
533  ... 

Histogram: Blink.ResourceRequest.StartDelay2 recorded 49 samples, mean = 1561.9 (flags = 0x41)
0     -O                                                                        (1 = 2.0%)
1     ... 
57    -O                                                                        (1 = 2.0%) {2.0%}
68    -O                                                                        (1 = 2.0%) {4.1%}
81    ... 
226   --O                                                                       (2 = 4.1%) {6.1%}
268   --O                                                                       (2 = 4.1%) {10.2%}
318   -----O                                                                    (5 = 10.2%) {14.3%}
378   --O                                                                       (2 = 4.1%) {24.5%}
449   ... 
633   ----O                                                                     (4 = 8.2%) {28.6%}
752   -O                                                                        (1 = 2.0%) {36.7%}
894   --------O                                                                 (8 = 16.3%) {38.8%}
1062  ... 
1500  -O                                                                        (1 = 2.0%) {55.1%}
1782  O                                                                         (0 = 0.0%) {57.1%}
2117  --------O                                                                 (8 = 16.3%) {57.1%}
2516  --------O                                                                 (8 = 16.3%) {73.5%}
2990  O                                                                         (0 = 0.0%) {89.8%}
3553  -----O                                                                    (5 = 10.2%) {89.8%}
4222  ... 

Histogram: Blink.SVGImage.DataChanged recorded 1 samples, mean = 4227.0 (flags = 0x41)
0     ... 
3865  -O                                                                        (1 = 100.0%) {0.0%}
5362  ... 

Histogram: Blink.SVGImage.IsolatedSVGDocumentHostCreationTime recorded 1 samples, mean = 466.0 (flags = 0x41)
0    ... 
391  -O                                                                        (1 = 100.0%) {0.0%}
542  ... 

Histogram: Blink.ScanAndPreloadTime.MainFrame.Initial recorded 1 samples, mean = 3.0 (flags = 0x41)
0  ... 
3  -O                                                                        (1 = 100.0%) {0.0%}
4  ... 

Histogram: Blink.ScanAndPreloadTime.MainFrame.NonInitial recorded 2 samples, mean = 0.0 (flags = 0x41)
0  --O                                                                       (2 = 100.0%)
1  ... 

Histogram: Blink.ScanAndPreloadTime2.MainFrame.Initial recorded 1 samples, mean = 3415.0 (flags = 0x41)
0     ... 
2786  -O                                                                        (1 = 100.0%) {0.0%}
3865  ... 

Histogram: Blink.ScanAndPreloadTime2.MainFrame.NonInitial recorded 2 samples, mean = 47.5 (flags = 0x41)
0   ... 
8   -O                                                                        (1 = 50.0%) {0.0%}
11  ... 
76  -O                                                                        (1 = 50.0%) {50.0%}
105 ... 

Histogram: Blink.ScanAndPreloadTime2.Preload.MainFrame.Initial recorded 1 samples, mean = 1355.0 (flags = 0x41)
0     ... 
1043  -O                                                                        (1 = 100.0%) {0.0%}
1447  ... 

Histogram: Blink.ScanAndPreloadTime2.Preload.MainFrame.NonInitial recorded 2 samples, mean = 0.0 (flags = 0x41)
0  --O                                                                       (2 = 100.0%)
1  ... 

Histogram: Blink.ScanAndPreloadTime2.Scan.MainFrame.Initial recorded 1 samples, mean = 2050.0 (flags = 0x41)
0     ... 
2008  -O                                                                        (1 = 100.0%) {0.0%}
2786  ... 

Histogram: Blink.ScanAndPreloadTime2.Scan.MainFrame.NonInitial recorded 2 samples, mean = 42.5 (flags = 0x41)
0   O                                                                         (0 = 0.0%)
1   -O                                                                        (1 = 50.0%) {0.0%}
2   ... 
76  -O                                                                        (1 = 50.0%) {50.0%}
105 ... 

Histogram: Blink.Script.AsyncScript.FromReadyToStartExecution.Time recorded 26 samples, mean = 3.3 (flags = 0x41)
0   -----------------------O                                                  (23 = 88.5%)
1   O                                                                         (0 = 0.0%) {88.5%}
2   -O                                                                        (1 = 3.8%) {88.5%}
3   ... 
41  --O                                                                       (2 = 7.7%) {92.3%}
52  ... 

Histogram: Blink.Script.SchedulingType recorded 41 samples, mean = 5.3 (flags = 0x41)
0  ... 
3  -O                                                                        (1 = 2.4%) {0.0%}
4  O                                                                         (0 = 0.0%) {2.4%}
5  -------------------------O                                                (25 = 61.0%) {2.4%}
6  ---------------O                                                          (15 = 36.6%) {63.4%}
7  ... 

Histogram: Blink.UseCounter.AnimatedCSSProperties recorded 1 samples, mean = 1.0 (flags = 0x41)
0  O                                                                         (0 = 0.0%)
1  -O                                                                        (1 = 100.0%) {0.0%}
2  ... 

Histogram: Blink.UseCounter.CSSProperties recorded 98 samples, mean = 276.7 (flags = 0x41)
0    O                                                                         (0 = 0.0%)
1    -O                                                                        (1 = 1.0%) {0.0%}
2    -O                                                                        (1 = 1.0%) {1.0%}
3    -O                                                                        (1 = 1.0%) {2.0%}
4    -O                                                                        (1 = 1.0%) {3.1%}
5    -O                                                                        (1 = 1.0%) {4.1%}
6    -O                                                                        (1 = 1.0%) {5.1%}
7    -O                                                                        (1 = 1.0%) {6.1%}
8    -O                                                                        (1 = 1.0%) {7.1%}
9    O                                                                         (0 = 0.0%) {8.2%}
10   -O                                                                        (1 = 1.0%) {8.2%}
11   ... 
14   -O                                                                        (1 = 1.0%) {9.2%}
15   ... 
20   -O                                                                        (1 = 1.0%) {10.2%}
21   -O                                                                        (1 = 1.0%) {11.2%}
22   ... 
24   -O                                                                        (1 = 1.0%) {12.2%}
25   ... 
34   -O                                                                        (1 = 1.0%) {13.3%}
35   ... 
42   -O                                                                        (1 = 1.0%) {14.3%}
43   ... 
53   -O                                                                        (1 = 1.0%) {15.3%}
54   ... 
59   -O                                                                        (1 = 1.0%) {16.3%}
60   ... 
66   -O                                                                        (1 = 1.0%) {17.3%}
67   ... 
69   -O                                                                        (1 = 1.0%) {18.4%}
70   ... 
72   -O                                                                        (1 = 1.0%) {19.4%}
73   O                                                                         (0 = 0.0%) {20.4%}
74   -O                                                                        (1 = 1.0%) {20.4%}
75   ... 
77   -O                                                                        (1 = 1.0%) {21.4%}
78   ... 
81   -O                                                                        (1 = 1.0%) {22.4%}
82   ... 
84   -O                                                                        (1 = 1.0%) {23.5%}
85   ... 
89   -O                                                                        (1 = 1.0%) {24.5%}
90   ... 
95   -O                                                                        (1 = 1.0%) {25.5%}
96   -O                                                                        (1 = 1.0%) {26.5%}
97   -O                                                                        (1 = 1.0%) {27.6%}
98   -O                                                                        (1 = 1.0%) {28.6%}
99   O                                                                         (0 = 0.0%) {29.6%}
100  -O                                                                        (1 = 1.0%) {29.6%}
101  ... 
105  -O                                                                        (1 = 1.0%) {30.6%}
106  -O                                                                        (1 = 1.0%) {31.6%}
107  -O                                                                        (1 = 1.0%) {32.7%}
108  O                                                                         (0 = 0.0%) {33.7%}
109  -O                                                                        (1 = 1.0%) {33.7%}
110  ... 
118  -O                                                                        (1 = 1.0%) {34.7%}
119  -O                                                                        (1 = 1.0%) {35.7%}
120  ... 
124  -O                                                                        (1 = 1.0%) {36.7%}
125  ... 
127  -O                                                                        (1 = 1.0%) {37.8%}
128  -O                                                                        (1 = 1.0%) {38.8%}
129  -O                                                                        (1 = 1.0%) {39.8%}
130  ... 
143  -O                                                                        (1 = 1.0%) {40.8%}
144  ... 
150  -O                                                                        (1 = 1.0%) {41.8%}
151  O                                                                         (0 = 0.0%) {42.9%}
152  -O                                                                        (1 = 1.0%) {42.9%}
153  -O                                                                        (1 = 1.0%) {43.9%}
154  -O                                                                        (1 = 1.0%) {44.9%}
155  O                                                                         (0 = 0.0%) {45.9%}
156  -O                                                                        (1 = 1.0%) {45.9%}
157  -O                                                                        (1 = 1.0%) {46.9%}
158  O                                                                         (0 = 0.0%) {48.0%}
159  -O                                                                        (1 = 1.0%) {48.0%}
160  O                                                                         (0 = 0.0%) {49.0%}
161  -O                                                                        (1 = 1.0%) {49.0%}
162  -O                                                                        (1 = 1.0%) {50.0%}
163  O                                                                         (0 = 0.0%) {51.0%}
164  -O                                                                        (1 = 1.0%) {51.0%}
165  -O                                                                        (1 = 1.0%) {52.0%}
166  ... 
175  -O                                                                        (1 = 1.0%) {53.1%}
176  ... 
231  -O                                                                        (1 = 1.0%) {54.1%}
232  -O                                                                        (1 = 1.0%) {55.1%}
233  O                                                                         (0 = 0.0%) {56.1%}
234  -O                                                                        (1 = 1.0%) {56.1%}
235  -O                                                                        (1 = 1.0%) {57.1%}
236  O                                                                         (0 = 0.0%) {58.2%}
237  -O                                                                        (1 = 1.0%) {58.2%}
238  -O                                                                        (1 = 1.0%) {59.2%}
239  -O                                                                        (1 = 1.0%) {60.2%}
240  -O                                                                        (1 = 1.0%) {61.2%}
241  O                                                                         (0 = 0.0%) {62.2%}
242  -O                                                                        (1 = 1.0%) {62.2%}
243  ... 
303  -O                                                                        (1 = 1.0%) {63.3%}
304  ... 
369  -O                                                                        (1 = 1.0%) {64.3%}
370  -O                                                                        (1 = 1.0%) {65.3%}
371  ... 
415  -O                                                                        (1 = 1.0%) {66.3%}
416  ... 
432  -O                                                                        (1 = 1.0%) {67.3%}
433  -O                                                                        (1 = 1.0%) {68.4%}
434  ... 
437  -O                                                                        (1 = 1.0%) {69.4%}
438  ... 
446  -O                                                                        (1 = 1.0%) {70.4%}
447  ... 
508  -O                                                                        (1 = 1.0%) {71.4%}
509  ... 
514  -O                                                                        (1 = 1.0%) {72.4%}
515  -O                                                                        (1 = 1.0%) {73.5%}
516  -O                                                                        (1 = 1.0%) {74.5%}
517  ... 
537  -O                                                                        (1 = 1.0%) {75.5%}
538  ... 
549  -O                                                                        (1 = 1.0%) {76.5%}
550  ... 
556  -O                                                                        (1 = 1.0%) {77.6%}
557  ... 
563  -O                                                                        (1 = 1.0%) {78.6%}
564  ... 
591  -O                                                                        (1 = 1.0%) {79.6%}
592  -O                                                                        (1 = 1.0%) {80.6%}
593  O                                                                         (0 = 0.0%) {81.6%}
594  -O                                                                        (1 = 1.0%) {81.6%}
595  -O                                                                        (1 = 1.0%) {82.7%}
596  ... 
598  -O                                                                        (1 = 1.0%) {83.7%}
599  -O                                                                        (1 = 1.0%) {84.7%}
600  ... 
618  -O                                                                        (1 = 1.0%) {85.7%}
619  -O                                                                        (1 = 1.0%) {86.7%}
620  -O                                                                        (1 = 1.0%) {87.8%}
621  -O                                                                        (1 = 1.0%) {88.8%}
622  ... 
636  -O                                                                        (1 = 1.0%) {89.8%}
637  ... 
657  -O                                                                        (1 = 1.0%) {90.8%}
658  -O                                                                        (1 = 1.0%) {91.8%}
659  ... 
662  -O                                                                        (1 = 1.0%) {92.9%}
663  ... 
672  -O                                                                        (1 = 1.0%) {93.9%}
673  -O                                                                        (1 = 1.0%) {94.9%}
674  O                                                                         (0 = 0.0%) {95.9%}
675  -O                                                                        (1 = 1.0%) {95.9%}
676  ... 
696  -O                                                                        (1 = 1.0%) {96.9%}
697  ... 
746  -O                                                                        (1 = 1.0%) {98.0%}
747  ... 
770  -O                                                                        (1 = 1.0%) {99.0%}
771  ... 

Histogram: Blink.UseCounter.Features recorded 183 samples, mean = 2259.6 (flags = 0x41)
0     ... 
13    -O                                                                        (1 = 0.5%) {0.0%}
14    ... 
16    -O                                                                        (1 = 0.5%) {0.5%}
17    ... 
52    -O                                                                        (1 = 0.5%) {1.1%}
53    ... 
69    -O                                                                        (1 = 0.5%) {1.6%}
70    ... 
123   -O                                                                        (1 = 0.5%) {2.2%}
124   -O                                                                        (1 = 0.5%) {2.7%}
125   -O                                                                        (1 = 0.5%) {3.3%}
126   ... 
138   -O                                                                        (1 = 0.5%) {3.8%}
139   ... 
240   -O                                                                        (1 = 0.5%) {4.4%}
241   ... 
250   -O                                                                        (1 = 0.5%) {4.9%}
251   ... 
429   -O                                                                        (1 = 0.5%) {5.5%}
430   -O                                                                        (1 = 0.5%) {6.0%}
431   -O                                                                        (1 = 0.5%) {6.6%}
432   -O                                                                        (1 = 0.5%) {7.1%}
433   ... 
469   -O                                                                        (1 = 0.5%) {7.7%}
470   ... 
494   -O                                                                        (1 = 0.5%) {8.2%}
495   ... 
522   -O                                                                        (1 = 0.5%) {8.7%}
523   -O                                                                        (1 = 0.5%) {9.3%}
524   -O                                                                        (1 = 0.5%) {9.8%}
525   ... 
540   -O                                                                        (1 = 0.5%) {10.4%}
541   ... 
587   -O                                                                        (1 = 0.5%) {10.9%}
588   -O                                                                        (1 = 0.5%) {11.5%}
589   ... 
675   -O                                                                        (1 = 0.5%) {12.0%}
676   O                                                                         (0 = 0.0%) {12.6%}
677   -O                                                                        (1 = 0.5%) {12.6%}
678   ... 
710   -O                                                                        (1 = 0.5%) {13.1%}
711   -O                                                                        (1 = 0.5%) {13.7%}
712   -O                                                                        (1 = 0.5%) {14.2%}
713   ... 
717   -O                                                                        (1 = 0.5%) {14.8%}
718   ... 
730   -O                                                                        (1 = 0.5%) {15.3%}
731   ... 
744   -O                                                                        (1 = 0.5%) {15.8%}
745   ... 
780   -O                                                                        (1 = 0.5%) {16.4%}
781   -O                                                                        (1 = 0.5%) {16.9%}
782   ... 
786   -O                                                                        (1 = 0.5%) {17.5%}
787   -O                                                                        (1 = 0.5%) {18.0%}
788   ... 
804   -O                                                                        (1 = 0.5%) {18.6%}
805   ... 
900   -O                                                                        (1 = 0.5%) {19.1%}
901   -O                                                                        (1 = 0.5%) {19.7%}
902   ... 
907   -O                                                                        (1 = 0.5%) {20.2%}
908   ... 
954   -O                                                                        (1 = 0.5%) {20.8%}
955   ... 
970   -O                                                                        (1 = 0.5%) {21.3%}
971   O                                                                         (0 = 0.0%) {21.9%}
972   -O                                                                        (1 = 0.5%) {21.9%}
973   -O                                                                        (1 = 0.5%) {22.4%}
974   ... 
976   -O                                                                        (1 = 0.5%) {23.0%}
977   ... 
1023  -O                                                                        (1 = 0.5%) {23.5%}
1024  ... 
1069  -O                                                                        (1 = 0.5%) {24.0%}
1070  -O                                                                        (1 = 0.5%) {24.6%}
1071  ... 
1075  -O                                                                        (1 = 0.5%) {25.1%}
1076  -O                                                                        (1 = 0.5%) {25.7%}
1077  ... 
1124  -O                                                                        (1 = 0.5%) {26.2%}
1125  ... 
1302  -O                                                                        (1 = 0.5%) {26.8%}
1303  ... 
1347  -O                                                                        (1 = 0.5%) {27.3%}
1348  ... 
1351  -O                                                                        (1 = 0.5%) {27.9%}
1352  ... 
1354  -O                                                                        (1 = 0.5%) {28.4%}
1355  ... 
1368  -O                                                                        (1 = 0.5%) {29.0%}
1369  ... 
1417  -O                                                                        (1 = 0.5%) {29.5%}
1418  ... 
1441  -O                                                                        (1 = 0.5%) {30.1%}
1442  ... 
1458  -O                                                                        (1 = 0.5%) {30.6%}
1459  -O                                                                        (1 = 0.5%) {31.1%}
1460  ... 
1462  -O                                                                        (1 = 0.5%) {31.7%}
1463  -O                                                                        (1 = 0.5%) {32.2%}
1464  ... 
1467  -O                                                                        (1 = 0.5%) {32.8%}
1468  ... 
1502  -O                                                                        (1 = 0.5%) {33.3%}
1503  ... 
1692  -O                                                                        (1 = 0.5%) {33.9%}
1693  -O                                                                        (1 = 0.5%) {34.4%}
1694  ... 
1827  -O                                                                        (1 = 0.5%) {35.0%}
1828  ... 
2013  -O                                                                        (1 = 0.5%) {35.5%}
2014  ... 
2077  -O                                                                        (1 = 0.5%) {36.1%}
2078  ... 
2094  -O                                                                        (1 = 0.5%) {36.6%}
2095  O                                                                         (0 = 0.0%) {37.2%}
2096  -O                                                                        (1 = 0.5%) {37.2%}
2097  ... 
2100  -O                                                                        (1 = 0.5%) {37.7%}
2101  ... 
2112  -O                                                                        (1 = 0.5%) {38.3%}
2113  ... 
2121  -O                                                                        (1 = 0.5%) {38.8%}
2122  ... 
2188  -O                                                                        (1 = 0.5%) {39.3%}
2189  ... 
2191  -O                                                                        (1 = 0.5%) {39.9%}
2192  ... 
2195  -O                                                                        (1 = 0.5%) {40.4%}
2196  ... 
2203  -O                                                                        (1 = 0.5%) {41.0%}
2204  -O                                                                        (1 = 0.5%) {41.5%}
2205  ... 
2217  -O                                                                        (1 = 0.5%) {42.1%}
2218  ... 
2226  -O                                                                        (1 = 0.5%) {42.6%}
2227  O                                                                         (0 = 0.0%) {43.2%}
2228  -O                                                                        (1 = 0.5%) {43.2%}
2229  -O                                                                        (1 = 0.5%) {43.7%}
2230  ... 
2236  -O                                                                        (1 = 0.5%) {44.3%}
2237  ... 
2298  -O                                                                        (1 = 0.5%) {44.8%}
2299  ... 
2314  -O                                                                        (1 = 0.5%) {45.4%}
2315  ... 
2319  -O                                                                        (1 = 0.5%) {45.9%}
2320  ... 
2322  -O                                                                        (1 = 0.5%) {46.4%}
2323  ... 
2347  -O                                                                        (1 = 0.5%) {47.0%}
2348  ... 
2355  -O                                                                        (1 = 0.5%) {47.5%}
2356  ... 
2361  -O                                                                        (1 = 0.5%) {48.1%}
2362  ... 
2387  -O                                                                        (1 = 0.5%) {48.6%}
2388  -O                                                                        (1 = 0.5%) {49.2%}
2389  ... 
2399  -O                                                                        (1 = 0.5%) {49.7%}
2400  ... 
2413  -O                                                                        (1 = 0.5%) {50.3%}
2414  ... 
2429  -O                                                                        (1 = 0.5%) {50.8%}
2430  O                                                                         (0 = 0.0%) {51.4%}
2431  -O                                                                        (1 = 0.5%) {51.4%}
2432  ... 
2487  -O                                                                        (1 = 0.5%) {51.9%}
2488  ... 
2518  -O                                                                        (1 = 0.5%) {52.5%}
2519  ... 
2598  -O                                                                        (1 = 0.5%) {53.0%}
2599  ... 
2618  -O                                                                        (1 = 0.5%) {53.6%}
2619  ... 
2654  -O                                                                        (1 = 0.5%) {54.1%}
2655  -O                                                                        (1 = 0.5%) {54.6%}
2656  -O                                                                        (1 = 0.5%) {55.2%}
2657  -O                                                                        (1 = 0.5%) {55.7%}
2658  -O                                                                        (1 = 0.5%) {56.3%}
2659  -O                                                                        (1 = 0.5%) {56.8%}
2660  -O                                                                        (1 = 0.5%) {57.4%}
2661  -O                                                                        (1 = 0.5%) {57.9%}
2662  -O                                                                        (1 = 0.5%) {58.5%}
2663  -O                                                                        (1 = 0.5%) {59.0%}
2664  ... 
2699  -O                                                                        (1 = 0.5%) {59.6%}
2700  -O                                                                        (1 = 0.5%) {60.1%}
2701  -O                                                                        (1 = 0.5%) {60.7%}
2702  -O                                                                        (1 = 0.5%) {61.2%}
2703  -O                                                                        (1 = 0.5%) {61.7%}
2704  -O                                                                        (1 = 0.5%) {62.3%}
2705  -O                                                                        (1 = 0.5%) {62.8%}
2706  -O                                                                        (1 = 0.5%) {63.4%}
2707  -O                                                                        (1 = 0.5%) {63.9%}
2708  ... 
2710  -O                                                                        (1 = 0.5%) {64.5%}
2711  -O                                                                        (1 = 0.5%) {65.0%}
2712  ... 
2714  -O                                                                        (1 = 0.5%) {65.6%}
2715  -O                                                                        (1 = 0.5%) {66.1%}
2716  -O                                                                        (1 = 0.5%) {66.7%}
2717  ... 
2723  -O                                                                        (1 = 0.5%) {67.2%}
2724  ... 
2738  -O                                                                        (1 = 0.5%) {67.8%}
2739  ... 
2769  -O                                                                        (1 = 0.5%) {68.3%}
2770  ... 
2789  -O                                                                        (1 = 0.5%) {68.9%}
2790  -O                                                                        (1 = 0.5%) {69.4%}
2791  -O                                                                        (1 = 0.5%) {69.9%}
2792  -O                                                                        (1 = 0.5%) {70.5%}
2793  ... 
2841  -O                                                                        (1 = 0.5%) {71.0%}
2842  ... 
2903  -O                                                                        (1 = 0.5%) {71.6%}
2904  -O                                                                        (1 = 0.5%) {72.1%}
2905  ... 
2927  -O                                                                        (1 = 0.5%) {72.7%}
2928  ... 
2935  -O                                                                        (1 = 0.5%) {73.2%}
2936  ... 
3004  -O                                                                        (1 = 0.5%) {73.8%}
3005  ... 
3019  -O                                                                        (1 = 0.5%) {74.3%}
3020  -O                                                                        (1 = 0.5%) {74.9%}
3021  ... 
3028  -O                                                                        (1 = 0.5%) {75.4%}
3029  ... 
3066  -O                                                                        (1 = 0.5%) {76.0%}
3067  ... 
3116  -O                                                                        (1 = 0.5%) {76.5%}
3117  ... 
3157  -O                                                                        (1 = 0.5%) {77.0%}
3158  ... 
3189  -O                                                                        (1 = 0.5%) {77.6%}
3190  ... 
3198  -O                                                                        (1 = 0.5%) {78.1%}
3199  ... 
3254  -O                                                                        (1 = 0.5%) {78.7%}
3255  ... 
3273  -O                                                                        (1 = 0.5%) {79.2%}
3274  O                                                                         (0 = 0.0%) {79.8%}
3275  -O                                                                        (1 = 0.5%) {79.8%}
3276  ... 
3279  -O                                                                        (1 = 0.5%) {80.3%}
3280  ... 
3307  -O                                                                        (1 = 0.5%) {80.9%}
3308  -O                                                                        (1 = 0.5%) {81.4%}
3309  ... 
3349  -O                                                                        (1 = 0.5%) {82.0%}
3350  ... 
3359  -O                                                                        (1 = 0.5%) {82.5%}
3360  ... 
3409  -O                                                                        (1 = 0.5%) {83.1%}
3410  ... 
3444  -O                                                                        (1 = 0.5%) {83.6%}
3445  ... 
3580  -O                                                                        (1 = 0.5%) {84.2%}
3581  -O                                                                        (1 = 0.5%) {84.7%}
3582  ... 
3698  -O                                                                        (1 = 0.5%) {85.2%}
3699  ... 
3789  -O                                                                        (1 = 0.5%) {85.8%}
3790  -O                                                                        (1 = 0.5%) {86.3%}
3791  ... 
3803  -O                                                                        (1 = 0.5%) {86.9%}
3804  ... 
3870  -O                                                                        (1 = 0.5%) {87.4%}
3871  ... 
3945  -O                                                                        (1 = 0.5%) {88.0%}
3946  ... 
3973  -O                                                                        (1 = 0.5%) {88.5%}
3974  ... 
4007  -O                                                                        (1 = 0.5%) {89.1%}
4008  ... 
4079  -O                                                                        (1 = 0.5%) {89.6%}
4080  ... 
4113  -O                                                                        (1 = 0.5%) {90.2%}
4114  ... 
4161  -O                                                                        (1 = 0.5%) {90.7%}
4162  ... 
4177  -O                                                                        (1 = 0.5%) {91.3%}
4178  ... 
4194  -O                                                                        (1 = 0.5%) {91.8%}
4195  O                                                                         (0 = 0.0%) {92.3%}
4196  -O                                                                        (1 = 0.5%) {92.3%}
4197  ... 
4240  -O                                                                        (1 = 0.5%) {92.9%}
4241  O                                                                         (0 = 0.0%) {93.4%}
4242  -O                                                                        (1 = 0.5%) {93.4%}
4243  ... 
4307  -O                                                                        (1 = 0.5%) {94.0%}
4308  ... 
4317  -O                                                                        (1 = 0.5%) {94.5%}
4318  ... 
4372  -O                                                                        (1 = 0.5%) {95.1%}
4373  ... 
4379  -O                                                                        (1 = 0.5%) {95.6%}
4380  ... 
4419  -O                                                                        (1 = 0.5%) {96.2%}
4420  ... 
4561  -O                                                                        (1 = 0.5%) {96.7%}
4562  ... 
4673  -O                                                                        (1 = 0.5%) {97.3%}
4674  ... 
4743  -O                                                                        (1 = 0.5%) {97.8%}
4744  ... 
4877  -O                                                                        (1 = 0.5%) {98.4%}
4878  ... 
4961  -O                                                                        (1 = 0.5%) {98.9%}
4962  ... 
4994  -O                                                                        (1 = 0.5%) {99.5%}
4995  ... 

Histogram: Blink.UseCounter.MainFrame.Features recorded 183 samples, mean = 2259.6 (flags = 0x41)
0     ... 
13    -O                                                                        (1 = 0.5%) {0.0%}
14    ... 
16    -O                                                                        (1 = 0.5%) {0.5%}
17    ... 
52    -O                                                                        (1 = 0.5%) {1.1%}
53    ... 
69    -O                                                                        (1 = 0.5%) {1.6%}
70    ... 
123   -O                                                                        (1 = 0.5%) {2.2%}
124   -O                                                                        (1 = 0.5%) {2.7%}
125   -O                                                                        (1 = 0.5%) {3.3%}
126   ... 
138   -O                                                                        (1 = 0.5%) {3.8%}
139   ... 
240   -O                                                                        (1 = 0.5%) {4.4%}
241   ... 
250   -O                                                                        (1 = 0.5%) {4.9%}
251   ... 
429   -O                                                                        (1 = 0.5%) {5.5%}
430   -O                                                                        (1 = 0.5%) {6.0%}
431   -O                                                                        (1 = 0.5%) {6.6%}
432   -O                                                                        (1 = 0.5%) {7.1%}
433   ... 
469   -O                                                                        (1 = 0.5%) {7.7%}
470   ... 
494   -O                                                                        (1 = 0.5%) {8.2%}
495   ... 
522   -O                                                                        (1 = 0.5%) {8.7%}
523   -O                                                                        (1 = 0.5%) {9.3%}
524   -O                                                                        (1 = 0.5%) {9.8%}
525   ... 
540   -O                                                                        (1 = 0.5%) {10.4%}
541   ... 
587   -O                                                                        (1 = 0.5%) {10.9%}
588   -O                                                                        (1 = 0.5%) {11.5%}
589   ... 
675   -O                                                                        (1 = 0.5%) {12.0%}
676   O                                                                         (0 = 0.0%) {12.6%}
677   -O                                                                        (1 = 0.5%) {12.6%}
678   ... 
710   -O                                                                        (1 = 0.5%) {13.1%}
711   -O                                                                        (1 = 0.5%) {13.7%}
712   -O                                                                        (1 = 0.5%) {14.2%}
713   ... 
717   -O                                                                        (1 = 0.5%) {14.8%}
718   ... 
730   -O                                                                        (1 = 0.5%) {15.3%}
731   ... 
744   -O                                                                        (1 = 0.5%) {15.8%}
745   ... 
780   -O                                                                        (1 = 0.5%) {16.4%}
781   -O                                                                        (1 = 0.5%) {16.9%}
782   ... 
786   -O                                                                        (1 = 0.5%) {17.5%}
787   -O                                                                        (1 = 0.5%) {18.0%}
788   ... 
804   -O                                                                        (1 = 0.5%) {18.6%}
805   ... 
900   -O                                                                        (1 = 0.5%) {19.1%}
901   -O                                                                        (1 = 0.5%) {19.7%}
902   ... 
907   -O                                                                        (1 = 0.5%) {20.2%}
908   ... 
954   -O                                                                        (1 = 0.5%) {20.8%}
955   ... 
970   -O                                                                        (1 = 0.5%) {21.3%}
971   O                                                                         (0 = 0.0%) {21.9%}
972   -O                                                                        (1 = 0.5%) {21.9%}
973   -O                                                                        (1 = 0.5%) {22.4%}
974   ... 
976   -O                                                                        (1 = 0.5%) {23.0%}
977   ... 
1023  -O                                                                        (1 = 0.5%) {23.5%}
1024  ... 
1069  -O                                                                        (1 = 0.5%) {24.0%}
1070  -O                                                                        (1 = 0.5%) {24.6%}
1071  ... 
1075  -O                                                                        (1 = 0.5%) {25.1%}
1076  -O                                                                        (1 = 0.5%) {25.7%}
1077  ... 
1124  -O                                                                        (1 = 0.5%) {26.2%}
1125  ... 
1302  -O                                                                        (1 = 0.5%) {26.8%}
1303  ... 
1347  -O                                                                        (1 = 0.5%) {27.3%}
1348  ... 
1351  -O                                                                        (1 = 0.5%) {27.9%}
1352  ... 
1354  -O                                                                        (1 = 0.5%) {28.4%}
1355  ... 
1368  -O                                                                        (1 = 0.5%) {29.0%}
1369  ... 
1417  -O                                                                        (1 = 0.5%) {29.5%}
1418  ... 
1441  -O                                                                        (1 = 0.5%) {30.1%}
1442  ... 
1458  -O                                                                        (1 = 0.5%) {30.6%}
1459  -O                                                                        (1 = 0.5%) {31.1%}
1460  ... 
1462  -O                                                                        (1 = 0.5%) {31.7%}
1463  -O                                                                        (1 = 0.5%) {32.2%}
1464  ... 
1467  -O                                                                        (1 = 0.5%) {32.8%}
1468  ... 
1502  -O                                                                        (1 = 0.5%) {33.3%}
1503  ... 
1692  -O                                                                        (1 = 0.5%) {33.9%}
1693  -O                                                                        (1 = 0.5%) {34.4%}
1694  ... 
1827  -O                                                                        (1 = 0.5%) {35.0%}
1828  ... 
2013  -O                                                                        (1 = 0.5%) {35.5%}
2014  ... 
2077  -O                                                                        (1 = 0.5%) {36.1%}
2078  ... 
2094  -O                                                                        (1 = 0.5%) {36.6%}
2095  O                                                                         (0 = 0.0%) {37.2%}
2096  -O                                                                        (1 = 0.5%) {37.2%}
2097  ... 
2100  -O                                                                        (1 = 0.5%) {37.7%}
2101  ... 
2112  -O                                                                        (1 = 0.5%) {38.3%}
2113  ... 
2121  -O                                                                        (1 = 0.5%) {38.8%}
2122  ... 
2188  -O                                                                        (1 = 0.5%) {39.3%}
2189  ... 
2191  -O                                                                        (1 = 0.5%) {39.9%}
2192  ... 
2195  -O                                                                        (1 = 0.5%) {40.4%}
2196  ... 
2203  -O                                                                        (1 = 0.5%) {41.0%}
2204  -O                                                                        (1 = 0.5%) {41.5%}
2205  ... 
2217  -O                                                                        (1 = 0.5%) {42.1%}
2218  ... 
2226  -O                                                                        (1 = 0.5%) {42.6%}
2227  O                                                                         (0 = 0.0%) {43.2%}
2228  -O                                                                        (1 = 0.5%) {43.2%}
2229  -O                                                                        (1 = 0.5%) {43.7%}
2230  ... 
2236  -O                                                                        (1 = 0.5%) {44.3%}
2237  ... 
2298  -O                                                                        (1 = 0.5%) {44.8%}
2299  ... 
2314  -O                                                                        (1 = 0.5%) {45.4%}
2315  ... 
2319  -O                                                                        (1 = 0.5%) {45.9%}
2320  ... 
2322  -O                                                                        (1 = 0.5%) {46.4%}
2323  ... 
2347  -O                                                                        (1 = 0.5%) {47.0%}
2348  ... 
2355  -O                                                                        (1 = 0.5%) {47.5%}
2356  ... 
2361  -O                                                                        (1 = 0.5%) {48.1%}
2362  ... 
2387  -O                                                                        (1 = 0.5%) {48.6%}
2388  -O                                                                        (1 = 0.5%) {49.2%}
2389  ... 
2399  -O                                                                        (1 = 0.5%) {49.7%}
2400  ... 
2413  -O                                                                        (1 = 0.5%) {50.3%}
2414  ... 
2429  -O                                                                        (1 = 0.5%) {50.8%}
2430  O                                                                         (0 = 0.0%) {51.4%}
2431  -O                                                                        (1 = 0.5%) {51.4%}
2432  ... 
2487  -O                                                                        (1 = 0.5%) {51.9%}
2488  ... 
2518  -O                                                                        (1 = 0.5%) {52.5%}
2519  ... 
2598  -O                                                                        (1 = 0.5%) {53.0%}
2599  ... 
2618  -O                                                                        (1 = 0.5%) {53.6%}
2619  ... 
2654  -O                                                                        (1 = 0.5%) {54.1%}
2655  -O                                                                        (1 = 0.5%) {54.6%}
2656  -O                                                                        (1 = 0.5%) {55.2%}
2657  -O                                                                        (1 = 0.5%) {55.7%}
2658  -O                                                                        (1 = 0.5%) {56.3%}
2659  -O                                                                        (1 = 0.5%) {56.8%}
2660  -O                                                                        (1 = 0.5%) {57.4%}
2661  -O                                                                        (1 = 0.5%) {57.9%}
2662  -O                                                                        (1 = 0.5%) {58.5%}
2663  -O                                                                        (1 = 0.5%) {59.0%}
2664  ... 
2699  -O                                                                        (1 = 0.5%) {59.6%}
2700  -O                                                                        (1 = 0.5%) {60.1%}
2701  -O                                                                        (1 = 0.5%) {60.7%}
2702  -O                                                                        (1 = 0.5%) {61.2%}
2703  -O                                                                        (1 = 0.5%) {61.7%}
2704  -O                                                                        (1 = 0.5%) {62.3%}
2705  -O                                                                        (1 = 0.5%) {62.8%}
2706  -O                                                                        (1 = 0.5%) {63.4%}
2707  -O                                                                        (1 = 0.5%) {63.9%}
2708  ... 
2710  -O                                                                        (1 = 0.5%) {64.5%}
2711  -O                                                                        (1 = 0.5%) {65.0%}
2712  ... 
2714  -O                                                                        (1 = 0.5%) {65.6%}
2715  -O                                                                        (1 = 0.5%) {66.1%}
2716  -O                                                                        (1 = 0.5%) {66.7%}
2717  ... 
2723  -O                                                                        (1 = 0.5%) {67.2%}
2724  ... 
2738  -O                                                                        (1 = 0.5%) {67.8%}
2739  ... 
2769  -O                                                                        (1 = 0.5%) {68.3%}
2770  ... 
2789  -O                                                                        (1 = 0.5%) {68.9%}
2790  -O                                                                        (1 = 0.5%) {69.4%}
2791  -O                                                                        (1 = 0.5%) {69.9%}
2792  -O                                                                        (1 = 0.5%) {70.5%}
2793  ... 
2841  -O                                                                        (1 = 0.5%) {71.0%}
2842  ... 
2903  -O                                                                        (1 = 0.5%) {71.6%}
2904  -O                                                                        (1 = 0.5%) {72.1%}
2905  ... 
2927  -O                                                                        (1 = 0.5%) {72.7%}
2928  ... 
2935  -O                                                                        (1 = 0.5%) {73.2%}
2936  ... 
3004  -O                                                                        (1 = 0.5%) {73.8%}
3005  ... 
3019  -O                                                                        (1 = 0.5%) {74.3%}
3020  -O                                                                        (1 = 0.5%) {74.9%}
3021  ... 
3028  -O                                                                        (1 = 0.5%) {75.4%}
3029  ... 
3066  -O                                                                        (1 = 0.5%) {76.0%}
3067  ... 
3116  -O                                                                        (1 = 0.5%) {76.5%}
3117  ... 
3157  -O                                                                        (1 = 0.5%) {77.0%}
3158  ... 
3189  -O                                                                        (1 = 0.5%) {77.6%}
3190  ... 
3198  -O                                                                        (1 = 0.5%) {78.1%}
3199  ... 
3254  -O                                                                        (1 = 0.5%) {78.7%}
3255  ... 
3273  -O                                                                        (1 = 0.5%) {79.2%}
3274  O                                                                         (0 = 0.0%) {79.8%}
3275  -O                                                                        (1 = 0.5%) {79.8%}
3276  ... 
3279  -O                                                                        (1 = 0.5%) {80.3%}
3280  ... 
3307  -O                                                                        (1 = 0.5%) {80.9%}
3308  -O                                                                        (1 = 0.5%) {81.4%}
3309  ... 
3349  -O                                                                        (1 = 0.5%) {82.0%}
3350  ... 
3359  -O                                                                        (1 = 0.5%) {82.5%}
3360  ... 
3409  -O                                                                        (1 = 0.5%) {83.1%}
3410  ... 
3444  -O                                                                        (1 = 0.5%) {83.6%}
3445  ... 
3580  -O                                                                        (1 = 0.5%) {84.2%}
3581  -O                                                                        (1 = 0.5%) {84.7%}
3582  ... 
3698  -O                                                                        (1 = 0.5%) {85.2%}
3699  ... 
3789  -O                                                                        (1 = 0.5%) {85.8%}
3790  -O                                                                        (1 = 0.5%) {86.3%}
3791  ... 
3803  -O                                                                        (1 = 0.5%) {86.9%}
3804  ... 
3870  -O                                                                        (1 = 0.5%) {87.4%}
3871  ... 
3945  -O                                                                        (1 = 0.5%) {88.0%}
3946  ... 
3973  -O                                                                        (1 = 0.5%) {88.5%}
3974  ... 
4007  -O                                                                        (1 = 0.5%) {89.1%}
4008  ... 
4079  -O                                                                        (1 = 0.5%) {89.6%}
4080  ... 
4113  -O                                                                        (1 = 0.5%) {90.2%}
4114  ... 
4161  -O                                                                        (1 = 0.5%) {90.7%}
4162  ... 
4177  -O                                                                        (1 = 0.5%) {91.3%}
4178  ... 
4194  -O                                                                        (1 = 0.5%) {91.8%}
4195  O                                                                         (0 = 0.0%) {92.3%}
4196  -O                                                                        (1 = 0.5%) {92.3%}
4197  ... 
4240  -O                                                                        (1 = 0.5%) {92.9%}
4241  O                                                                         (0 = 0.0%) {93.4%}
4242  -O                                                                        (1 = 0.5%) {93.4%}
4243  ... 
4307  -O                                                                        (1 = 0.5%) {94.0%}
4308  ... 
4317  -O                                                                        (1 = 0.5%) {94.5%}
4318  ... 
4372  -O                                                                        (1 = 0.5%) {95.1%}
4373  ... 
4379  -O                                                                        (1 = 0.5%) {95.6%}
4380  ... 
4419  -O                                                                        (1 = 0.5%) {96.2%}
4420  ... 
4561  -O                                                                        (1 = 0.5%) {96.7%}
4562  ... 
4673  -O                                                                        (1 = 0.5%) {97.3%}
4674  ... 
4743  -O                                                                        (1 = 0.5%) {97.8%}
4744  ... 
4877  -O                                                                        (1 = 0.5%) {98.4%}
4878  ... 
4961  -O                                                                        (1 = 0.5%) {98.9%}
4962  ... 
4994  -O                                                                        (1 = 0.5%) {99.5%}
4995  ... 

Histogram: Blink.UseCounter.PermissionsPolicy.Allow2 recorded 0 samples (flags = 0x41)
0 ... 

Histogram: Blink.UseCounter.PermissionsPolicy.Header2 recorded 0 samples (flags = 0x41)
0 ... 

Histogram: Blink.UseCounter.PermissionsPolicy.Violation.Enforce recorded 0 samples (flags = 0x41)
0 ... 

Histogram: Blink.UseCounter.WebDXFeatures recorded 15 samples, mean = 37.7 (flags = 0x41)
0   ... 
5   -O                                                                        (1 = 6.7%) {0.0%}
6   ... 
8   -O                                                                        (1 = 6.7%) {6.7%}
9   -O                                                                        (1 = 6.7%) {13.3%}
10  O                                                                         (0 = 0.0%) {20.0%}
11  -O                                                                        (1 = 6.7%) {20.0%}
12  ... 
27  -O                                                                        (1 = 6.7%) {26.7%}
28  -O                                                                        (1 = 6.7%) {33.3%}
29  -O                                                                        (1 = 6.7%) {40.0%}
30  ... 
38  -O                                                                        (1 = 6.7%) {46.7%}
39  -O                                                                        (1 = 6.7%) {53.3%}
40  ... 
45  -O                                                                        (1 = 6.7%) {60.0%}
46  -O                                                                        (1 = 6.7%) {66.7%}
47  ... 
58  -O                                                                        (1 = 6.7%) {73.3%}
59  ... 
68  -O                                                                        (1 = 6.7%) {80.0%}
69  ... 
71  -O                                                                        (1 = 6.7%) {86.7%}
72  ... 
83  -O                                                                        (1 = 6.7%) {93.3%}
84  ... 

Histogram: Blink.UserDrivenDocumentUpdate.UpdateTime.PreFCP recorded 1 samples, mean = 12.0 (flags = 0x41)
0   ... 
11  -O                                                                        (1 = 100.0%) {0.0%}
15  ... 

Histogram: Bookmarks.BookmarkBar.Shown recorded 1 samples, mean = 0.0 (flags = 0x41)
0  -O                                                                        (1 = 100.0%)
1  ... 

Histogram: Bookmarks.Count.OnProfileLoad3 recorded 1 samples, mean = 0.0 (flags = 0x41)
0  -O                                                                        (1 = 100.0%)
1  ... 

Histogram: Bookmarks.Storage.TimeToLoadAtStartup2 recorded 1 samples, mean = 7301.0 (flags = 0x41)
0     ... 
7083  -O                                                                        (1 = 100.0%) {0.0%}
8416  ... 

Histogram: Bookmarks.Times.OnProfileLoad.TimeSinceAdded3 recorded 1 samples, mean = 0.0 (flags = 0x41)
0  -O                                                                        (1 = 100.0%)
1  ... 

Histogram: Bookmarks.Utilization.OnProfileLoad.PercentageUsed recorded 1 samples, mean = 0.0 (flags = 0x41)
0  -O                                                                        (1 = 100.0%)
1  ... 

Histogram: Bookmarks.Utilization.OnProfileLoad.TotalUnused recorded 1 samples, mean = 0.0 (flags = 0x41)
0  -O                                                                        (1 = 100.0%)
1  ... 

Histogram: Bookmarks.Utilization.OnProfileLoad.TotalUsed recorded 1 samples, mean = 0.0 (flags = 0x41)
0  -O                                                                        (1 = 100.0%)
1  ... 

Histogram: BrotliFilter.CompressionPercent recorded 34 samples, mean = 35.3 (flags = 0x41)
0    ... 
10   -O                                                                        (1 = 2.9%) {0.0%}
11   --O                                                                       (2 = 5.9%) {2.9%}
12   -O                                                                        (1 = 2.9%) {8.8%}
13   O                                                                         (0 = 0.0%) {11.8%}
14   -O                                                                        (1 = 2.9%) {11.8%}
15   -O                                                                        (1 = 2.9%) {14.7%}
16   -O                                                                        (1 = 2.9%) {17.6%}
17   -O                                                                        (1 = 2.9%) {20.6%}
18   -O                                                                        (1 = 2.9%) {23.5%}
19   ... 
22   -O                                                                        (1 = 2.9%) {26.5%}
23   -O                                                                        (1 = 2.9%) {29.4%}
24   -O                                                                        (1 = 2.9%) {32.4%}
25   -O                                                                        (1 = 2.9%) {35.3%}
26   -O                                                                        (1 = 2.9%) {38.2%}
27   ... 
29   ----O                                                                     (4 = 11.8%) {41.2%}
30   --O                                                                       (2 = 5.9%) {52.9%}
31   O                                                                         (0 = 0.0%) {58.8%}
32   -O                                                                        (1 = 2.9%) {58.8%}
33   -O                                                                        (1 = 2.9%) {61.8%}
34   -O                                                                        (1 = 2.9%) {64.7%}
35   ... 
38   -O                                                                        (1 = 2.9%) {67.6%}
39   --O                                                                       (2 = 5.9%) {70.6%}
40   ... 
43   --O                                                                       (2 = 5.9%) {76.5%}
44   ... 
46   -O                                                                        (1 = 2.9%) {82.4%}
47   --O                                                                       (2 = 5.9%) {85.3%}
48   ... 
84   -O                                                                        (1 = 2.9%) {91.2%}
85   ... 
101  --O                                                                       (2 = 5.9%) {94.1%}

Histogram: BrotliFilter.Status recorded 34 samples, mean = 1.0 (flags = 0x41)
0  O                                                                         (0 = 0.0%)
1  ----------------------------------O                                       (34 = 100.0%) {0.0%}
2  ... 

Histogram: BrotliFilter.UsedMemoryKB recorded 34 samples, mean = 219.5 (flags = 0x41)
0    ... 
16   --O                                                                       (2 = 5.9%) {0.0%}
20   O                                                                         (0 = 0.0%) {5.9%}
25   ---O                                                                      (3 = 8.8%) {5.9%}
31   -------O                                                                  (7 = 20.6%) {14.7%}
39   O                                                                         (0 = 0.0%) {35.3%}
49   --O                                                                       (2 = 5.9%) {35.3%}
61   -O                                                                        (1 = 2.9%) {41.2%}
76   ----O                                                                     (4 = 11.8%) {44.1%}
95   O                                                                         (0 = 0.0%) {55.9%}
119  --O                                                                       (2 = 5.9%) {55.9%}
149  O                                                                         (0 = 0.0%) {61.8%}
187  --O                                                                       (2 = 5.9%) {61.8%}
234  ... 
367  -------O                                                                  (7 = 20.6%) {67.6%}
460  O                                                                         (0 = 0.0%) {88.2%}
576  -O                                                                        (1 = 2.9%) {88.2%}
722  ---O                                                                      (3 = 8.8%) {91.2%}
905  ... 

Histogram: Browser.ERP.RequestPayloadSizePerHour recorded 5 samples, mean = 0.0 (flags = 0x41)
0  -----O                                                                    (5 = 100.0%)
1  ... 

Histogram: Browser.ERP.ResponsePayloadSizePerHour recorded 5 samples, mean = 0.0 (flags = 0x41)
0  -----O                                                                    (5 = 100.0%)
1  ... 

Histogram: Browser.MainThreadsCongestion.RunningOnly recorded 641 samples, mean = 0.0 (flags = 0x41)
0  ------------------------------------------------------------------------O (641 = 100.0%)
1  ... 

Histogram: Browser.MainThreadsCongestion.RunningOnly.Initial recorded 1 samples, mean = 0.0 (flags = 0x41)
0  -O                                                                        (1 = 100.0%)
1  ... 

Histogram: Browser.Responsiveness.IOJanksTotalPerMinute recorded 320 samples, mean = 0.0 (flags = 0x41)
0  ------------------------------------------------------------------------O (320 = 100.0%)
1  ... 

Histogram: Browser.Responsiveness.IOJankyIntervalsPerMinute recorded 320 samples, mean = 0.0 (flags = 0x41)
0  ------------------------------------------------------------------------O (320 = 100.0%)
1  ... 

Histogram: BrowserRenderProcessHost.Cleanup.DelayReason recorded 12 samples, mean = 6.8 (flags = 0x41)
0  ---O                                                                      (3 = 25.0%)
1  ... 
9  ---------O                                                                (9 = 75.0%) {25.0%}
10 ... 

Histogram: BrowserRenderProcessHost.Cleanup.Total recorded 12 samples, mean = 1.0 (flags = 0x41)
0  O                                                                         (0 = 0.0%)
1  ------------O                                                             (12 = 100.0%) {0.0%}
2  O                                                                         (0 = 0.0%) {100.0%}

Histogram: BrowserRenderProcessHost.ExistingRendererIsInitializedAndNotDead recorded 1 samples, mean = 1.0 (flags = 0x41)
0  O                                                                         (0 = 0.0%)
1  -O                                                                        (1 = 100.0%) {0.0%}
2  O                                                                         (0 = 0.0%) {100.0%}

Histogram: BrowserRenderProcessHost.SpareProcessEvictedOtherSpare recorded 2 samples, mean = 0.0 (flags = 0x41)
0  --O                                                                       (2 = 100.0%)
1  ... 

Histogram: BrowserRenderProcessHost.SpareProcessMaybeTakeAction recorded 2 samples, mean = 2.0 (flags = 0x41)
0  -O                                                                        (1 = 50.0%)
1  ... 
4  -O                                                                        (1 = 50.0%) {50.0%}
5  ... 

Histogram: BrowserRenderProcessHost.SpareProcessStartupTime recorded 2 samples, mean = 3976.5 (flags = 0x41)
0     ... 
633   -O                                                                        (1 = 50.0%) {0.0%}
752   ... 
7083  -O                                                                        (1 = 50.0%) {50.0%}
8416  ... 

Histogram: BrowserSwitcher.ExternalGreylistSize recorded 1 samples, mean = 0.0 (flags = 0x41)
0  -O                                                                        (1 = 100.0%)
1  ... 

Histogram: BrowserSwitcher.ExternalSitelistSize recorded 1 samples, mean = 0.0 (flags = 0x41)
0  -O                                                                        (1 = 100.0%)
1  ... 

Histogram: BrowserSwitcher.IeemSitelistSize recorded 1 samples, mean = 0.0 (flags = 0x41)
0  -O                                                                        (1 = 100.0%)
1  ... 

Histogram: BrowsingTopics.BrowsingTopicsState.LoadFinishStatus recorded 1 samples, mean = 1.0 (flags = 0x41)
0  O                                                                         (0 = 0.0%)
1  -O                                                                        (1 = 100.0%) {0.0%}
2  O                                                                         (0 = 0.0%) {100.0%}

Histogram: BrowsingTopics.EpochTopicsCalculation.FirstTry.CalculatorResultStatus recorded 1 samples, mean = 1.0 (flags = 0x41)
0  O                                                                         (0 = 0.0%)
1  -O                                                                        (1 = 100.0%) {0.0%}
2  ... 

Histogram: BrowsingTopics.EpochTopicsCalculation.Started.RetryNumber recorded 1 samples, mean = 0.0 (flags = 0x41)
0  -O                                                                        (1 = 100.0%)
1  ... 

Histogram: BrowsingTopics.EpochTopicsCalculation.TimeBetweenCalculations recorded 1 samples, mean = 769968128.0 (flags = 0x41)
0          ... 
733736396  -O                                                                        (1 = 100.0%) {0.0%}
851128339  ... 

Histogram: BrowsingTopics.SiteDataStorage.FileSize.KB recorded 1 samples, mean = 28.0 (flags = 0x41)
0   ... 
28  -O                                                                        (1 = 100.0%) {0.0%}
37  ... 

Histogram: BrowsingTopics.SiteDataStorage.InitStatus recorded 1 samples, mean = 1.0 (flags = 0x41)
0  O                                                                         (0 = 0.0%)
1  -O                                                                        (1 = 100.0%) {0.0%}
2  O                                                                         (0 = 0.0%) {100.0%}

Histogram: CPU.Experimental.CpuEstimationTaskMigrated recorded 64 samples, mean = 0.0 (flags = 0x41)
0  ---------------------------------------------------------------O          (63 = 98.4%)
1  -O                                                                        (1 = 1.6%) {98.4%}
2  O                                                                         (0 = 0.0%) {100.0%}

Histogram: CPU.Experimental.CpuEstimationTaskQueuedTime.Performance recorded 64 samples, mean = 11.2 (flags = 0x41)
0   ... 
5   ---O                                                                      (3 = 4.7%) {0.0%}
7   ------------------O                                                       (18 = 28.1%) {4.7%}
9   ---------------------O                                                    (21 = 32.8%) {32.8%}
12  ------------O                                                             (12 = 18.8%) {65.6%}
16  -------O                                                                  (7 = 10.9%) {84.4%}
21  ---O                                                                      (3 = 4.7%) {95.3%}
28  ... 

Histogram: CPU.Experimental.CpuEstimationTaskThreadTime.Performance recorded 64 samples, mean = 100.5 (flags = 0x41)
0    ... 
86   ----------------------------------------------------------O               (58 = 90.6%) {0.0%}
113  -----O                                                                    (5 = 7.8%) {90.6%}
149  -O                                                                        (1 = 1.6%) {98.4%}
196  ... 

Histogram: CPU.Experimental.CpuEstimationTaskTotalTime.Performance recorded 64 samples, mean = 113.1 (flags = 0x41)
0    ... 
86   ------------------------------------------O                               (42 = 65.6%) {0.0%}
113  ---------------------O                                                    (21 = 32.8%) {65.6%}
149  -O                                                                        (1 = 1.6%) {98.4%}
196  ... 

Histogram: CPU.Experimental.CpuEstimationTaskWallTime.Performance recorded 64 samples, mean = 101.9 (flags = 0x41)
0    ... 
86   ---------------------------------------------------------O                (57 = 89.1%) {0.0%}
113  ------O                                                                   (6 = 9.4%) {89.1%}
149  -O                                                                        (1 = 1.6%) {98.4%}
196  ... 

Histogram: CPU.Experimental.CpuEstimationThreadTimePercent.Performance recorded 64 samples, mean = 97.9 (flags = 0x41)
0    ... 
94   -O                                                                        (1 = 1.6%) {0.0%}
95   -O                                                                        (1 = 1.6%) {1.6%}
96   O                                                                         (0 = 0.0%) {3.1%}
97   -------------O                                                            (13 = 20.3%) {3.1%}
98   ---------------------------------------O                                  (39 = 60.9%) {23.4%}
99   ----O                                                                     (4 = 6.2%) {84.4%}
100  ------O                                                                   (6 = 9.4%) {90.6%}
101  O                                                                         (0 = 0.0%) {100.0%}

Histogram: CPU.Experimental.EstimatedFrequencyAsPercentOfLimit.Performance recorded 63 samples, mean = 182.5 (flags = 0x41)
0    ... 
101  ---------------------------------------------------------------O          (63 = 100.0%) {0.0%}

Histogram: CPU.Experimental.EstimatedFrequencyAsPercentOfMax.Performance recorded 63 samples, mean = 182.5 (flags = 0x41)
0    ... 
101  ---------------------------------------------------------------O          (63 = 100.0%) {0.0%}

Histogram: CertificateType2.BR.Intermediate.ECDSA recorded 14 samples, mean = 265.1 (flags = 0x41)
0    ... 
256  -------------O                                                            (13 = 92.9%) {0.0%}
257  ... 
384  -O                                                                        (1 = 7.1%) {92.9%}
385  ... 

Histogram: CertificateType2.BR.Intermediate.RSA recorded 4 samples, mean = 2048.0 (flags = 0x41)
0     ... 
2048  ----O                                                                     (4 = 100.0%) {0.0%}
2049  ... 

Histogram: CertificateType2.BR.Leaf.ECDSA recorded 15 samples, mean = 256.0 (flags = 0x41)
0    ... 
256  ---------------O                                                          (15 = 100.0%) {0.0%}
257  ... 

Histogram: CertificateType2.BR.Leaf.RSA recorded 3 samples, mean = 2048.0 (flags = 0x41)
0     ... 
2048  ---O                                                                      (3 = 100.0%) {0.0%}
2049  ... 

Histogram: CertificateType2.BR.Root.ECDSA recorded 13 samples, mean = 384.0 (flags = 0x41)
0    ... 
384  -------------O                                                            (13 = 100.0%) {0.0%}
385  ... 

Histogram: CertificateType2.BR.Root.RSA recorded 5 samples, mean = 2867.2 (flags = 0x41)
0     ... 
2048  ---O                                                                      (3 = 60.0%) {0.0%}
2049  ... 
4096  --O                                                                       (2 = 40.0%) {60.0%}
4097  ... 

Histogram: ChildProcess.Launched.UtilityProcessHash recorded 3 samples (flags = 0x41)
-2043041185 -O                                                                        (1 = 33.3%)
-1468742076 -O                                                                        (1 = 33.3%)
1411170475  -O                                                                        (1 = 33.3%)

Histogram: ChildProcess.ProcessLifetime.Utility recorded 3 samples, mean = 12829584.0 (flags = 0x41)
0        O                                                                         (0 = 0.0%)
1        -O                                                                        (1 = 33.3%) {0.0%}
2        ... 
3600000  --O                                                                       (2 = 66.7%) {33.3%}

Histogram: Chrome.ProcessSingleton.NotifyResult recorded 1 samples, mean = 0.0 (flags = 0x41)
0  -O                                                                        (1 = 100.0%)
1  ... 

Histogram: Chrome.ProcessSingleton.TimeToCreate recorded 1 samples, mean = 1.0 (flags = 0x41)
0  -O                                                                        (1 = 100.0%)
10 ... 

Histogram: Chrome.SystemNetworkContextManager.NetworkSandboxState recorded 4 samples, mean = 0.0 (flags = 0x41)
0  ----O                                                                     (4 = 100.0%)
1  ... 

Histogram: ChromeElf.Beacon.SetupStatus recorded 1 samples, mean = 5.0 (flags = 0x41)
0  ... 
5  -O                                                                        (1 = 100.0%) {0.0%}
6  O                                                                         (0 = 0.0%) {100.0%}

Histogram: ChromeElf.ExtensionPoint.EnableState recorded 1 samples, mean = 1.0 (flags = 0x41)
0  O                                                                         (0 = 0.0%)
1  -O                                                                        (1 = 100.0%) {0.0%}
2  O                                                                         (0 = 0.0%) {100.0%}

Histogram: ClientHints.CriticalCHRestart recorded 1 samples, mean = 0.0 (flags = 0x41)
0  -O                                                                        (1 = 100.0%)
1  ... 

Histogram: ClientHints.FetchLatency_PrefRead recorded 5 samples, mean = 9.4 (flags = 0x41)
0   ... 
3   -O                                                                        (1 = 20.0%) {0.0%}
4   -O                                                                        (1 = 20.0%) {20.0%}
6   O                                                                         (0 = 0.0%) {40.0%}
8   --O                                                                       (2 = 40.0%) {40.0%}
11  ... 
21  -O                                                                        (1 = 20.0%) {80.0%}
29  ... 

Histogram: ClientHints.FetchLatency_PrerenderHost recorded 5 samples, mean = 48.2 (flags = 0x41)
0    ---O                                                                      (3 = 60.0%)
1    -O                                                                        (1 = 20.0%) {60.0%}
2    ... 
203  -O                                                                        (1 = 20.0%) {80.0%}
282  ... 

Histogram: ClientHints.FetchLatency_Total recorded 5 samples, mean = 57.6 (flags = 0x41)
0    ... 
3    -O                                                                        (1 = 20.0%) {0.0%}
4    O                                                                         (0 = 0.0%) {20.0%}
6    -O                                                                        (1 = 20.0%) {20.0%}
8    --O                                                                       (2 = 40.0%) {40.0%}
11   ... 
203  -O                                                                        (1 = 20.0%) {80.0%}
282  ... 

Histogram: Compositing.Browser.CompositorFrame.Quads recorded 3 samples, mean = 1.0 (flags = 0x41)
0  O                                                                         (0 = 0.0%)
1  ---O                                                                      (3 = 100.0%) {0.0%}
2  ... 

Histogram: Compositing.Browser.LayerTreeImpl.CalculateDrawPropertiesUs recorded 3 samples, mean = 81.7 (flags = 0x41)
0    ... 
7    --O                                                                       (2 = 66.7%) {0.0%}
9    ... 
196  -O                                                                        (1 = 33.3%) {66.7%}
258  ... 

Histogram: Compositing.Browser.LayersUpdateTime recorded 3 samples, mean = 186.0 (flags = 0x41)
0    ... 
6    -O                                                                        (1 = 33.3%) {0.0%}
8    ... 
15   -O                                                                        (1 = 33.3%) {33.3%}
21   ... 
391  -O                                                                        (1 = 33.3%) {66.7%}
542  ... 

Histogram: Compositing.ColorGamut recorded 6 samples, mean = 0.0 (flags = 0x41)
0  ------O                                                                   (6 = 100.0%)
1  ... 

Histogram: Compositing.DidMainThreadBlockDuringCommit recorded 15 samples, mean = 0.0 (flags = 0x41)
0  ---------------O                                                          (15 = 100.0%)
1  ... 

Histogram: Compositing.DirectRenderer.OverlayProcessingUs recorded 6 samples, mean = 0.0 (flags = 0x41)
0  ------O                                                                   (6 = 100.0%)
5  ... 

Histogram: Compositing.DirectRenderer.PartialSwap.ExtraDamage recorded 6 samples, mean = 0.0 (flags = 0x41)
0  ------O                                                                   (6 = 100.0%)
1  ... 

Histogram: Compositing.DirectRenderer.PartialSwap.FrameBufferDamage recorded 6 samples, mean = 0.0 (flags = 0x41)
0  ------O                                                                   (6 = 100.0%)
1  ... 

Histogram: Compositing.DirectRenderer.PartialSwap.RootDamage recorded 6 samples, mean = 100.0 (flags = 0x41)
0    ... 
100  ------O                                                                   (6 = 100.0%) {0.0%}
101  O                                                                         (0 = 0.0%) {100.0%}

Histogram: Compositing.DirectRenderer.PartialSwap.TotalDamage recorded 6 samples, mean = 100.0 (flags = 0x41)
0    ... 
100  ------O                                                                   (6 = 100.0%) {0.0%}
101  O                                                                         (0 = 0.0%) {100.0%}

Histogram: Compositing.DirectRenderer.SkipAllNonRootRenderPassesPerFrame recorded 4 samples, mean = 0.0 (flags = 0x41)
0  ----O                                                                     (4 = 100.0%)
1  ... 

Histogram: Compositing.DirectRenderer.SkipNonRootRenderPass recorded 4 samples, mean = 0.0 (flags = 0x41)
0  ----O                                                                     (4 = 100.0%)
1  ... 

Histogram: Compositing.DirectRenderer.TotalPixelsRendered recorded 6 samples, mean = 6.7 (flags = 0x41)
0  ... 
4  --O                                                                       (2 = 33.3%) {0.0%}
6  ----O                                                                     (4 = 66.7%) {33.3%}
9  ... 

Histogram: Compositing.Display.Draw.Occlusion.Calculation.Time recorded 6 samples, mean = 3.8 (flags = 0x41)
0   O                                                                         (0 = 0.0%)
1   -O                                                                        (1 = 16.7%) {0.0%}
2   ---O                                                                      (3 = 50.0%) {16.7%}
3   ... 
5   -O                                                                        (1 = 16.7%) {66.7%}
6   ... 
11  -O                                                                        (1 = 16.7%) {83.3%}
12  ... 

Histogram: Compositing.Display.Draw.Quads recorded 6 samples, mean = 2.3 (flags = 0x41)
0  O                                                                         (0 = 0.0%)
1  --O                                                                       (2 = 33.3%) {0.0%}
2  O                                                                         (0 = 0.0%) {33.3%}
3  ----O                                                                     (4 = 66.7%) {33.3%}
4  ... 

Histogram: Compositing.Display.DrawToSwapUs recorded 6 samples, mean = 11165.2 (flags = 0x41)
0      ... 
187    -O                                                                        (1 = 16.7%) {0.0%}
227    ... 
594    -O                                                                        (1 = 16.7%) {16.7%}
720    O                                                                         (0 = 0.0%) {33.3%}
873    -O                                                                        (1 = 16.7%) {33.3%}
1059   -O                                                                        (1 = 16.7%) {50.0%}
1284   ... 
8824   -O                                                                        (1 = 16.7%) {66.7%}
10700  ... 
50000  -O                                                                        (1 = 16.7%) {83.3%}

Histogram: Compositing.Display.FlattenedRenderPassCount recorded 6 samples, mean = 1.7 (flags = 0x41)
0  O                                                                         (0 = 0.0%)
1  --O                                                                       (2 = 33.3%) {0.0%}
2  ----O                                                                     (4 = 66.7%) {33.3%}
3  ... 

Histogram: Compositing.Display.PendingSwaps recorded 6 samples, mean = 1.0 (flags = 0x41)
0  O                                                                         (0 = 0.0%)
1  ------O                                                                   (6 = 100.0%) {0.0%}
2  ... 

Histogram: Compositing.Display.VizDependencyResolvedToGpuStartedDrawUs recorded 6 samples, mean = 55.0 (flags = 0x41)
0    O                                                                         (0 = 0.0%)
5    -O                                                                        (1 = 16.7%) {0.0%}
6    ... 
10   -O                                                                        (1 = 16.7%) {16.7%}
12   O                                                                         (0 = 0.0%) {33.3%}
15   -O                                                                        (1 = 16.7%) {33.3%}
18   -O                                                                        (1 = 16.7%) {50.0%}
22   ... 
40   -O                                                                        (1 = 16.7%) {66.7%}
49   ... 
227  -O                                                                        (1 = 16.7%) {83.3%}
275  ... 

Histogram: Compositing.Display.VizScheduledDrawToDependencyResolvedUs recorded 6 samples, mean = 72.3 (flags = 0x41)
0    ----O                                                                     (4 = 66.7%)
5    O                                                                         (0 = 0.0%) {66.7%}
6    -O                                                                        (1 = 16.7%) {66.7%}
7    ... 
404  -O                                                                        (1 = 16.7%) {83.3%}
490  ... 

Histogram: Compositing.Display.VizScheduledDrawToGpuStartedDrawUs recorded 6 samples, mean = 127.3 (flags = 0x41)
0    ... 
12   -O                                                                        (1 = 16.7%) {0.0%}
15   O                                                                         (0 = 0.0%) {16.7%}
18   --O                                                                       (2 = 33.3%) {16.7%}
22   ... 
40   -O                                                                        (1 = 16.7%) {50.0%}
49   ... 
227  -O                                                                        (1 = 16.7%) {66.7%}
275  ... 
404  -O                                                                        (1 = 16.7%) {83.3%}
490  ... 

Histogram: Compositing.Renderer.CompositorFrame.Quads recorded 3 samples, mean = 2.0 (flags = 0x41)
0  ... 
2  ---O                                                                      (3 = 100.0%) {0.0%}
3  ... 

Histogram: Compositing.Renderer.LayersUpdateTime recorded 8 samples, mean = 130.8 (flags = 0x41)
0    ... 
6    ----O                                                                     (4 = 50.0%) {0.0%}
8    O                                                                         (0 = 0.0%) {50.0%}
11   -O                                                                        (1 = 12.5%) {50.0%}
15   O                                                                         (0 = 0.0%) {62.5%}
21   -O                                                                        (1 = 12.5%) {62.5%}
29   O                                                                         (0 = 0.0%) {75.0%}
40   -O                                                                        (1 = 12.5%) {75.0%}
55   ... 
752  -O                                                                        (1 = 12.5%) {87.5%}
1043 ... 

Histogram: Compositing.Renderer.NumRenderSurfaces recorded 13 samples, mean = 1.0 (flags = 0x41)
0  O                                                                         (0 = 0.0%)
1  -------------O                                                            (13 = 100.0%) {0.0%}
2  ... 

Histogram: Compositing.SurfaceAggregator.AggregateUs recorded 6 samples, mean = 4112.8 (flags = 0x41)
0      ... 
21     -O                                                                        (1 = 16.7%) {0.0%}
28     -O                                                                        (1 = 16.7%) {16.7%}
37     -O                                                                        (1 = 16.7%) {33.3%}
49     ... 
340    -O                                                                        (1 = 16.7%) {50.0%}
448    ... 
1023   -O                                                                        (1 = 16.7%) {66.7%}
1347   ... 
21156  -O                                                                        (1 = 16.7%) {83.3%}
27864  ... 

Histogram: Compositing.SurfaceAggregator.CopiedSurfaceCount recorded 6 samples, mean = 1.7 (flags = 0x41)
0  O                                                                         (0 = 0.0%)
1  --O                                                                       (2 = 33.3%) {0.0%}
2  ----O                                                                     (4 = 66.7%) {33.3%}
3  ... 

Histogram: Compositing.SurfaceAggregator.CopyUs recorded 6 samples, mean = 80.7 (flags = 0x41)
0    O                                                                         (0 = 0.0%)
5    --O                                                                       (2 = 33.3%) {0.0%}
6    --O                                                                       (2 = 33.3%) {33.3%}
7    ... 
194  -O                                                                        (1 = 16.7%) {66.7%}
227  -O                                                                        (1 = 16.7%) {83.3%}
266  ... 

Histogram: Compositing.SurfaceAggregator.HasCopyRequestsPerFrame recorded 6 samples, mean = 0.5 (flags = 0x41)
0  ---O                                                                      (3 = 50.0%)
1  ---O                                                                      (3 = 50.0%) {50.0%}
2  O                                                                         (0 = 0.0%) {100.0%}

Histogram: Compositing.SurfaceAggregator.HasPixelMovingBackdropFiltersPerFrame recorded 6 samples, mean = 0.0 (flags = 0x41)
0  ------O                                                                   (6 = 100.0%)
1  ... 

Histogram: Compositing.SurfaceAggregator.HasPixelMovingFiltersPerFrame recorded 6 samples, mean = 0.0 (flags = 0x41)
0  ------O                                                                   (6 = 100.0%)
1  ... 

Histogram: Compositing.SurfaceAggregator.HasUnembeddedRenderPassesPerFrame recorded 6 samples, mean = 0.0 (flags = 0x41)
0  ------O                                                                   (6 = 100.0%)
1  ... 

Histogram: Compositing.SurfaceAggregator.PrewalkUs recorded 6 samples, mean = 3927.7 (flags = 0x41)
0      ... 
11     -O                                                                        (1 = 16.7%) {0.0%}
13     O                                                                         (0 = 0.0%) {16.7%}
15     -O                                                                        (1 = 16.7%) {16.7%}
18     ... 
25     -O                                                                        (1 = 16.7%) {33.3%}
29     ... 
227    -O                                                                        (1 = 16.7%) {50.0%}
266    ... 
364    -O                                                                        (1 = 16.7%) {66.7%}
426    ... 
10000  -O                                                                        (1 = 16.7%) {83.3%}

Histogram: Compositing.SurfaceAggregator.PrewalkedSurfaceCount recorded 6 samples, mean = 1.7 (flags = 0x41)
0  O                                                                         (0 = 0.0%)
1  --O                                                                       (2 = 33.3%) {0.0%}
2  ----O                                                                     (4 = 66.7%) {33.3%}
3  ... 

Histogram: Compositing.SurfaceManager.MarkForDestructionToDestroy recorded 1 samples, mean = 328.0 (flags = 0x41)
0    ... 
318  -O                                                                        (1 = 100.0%) {0.0%}
378  ... 

Histogram: Content.Classification.OpenGraph recorded 1 samples, mean = 4.0 (flags = 0x41)
0  ... 
4  -O                                                                        (1 = 100.0%) {0.0%}
5  ... 

Histogram: ContentSettings.AllowStorageAccessSync recorded 4 samples, mean = 0.0 (flags = 0x41)
0  ----O                                                                     (4 = 100.0%)
1  ... 

Histogram: ContentSettings.GetContentSetting.Network.Duration recorded 415 samples, mean = 0.4 (flags = 0x41)
0   ------------------------------------------------------------------------O (308 = 74.2%)
1   -----------------O                                                        (73 = 17.6%) {74.2%}
2   ------O                                                                   (26 = 6.3%) {91.8%}
3   -O                                                                        (6 = 1.4%) {98.1%}
4   O                                                                         (1 = 0.2%) {99.5%}
5   ... 
28  O                                                                         (1 = 0.2%) {99.8%}
37  ... 

Histogram: ContentSettings.GetCookieSettingInternal.Duration recorded 191 samples, mean = 4.3 (flags = 0x41)
0   ---O                                                                      (5 = 2.6%)
1   ------------------------------------------------------------------------O (108 = 56.5%) {2.6%}
2   ---------O                                                                (14 = 7.3%) {59.2%}
3   ---O                                                                      (5 = 2.6%) {66.5%}
4   -----O                                                                    (8 = 4.2%) {69.1%}
5   -------O                                                                  (11 = 5.8%) {73.3%}
7   -------------O                                                            (20 = 10.5%) {79.1%}
9   --O                                                                       (3 = 1.6%) {89.5%}
12  -------O                                                                  (10 = 5.2%) {91.1%}
16  -O                                                                        (1 = 0.5%) {96.3%}
21  -O                                                                        (1 = 0.5%) {96.9%}
28  -O                                                                        (1 = 0.5%) {97.4%}
37  -O                                                                        (2 = 1.0%) {97.9%}
49  -O                                                                        (2 = 1.0%) {99.0%}
65  ... 

Histogram: ContentSettings.NumberOfExceptions recorded 1 samples, mean = 4.0 (flags = 0x41)
0  ... 
4  -O                                                                        (1 = 100.0%) {0.0%}
5  ... 

Histogram: ContentSettings.Popups.StrongBlockerActions recorded 1 samples, mean = 0.0 (flags = 0x41)
0  -O                                                                        (1 = 100.0%)
1  ... 

Histogram: ContentSettings.RegularProfile.DefaultAutoVerifySetting recorded 1 samples, mean = 1.0 (flags = 0x41)
0  O                                                                         (0 = 0.0%)
1  -O                                                                        (1 = 100.0%) {0.0%}
2  ... 

Histogram: ContentSettings.RegularProfile.DefaultAutoplaySetting recorded 1 samples, mean = 1.0 (flags = 0x41)
0  O                                                                         (0 = 0.0%)
1  -O                                                                        (1 = 100.0%) {0.0%}
2  ... 

Histogram: ContentSettings.RegularProfile.DefaultBackgroundSyncSetting recorded 1 samples, mean = 1.0 (flags = 0x41)
0  O                                                                         (0 = 0.0%)
1  -O                                                                        (1 = 100.0%) {0.0%}
2  ... 

Histogram: ContentSettings.RegularProfile.DefaultCookiesSetting recorded 1 samples, mean = 1.0 (flags = 0x41)
0  O                                                                         (0 = 0.0%)
1  -O                                                                        (1 = 100.0%) {0.0%}
2  ... 

Histogram: ContentSettings.RegularProfile.DefaultIdleDetectionSetting recorded 1 samples, mean = 3.0 (flags = 0x41)
0  ... 
3  -O                                                                        (1 = 100.0%) {0.0%}
4  ... 

Histogram: ContentSettings.RegularProfile.DefaultImagesSetting recorded 1 samples, mean = 1.0 (flags = 0x41)
0  O                                                                         (0 = 0.0%)
1  -O                                                                        (1 = 100.0%) {0.0%}
2  ... 

Histogram: ContentSettings.RegularProfile.DefaultJavaScriptSetting recorded 1 samples, mean = 1.0 (flags = 0x41)
0  O                                                                         (0 = 0.0%)
1  -O                                                                        (1 = 100.0%) {0.0%}
2  ... 

Histogram: ContentSettings.RegularProfile.DefaultLocationSetting recorded 1 samples, mean = 3.0 (flags = 0x41)
0  ... 
3  -O                                                                        (1 = 100.0%) {0.0%}
4  ... 

Histogram: ContentSettings.RegularProfile.DefaultMIDISysExSetting recorded 1 samples, mean = 3.0 (flags = 0x41)
0  ... 
3  -O                                                                        (1 = 100.0%) {0.0%}
4  ... 

Histogram: ContentSettings.RegularProfile.DefaultMediaStreamCameraSetting recorded 1 samples, mean = 3.0 (flags = 0x41)
0  ... 
3  -O                                                                        (1 = 100.0%) {0.0%}
4  ... 

Histogram: ContentSettings.RegularProfile.DefaultMediaStreamMicSetting recorded 1 samples, mean = 3.0 (flags = 0x41)
0  ... 
3  -O                                                                        (1 = 100.0%) {0.0%}
4  ... 

Histogram: ContentSettings.RegularProfile.DefaultNotificationsSetting recorded 1 samples, mean = 3.0 (flags = 0x41)
0  ... 
3  -O                                                                        (1 = 100.0%) {0.0%}
4  ... 

Histogram: ContentSettings.RegularProfile.DefaultPopupsSetting recorded 1 samples, mean = 2.0 (flags = 0x41)
0  ... 
2  -O                                                                        (1 = 100.0%) {0.0%}
3  ... 

Histogram: ContentSettings.RegularProfile.DefaultSoundSetting recorded 1 samples, mean = 1.0 (flags = 0x41)
0  O                                                                         (0 = 0.0%)
1  -O                                                                        (1 = 100.0%) {0.0%}
2  ... 

Histogram: ContentSettings.RegularProfile.DefaultStorageAccessSetting recorded 1 samples, mean = 3.0 (flags = 0x41)
0  ... 
3  -O                                                                        (1 = 100.0%) {0.0%}
4  ... 

Histogram: ContentSettings.RegularProfile.DefaultSubresourceFilterSetting recorded 1 samples, mean = 2.0 (flags = 0x41)
0  ... 
2  -O                                                                        (1 = 100.0%) {0.0%}
3  ... 

Histogram: ContentSettings.RegularProfile.DefaultUsbGuardSetting recorded 1 samples, mean = 3.0 (flags = 0x41)
0  ... 
3  -O                                                                        (1 = 100.0%) {0.0%}
4  ... 

Histogram: ContentSettings.RegularProfile.DefaultWebBluetoothGuardSetting recorded 1 samples, mean = 3.0 (flags = 0x41)
0  ... 
3  -O                                                                        (1 = 100.0%) {0.0%}
4  ... 

Histogram: ContentSettings.RegularProfile.Exceptions.3pcd-heuristics-grants recorded 1 samples, mean = 0.0 (flags = 0x41)
0  -O                                                                        (1 = 100.0%)
1  ... 

Histogram: ContentSettings.RegularProfile.Exceptions.3pcd-support recorded 1 samples, mean = 0.0 (flags = 0x41)
0  -O                                                                        (1 = 100.0%)
1  ... 

Histogram: ContentSettings.RegularProfile.Exceptions.abusive-notification-permissions recorded 1 samples, mean = 0.0 (flags = 0x41)
0  -O                                                                        (1 = 100.0%)
1  ... 

Histogram: ContentSettings.RegularProfile.Exceptions.access-to-get-all-screens-media-in-session recorded 1 samples, mean = 0.0 (flags = 0x41)
0  -O                                                                        (1 = 100.0%)
1  ... 

Histogram: ContentSettings.RegularProfile.Exceptions.accessibility-events recorded 1 samples, mean = 0.0 (flags = 0x41)
0  -O                                                                        (1 = 100.0%)
1  ... 

Histogram: ContentSettings.RegularProfile.Exceptions.anti-abuse recorded 1 samples, mean = 0.0 (flags = 0x41)
0  -O                                                                        (1 = 100.0%)
1  ... 

Histogram: ContentSettings.RegularProfile.Exceptions.app-banner recorded 1 samples, mean = 0.0 (flags = 0x41)
0  -O                                                                        (1 = 100.0%)
1  ... 

Histogram: ContentSettings.RegularProfile.Exceptions.ar recorded 1 samples, mean = 0.0 (flags = 0x41)
0  -O                                                                        (1 = 100.0%)
1  ... 

Histogram: ContentSettings.RegularProfile.Exceptions.auto-picture-in-picture recorded 1 samples, mean = 0.0 (flags = 0x41)
0  -O                                                                        (1 = 100.0%)
1  ... 

Histogram: ContentSettings.RegularProfile.Exceptions.auto-select-certificate recorded 1 samples, mean = 0.0 (flags = 0x41)
0  -O                                                                        (1 = 100.0%)
1  ... 

Histogram: ContentSettings.RegularProfile.Exceptions.automatic-downloads recorded 1 samples, mean = 0.0 (flags = 0x41)
0  -O                                                                        (1 = 100.0%)
1  ... 

Histogram: ContentSettings.RegularProfile.Exceptions.automatic-fullscreen recorded 1 samples, mean = 0.0 (flags = 0x41)
0  -O                                                                        (1 = 100.0%)
1  ... 

Histogram: ContentSettings.RegularProfile.Exceptions.autoplay recorded 1 samples, mean = 0.0 (flags = 0x41)
0  -O                                                                        (1 = 100.0%)
1  ... 

Histogram: ContentSettings.RegularProfile.Exceptions.background-sync recorded 1 samples, mean = 0.0 (flags = 0x41)
0  -O                                                                        (1 = 100.0%)
1  ... 

Histogram: ContentSettings.RegularProfile.Exceptions.bluetooth-chooser-data recorded 1 samples, mean = 0.0 (flags = 0x41)
0  -O                                                                        (1 = 100.0%)
1  ... 

Histogram: ContentSettings.RegularProfile.Exceptions.bluetooth-guard recorded 1 samples, mean = 0.0 (flags = 0x41)
0  -O                                                                        (1 = 100.0%)
1  ... 

Histogram: ContentSettings.RegularProfile.Exceptions.bluetooth-scanning recorded 1 samples, mean = 0.0 (flags = 0x41)
0  -O                                                                        (1 = 100.0%)
1  ... 

Histogram: ContentSettings.RegularProfile.Exceptions.camera-pan-tilt-zoom recorded 1 samples, mean = 0.0 (flags = 0x41)
0  -O                                                                        (1 = 100.0%)
1  ... 

Histogram: ContentSettings.RegularProfile.Exceptions.captured-surface-control recorded 1 samples, mean = 0.0 (flags = 0x41)
0  -O                                                                        (1 = 100.0%)
1  ... 

Histogram: ContentSettings.RegularProfile.Exceptions.client-hints recorded 1 samples, mean = 1.0 (flags = 0x41)
0  O                                                                         (0 = 0.0%)
1  -O                                                                        (1 = 100.0%) {0.0%}
2  ... 

Histogram: ContentSettings.RegularProfile.Exceptions.clipboard recorded 1 samples, mean = 0.0 (flags = 0x41)
0  -O                                                                        (1 = 100.0%)
1  ... 

Histogram: ContentSettings.RegularProfile.Exceptions.cookie-controls-metadata recorded 1 samples, mean = 0.0 (flags = 0x41)
0  -O                                                                        (1 = 100.0%)
1  ... 

Histogram: ContentSettings.RegularProfile.Exceptions.cookies recorded 1 samples, mean = 0.0 (flags = 0x41)
0  -O                                                                        (1 = 100.0%)
1  ... 

Histogram: ContentSettings.RegularProfile.Exceptions.cookies.Allow recorded 1 samples, mean = 0.0 (flags = 0x41)
0  -O                                                                        (1 = 100.0%)
1  ... 

Histogram: ContentSettings.RegularProfile.Exceptions.cookies.AllowThirdParty recorded 1 samples, mean = 0.0 (flags = 0x41)
0  -O                                                                        (1 = 100.0%)
1  ... 

Histogram: ContentSettings.RegularProfile.Exceptions.cookies.Block recorded 1 samples, mean = 0.0 (flags = 0x41)
0  -O                                                                        (1 = 100.0%)
1  ... 

Histogram: ContentSettings.RegularProfile.Exceptions.cookies.DomainWildcardAllowThirdParty recorded 1 samples, mean = 0.0 (flags = 0x41)
0  -O                                                                        (1 = 100.0%)
1  ... 

Histogram: ContentSettings.RegularProfile.Exceptions.cookies.SessionOnly recorded 1 samples, mean = 0.0 (flags = 0x41)
0  -O                                                                        (1 = 100.0%)
1  ... 

Histogram: ContentSettings.RegularProfile.Exceptions.cookies.TemporaryAllowThirdParty recorded 1 samples, mean = 0.0 (flags = 0x41)
0  -O                                                                        (1 = 100.0%)
1  ... 

Histogram: ContentSettings.RegularProfile.Exceptions.direct-sockets recorded 1 samples, mean = 0.0 (flags = 0x41)
0  -O                                                                        (1 = 100.0%)
1  ... 

Histogram: ContentSettings.RegularProfile.Exceptions.display-media-system-audio recorded 1 samples, mean = 0.0 (flags = 0x41)
0  -O                                                                        (1 = 100.0%)
1  ... 

Histogram: ContentSettings.RegularProfile.Exceptions.durable-storage recorded 1 samples, mean = 0.0 (flags = 0x41)
0  -O                                                                        (1 = 100.0%)
1  ... 

Histogram: ContentSettings.RegularProfile.Exceptions.fedcm-idp-registration recorded 1 samples, mean = 0.0 (flags = 0x41)
0  -O                                                                        (1 = 100.0%)
1  ... 

Histogram: ContentSettings.RegularProfile.Exceptions.fedcm-idp-signin recorded 1 samples, mean = 1.0 (flags = 0x41)
0  O                                                                         (0 = 0.0%)
1  -O                                                                        (1 = 100.0%) {0.0%}
2  ... 

Histogram: ContentSettings.RegularProfile.Exceptions.fedcm-share recorded 1 samples, mean = 0.0 (flags = 0x41)
0  -O                                                                        (1 = 100.0%)
1  ... 

Histogram: ContentSettings.RegularProfile.Exceptions.file-system-access-chooser-data recorded 1 samples, mean = 0.0 (flags = 0x41)
0  -O                                                                        (1 = 100.0%)
1  ... 

Histogram: ContentSettings.RegularProfile.Exceptions.file-system-access-extended-permission recorded 1 samples, mean = 0.0 (flags = 0x41)
0  -O                                                                        (1 = 100.0%)
1  ... 

Histogram: ContentSettings.RegularProfile.Exceptions.file-system-access-restore-permission recorded 1 samples, mean = 0.0 (flags = 0x41)
0  -O                                                                        (1 = 100.0%)
1  ... 

Histogram: ContentSettings.RegularProfile.Exceptions.file-system-last-picked-directory recorded 1 samples, mean = 0.0 (flags = 0x41)
0  -O                                                                        (1 = 100.0%)
1  ... 

Histogram: ContentSettings.RegularProfile.Exceptions.file-system-read-guard recorded 1 samples, mean = 0.0 (flags = 0x41)
0  -O                                                                        (1 = 100.0%)
1  ... 

Histogram: ContentSettings.RegularProfile.Exceptions.file-system-write-guard recorded 1 samples, mean = 0.0 (flags = 0x41)
0  -O                                                                        (1 = 100.0%)
1  ... 

Histogram: ContentSettings.RegularProfile.Exceptions.formfill-metadata recorded 1 samples, mean = 0.0 (flags = 0x41)
0  -O                                                                        (1 = 100.0%)
1  ... 

Histogram: ContentSettings.RegularProfile.Exceptions.geolocation recorded 1 samples, mean = 0.0 (flags = 0x41)
0  -O                                                                        (1 = 100.0%)
1  ... 

Histogram: ContentSettings.RegularProfile.Exceptions.hid-chooser-data recorded 1 samples, mean = 0.0 (flags = 0x41)
0  -O                                                                        (1 = 100.0%)
1  ... 

Histogram: ContentSettings.RegularProfile.Exceptions.hid-guard recorded 1 samples, mean = 0.0 (flags = 0x41)
0  -O                                                                        (1 = 100.0%)
1  ... 

Histogram: ContentSettings.RegularProfile.Exceptions.http-allowed recorded 1 samples, mean = 0.0 (flags = 0x41)
0  -O                                                                        (1 = 100.0%)
1  ... 

Histogram: ContentSettings.RegularProfile.Exceptions.https-enforced recorded 1 samples, mean = 0.0 (flags = 0x41)
0  -O                                                                        (1 = 100.0%)
1  ... 

Histogram: ContentSettings.RegularProfile.Exceptions.idle-detection recorded 1 samples, mean = 0.0 (flags = 0x41)
0  -O                                                                        (1 = 100.0%)
1  ... 

Histogram: ContentSettings.RegularProfile.Exceptions.images recorded 1 samples, mean = 0.0 (flags = 0x41)
0  -O                                                                        (1 = 100.0%)
1  ... 

Histogram: ContentSettings.RegularProfile.Exceptions.important-site-info recorded 1 samples, mean = 0.0 (flags = 0x41)
0  -O                                                                        (1 = 100.0%)
1  ... 

Histogram: ContentSettings.RegularProfile.Exceptions.insecure-private-network recorded 1 samples, mean = 0.0 (flags = 0x41)
0  -O                                                                        (1 = 100.0%)
1  ... 

Histogram: ContentSettings.RegularProfile.Exceptions.intent-picker-auto-display recorded 1 samples, mean = 0.0 (flags = 0x41)
0  -O                                                                        (1 = 100.0%)
1  ... 

Histogram: ContentSettings.RegularProfile.Exceptions.javascript recorded 1 samples, mean = 0.0 (flags = 0x41)
0  -O                                                                        (1 = 100.0%)
1  ... 

Histogram: ContentSettings.RegularProfile.Exceptions.javascript-jit recorded 1 samples, mean = 0.0 (flags = 0x41)
0  -O                                                                        (1 = 100.0%)
1  ... 

Histogram: ContentSettings.RegularProfile.Exceptions.javascript-optimizer recorded 1 samples, mean = 0.0 (flags = 0x41)
0  -O                                                                        (1 = 100.0%)
1  ... 

Histogram: ContentSettings.RegularProfile.Exceptions.keyboard-lock recorded 1 samples, mean = 0.0 (flags = 0x41)
0  -O                                                                        (1 = 100.0%)
1  ... 

Histogram: ContentSettings.RegularProfile.Exceptions.legacy-cookie-access recorded 1 samples, mean = 0.0 (flags = 0x41)
0  -O                                                                        (1 = 100.0%)
1  ... 

Histogram: ContentSettings.RegularProfile.Exceptions.local-fonts recorded 1 samples, mean = 0.0 (flags = 0x41)
0  -O                                                                        (1 = 100.0%)
1  ... 

Histogram: ContentSettings.RegularProfile.Exceptions.media-engagement recorded 1 samples, mean = 1.0 (flags = 0x41)
0  O                                                                         (0 = 0.0%)
1  -O                                                                        (1 = 100.0%) {0.0%}
2  ... 

Histogram: ContentSettings.RegularProfile.Exceptions.media-stream-camera recorded 1 samples, mean = 0.0 (flags = 0x41)
0  -O                                                                        (1 = 100.0%)
1  ... 

Histogram: ContentSettings.RegularProfile.Exceptions.media-stream-mic recorded 1 samples, mean = 0.0 (flags = 0x41)
0  -O                                                                        (1 = 100.0%)
1  ... 

Histogram: ContentSettings.RegularProfile.Exceptions.midi-sysex recorded 1 samples, mean = 0.0 (flags = 0x41)
0  -O                                                                        (1 = 100.0%)
1  ... 

Histogram: ContentSettings.RegularProfile.Exceptions.mixed-script recorded 1 samples, mean = 0.0 (flags = 0x41)
0  -O                                                                        (1 = 100.0%)
1  ... 

Histogram: ContentSettings.RegularProfile.Exceptions.nfc-devices recorded 1 samples, mean = 0.0 (flags = 0x41)
0  -O                                                                        (1 = 100.0%)
1  ... 

Histogram: ContentSettings.RegularProfile.Exceptions.notification-interactions recorded 1 samples, mean = 0.0 (flags = 0x41)
0  -O                                                                        (1 = 100.0%)
1  ... 

Histogram: ContentSettings.RegularProfile.Exceptions.notification-permission-review recorded 1 samples, mean = 0.0 (flags = 0x41)
0  -O                                                                        (1 = 100.0%)
1  ... 

Histogram: ContentSettings.RegularProfile.Exceptions.notifications recorded 1 samples, mean = 0.0 (flags = 0x41)
0  -O                                                                        (1 = 100.0%)
1  ... 

Histogram: ContentSettings.RegularProfile.Exceptions.password-protection recorded 1 samples, mean = 0.0 (flags = 0x41)
0  -O                                                                        (1 = 100.0%)
1  ... 

Histogram: ContentSettings.RegularProfile.Exceptions.payment-handler recorded 1 samples, mean = 0.0 (flags = 0x41)
0  -O                                                                        (1 = 100.0%)
1  ... 

Histogram: ContentSettings.RegularProfile.Exceptions.permission-autoblocking-data recorded 1 samples, mean = 0.0 (flags = 0x41)
0  -O                                                                        (1 = 100.0%)
1  ... 

Histogram: ContentSettings.RegularProfile.Exceptions.permission-autorevocation-data recorded 1 samples, mean = 0.0 (flags = 0x41)
0  -O                                                                        (1 = 100.0%)
1  ... 

Histogram: ContentSettings.RegularProfile.Exceptions.pointer-lock recorded 1 samples, mean = 0.0 (flags = 0x41)
0  -O                                                                        (1 = 100.0%)
1  ... 

Histogram: ContentSettings.RegularProfile.Exceptions.popups recorded 1 samples, mean = 0.0 (flags = 0x41)
0  -O                                                                        (1 = 100.0%)
1  ... 

Histogram: ContentSettings.RegularProfile.Exceptions.popups.Allow recorded 1 samples, mean = 0.0 (flags = 0x41)
0  -O                                                                        (1 = 100.0%)
1  ... 

Histogram: ContentSettings.RegularProfile.Exceptions.popups.Block recorded 1 samples, mean = 0.0 (flags = 0x41)
0  -O                                                                        (1 = 100.0%)
1  ... 

Histogram: ContentSettings.RegularProfile.Exceptions.private-network-chooser-data recorded 1 samples, mean = 0.0 (flags = 0x41)
0  -O                                                                        (1 = 100.0%)
1  ... 

Histogram: ContentSettings.RegularProfile.Exceptions.private-network-guard recorded 1 samples, mean = 0.0 (flags = 0x41)
0  -O                                                                        (1 = 100.0%)
1  ... 

Histogram: ContentSettings.RegularProfile.Exceptions.protected-media-identifier recorded 1 samples, mean = 0.0 (flags = 0x41)
0  -O                                                                        (1 = 100.0%)
1  ... 

Histogram: ContentSettings.RegularProfile.Exceptions.protocol-handler recorded 1 samples, mean = 0.0 (flags = 0x41)
0  -O                                                                        (1 = 100.0%)
1  ... 

Histogram: ContentSettings.RegularProfile.Exceptions.reduced-accept-language recorded 1 samples, mean = 0.0 (flags = 0x41)
0  -O                                                                        (1 = 100.0%)
1  ... 

Histogram: ContentSettings.RegularProfile.Exceptions.safe-browsing-url-check-data recorded 1 samples, mean = 0.0 (flags = 0x41)
0  -O                                                                        (1 = 100.0%)
1  ... 

Histogram: ContentSettings.RegularProfile.Exceptions.sensors recorded 1 samples, mean = 0.0 (flags = 0x41)
0  -O                                                                        (1 = 100.0%)
1  ... 

Histogram: ContentSettings.RegularProfile.Exceptions.serial-chooser-data recorded 1 samples, mean = 0.0 (flags = 0x41)
0  -O                                                                        (1 = 100.0%)
1  ... 

Histogram: ContentSettings.RegularProfile.Exceptions.serial-guard recorded 1 samples, mean = 0.0 (flags = 0x41)
0  -O                                                                        (1 = 100.0%)
1  ... 

Histogram: ContentSettings.RegularProfile.Exceptions.site-engagement recorded 1 samples, mean = 1.0 (flags = 0x41)
0  O                                                                         (0 = 0.0%)
1  -O                                                                        (1 = 100.0%) {0.0%}
2  ... 

Histogram: ContentSettings.RegularProfile.Exceptions.sound recorded 1 samples, mean = 0.0 (flags = 0x41)
0  -O                                                                        (1 = 100.0%)
1  ... 

Histogram: ContentSettings.RegularProfile.Exceptions.speaker-selection recorded 1 samples, mean = 0.0 (flags = 0x41)
0  -O                                                                        (1 = 100.0%)
1  ... 

Histogram: ContentSettings.RegularProfile.Exceptions.ssl-cert-decisions recorded 1 samples, mean = 0.0 (flags = 0x41)
0  -O                                                                        (1 = 100.0%)
1  ... 

Histogram: ContentSettings.RegularProfile.Exceptions.storage-access recorded 1 samples, mean = 0.0 (flags = 0x41)
0  -O                                                                        (1 = 100.0%)
1  ... 

Histogram: ContentSettings.RegularProfile.Exceptions.storage-access-header-origin-trial recorded 1 samples, mean = 0.0 (flags = 0x41)
0  -O                                                                        (1 = 100.0%)
1  ... 

Histogram: ContentSettings.RegularProfile.Exceptions.storage-access.Allow recorded 1 samples, mean = 0.0 (flags = 0x41)
0  -O                                                                        (1 = 100.0%)
1  ... 

Histogram: ContentSettings.RegularProfile.Exceptions.storage-access.Ask recorded 1 samples, mean = 0.0 (flags = 0x41)
0  -O                                                                        (1 = 100.0%)
1  ... 

Histogram: ContentSettings.RegularProfile.Exceptions.storage-access.Block recorded 1 samples, mean = 0.0 (flags = 0x41)
0  -O                                                                        (1 = 100.0%)
1  ... 

Histogram: ContentSettings.RegularProfile.Exceptions.storage-access.MaxRequester recorded 1 samples, mean = 0.0 (flags = 0x41)
0  -O                                                                        (1 = 100.0%)
1  ... 

Histogram: ContentSettings.RegularProfile.Exceptions.storage-access.MaxTopLevel recorded 1 samples, mean = 0.0 (flags = 0x41)
0  -O                                                                        (1 = 100.0%)
1  ... 

Histogram: ContentSettings.RegularProfile.Exceptions.subresource-filter recorded 1 samples, mean = 0.0 (flags = 0x41)
0  -O                                                                        (1 = 100.0%)
1  ... 

Histogram: ContentSettings.RegularProfile.Exceptions.subresource-filter-data recorded 1 samples, mean = 0.0 (flags = 0x41)
0  -O                                                                        (1 = 100.0%)
1  ... 

Histogram: ContentSettings.RegularProfile.Exceptions.subresource-filter.Allow recorded 1 samples, mean = 0.0 (flags = 0x41)
0  -O                                                                        (1 = 100.0%)
1  ... 

Histogram: ContentSettings.RegularProfile.Exceptions.subresource-filter.Block recorded 1 samples, mean = 0.0 (flags = 0x41)
0  -O                                                                        (1 = 100.0%)
1  ... 

Histogram: ContentSettings.RegularProfile.Exceptions.third-party-storage-partitioning recorded 1 samples, mean = 0.0 (flags = 0x41)
0  -O                                                                        (1 = 100.0%)
1  ... 

Histogram: ContentSettings.RegularProfile.Exceptions.top-level-3pcd-origin-trial recorded 1 samples, mean = 0.0 (flags = 0x41)
0  -O                                                                        (1 = 100.0%)
1  ... 

Histogram: ContentSettings.RegularProfile.Exceptions.top-level-3pcd-support recorded 1 samples, mean = 0.0 (flags = 0x41)
0  -O                                                                        (1 = 100.0%)
1  ... 

Histogram: ContentSettings.RegularProfile.Exceptions.top-level-storage-access recorded 1 samples, mean = 0.0 (flags = 0x41)
0  -O                                                                        (1 = 100.0%)
1  ... 

Histogram: ContentSettings.RegularProfile.Exceptions.tracking-protection recorded 1 samples, mean = 0.0 (flags = 0x41)
0  -O                                                                        (1 = 100.0%)
1  ... 

Histogram: ContentSettings.RegularProfile.Exceptions.tracking-protection.Allow recorded 1 samples, mean = 0.0 (flags = 0x41)
0  -O                                                                        (1 = 100.0%)
1  ... 

Histogram: ContentSettings.RegularProfile.Exceptions.tracking-protection.Block recorded 1 samples, mean = 0.0 (flags = 0x41)
0  -O                                                                        (1 = 100.0%)
1  ... 

Histogram: ContentSettings.RegularProfile.Exceptions.unused-site-permissions recorded 1 samples, mean = 0.0 (flags = 0x41)
0  -O                                                                        (1 = 100.0%)
1  ... 

Histogram: ContentSettings.RegularProfile.Exceptions.usb-chooser-data recorded 1 samples, mean = 0.0 (flags = 0x41)
0  -O                                                                        (1 = 100.0%)
1  ... 

Histogram: ContentSettings.RegularProfile.Exceptions.usb-guard recorded 1 samples, mean = 0.0 (flags = 0x41)
0  -O                                                                        (1 = 100.0%)
1  ... 

Histogram: ContentSettings.RegularProfile.Exceptions.vr recorded 1 samples, mean = 0.0 (flags = 0x41)
0  -O                                                                        (1 = 100.0%)
1  ... 

Histogram: ContentSettings.RegularProfile.Exceptions.webid-api recorded 1 samples, mean = 0.0 (flags = 0x41)
0  -O                                                                        (1 = 100.0%)
1  ... 

Histogram: ContentSettings.RegularProfile.Exceptions.webid-auto-reauthn recorded 1 samples, mean = 0.0 (flags = 0x41)
0  -O                                                                        (1 = 100.0%)
1  ... 

Histogram: ContentSettings.RegularProfile.Exceptions.window-placement recorded 1 samples, mean = 0.0 (flags = 0x41)
0  -O                                                                        (1 = 100.0%)
1  ... 

Histogram: Conversions.DelayOnAttestationsLoaded recorded 1 samples, mean = 300034.0 (flags = 0x41)
0       ... 
300000  -O                                                                        (1 = 100.0%) {0.0%}

Histogram: Cookie.ClockSkew.AddMinutes recorded 6 samples, mean = 0.0 (flags = 0x41)
0  ------O                                                                   (6 = 100.0%)
1  ... 

Histogram: Cookie.ClockSkew.AddMinutes12To24Hours recorded 6 samples, mean = 0.0 (flags = 0x41)
0  ------O                                                                   (6 = 100.0%)
720... 

Histogram: Cookie.ClockSkew.ExpiredWithoutSkew recorded 6 samples, mean = 0.0 (flags = 0x41)
0  ------O                                                                   (6 = 100.0%)
1  ... 

Histogram: Cookie.CookiePrefix recorded 7 samples, mean = 0.0 (flags = 0x41)
0  -------O                                                                  (7 = 100.0%)
1  ... 

Histogram: Cookie.CookieSchemeRequestScheme recorded 78 samples, mean = 2.0 (flags = 0x41)
0  ... 
2  ------------------------------------------------------------------------O (78 = 100.0%) {0.0%}
3  ... 

Histogram: Cookie.CookieSourceScheme recorded 7 samples, mean = 0.0 (flags = 0x41)
0  -------O                                                                  (7 = 100.0%)
1  ... 

Histogram: Cookie.CookieSourceSchemeName recorded 7 samples, mean = 14.0 (flags = 0x41)
0   ... 
14  -------O                                                                  (7 = 100.0%) {0.0%}
15  ... 

Histogram: Cookie.CrossSiteRedirectType.Read recorded 124 samples, mean = 1.0 (flags = 0x41)
0  O                                                                         (0 = 0.0%)
1  ------------------------------------------------------------------------O (124 = 100.0%) {0.0%}
2  ... 

Histogram: Cookie.CrossSiteRedirectType.Write recorded 7 samples, mean = 1.0 (flags = 0x41)
0  O                                                                         (0 = 0.0%)
1  -------O                                                                  (7 = 100.0%) {0.0%}
2  ... 

Histogram: Cookie.DaysSinceRefreshForRetrieval recorded 3 samples, mean = 3.0 (flags = 0x41)
0  ... 
3  ---O                                                                      (3 = 100.0%) {0.0%}
4  ... 

Histogram: Cookie.DomainHasNonASCII recorded 7 samples, mean = 0.0 (flags = 0x41)
0  -------O                                                                  (7 = 100.0%)
1  ... 

Histogram: Cookie.DomainSet recorded 7 samples, mean = 1.0 (flags = 0x41)
0  O                                                                         (0 = 0.0%)
1  -------O                                                                  (7 = 100.0%) {0.0%}
2  O                                                                         (0 = 0.0%) {100.0%}

Histogram: Cookie.DoubleUnderscorePrefixedName recorded 7 samples, mean = 0.7 (flags = 0x41)
0  --O                                                                       (2 = 28.6%)
1  -----O                                                                    (5 = 71.4%) {28.6%}
2  O                                                                         (0 = 0.0%) {100.0%}

Histogram: Cookie.ExpirationDuration400DaysLTE recorded 6 samples, mean = 60.8 (flags = 0x41)
0    -----O                                                                    (5 = 83.3%)
1    ... 
364  -O                                                                        (1 = 16.7%) {83.3%}
400  O                                                                         (0 = 0.0%) {100.0%}

Histogram: Cookie.ExpirationDurationMinutesSecure recorded 6 samples, mean = 87625.0 (flags = 0x41)
0       ... 
26      -----O                                                                    (5 = 83.3%) {0.0%}
36      ... 
429766  -O                                                                        (1 = 16.7%) {83.3%}
587706  ... 

Histogram: Cookie.FirstPartyPartitioned.HasCrossSiteAncestor recorded 46 samples, mean = 0.0 (flags = 0x41)
0  ----------------------------------------------O                           (46 = 100.0%)
1  ... 

Histogram: Cookie.FirstPartySets.Browser.DelayedQueriesCount recorded 1 samples, mean = 2.0 (flags = 0x41)
0  ... 
2  -O                                                                        (1 = 100.0%) {0.0%}
3  ... 

Histogram: Cookie.FirstPartySets.Browser.MostDelayedQueryDelta recorded 1 samples, mean = 239.0 (flags = 0x41)
0    ... 
226  -O                                                                        (1 = 100.0%) {0.0%}
268  ... 

Histogram: Cookie.FirstPartySets.ComponentSetsNonfatalErrors recorded 1 samples, mean = 0.0 (flags = 0x41)
0  -O                                                                        (1 = 100.0%)
1  ... 

Histogram: Cookie.FirstPartySets.ComponentSetsParsedSuccessfully recorded 1 samples, mean = 0.0 (flags = 0x41)
0  -O                                                                        (1 = 100.0%)
1  ... 

Histogram: Cookie.FirstPartySets.ContextDelayedQueriesCount recorded 1 samples, mean = 0.0 (flags = 0x41)
0  -O                                                                        (1 = 100.0%)
1  ... 

Histogram: Cookie.FirstPartySets.ContextMostDelayedQueryDelta recorded 1 samples, mean = 0.0 (flags = 0x41)
0  -O                                                                        (1 = 100.0%)
1  ... 

Histogram: Cookie.FirstPartySets.EnqueueingDelay.ContextConfig2 recorded 1 samples, mean = 90.0 (flags = 0x41)
0   ... 
81  -O                                                                        (1 = 100.0%) {0.0%}
96  ... 

Histogram: Cookie.FirstPartySets.InitializationDuration.ContextReadyToServeQueries2 recorded 1 samples, mean = 1213.0 (flags = 0x41)
0     ... 
1062  -O                                                                        (1 = 100.0%) {0.0%}
1262  ... 

Histogram: Cookie.FirstPartySets.InitializationDuration.ReadCommandLineSet2 recorded 1 samples, mean = 241.0 (flags = 0x41)
0    ... 
226  -O                                                                        (1 = 100.0%) {0.0%}
268  ... 

Histogram: Cookie.FirstPartySets.InitializationDuration.ReadComponentSets2 recorded 1 samples, mean = 1.0 (flags = 0x41)
0  O                                                                         (0 = 0.0%)
1  -O                                                                        (1 = 100.0%) {0.0%}
2  ... 

Histogram: Cookie.FirstPartySets.InitializationDuration.ReadyToServeQueries2 recorded 1 samples, mean = 114.0 (flags = 0x41)
0    ... 
114  -O                                                                        (1 = 100.0%) {0.0%}
135  ... 

Histogram: Cookie.FirstPartySets.Network.DelayedQueriesCount recorded 1 samples, mean = 0.0 (flags = 0x41)
0  -O                                                                        (1 = 100.0%)
1  ... 

Histogram: Cookie.FirstPartySets.Network.MostDelayedQueryDelta recorded 1 samples, mean = 0.0 (flags = 0x41)
0  -O                                                                        (1 = 100.0%)
1  ... 

Histogram: Cookie.FirstPartySets.ProcessedEntireComponent recorded 1 samples, mean = 1.0 (flags = 0x41)
0  O                                                                         (0 = 0.0%)
1  -O                                                                        (1 = 100.0%) {0.0%}
2  O                                                                         (0 = 0.0%) {100.0%}

Histogram: Cookie.FromStorageWithValidLength recorded 141 samples, mean = 1.0 (flags = 0x41)
0  O                                                                         (0 = 0.0%)
1  ------------------------------------------------------------------------O (141 = 100.0%) {0.0%}
2  O                                                                         (0 = 0.0%) {100.0%}

Histogram: Cookie.HasNonASCII.Name recorded 7 samples, mean = 0.0 (flags = 0x41)
0  -------O                                                                  (7 = 100.0%)
1  ... 

Histogram: Cookie.HasNonASCII.Value recorded 7 samples, mean = 0.0 (flags = 0x41)
0  -------O                                                                  (7 = 100.0%)
1  ... 

Histogram: Cookie.IncludedRequestEffectiveSameSite recorded 124 samples, mean = 0.0 (flags = 0x41)
0  ------------------------------------------------------------------------O (124 = 100.0%)
1  ... 

Histogram: Cookie.IncludedResponseEffectiveSameSite recorded 7 samples, mean = 0.0 (flags = 0x41)
0  -------O                                                                  (7 = 100.0%)
1  ... 

Histogram: Cookie.IsPartitionedValid recorded 1 samples, mean = 1.0 (flags = 0x41)
0  O                                                                         (0 = 0.0%)
1  -O                                                                        (1 = 100.0%) {0.0%}
2  O                                                                         (0 = 0.0%) {100.0%}

Histogram: Cookie.NameOrValueHtab recorded 7 samples, mean = 0.0 (flags = 0x41)
0  -------O                                                                  (7 = 100.0%)
1  ... 

Histogram: Cookie.OnCookiesAccessed.BatchSize recorded 39 samples, mean = 1.1 (flags = 0x41)
0  O                                                                         (0 = 0.0%)
1  ------------------------------------O                                     (36 = 92.3%) {0.0%}
2  ---O                                                                      (3 = 7.7%) {92.3%}
3  ... 

Histogram: Cookie.OnCookiesAccessed.TotalAccesses recorded 39 samples, mean = 2.1 (flags = 0x41)
0  O                                                                         (0 = 0.0%)
1  -O                                                                        (1 = 2.6%) {0.0%}
2  -----------------------------------O                                      (35 = 89.7%) {2.6%}
3  --O                                                                       (2 = 5.1%) {92.3%}
4  -O                                                                        (1 = 2.6%) {97.4%}
5  ... 

Histogram: Cookie.PartitionedCookiesInRequest recorded 40 samples, mean = 1.0 (flags = 0x41)
0  O                                                                         (0 = 0.0%)
1  ----------------------------------------O                                 (40 = 100.0%) {0.0%}
2  ... 

Histogram: Cookie.Port.Read.RemoteHost recorded 120 samples, mean = 7.0 (flags = 0x41)
0  ... 
7  ------------------------------------------------------------------------O (120 = 100.0%) {0.0%}
8  ... 

Histogram: Cookie.Port.ReadDiffersFromSet.DomainSet recorded 120 samples, mean = 4.0 (flags = 0x41)
0  ... 
4  ------------------------------------------------------------------------O (120 = 100.0%) {0.0%}
5  O                                                                         (0 = 0.0%) {100.0%}

Histogram: Cookie.Port.ReadDiffersFromSet.RemoteHost recorded 120 samples, mean = 4.0 (flags = 0x41)
0  ... 
4  ------------------------------------------------------------------------O (120 = 100.0%) {0.0%}
5  O                                                                         (0 = 0.0%) {100.0%}

Histogram: Cookie.Port.Set.RemoteHost recorded 7 samples, mean = 7.0 (flags = 0x41)
0  ... 
7  -------O                                                                  (7 = 100.0%) {0.0%}
8  ... 

Histogram: Cookie.RequestSameSiteContext recorded 128 samples, mean = 3.0 (flags = 0x41)
0  -O                                                                        (2 = 1.6%)
1  ... 
3  ------------------------------------------------------------------------O (126 = 98.4%) {1.6%}
4  O                                                                         (0 = 0.0%) {100.0%}

Histogram: Cookie.SameSiteAttributeValue recorded 7 samples, mean = 5.0 (flags = 0x41)
0  ... 
5  -------O                                                                  (7 = 100.0%) {0.0%}
6  ... 

Histogram: Cookie.SameSiteNoneSizeBytes recorded 7 samples, mean = 211.9 (flags = 0x41)
0    ... 
40   -O                                                                        (1 = 14.3%) {0.0%}
48   ... 
190  -----O                                                                    (5 = 71.4%) {14.3%}
226  ... 
378  -O                                                                        (1 = 14.3%) {85.7%}
449  ... 

Histogram: Cookie.SameSiteNoneSizeBytes.Partitioned recorded 1 samples, mean = 417.0 (flags = 0x41)
0    ... 
378  -O                                                                        (1 = 100.0%) {0.0%}
449  ... 

Histogram: Cookie.SameSiteNoneSizeBytes.Unpartitioned recorded 6 samples, mean = 177.7 (flags = 0x41)
0    ... 
40   -O                                                                        (1 = 16.7%) {0.0%}
48   ... 
190  -----O                                                                    (5 = 83.3%) {16.7%}
226  ... 

Histogram: Cookie.SourceType recorded 10 samples, mean = 1.0 (flags = 0x41)
0  O                                                                         (0 = 0.0%)
1  ----------O                                                               (10 = 100.0%) {0.0%}
2  ... 

Histogram: Cookie.TimeBlockedOnLoad recorded 2 samples, mean = 295.5 (flags = 0x41)
0    ... 
17   -O                                                                        (1 = 50.0%) {0.0%}
21   ... 
531  -O                                                                        (1 = 50.0%) {50.0%}
658  ... 

Histogram: Cookie.TimeInitializeDB recorded 2 samples, mean = 4.5 (flags = 0x41)
0  ... 
4  -O                                                                        (1 = 50.0%) {0.0%}
5  -O                                                                        (1 = 50.0%) {50.0%}
6  ... 

Histogram: Cookie.TimeOpsBlockedDueToGlobalOp recorded 2 samples, mean = 8.5 (flags = 0x41)
0   -O                                                                        (1 = 50.0%)
1   ... 
17  -O                                                                        (1 = 50.0%) {50.0%}
21  ... 

Histogram: Cookie.Type2 recorded 10 samples, mean = 13.0 (flags = 0x41)
0   ... 
4   -O                                                                        (1 = 10.0%) {0.0%}
5   ... 
14  ---------O                                                                (9 = 90.0%) {10.0%}
15  ... 

Histogram: Crypto.TPMDuration.MessageSigningECDSA recorded 1 samples, mean = 109.0 (flags = 0x41)
0    ... 
107  -O                                                                        (1 = 100.0%) {0.0%}
136  ... 

Histogram: Crypto.TPMDuration.NewKeyCreationECDSA recorded 1 samples, mean = 396.0 (flags = 0x41)
0    ... 
356  -O                                                                        (1 = 100.0%) {0.0%}
452  ... 

Histogram: Crypto.TPMDuration.Virtual.MessageSigningECDSA recorded 1 samples, mean = 0.0 (flags = 0x41)
0  -O                                                                        (1 = 100.0%)
1  ... 

Histogram: Crypto.TPMDuration.Virtual.NewKeyCreationECDSA recorded 1 samples, mean = 6.0 (flags = 0x41)
0  ... 
6  -O                                                                        (1 = 100.0%) {0.0%}
8  ... 

Histogram: Crypto.TPMDuration.Virtual.WrappedKeyCreationECDSA recorded 1 samples, mean = 2.0 (flags = 0x41)
0  ... 
2  -O                                                                        (1 = 100.0%) {0.0%}
3  ... 

Histogram: Crypto.TPMDuration.WrappedKeyCreationECDSA recorded 1 samples, mean = 63.0 (flags = 0x41)
0   ... 
52  -O                                                                        (1 = 100.0%) {0.0%}
66  ... 

Histogram: Crypto.TPMOperation.MessageSigningECDSA recorded 1 samples, mean = 1.0 (flags = 0x41)
0  O                                                                         (0 = 0.0%)
1  -O                                                                        (1 = 100.0%) {0.0%}
2  O                                                                         (0 = 0.0%) {100.0%}

Histogram: Crypto.TPMOperation.MessageVerifyECDSA recorded 1 samples, mean = 1.0 (flags = 0x41)
0  O                                                                         (0 = 0.0%)
1  -O                                                                        (1 = 100.0%) {0.0%}
2  O                                                                         (0 = 0.0%) {100.0%}

Histogram: Crypto.TPMOperation.NewKeyCreationECDSA recorded 1 samples, mean = 1.0 (flags = 0x41)
0  O                                                                         (0 = 0.0%)
1  -O                                                                        (1 = 100.0%) {0.0%}
2  O                                                                         (0 = 0.0%) {100.0%}

Histogram: Crypto.TPMOperation.Virtual.MessageSigningECDSA recorded 1 samples, mean = 1.0 (flags = 0x41)
0  O                                                                         (0 = 0.0%)
1  -O                                                                        (1 = 100.0%) {0.0%}
2  O                                                                         (0 = 0.0%) {100.0%}

Histogram: Crypto.TPMOperation.Virtual.MessageVerifyECDSA recorded 1 samples, mean = 1.0 (flags = 0x41)
0  O                                                                         (0 = 0.0%)
1  -O                                                                        (1 = 100.0%) {0.0%}
2  O                                                                         (0 = 0.0%) {100.0%}

Histogram: Crypto.TPMOperation.Virtual.NewKeyCreationECDSA recorded 1 samples, mean = 1.0 (flags = 0x41)
0  O                                                                         (0 = 0.0%)
1  -O                                                                        (1 = 100.0%) {0.0%}
2  O                                                                         (0 = 0.0%) {100.0%}

Histogram: Crypto.TPMOperation.Virtual.WrappedKeyCreationECDSA recorded 1 samples, mean = 1.0 (flags = 0x41)
0  O                                                                         (0 = 0.0%)
1  -O                                                                        (1 = 100.0%) {0.0%}
2  O                                                                         (0 = 0.0%) {100.0%}

Histogram: Crypto.TPMOperation.WrappedKeyCreationECDSA recorded 1 samples, mean = 1.0 (flags = 0x41)
0  O                                                                         (0 = 0.0%)
1  -O                                                                        (1 = 100.0%) {0.0%}
2  O                                                                         (0 = 0.0%) {100.0%}

Histogram: Crypto.TPMSupport2 recorded 1 samples, mean = 2.0 (flags = 0x41)
0  ... 
2  -O                                                                        (1 = 100.0%) {0.0%}
3  O                                                                         (0 = 0.0%) {100.0%}

Histogram: Crypto.TPMSupportType recorded 1 samples, mean = 3.0 (flags = 0x41)
0  ... 
3  -O                                                                        (1 = 100.0%) {0.0%}
4  O                                                                         (0 = 0.0%) {100.0%}

Histogram: Crypto.VirtualKeySupport recorded 1 samples, mean = 2.0 (flags = 0x41)
0  ... 
2  -O                                                                        (1 = 100.0%) {0.0%}
3  O                                                                         (0 = 0.0%) {100.0%}

Histogram: DOMStorage.CommitMeasuredDelay recorded 4 samples, mean = 3759.5 (flags = 0x41)
0     ... 
7     -O                                                                        (1 = 25.0%) {0.0%}
8     ... 
4904  ---O                                                                      (3 = 75.0%) {25.0%}
5660  ... 

Histogram: DOMStorage.CommitSizeBytes recorded 2 samples, mean = 7182.5 (flags = 0x41)
0     ... 
6593  --O                                                                       (2 = 100.0%) {0.0%}
7433  ... 

Histogram: DataUse.BytesReceived3.Delegate recorded 138 samples, mean = 10915.4 (flags = 0x41)
0       ... 
107     -O                                                                        (1 = 0.7%) {0.0%}
138     ... 
297     -O                                                                        (1 = 0.7%) {0.7%}
383     --O                                                                       (2 = 1.4%) {1.4%}
494     -O                                                                        (1 = 0.7%) {2.9%}
637     -O                                                                        (1 = 0.7%) {3.6%}
821     ---O                                                                      (4 = 2.9%) {4.3%}
1059    ------------------------------------------------------------------------O (89 = 64.5%) {7.2%}
1366    --O                                                                       (2 = 1.4%) {71.7%}
1761    --O                                                                       (2 = 1.4%) {73.2%}
2271    -O                                                                        (1 = 0.7%) {74.6%}
2928    -----O                                                                    (6 = 4.3%) {75.4%}
3776    --O                                                                       (2 = 1.4%) {79.7%}
4869    --O                                                                       (3 = 2.2%) {81.2%}
6279    -O                                                                        (1 = 0.7%) {83.3%}
8097    -O                                                                        (1 = 0.7%) {84.1%}
10441   --O                                                                       (2 = 1.4%) {84.8%}
13464   O                                                                         (0 = 0.0%) {86.2%}
17362   --O                                                                       (2 = 1.4%) {86.2%}
22388   --O                                                                       (3 = 2.2%) {87.7%}
28869   --O                                                                       (2 = 1.4%) {89.9%}
37226   --O                                                                       (2 = 1.4%) {91.3%}
48002   --O                                                                       (2 = 1.4%) {92.8%}
61898   O                                                                         (0 = 0.0%) {94.2%}
79817   --O                                                                       (3 = 2.2%) {94.2%}
102923  --O                                                                       (3 = 2.2%) {96.4%}
132718  --O                                                                       (2 = 1.4%) {98.6%}
171138  ... 

Histogram: DataUse.BytesSent3.Delegate recorded 138 samples, mean = 1098.8 (flags = 0x41)
0      ... 
49     -O                                                                        (1 = 0.7%) {0.0%}
65     ----------------------O                                                   (24 = 17.4%) {0.7%}
86     -----O                                                                    (5 = 3.6%) {18.1%}
113    -O                                                                        (1 = 0.7%) {21.7%}
149    -O                                                                        (1 = 0.7%) {22.5%}
196    ----O                                                                     (4 = 2.9%) {23.2%}
258    -O                                                                        (1 = 0.7%) {26.1%}
340    ---O                                                                      (3 = 2.2%) {26.8%}
448    -----O                                                                    (5 = 3.6%) {29.0%}
590    ---O                                                                      (3 = 2.2%) {32.6%}
777    ---O                                                                      (3 = 2.2%) {34.8%}
1023   -------O                                                                  (8 = 5.8%) {37.0%}
1347   ------------------------------------------------------------------------O (78 = 56.5%) {42.8%}
1774   ... 
16063  -O                                                                        (1 = 0.7%) {99.3%}
21156  ... 

Histogram: DefaultBrowser.State recorded 1 samples, mean = 0.0 (flags = 0x41)
0  -O                                                                        (1 = 100.0%)
1  ... 

Histogram: DiskCache.0.Error recorded 1 samples, mean = 0.0 (flags = 0x41)
0  -O                                                                        (1 = 100.0%)
1  ... 

Histogram: DiskCache.0.TotalIOTimeRead recorded 12 samples, mean = 0.3 (flags = 0x41)
0  -----------O                                                              (11 = 91.7%)
1  ... 
4  -O                                                                        (1 = 8.3%) {91.7%}
5  ... 

Histogram: DiskCache.0.TotalIOTimeWrite recorded 190 samples, mean = 0.0 (flags = 0x41)
0  ------------------------------------------------------------------------O (185 = 97.4%)
1  --O                                                                       (5 = 2.6%) {97.4%}
2  ... 

Histogram: Download.Database.IsAvailable recorded 1 samples, mean = 1.0 (flags = 0x41)
0  O                                                                         (0 = 0.0%)
1  -O                                                                        (1 = 100.0%) {0.0%}
2  O                                                                         (0 = 0.0%) {100.0%}

Histogram: Download.Service.Db.Operation.Success recorded 1 samples, mean = 0.0 (flags = 0x41)
0  -O                                                                        (1 = 100.0%)
1  ... 

Histogram: Download.Service.Db.Records recorded 1 samples, mean = 0.0 (flags = 0x41)
0  -O                                                                        (1 = 100.0%)
1  ... 

Histogram: Download.Service.Db.Records.Active recorded 1 samples, mean = 0.0 (flags = 0x41)
0  -O                                                                        (1 = 100.0%)
1  ... 

Histogram: Download.Service.Db.Records.Available recorded 1 samples, mean = 0.0 (flags = 0x41)
0  -O                                                                        (1 = 100.0%)
1  ... 

Histogram: Download.Service.Db.Records.Complete recorded 1 samples, mean = 0.0 (flags = 0x41)
0  -O                                                                        (1 = 100.0%)
1  ... 

Histogram: Download.Service.Db.Records.New recorded 1 samples, mean = 0.0 (flags = 0x41)
0  -O                                                                        (1 = 100.0%)
1  ... 

Histogram: Download.Service.Db.Records.Paused recorded 1 samples, mean = 0.0 (flags = 0x41)
0  -O                                                                        (1 = 100.0%)
1  ... 

Histogram: Download.Service.Files.CleanUp.External recorded 3 samples, mean = 0.0 (flags = 0x41)
0  ---O                                                                      (3 = 100.0%)
1  ... 

Histogram: Download.Service.Files.CleanUp.External.Orphaned recorded 1 samples, mean = 0.0 (flags = 0x41)
0  -O                                                                        (1 = 100.0%)
1  ... 

Histogram: Download.Service.Files.CleanUp.External.Timeout recorded 1 samples, mean = 0.0 (flags = 0x41)
0  -O                                                                        (1 = 100.0%)
1  ... 

Histogram: Download.Service.Files.CleanUp.External.Unknown recorded 1 samples, mean = 0.0 (flags = 0x41)
0  -O                                                                        (1 = 100.0%)
1  ... 

Histogram: Download.Service.Files.CleanUp.Failure recorded 3 samples, mean = 0.0 (flags = 0x41)
0  ---O                                                                      (3 = 100.0%)
1  ... 

Histogram: Download.Service.Files.CleanUp.Failure.Orphaned recorded 1 samples, mean = 0.0 (flags = 0x41)
0  -O                                                                        (1 = 100.0%)
1  ... 

Histogram: Download.Service.Files.CleanUp.Failure.Timeout recorded 1 samples, mean = 0.0 (flags = 0x41)
0  -O                                                                        (1 = 100.0%)
1  ... 

Histogram: Download.Service.Files.CleanUp.Failure.Unknown recorded 1 samples, mean = 0.0 (flags = 0x41)
0  -O                                                                        (1 = 100.0%)
1  ... 

Histogram: Download.Service.Files.CleanUp.Success recorded 3 samples, mean = 0.0 (flags = 0x41)
0  ---O                                                                      (3 = 100.0%)
1  ... 

Histogram: Download.Service.Files.CleanUp.Success.Orphaned recorded 1 samples, mean = 0.0 (flags = 0x41)
0  -O                                                                        (1 = 100.0%)
1  ... 

Histogram: Download.Service.Files.CleanUp.Success.Timeout recorded 1 samples, mean = 0.0 (flags = 0x41)
0  -O                                                                        (1 = 100.0%)
1  ... 

Histogram: Download.Service.Files.CleanUp.Success.Unknown recorded 1 samples, mean = 0.0 (flags = 0x41)
0  -O                                                                        (1 = 100.0%)
1  ... 

Histogram: Download.Service.StartUpStatus.Initialization recorded 1 samples, mean = 0.0 (flags = 0x41)
0  -O                                                                        (1 = 100.0%)
1  ... 

Histogram: Enterprise.TimeToFirstPolicyLoad.Profile.Unmanaged recorded 1 samples, mean = 0.0 (flags = 0x41)
0  -O                                                                        (1 = 100.0%)
1  ... 

Histogram: EnterpriseCheck.AzureADJoinStatusCheckTime recorded 1 samples, mean = 22.0 (flags = 0x41)
0   ... 
20  -O                                                                        (1 = 100.0%) {0.0%}
24  ... 

Histogram: Event.GestureCreated recorded 1 samples, mean = 12.0 (flags = 0x41)
0   ... 
12  -O                                                                        (1 = 100.0%) {0.0%}
13  ... 

Histogram: Extension.Toolbar.BrowserActionsCount2 recorded 1 samples, mean = 0.0 (flags = 0x41)
0  -O                                                                        (1 = 100.0%)
1  ... 

Histogram: ExtensionToolbarModel.BrowserActionsCount recorded 1 samples, mean = 0.0 (flags = 0x41)
0  -O                                                                        (1 = 100.0%)
1  ... 

Histogram: Extensions.AppLocation2 recorded 1 samples, mean = 5.0 (flags = 0x41)
0  ... 
5  -O                                                                        (1 = 100.0%) {0.0%}
6  ... 

Histogram: Extensions.CorruptExtensionTotalDisables recorded 1 samples, mean = 0.0 (flags = 0x41)
0  -O                                                                        (1 = 100.0%)
1  ... 

Histogram: Extensions.CorruptExtensionTotalDisables2 recorded 1 samples, mean = 0.0 (flags = 0x41)
0  -O                                                                        (1 = 100.0%)
1  ... 

Histogram: Extensions.Database.Open.State recorded 1 samples, mean = 0.0 (flags = 0x41)
0  -O                                                                        (1 = 100.0%)
1  ... 

Histogram: Extensions.DeveloperModeEnabled recorded 2 samples, mean = 0.0 (flags = 0x41)
0  --O                                                                       (2 = 100.0%)
1  ... 

Histogram: Extensions.DidCreateScriptContext_Unspecified recorded 1 samples, mean = 1.0 (flags = 0x41)
0  O                                                                         (0 = 0.0%)
1  -O                                                                        (1 = 100.0%) {0.0%}
2  ... 

Histogram: Extensions.DidCreateScriptContext_WebPage recorded 3 samples, mean = 0.0 (flags = 0x41)
0  ---O                                                                      (3 = 100.0%)
1  ... 

Histogram: Extensions.Disabled recorded 1 samples, mean = 0.0 (flags = 0x41)
0  -O                                                                        (1 = 100.0%)
1  ... 

Histogram: Extensions.Disabled2 recorded 1 samples, mean = 0.0 (flags = 0x41)
0  -O                                                                        (1 = 100.0%)
1  ... 

Histogram: Extensions.DisabledForPermissions recorded 1 samples, mean = 0.0 (flags = 0x41)
0  -O                                                                        (1 = 100.0%)
1  ... 

Histogram: Extensions.DisabledForPermissions2 recorded 1 samples, mean = 0.0 (flags = 0x41)
0  -O                                                                        (1 = 100.0%)
1  ... 

Histogram: Extensions.EventlessEventPages2 recorded 1 samples, mean = 0.0 (flags = 0x41)
0  -O                                                                        (1 = 100.0%)
1  ... 

Histogram: Extensions.ExtensionLocation recorded 1 samples, mean = 5.0 (flags = 0x41)
0  ... 
5  -O                                                                        (1 = 100.0%) {0.0%}
6  ... 

Histogram: Extensions.ExtensionLocation2 recorded 1 samples, mean = 5.0 (flags = 0x41)
0  ... 
5  -O                                                                        (1 = 100.0%) {0.0%}
6  ... 

Histogram: Extensions.ExtensionsWithPageActions recorded 1 samples, mean = 0.0 (flags = 0x41)
0  -O                                                                        (1 = 100.0%)
1  ... 

Histogram: Extensions.HomepageOverrides recorded 1 samples, mean = 0.0 (flags = 0x41)
0  -O                                                                        (1 = 100.0%)
1  ... 

Histogram: Extensions.HomepageOverrides2 recorded 1 samples, mean = 0.0 (flags = 0x41)
0  -O                                                                        (1 = 100.0%)
1  ... 

Histogram: Extensions.InjectEnd_ScriptCount recorded 3 samples, mean = 0.0 (flags = 0x41)
0  ---O                                                                      (3 = 100.0%)
1  ... 

Histogram: Extensions.InjectIdle_ScriptCount recorded 3 samples, mean = 0.0 (flags = 0x41)
0  ---O                                                                      (3 = 100.0%)
1  ... 

Histogram: Extensions.InjectStart_CssCount recorded 5 samples, mean = 0.0 (flags = 0x41)
0  -----O                                                                    (5 = 100.0%)
1  ... 

Histogram: Extensions.InjectStart_ScriptCount recorded 5 samples, mean = 0.0 (flags = 0x41)
0  -----O                                                                    (5 = 100.0%)
1  ... 

Histogram: Extensions.LoadAll recorded 1 samples, mean = 2.0 (flags = 0x41)
0  ... 
2  -O                                                                        (1 = 100.0%) {0.0%}
3  ... 

Histogram: Extensions.LoadAll2 recorded 1 samples, mean = 2.0 (flags = 0x41)
0  ... 
2  -O                                                                        (1 = 100.0%) {0.0%}
3  ... 

Histogram: Extensions.LoadAllComponentTime recorded 1 samples, mean = 4.0 (flags = 0x41)
0  ... 
4  -O                                                                        (1 = 100.0%) {0.0%}
5  ... 

Histogram: Extensions.LoadAllComponentTime.User recorded 1 samples, mean = 4.0 (flags = 0x41)
0  ... 
4  -O                                                                        (1 = 100.0%) {0.0%}
5  ... 

Histogram: Extensions.LoadAllTime2 recorded 1 samples, mean = 0.0 (flags = 0x41)
0  -O                                                                        (1 = 100.0%)
1  ... 

Histogram: Extensions.LoadAllTime2.User recorded 1 samples, mean = 0.0 (flags = 0x41)
0  -O                                                                        (1 = 100.0%)
1  ... 

Histogram: Extensions.LoadApp recorded 1 samples, mean = 0.0 (flags = 0x41)
0  -O                                                                        (1 = 100.0%)
1  ... 

Histogram: Extensions.LoadApp2 recorded 1 samples, mean = 0.0 (flags = 0x41)
0  -O                                                                        (1 = 100.0%)
1  ... 

Histogram: Extensions.LoadAppExternal recorded 1 samples, mean = 0.0 (flags = 0x41)
0  -O                                                                        (1 = 100.0%)
1  ... 

Histogram: Extensions.LoadAppExternal2 recorded 1 samples, mean = 0.0 (flags = 0x41)
0  -O                                                                        (1 = 100.0%)
1  ... 

Histogram: Extensions.LoadAppUser recorded 1 samples, mean = 0.0 (flags = 0x41)
0  -O                                                                        (1 = 100.0%)
1  ... 

Histogram: Extensions.LoadAppUser2 recorded 1 samples, mean = 0.0 (flags = 0x41)
0  -O                                                                        (1 = 100.0%)
1  ... 

Histogram: Extensions.LoadBrowserAction recorded 1 samples, mean = 0.0 (flags = 0x41)
0  -O                                                                        (1 = 100.0%)
1  ... 

Histogram: Extensions.LoadBrowserAction2 recorded 1 samples, mean = 0.0 (flags = 0x41)
0  -O                                                                        (1 = 100.0%)
1  ... 

Histogram: Extensions.LoadExtension recorded 1 samples, mean = 0.0 (flags = 0x41)
0  -O                                                                        (1 = 100.0%)
1  ... 

Histogram: Extensions.LoadExtension2 recorded 1 samples, mean = 0.0 (flags = 0x41)
0  -O                                                                        (1 = 100.0%)
1  ... 

Histogram: Extensions.LoadExtensionExternal recorded 1 samples, mean = 0.0 (flags = 0x41)
0  -O                                                                        (1 = 100.0%)
1  ... 

Histogram: Extensions.LoadExtensionExternal2 recorded 1 samples, mean = 0.0 (flags = 0x41)
0  -O                                                                        (1 = 100.0%)
1  ... 

Histogram: Extensions.LoadExtensionUser2 recorded 1 samples, mean = 0.0 (flags = 0x41)
0  -O                                                                        (1 = 100.0%)
1  ... 

Histogram: Extensions.LoadHostedApp recorded 1 samples, mean = 0.0 (flags = 0x41)
0  -O                                                                        (1 = 100.0%)
1  ... 

Histogram: Extensions.LoadHostedApp2 recorded 1 samples, mean = 0.0 (flags = 0x41)
0  -O                                                                        (1 = 100.0%)
1  ... 

Histogram: Extensions.LoadNoExtensionAction recorded 1 samples, mean = 0.0 (flags = 0x41)
0  -O                                                                        (1 = 100.0%)
1  ... 

Histogram: Extensions.LoadNoExtensionAction2 recorded 1 samples, mean = 0.0 (flags = 0x41)
0  -O                                                                        (1 = 100.0%)
1  ... 

Histogram: Extensions.LoadOffStoreItems recorded 1 samples, mean = 0.0 (flags = 0x41)
0  -O                                                                        (1 = 100.0%)
1  ... 

Histogram: Extensions.LoadOffStoreItems2 recorded 1 samples, mean = 0.0 (flags = 0x41)
0  -O                                                                        (1 = 100.0%)
1  ... 

Histogram: Extensions.LoadPackagedApp recorded 1 samples, mean = 0.0 (flags = 0x41)
0  -O                                                                        (1 = 100.0%)
1  ... 

Histogram: Extensions.LoadPackagedApp2 recorded 1 samples, mean = 0.0 (flags = 0x41)
0  -O                                                                        (1 = 100.0%)
1  ... 

Histogram: Extensions.LoadPlatformApp recorded 1 samples, mean = 0.0 (flags = 0x41)
0  -O                                                                        (1 = 100.0%)
1  ... 

Histogram: Extensions.LoadPlatformApp2 recorded 1 samples, mean = 0.0 (flags = 0x41)
0  -O                                                                        (1 = 100.0%)
1  ... 

Histogram: Extensions.LoadTheme recorded 1 samples, mean = 0.0 (flags = 0x41)
0  -O                                                                        (1 = 100.0%)
1  ... 

Histogram: Extensions.LoadTheme2 recorded 1 samples, mean = 0.0 (flags = 0x41)
0  -O                                                                        (1 = 100.0%)
1  ... 

Histogram: Extensions.LoadUserScript recorded 1 samples, mean = 0.0 (flags = 0x41)
0  -O                                                                        (1 = 100.0%)
1  ... 

Histogram: Extensions.LoadUserScript2 recorded 1 samples, mean = 0.0 (flags = 0x41)
0  -O                                                                        (1 = 100.0%)
1  ... 

Histogram: Extensions.Management_Refresh recorded 1 samples, mean = 0.0 (flags = 0x41)
0  -O                                                                        (1 = 100.0%)
1  ... 

Histogram: Extensions.ManifestVersion2Count.Component recorded 1 samples, mean = 1.0 (flags = 0x41)
0  O                                                                         (0 = 0.0%)
1  -O                                                                        (1 = 100.0%) {0.0%}
2  ... 

Histogram: Extensions.ManifestVersion2Count.External recorded 1 samples, mean = 0.0 (flags = 0x41)
0  -O                                                                        (1 = 100.0%)
1  ... 

Histogram: Extensions.ManifestVersion2Count.Internal recorded 1 samples, mean = 0.0 (flags = 0x41)
0  -O                                                                        (1 = 100.0%)
1  ... 

Histogram: Extensions.ManifestVersion2Count.Policy recorded 1 samples, mean = 0.0 (flags = 0x41)
0  -O                                                                        (1 = 100.0%)
1  ... 

Histogram: Extensions.ManifestVersion2Count.Unpacked recorded 1 samples, mean = 0.0 (flags = 0x41)
0  -O                                                                        (1 = 100.0%)
1  ... 

Histogram: Extensions.ManifestVersion3Count.Component recorded 1 samples, mean = 0.0 (flags = 0x41)
0  -O                                                                        (1 = 100.0%)
1  ... 

Histogram: Extensions.ManifestVersion3Count.External recorded 1 samples, mean = 0.0 (flags = 0x41)
0  -O                                                                        (1 = 100.0%)
1  ... 

Histogram: Extensions.ManifestVersion3Count.Internal recorded 1 samples, mean = 0.0 (flags = 0x41)
0  -O                                                                        (1 = 100.0%)
1  ... 

Histogram: Extensions.ManifestVersion3Count.Policy recorded 1 samples, mean = 0.0 (flags = 0x41)
0  -O                                                                        (1 = 100.0%)
1  ... 

Histogram: Extensions.ManifestVersion3Count.Unpacked recorded 1 samples, mean = 0.0 (flags = 0x41)
0  -O                                                                        (1 = 100.0%)
1  ... 

Histogram: Extensions.ManifestVersionByLocation.Component recorded 1 samples, mean = 2.0 (flags = 0x41)
0  ... 
2  -O                                                                        (1 = 100.0%) {0.0%}
3  ... 

Histogram: Extensions.ManifestVersionPopulationSplit.Component recorded 1 samples, mean = 1.0 (flags = 0x41)
0  O                                                                         (0 = 0.0%)
1  -O                                                                        (1 = 100.0%) {0.0%}
2  ... 

Histogram: Extensions.ManifestVersionPopulationSplit.External recorded 1 samples, mean = 0.0 (flags = 0x41)
0  -O                                                                        (1 = 100.0%)
1  ... 

Histogram: Extensions.ManifestVersionPopulationSplit.Internal recorded 1 samples, mean = 0.0 (flags = 0x41)
0  -O                                                                        (1 = 100.0%)
1  ... 

Histogram: Extensions.ManifestVersionPopulationSplit.InternalAndExternal recorded 1 samples, mean = 0.0 (flags = 0x41)
0  -O                                                                        (1 = 100.0%)
1  ... 

Histogram: Extensions.ManifestVersionPopulationSplit.Unpacked recorded 1 samples, mean = 0.0 (flags = 0x41)
0  -O                                                                        (1 = 100.0%)
1  ... 

Histogram: Extensions.NewTabPageOverrides recorded 1 samples, mean = 0.0 (flags = 0x41)
0  -O                                                                        (1 = 100.0%)
1  ... 

Histogram: Extensions.NewTabPageOverrides2 recorded 1 samples, mean = 0.0 (flags = 0x41)
0  -O                                                                        (1 = 100.0%)
1  ... 

Histogram: Extensions.NonWebStoreNewTabPageOverrides recorded 1 samples, mean = 0.0 (flags = 0x41)
0  -O                                                                        (1 = 100.0%)
1  ... 

Histogram: Extensions.NonWebStoreNewTabPageOverrides2 recorded 1 samples, mean = 0.0 (flags = 0x41)
0  -O                                                                        (1 = 100.0%)
1  ... 

Histogram: Extensions.NonWebstoreLocation recorded 2 samples, mean = 5.0 (flags = 0x41)
0  ... 
5  --O                                                                       (2 = 100.0%) {0.0%}
6  ... 

Histogram: Extensions.NonWebstoreLocation2 recorded 2 samples, mean = 5.0 (flags = 0x41)
0  ... 
5  --O                                                                       (2 = 100.0%) {0.0%}
6  ... 

Histogram: Extensions.NonWebstoreLocationWithDeveloperModeOff.Enabled3 recorded 2 samples, mean = 5.0 (flags = 0x41)
0  ... 
5  --O                                                                       (2 = 100.0%) {0.0%}
6  ... 

Histogram: Extensions.NotAllowlistedDisabled recorded 1 samples, mean = 0.0 (flags = 0x41)
0  -O                                                                        (1 = 100.0%)
1  ... 

Histogram: Extensions.NotAllowlistedDisabled2 recorded 1 samples, mean = 0.0 (flags = 0x41)
0  -O                                                                        (1 = 100.0%)
1  ... 

Histogram: Extensions.NotAllowlistedEnabled recorded 1 samples, mean = 0.0 (flags = 0x41)
0  -O                                                                        (1 = 100.0%)
1  ... 

Histogram: Extensions.NotAllowlistedEnabled2 recorded 1 samples, mean = 0.0 (flags = 0x41)
0  -O                                                                        (1 = 100.0%)
1  ... 

Histogram: Extensions.ProcessManagerStartupHostsTime2 recorded 1 samples, mean = 0.0 (flags = 0x41)
0  -O                                                                        (1 = 100.0%)
1  ... 

Histogram: Extensions.SearchEngineOverrides recorded 1 samples, mean = 0.0 (flags = 0x41)
0  -O                                                                        (1 = 100.0%)
1  ... 

Histogram: Extensions.SearchEngineOverrides2 recorded 1 samples, mean = 0.0 (flags = 0x41)
0  -O                                                                        (1 = 100.0%)
1  ... 

Histogram: Extensions.StartupPagesOverrides recorded 1 samples, mean = 0.0 (flags = 0x41)
0  -O                                                                        (1 = 100.0%)
1  ... 

Histogram: Extensions.StartupPagesOverrides2 recorded 1 samples, mean = 0.0 (flags = 0x41)
0  -O                                                                        (1 = 100.0%)
1  ... 

Histogram: Extensions.WebRequestBlockingCount recorded 1 samples, mean = 0.0 (flags = 0x41)
0  -O                                                                        (1 = 100.0%)
1  ... 

Histogram: Extensions.WebRequestBlockingCount2 recorded 1 samples, mean = 0.0 (flags = 0x41)
0  -O                                                                        (1 = 100.0%)
1  ... 

Histogram: Extensions.WebRequestCount recorded 1 samples, mean = 0.0 (flags = 0x41)
0  -O                                                                        (1 = 100.0%)
1  ... 

Histogram: Extensions.WebRequestCount2 recorded 1 samples, mean = 0.0 (flags = 0x41)
0  -O                                                                        (1 = 100.0%)
1  ... 

Histogram: FetchKeepAlive.Renderer.Total.ReceivedResponse recorded 1 samples, mean = 1.0 (flags = 0x41)
0  O                                                                         (0 = 0.0%)
1  -O                                                                        (1 = 100.0%) {0.0%}
2  O                                                                         (0 = 0.0%) {100.0%}

Histogram: FetchKeepAlive.Renderer.Total.Started recorded 1 samples, mean = 1.0 (flags = 0x41)
0  O                                                                         (0 = 0.0%)
1  -O                                                                        (1 = 100.0%) {0.0%}
2  O                                                                         (0 = 0.0%) {100.0%}

Histogram: FetchKeepAlive.Requests2.Network recorded 2 samples, mean = 0.5 (flags = 0x41)
0  -O                                                                        (1 = 50.0%)
1  -O                                                                        (1 = 50.0%) {50.0%}
2  O                                                                         (0 = 0.0%) {100.0%}

Histogram: FetchKeepAlive.Requests2.SentToService.Renderer recorded 1 samples, mean = 2.0 (flags = 0x41)
0  ... 
2  -O                                                                        (1 = 100.0%) {0.0%}
3  ... 

Histogram: FetchKeepAlive.Requests2.Started.IsContextDetached.Renderer recorded 1 samples, mean = 0.0 (flags = 0x41)
0  -O                                                                        (1 = 100.0%)
1  ... 

Histogram: FetchKeepAlive.Requests2.Started.Renderer recorded 1 samples, mean = 1.0 (flags = 0x41)
0  O                                                                         (0 = 0.0%)
1  -O                                                                        (1 = 100.0%) {0.0%}
2  ... 

Histogram: FetchKeepAlive.Requests2.Succeeded.IsContextDetached.Renderer recorded 1 samples, mean = 0.0 (flags = 0x41)
0  -O                                                                        (1 = 100.0%)
1  ... 

Histogram: FetchKeepAlive.Requests2.Succeeded.Renderer recorded 1 samples, mean = 1.0 (flags = 0x41)
0  O                                                                         (0 = 0.0%)
1  -O                                                                        (1 = 100.0%) {0.0%}
2  ... 

Histogram: FetchKeepAlive.Requests2.Total.Renderer recorded 1 samples, mean = 1.0 (flags = 0x41)
0  O                                                                         (0 = 0.0%)
1  -O                                                                        (1 = 100.0%) {0.0%}
2  ... 

Histogram: FirstPartySets.Database.InitStatus recorded 1 samples, mean = 1.0 (flags = 0x41)
0  O                                                                         (0 = 0.0%)
1  -O                                                                        (1 = 100.0%) {0.0%}
2  ... 

Histogram: FirstPartySets.Database.TransactionFailed recorded 7 samples, mean = 0.0 (flags = 0x41)
0  -------O                                                                  (7 = 100.0%)
1  ... 

Histogram: FirstPartySets.Initialization.ClearSiteDataOutcome recorded 1 samples, mean = 1.0 (flags = 0x41)
0  O                                                                         (0 = 0.0%)
1  -O                                                                        (1 = 100.0%) {0.0%}
2  O                                                                         (0 = 0.0%) {100.0%}

Histogram: FirstPartySets.Initialization.SitesToClear.Count recorded 1 samples, mean = 0.0 (flags = 0x41)
0  -O                                                                        (1 = 100.0%)
1  ... 

Histogram: GPU.ANGLE.D3DShaderBlobSizeKB recorded 4 samples, mean = 0.5 (flags = 0x41)
0  ----O                                                                     (4 = 100.0%)
1000... 

Histogram: GPU.ANGLE.D3DShaderCompilationTimeUs recorded 4 samples, mean = 11846.0 (flags = 0x41)
0      ... 
1774   -O                                                                        (1 = 25.0%) {0.0%}
2336   -O                                                                        (1 = 25.0%) {25.0%}
3077   ... 
21156  --O                                                                       (2 = 50.0%) {50.0%}
27864  ... 

Histogram: GPU.BlocklistFeatureTestResults.Accelerated2dCanvas recorded 1 samples, mean = 0.0 (flags = 0x41)
0  -O                                                                        (1 = 100.0%)
1  ... 

Histogram: GPU.BlocklistFeatureTestResults.GpuCompositing recorded 1 samples, mean = 0.0 (flags = 0x41)
0  -O                                                                        (1 = 100.0%)
1  ... 

Histogram: GPU.BlocklistFeatureTestResults.GpuRasterization recorded 1 samples, mean = 0.0 (flags = 0x41)
0  -O                                                                        (1 = 100.0%)
1  ... 

Histogram: GPU.BlocklistFeatureTestResults.Webgl recorded 1 samples, mean = 0.0 (flags = 0x41)
0  -O                                                                        (1 = 100.0%)
1  ... 

Histogram: GPU.BlocklistFeatureTestResults.Webgl2 recorded 1 samples, mean = 0.0 (flags = 0x41)
0  -O                                                                        (1 = 100.0%)
1  ... 

Histogram: GPU.BlocklistFeatureTestResults.Webgpu recorded 1 samples, mean = 2.0 (flags = 0x41)
0  ... 
2  -O                                                                        (1 = 100.0%) {0.0%}
3  ... 

Histogram: GPU.BlocklistTestResultsPerEntry recorded 1 samples, mean = 0.0 (flags = 0x41)
0  -O                                                                        (1 = 100.0%)
1  ... 

Histogram: GPU.CanvasOopRaster.OopRasterAndGpuAcceleration recorded 1 samples, mean = 0.0 (flags = 0x41)
0  -O                                                                        (1 = 100.0%)
1  ... 

Histogram: GPU.CompositingMode recorded 64 samples, mean = 1.0 (flags = 0x41)
0  O                                                                         (0 = 0.0%)
1  ----------------------------------------------------------------O         (64 = 100.0%) {0.0%}
2  ... 

Histogram: GPU.D3D12FeatureLevel recorded 1 samples, mean = 5.0 (flags = 0x41)
0  ... 
5  -O                                                                        (1 = 100.0%) {0.0%}
6  O                                                                         (0 = 0.0%) {100.0%}

Histogram: GPU.D3D12HighestShaderModel2 recorded 1 samples, mean = 9.0 (flags = 0x41)
0  ... 
9  -O                                                                        (1 = 100.0%) {0.0%}
10 O                                                                         (0 = 0.0%) {100.0%}

Histogram: GPU.DriverBugTestResultsPerEntry recorded 10 samples (flags = 0x41)
0    -O                                                                        (1 = 10.0%)
17   -O                                                                        (1 = 10.0%)
165  -O                                                                        (1 = 10.0%)
206  -O                                                                        (1 = 10.0%)
256  -O                                                                        (1 = 10.0%)
315  -O                                                                        (1 = 10.0%)
403  -O                                                                        (1 = 10.0%)
419  -O                                                                        (1 = 10.0%)
426  -O                                                                        (1 = 10.0%)
430  -O                                                                        (1 = 10.0%)

Histogram: GPU.EstablishGpuChannelSyncTime recorded 2 samples, mean = 551.5 (flags = 0x41)
0    ... 
318  -O                                                                        (1 = 50.0%) {0.0%}
378  ... 
752  -O                                                                        (1 = 50.0%) {50.0%}
894  ... 

Histogram: GPU.EstablishGpuChannelSyncTime.FirstRun recorded 2 samples, mean = 551.5 (flags = 0x41)
0    ... 
318  -O                                                                        (1 = 50.0%) {0.0%}
378  ... 
752  -O                                                                        (1 = 50.0%) {50.0%}
894  ... 

Histogram: GPU.GPUProcessLaunchTime recorded 2 samples, mean = 3894.0 (flags = 0x41)
0     ... 
318   -O                                                                        (1 = 50.0%) {0.0%}
378   ... 
7083  -O                                                                        (1 = 50.0%) {50.0%}
8416  ... 

Histogram: GPU.GPUProcessTerminationStatus2 recorded 1 samples, mean = 4.0 (flags = 0x41)
0  ... 
4  -O                                                                        (1 = 100.0%) {0.0%}
5  ... 

Histogram: GPU.HardwareAccelerationModeEnabled recorded 1 samples, mean = 1.0 (flags = 0x41)
0  O                                                                         (0 = 0.0%)
1  -O                                                                        (1 = 100.0%) {0.0%}
2  O                                                                         (0 = 0.0%) {100.0%}

Histogram: GPU.MultiGpu.Nvidia recorded 1 samples (flags = 0x41)
11609  -O                                                                        (1 = 100.0%)

Histogram: GPU.ProcessLifetimeEvents.HardwareAccelerated recorded 1 samples, mean = 0.0 (flags = 0x41)
0  -O                                                                        (1 = 100.0%)
1  ... 

Histogram: GPU.RasterDecoder.TimeToFlush recorded 3 samples, mean = 312.7 (flags = 0x41)
0    ... 
100  -O                                                                        (1 = 33.3%) {0.0%}
114  ... 
281  -O                                                                        (1 = 33.3%) {33.3%}
320  ... 
471  -O                                                                        (1 = 33.3%) {66.7%}
536  ... 

Histogram: GPU.SharedImage.BackingType recorded 5 samples, mean = 8.0 (flags = 0x41)
0   ... 
2   --O                                                                       (2 = 40.0%) {0.0%}
3   ... 
12  ---O                                                                      (3 = 60.0%) {40.0%}
13  ... 

Histogram: GPU.SharedImage.ContentConsumed recorded 15 samples, mean = 0.5 (flags = 0x41)
0  --------O                                                                 (8 = 53.3%)
1  -------O                                                                  (7 = 46.7%) {53.3%}
2  O                                                                         (0 = 0.0%) {100.0%}

Histogram: GPU.SkiaBackendType recorded 1 samples, mean = 2.0 (flags = 0x41)
0  ... 
2  -O                                                                        (1 = 100.0%) {0.0%}
3  ... 

Histogram: GPU.SupportsDX12 recorded 1 samples, mean = 1.0 (flags = 0x41)
0  O                                                                         (0 = 0.0%)
1  -O                                                                        (1 = 100.0%) {0.0%}
2  O                                                                         (0 = 0.0%) {100.0%}

Histogram: GPU.WatchdogThread.Event recorded 1 samples, mean = 0.0 (flags = 0x41)
0  -O                                                                        (1 = 100.0%)
1  ... 

Histogram: GPU.WatchdogThread.Event.main recorded 1 samples, mean = 0.0 (flags = 0x41)
0  -O                                                                        (1 = 100.0%)
1  ... 

Histogram: GPU.WatchdogThread.Timeout recorded 961 samples, mean = 0.0 (flags = 0x41)
0  ------------------------------------------------------------------------O (961 = 100.0%)
1  ... 

Histogram: GPU.WatchdogThread.Timeout.Normal recorded 961 samples, mean = 0.0 (flags = 0x41)
0  ------------------------------------------------------------------------O (961 = 100.0%)
1  ... 

Histogram: GPU.WatchdogThread.Timeout.Normal.main recorded 961 samples, mean = 0.0 (flags = 0x41)
0  ------------------------------------------------------------------------O (961 = 100.0%)
1  ... 

Histogram: GPU.WatchdogThread.Timeout.main recorded 961 samples, mean = 0.0 (flags = 0x41)
0  ------------------------------------------------------------------------O (961 = 100.0%)
1  ... 

Histogram: Gaia.AuthFetcher.ListAccounts.NetErrorCodes recorded 1 samples (flags = 0x41)
0  -O                                                                        (1 = 100.0%)

Histogram: Gpu.FenceHandle.CloneCountsPerSubmit recorded 6 samples, mean = 0.0 (flags = 0x41)
0  ------O                                                                   (6 = 100.0%)
1  ... 

Histogram: Gpu.GrCompileShaderUs recorded 4 samples, mean = 4191.5 (flags = 0x41)
0      ... 
149    -O                                                                        (1 = 25.0%) {0.0%}
196    ... 
1347   -O                                                                        (1 = 25.0%) {25.0%}
1774   -O                                                                        (1 = 25.0%) {50.0%}
2336   ... 
12196  -O                                                                        (1 = 25.0%) {75.0%}
16063  ... 

Histogram: Gpu.GrLinkProgramUs recorded 2 samples, mean = 14633.0 (flags = 0x41)
0      ... 
3077   -O                                                                        (1 = 50.0%) {0.0%}
4053   ... 
21156  -O                                                                        (1 = 50.0%) {50.0%}
27864  ... 

Histogram: Gpu.PassthroughProgramCacheLoadHitInCache recorded 2 samples, mean = 0.0 (flags = 0x41)
0  --O                                                                       (2 = 100.0%)
1  ... 

Histogram: Gpu.Rasterization.Raster.MSAASampleCountLog2 recorded 3 samples, mean = 0.0 (flags = 0x41)
0  ---O                                                                      (3 = 100.0%)
1  ... 

Histogram: HangWatcher.IsThreadHung.BrowserProcess.IOThread.Normal recorded 1925 samples, mean = 0.0 (flags = 0x41)
0  ------------------------------------------------------------------------O (1925 = 100.0%)
1  ... 

Histogram: HangWatcher.IsThreadHung.BrowserProcess.UIThread.Normal recorded 1925 samples, mean = 0.0 (flags = 0x41)
0  ------------------------------------------------------------------------O (1925 = 100.0%)
1  ... 

Histogram: HangWatcher.IsThreadHung.RendererProcess.IOThread recorded 1922 samples, mean = 0.0 (flags = 0x41)
0  ------------------------------------------------------------------------O (1922 = 100.0%)
1  ... 

Histogram: HangWatcher.IsThreadHung.RendererProcess.IOThread.BestEffort recorded 1923 samples, mean = 0.0 (flags = 0x41)
0  ------------------------------------------------------------------------O (1923 = 100.0%)
1  ... 

Histogram: HangWatcher.IsThreadHung.RendererProcess.MainThread recorded 1922 samples, mean = 0.0 (flags = 0x41)
0  ------------------------------------------------------------------------O (1922 = 100.0%)
1  ... 

Histogram: HangWatcher.IsThreadHung.RendererProcess.MainThread.BestEffort recorded 1923 samples, mean = 0.0 (flags = 0x41)
0  ------------------------------------------------------------------------O (1923 = 100.0%)
1  ... 

Histogram: HangWatcher.IsThreadHung.UtilityProcess.IOThread recorded 3846 samples, mean = 0.0 (flags = 0x41)
0  ------------------------------------------------------------------------O (3846 = 100.0%)
1  ... 

Histogram: HangWatcher.IsThreadHung.UtilityProcess.MainThread recorded 3846 samples, mean = 0.0 (flags = 0x41)
0  ------------------------------------------------------------------------O (3846 = 100.0%)
1  ... 

Histogram: HangWatcher.SleepDrift.BrowserProcess recorded 9616 samples, mean = 5.9 (flags = 0x41)
0   ------------------------------------------------------------------------O (2190 = 22.8%)
1   -------------------O                                                      (577 = 6.0%) {22.8%}
2   ----------------O                                                         (497 = 5.2%) {28.8%}
3   -----------------O                                                        (504 = 5.2%) {33.9%}
4   -----------------O                                                        (516 = 5.4%) {39.2%}
5   -------------------O                                                      (568 = 5.9%) {44.6%}
6   -----------------O                                                        (516 = 5.4%) {50.5%}
7   ----------------O                                                         (486 = 5.1%) {55.8%}
8   --------------------------------O                                         (961 = 10.0%) {60.9%}
10  -----------------------------------O                                      (1055 = 11.0%) {70.9%}
12  ---------------------------------O                                        (991 = 10.3%) {81.8%}
14  -------------------------O                                                (754 = 7.8%) {92.1%}
17  O                                                                         (1 = 0.0%) {100.0%}
20  ... 

Histogram: Hardware.Display.Count.OnStartup recorded 1 samples, mean = 1.0 (flags = 0x41)
0  O                                                                         (0 = 0.0%)
1  -O                                                                        (1 = 100.0%) {0.0%}
2  ... 

Histogram: Hardware.Display.SupportsHDR recorded 1 samples, mean = 0.0 (flags = 0x41)
0  -O                                                                        (1 = 100.0%)
1  ... 

Histogram: HeapProfiling.InProcess.Enabled recorded 1 samples, mean = 0.0 (flags = 0x41)
0  -O                                                                        (1 = 100.0%)
1  ... 

Histogram: HeapProfiling.InProcess.Enabled.Browser recorded 1 samples, mean = 0.0 (flags = 0x41)
0  -O                                                                        (1 = 100.0%)
1  ... 

Histogram: Histogram.TooManyBuckets.1000 recorded 4 samples (flags = 0x41)
-2140283801 --O                                                                       (2 = 50.0%)
1721222685  --O                                                                       (2 = 50.0%)

Histogram: History.Backend.TransactionCommitSuccess recorded 3 samples, mean = 1.0 (flags = 0x41)
0  O                                                                         (0 = 0.0%)
1  ---O                                                                      (3 = 100.0%) {0.0%}
2  O                                                                         (0 = 0.0%) {100.0%}

Histogram: History.ClearBrowsingData.TaskQueueAtShutdown recorded 1 samples, mean = 0.0 (flags = 0x41)
0  -O                                                                        (1 = 100.0%)
1  ... 

Histogram: History.DomainCount1Day_V2 recorded 4 samples, mean = 0.2 (flags = 0x41)
0  ---O                                                                      (3 = 75.0%)
1  -O                                                                        (1 = 25.0%) {75.0%}
2  ... 

Histogram: History.DomainCount1Day_V3 recorded 4 samples, mean = 0.2 (flags = 0x41)
0  ---O                                                                      (3 = 75.0%)
1  -O                                                                        (1 = 25.0%) {75.0%}
2  ... 

Histogram: History.DomainCount28Day_V2 recorded 4 samples, mean = 1.0 (flags = 0x41)
0  O                                                                         (0 = 0.0%)
1  ----O                                                                     (4 = 100.0%) {0.0%}
2  ... 

Histogram: History.DomainCount28Day_V3 recorded 4 samples, mean = 1.0 (flags = 0x41)
0  O                                                                         (0 = 0.0%)
1  ----O                                                                     (4 = 100.0%) {0.0%}
2  ... 

Histogram: History.DomainCount7Day_V2 recorded 4 samples, mean = 1.0 (flags = 0x41)
0  O                                                                         (0 = 0.0%)
1  ----O                                                                     (4 = 100.0%) {0.0%}
2  ... 

Histogram: History.DomainCount7Day_V3 recorded 4 samples, mean = 1.0 (flags = 0x41)
0  O                                                                         (0 = 0.0%)
1  ----O                                                                     (4 = 100.0%) {0.0%}
2  ... 

Histogram: History.InMemoryDBItemCount recorded 1 samples, mean = 3.0 (flags = 0x41)
0  ... 
3  -O                                                                        (1 = 100.0%) {0.0%}
4  ... 

Histogram: History.TopSites.QueryFromHistoryTime recorded 1 samples, mean = 334.0 (flags = 0x41)
0    ... 
318  -O                                                                        (1 = 100.0%) {0.0%}
378  ... 

Histogram: History.VisitedLinks.HashTableLengthOnReaderInit recorded 3 samples, mean = 16381.0 (flags = 0x41)
0      ... 
14319  ---O                                                                      (3 = 100.0%) {0.0%}
19866  ... 

Histogram: History.VisitedLinks.HashTableSizeOnTableCreate recorded 2 samples, mean = 0.0 (flags = 0x41)
0  --O                                                                       (2 = 100.0%)
1  ... 

Histogram: History.VisitedLinks.HashTableUsageOnLinkAdded recorded 4 samples, mean = 18.8 (flags = 0x41)
0   -O                                                                        (1 = 25.0%)
1   ... 
21  ---O                                                                      (3 = 75.0%) {25.0%}
29  ... 

Histogram: History.VisitedLinks.TryToAddFingerprint recorded 5 samples, mean = 0.8 (flags = 0x41)
0  -O                                                                        (1 = 20.0%)
1  ----O                                                                     (4 = 80.0%) {20.0%}
2  ... 

Histogram: History.VisitedLinks.VisitLoggedFromMainFrame recorded 3 samples, mean = 1.0 (flags = 0x41)
0  O                                                                         (0 = 0.0%)
1  ---O                                                                      (3 = 100.0%) {0.0%}
2  O                                                                         (0 = 0.0%) {100.0%}

Histogram: History.VisitedLinks.VisitLoggedFromTransition recorded 3 samples, mean = 1.7 (flags = 0x41)
0  O                                                                         (0 = 0.0%)
1  -O                                                                        (1 = 33.3%) {0.0%}
2  --O                                                                       (2 = 66.7%) {33.3%}
3  ... 

Histogram: HttpCache.AccessToDone2 recorded 51 samples, mean = 714.6 (flags = 0x41)
0     O                                                                         (0 = 0.0%)
1     -O                                                                        (1 = 2.0%) {0.0%}
2     ... 
7     -O                                                                        (1 = 2.0%) {2.0%}
8     ... 
304   -O                                                                        (1 = 2.0%) {3.9%}
333   --------O                                                                 (8 = 15.7%) {5.9%}
364   ----O                                                                     (4 = 7.8%) {21.6%}
398   ----O                                                                     (4 = 7.8%) {29.4%}
436   -----O                                                                    (5 = 9.8%) {37.3%}
477   -O                                                                        (1 = 2.0%) {47.1%}
522   --O                                                                       (2 = 3.9%) {49.0%}
571   --O                                                                       (2 = 3.9%) {52.9%}
625   ---O                                                                      (3 = 5.9%) {56.9%}
684   -O                                                                        (1 = 2.0%) {62.7%}
748   O                                                                         (0 = 0.0%) {64.7%}
818   --O                                                                       (2 = 3.9%) {64.7%}
895   ---O                                                                      (3 = 5.9%) {68.6%}
979   ---O                                                                      (3 = 5.9%) {74.5%}
1071  -O                                                                        (1 = 2.0%) {80.4%}
1172  --O                                                                       (2 = 3.9%) {82.4%}
1282  ----O                                                                     (4 = 7.8%) {86.3%}
1403  O                                                                         (0 = 0.0%) {94.1%}
1535  -O                                                                        (1 = 2.0%) {94.1%}
1680  -O                                                                        (1 = 2.0%) {96.1%}
1838  ... 
2408  -O                                                                        (1 = 2.0%) {98.0%}
2635  ... 

Histogram: HttpCache.AccessToDone2.SentRequest recorded 49 samples, mean = 743.7 (flags = 0x41)
0     ... 
304   -O                                                                        (1 = 2.0%) {0.0%}
333   --------O                                                                 (8 = 16.3%) {2.0%}
364   ----O                                                                     (4 = 8.2%) {18.4%}
398   ----O                                                                     (4 = 8.2%) {26.5%}
436   -----O                                                                    (5 = 10.2%) {34.7%}
477   -O                                                                        (1 = 2.0%) {44.9%}
522   --O                                                                       (2 = 4.1%) {46.9%}
571   --O                                                                       (2 = 4.1%) {51.0%}
625   ---O                                                                      (3 = 6.1%) {55.1%}
684   -O                                                                        (1 = 2.0%) {61.2%}
748   O                                                                         (0 = 0.0%) {63.3%}
818   --O                                                                       (2 = 4.1%) {63.3%}
895   ---O                                                                      (3 = 6.1%) {67.3%}
979   ---O                                                                      (3 = 6.1%) {73.5%}
1071  -O                                                                        (1 = 2.0%) {79.6%}
1172  --O                                                                       (2 = 4.1%) {81.6%}
1282  ----O                                                                     (4 = 8.2%) {85.7%}
1403  O                                                                         (0 = 0.0%) {93.9%}
1535  -O                                                                        (1 = 2.0%) {93.9%}
1680  -O                                                                        (1 = 2.0%) {95.9%}
1838  ... 
2408  -O                                                                        (1 = 2.0%) {98.0%}
2635  ... 

Histogram: HttpCache.AccessToDone2.Used recorded 2 samples, mean = 4.0 (flags = 0x41)
0  O                                                                         (0 = 0.0%)
1  -O                                                                        (1 = 50.0%) {0.0%}
2  ... 
7  -O                                                                        (1 = 50.0%) {50.0%}
8  ... 

Histogram: HttpCache.AddTransactionToEntry recorded 51 samples, mean = 0.0 (flags = 0x41)
0  ---------------------------------------------------O                      (51 = 100.0%)
1  ... 

Histogram: HttpCache.BeforeSend recorded 49 samples, mean = 0.3 (flags = 0x41)
0  ---------------------------------O                                        (33 = 67.3%)
1  ----------------O                                                         (16 = 32.7%) {67.3%}
2  ... 

Histogram: HttpCache.BeforeSend.CantConditionalize recorded 4 samples, mean = 0.5 (flags = 0x41)
0  --O                                                                       (2 = 50.0%)
1  --O                                                                       (2 = 50.0%) {50.0%}
2  ... 

Histogram: HttpCache.BeforeSend.NotCached recorded 41 samples, mean = 0.3 (flags = 0x41)
0  -----------------------------O                                            (29 = 70.7%)
1  ------------O                                                             (12 = 29.3%) {70.7%}
2  ... 

Histogram: HttpCache.BeforeSend.Updated recorded 3 samples, mean = 0.3 (flags = 0x41)
0  --O                                                                       (2 = 66.7%)
1  -O                                                                        (1 = 33.3%) {66.7%}
2  ... 

Histogram: HttpCache.BeforeSend.Validated recorded 1 samples, mean = 1.0 (flags = 0x41)
0  O                                                                         (0 = 0.0%)
1  -O                                                                        (1 = 100.0%) {0.0%}
2  ... 

Histogram: HttpCache.CreateDiskEntry recorded 41 samples, mean = 0.3 (flags = 0x41)
0  -----------------------------O                                            (29 = 70.7%)
1  ------------O                                                             (12 = 29.3%) {70.7%}
2  ... 

Histogram: HttpCache.HardReset recorded 1 samples, mean = 0.0 (flags = 0x40)
0  -O                                                                        (1 = 100.0%)
1  ... 

Histogram: HttpCache.IsNoStore recorded 51 samples, mean = 0.1 (flags = 0x41)
0  ----------------------------------------------O                           (46 = 90.2%)
1  -----O                                                                    (5 = 9.8%) {90.2%}
2  O                                                                         (0 = 0.0%) {100.0%}

Histogram: HttpCache.IsNoStore.MainFrameHTML recorded 1 samples, mean = 1.0 (flags = 0x41)
0  O                                                                         (0 = 0.0%)
1  -O                                                                        (1 = 100.0%) {0.0%}
2  O                                                                         (0 = 0.0%) {100.0%}

Histogram: HttpCache.MaxFileSizeOnInit recorded 1 samples, mean = 40960.0 (flags = 0x41)
0      ... 
37526  -O                                                                        (1 = 100.0%) {0.0%}
42713  ... 

Histogram: HttpCache.OpenDiskEntry recorded 10 samples, mean = 0.4 (flags = 0x41)
0  ------O                                                                   (6 = 60.0%)
1  ----O                                                                     (4 = 40.0%) {60.0%}
2  ... 

Histogram: HttpCache.Pattern recorded 51 samples, mean = 2.6 (flags = 0x41)
0  ... 
2  -----------------------------------------O                                (41 = 80.4%) {0.0%}
3  --O                                                                       (2 = 3.9%) {80.4%}
4  -O                                                                        (1 = 2.0%) {84.3%}
5  ---O                                                                      (3 = 5.9%) {86.3%}
6  ----O                                                                     (4 = 7.8%) {92.2%}
7  O                                                                         (0 = 0.0%) {100.0%}

Histogram: HttpCache.Pattern.CSS recorded 8 samples, mean = 2.2 (flags = 0x41)
0  ... 
2  -------O                                                                  (7 = 87.5%) {0.0%}
3  O                                                                         (0 = 0.0%) {87.5%}
4  -O                                                                        (1 = 12.5%) {87.5%}
5  ... 

Histogram: HttpCache.Pattern.CSSThirdParty recorded 8 samples, mean = 2.2 (flags = 0x41)
0  ... 
2  -------O                                                                  (7 = 87.5%) {0.0%}
3  O                                                                         (0 = 0.0%) {87.5%}
4  -O                                                                        (1 = 12.5%) {87.5%}
5  ... 

Histogram: HttpCache.Pattern.Font recorded 5 samples, mean = 2.0 (flags = 0x41)
0  ... 
2  -----O                                                                    (5 = 100.0%) {0.0%}
3  ... 

Histogram: HttpCache.Pattern.FontThirdParty recorded 5 samples, mean = 2.0 (flags = 0x41)
0  ... 
2  -----O                                                                    (5 = 100.0%) {0.0%}
3  ... 

Histogram: HttpCache.Pattern.Image recorded 2 samples, mean = 3.5 (flags = 0x41)
0  ... 
2  -O                                                                        (1 = 50.0%) {0.0%}
3  ... 
5  -O                                                                        (1 = 50.0%) {50.0%}
6  ... 

Histogram: HttpCache.Pattern.JavaScript recorded 26 samples, mean = 2.3 (flags = 0x41)
0  ... 
2  -----------------------O                                                  (23 = 88.5%) {0.0%}
3  -O                                                                        (1 = 3.8%) {88.5%}
4  O                                                                         (0 = 0.0%) {92.3%}
5  -O                                                                        (1 = 3.8%) {92.3%}
6  -O                                                                        (1 = 3.8%) {96.2%}
7  O                                                                         (0 = 0.0%) {100.0%}

Histogram: HttpCache.Pattern.JavaScriptThirdParty recorded 25 samples, mean = 2.2 (flags = 0x41)
0  ... 
2  -----------------------O                                                  (23 = 92.0%) {0.0%}
3  -O                                                                        (1 = 4.0%) {92.0%}
4  O                                                                         (0 = 0.0%) {96.0%}
5  -O                                                                        (1 = 4.0%) {96.0%}
6  ... 

Histogram: HttpCache.Pattern.MainFrameHTML recorded 1 samples, mean = 2.0 (flags = 0x41)
0  ... 
2  -O                                                                        (1 = 100.0%) {0.0%}
3  ... 

Histogram: HttpCache.Pattern.NonTinyImage recorded 1 samples, mean = 2.0 (flags = 0x41)
0  ... 
2  -O                                                                        (1 = 100.0%) {0.0%}
3  ... 

Histogram: HttpCache.TotalDiskCacheTimePerTransaction.Read recorded 8 samples, mean = 0.0 (flags = 0x41)
0  --------O                                                                 (8 = 100.0%)
1  ... 

Histogram: HttpCache.TotalDiskCacheTimePerTransaction.Write recorded 44 samples, mean = 0.3 (flags = 0x41)
0  -------------------------------O                                          (31 = 70.5%)
1  ------------O                                                             (12 = 27.3%) {70.5%}
2  -O                                                                        (1 = 2.3%) {97.7%}
3  ... 

Histogram: ImageDecoder.Png.UiGfxIntoSkBitmap recorded 1 samples, mean = 6623.0 (flags = 0x41)
0     ... 
5338  -O                                                                        (1 = 100.0%) {0.0%}
7031  ... 

Histogram: ImportantFile.FileReplaceRetryCount recorded 19 samples, mean = 0.0 (flags = 0x41)
0  -------------------O                                                      (19 = 100.0%)
1  ... 

Histogram: ImportantFile.SerializationDuration recorded 3 samples, mean = 0.0 (flags = 0x41)
0  ---O                                                                      (3 = 100.0%)
1  ... 

Histogram: ImportantFile.SerializationDuration.BrowsingTopicsState recorded 1 samples, mean = 0.0 (flags = 0x41)
0  -O                                                                        (1 = 100.0%)
1  ... 

Histogram: ImportantFile.SerializationDuration.Local_State recorded 4 samples, mean = 0.0 (flags = 0x41)
0  ----O                                                                     (4 = 100.0%)
1  ... 

Histogram: ImportantFile.SerializationDuration.Preferences recorded 6 samples, mean = 0.0 (flags = 0x41)
0  ------O                                                                   (6 = 100.0%)
1  ... 

Histogram: ImportantFile.SerializationDuration.TransportSecurityPersister recorded 2 samples, mean = 0.0 (flags = 0x41)
0  --O                                                                       (2 = 100.0%)
1  ... 

Histogram: ImportantFile.WriteDuration recorded 3 samples, mean = 21.7 (flags = 0x41)
0   ... 
10  --O                                                                       (2 = 66.7%) {0.0%}
12  ... 
40  -O                                                                        (1 = 33.3%) {66.7%}
48  ... 

Histogram: ImportantFile.WriteDuration.BrowsingTopicsState recorded 1 samples, mean = 11.0 (flags = 0x41)
0   ... 
10  -O                                                                        (1 = 100.0%) {0.0%}
12  ... 

Histogram: ImportantFile.WriteDuration.Local_State recorded 4 samples, mean = 9.2 (flags = 0x41)
0   ... 
6   -O                                                                        (1 = 25.0%) {0.0%}
7   ... 
10  ---O                                                                      (3 = 75.0%) {25.0%}
12  ... 

Histogram: ImportantFile.WriteDuration.Preferences recorded 6 samples, mean = 11.3 (flags = 0x41)
0   ... 
10  -----O                                                                    (5 = 83.3%) {0.0%}
12  O                                                                         (0 = 0.0%) {83.3%}
14  -O                                                                        (1 = 16.7%) {83.3%}
17  ... 

Histogram: ImportantFile.WriteDuration.SCTAuditing recorded 2 samples, mean = 75.5 (flags = 0x41)
0    ... 
29   -O                                                                        (1 = 50.0%) {0.0%}
34   ... 
114  -O                                                                        (1 = 50.0%) {50.0%}
135  ... 

Histogram: ImportantFile.WriteDuration.TransportSecurityPersister recorded 2 samples, mean = 10.5 (flags = 0x41)
0   ... 
10  --O                                                                       (2 = 100.0%) {0.0%}
12  ... 

Histogram: ImportantFile.WriteDuration.TrustedVault recorded 1 samples, mean = 10.0 (flags = 0x41)
0   ... 
10  -O                                                                        (1 = 100.0%) {0.0%}
12  ... 

Histogram: InProductHelp.Config.ParsingEvent recorded 68 samples, mean = 6.4 (flags = 0x41)
0   -----------------------------O                                            (29 = 42.6%)
1   O                                                                         (0 = 0.0%) {42.6%}
2   ---------O                                                                (9 = 13.2%) {42.6%}
3   ... 
14  ------------------------------O                                           (30 = 44.1%) {55.9%}
15  ... 

Histogram: InProductHelp.Db.Init.AvailabilityStore recorded 1 samples, mean = 1.0 (flags = 0x41)
0  O                                                                         (0 = 0.0%)
1  -O                                                                        (1 = 100.0%) {0.0%}
2  O                                                                         (0 = 0.0%) {100.0%}

Histogram: InProductHelp.Db.Init.EventStore recorded 1 samples, mean = 1.0 (flags = 0x41)
0  O                                                                         (0 = 0.0%)
1  -O                                                                        (1 = 100.0%) {0.0%}
2  O                                                                         (0 = 0.0%) {100.0%}

Histogram: InProductHelp.Db.Load.AvailabilityStore recorded 1 samples, mean = 1.0 (flags = 0x41)
0  O                                                                         (0 = 0.0%)
1  -O                                                                        (1 = 100.0%) {0.0%}
2  O                                                                         (0 = 0.0%) {100.0%}

Histogram: InProductHelp.Db.Load.EventStore recorded 1 samples, mean = 1.0 (flags = 0x41)
0  O                                                                         (0 = 0.0%)
1  -O                                                                        (1 = 100.0%) {0.0%}
2  O                                                                         (0 = 0.0%) {100.0%}

Histogram: InProductHelp.Db.TotalEvents recorded 1 samples, mean = 0.0 (flags = 0x41)
0  -O                                                                        (1 = 100.0%)
1  ... 

Histogram: InProductHelp.Db.Update.AvailabilityStore recorded 1 samples, mean = 1.0 (flags = 0x41)
0  O                                                                         (0 = 0.0%)
1  -O                                                                        (1 = 100.0%) {0.0%}
2  O                                                                         (0 = 0.0%) {100.0%}

Histogram: IndexedDB.ContextShutdownDuration recorded 1 samples, mean = 0.0 (flags = 0x41)
0  -O                                                                        (1 = 100.0%)
1  ... 

Histogram: Input.Digitizer.MaxTouchPointsSupportedBySystemAtStartup recorded 1 samples, mean = 0.0 (flags = 0x41)
0  -O                                                                        (1 = 100.0%)
1  ... 

Histogram: Input.PointerTypePrimary recorded 1 samples, mean = 2.0 (flags = 0x41)
0  ... 
2  -O                                                                        (1 = 100.0%) {0.0%}
3  O                                                                         (0 = 0.0%) {100.0%}

Histogram: Input.PointerTypesAll recorded 1 samples, mean = 2.0 (flags = 0x41)
0  ... 
2  -O                                                                        (1 = 100.0%) {0.0%}
3  ... 

Histogram: LanguageDetection.TFLiteModel.WasModelRequestDeferred recorded 2 samples, mean = 1.0 (flags = 0x41)
0  O                                                                         (0 = 0.0%)
1  --O                                                                       (2 = 100.0%) {0.0%}
2  O                                                                         (0 = 0.0%) {100.0%}

Histogram: LanguageUsage.AcceptLanguage recorded 1 samples (flags = 0x41)
31336  -O                                                                        (1 = 100.0%)

Histogram: LanguageUsage.AcceptLanguage.Count recorded 1 samples, mean = 1.0 (flags = 0x41)
0  O                                                                         (0 = 0.0%)
1  -O                                                                        (1 = 100.0%) {0.0%}
2  ... 

Histogram: LanguageUsage.AcceptLanguageAndContentLanguageUsage recorded 1 samples, mean = 0.0 (flags = 0x41)
0  -O                                                                        (1 = 100.0%)
1  ... 

Histogram: LanguageUsage.AcceptLanguageAndXmlHtmlLangUsage recorded 1 samples, mean = 7.0 (flags = 0x41)
0  ... 
7  -O                                                                        (1 = 100.0%) {0.0%}
8  O                                                                         (0 = 0.0%) {100.0%}

Histogram: LevelDB.ApproximateMemTableMemoryUse.BudgetManager recorded 0 samples (flags = 0x41)
0 ... 

Histogram: LevelDB.ApproximateMemTableMemoryUse.CartDatabase recorded 0 samples (flags = 0x41)
0 ... 

Histogram: LevelDB.ApproximateMemTableMemoryUse.ClientCertificatesDatabase recorded 0 samples (flags = 0x41)
0 ... 

Histogram: LevelDB.ApproximateMemTableMemoryUse.CommerceParcelTrackingDatabase recorded 0 samples (flags = 0x41)
0 ... 

Histogram: LevelDB.ApproximateMemTableMemoryUse.CommerceSubscriptionDatabase recorded 0 samples (flags = 0x41)
0 ... 

Histogram: LevelDB.ApproximateMemTableMemoryUse.CouponDatabase recorded 0 samples (flags = 0x41)
0 ... 

Histogram: LevelDB.ApproximateMemTableMemoryUse.DiscountsDatabase recorded 0 samples (flags = 0x41)
0 ... 

Histogram: LevelDB.ApproximateMemTableMemoryUse.DownloadDB recorded 0 samples (flags = 0x41)
0 ... 

Histogram: LevelDB.ApproximateMemTableMemoryUse.DownloadService recorded 0 samples (flags = 0x41)
0 ... 

Histogram: LevelDB.ApproximateMemTableMemoryUse.FeatureEngagementTrackerAvailabilityStore recorded 0 samples (flags = 0x41)
0 ... 

Histogram: LevelDB.ApproximateMemTableMemoryUse.FeatureEngagementTrackerEventStore recorded 0 samples (flags = 0x41)
0 ... 

Histogram: LevelDB.ApproximateMemTableMemoryUse.Metadata recorded 1 samples, mean = 4104.0 (flags = 0x41)
0  O                                                                         (0 = 0.0%)
1  -O                                                                        (1 = 100.0%) {0.0%}
270601... 

Histogram: LevelDB.ApproximateMemTableMemoryUse.PersistentOriginTrials recorded 0 samples (flags = 0x41)
0 ... 

Histogram: LevelDB.ApproximateMemTableMemoryUse.PreviewsHintCacheStore recorded 0 samples (flags = 0x41)
0 ... 

Histogram: LevelDB.ApproximateMemTableMemoryUse.SegmentInfoDatabase recorded 0 samples (flags = 0x41)
0 ... 

Histogram: LevelDB.ApproximateMemTableMemoryUse.SharedProtoDB recorded 1 samples, mean = 213408.0 (flags = 0x41)
0  O                                                                         (0 = 0.0%)
1  -O                                                                        (1 = 100.0%) {0.0%}
270601... 

Histogram: LevelDB.ApproximateMemTableMemoryUse.SignalDatabase recorded 0 samples (flags = 0x41)
0 ... 

Histogram: LevelDB.ApproximateMemTableMemoryUse.SignalStorageConfigDatabase recorded 0 samples (flags = 0x41)
0 ... 

Histogram: LevelDB.ApproximateMemTableMemoryUse.StrikeService recorded 0 samples (flags = 0x41)
0 ... 

Histogram: LevelDBEnv.DeleteTableBackupFile recorded 0 samples (flags = 0x41)
0 ... 

Histogram: LevelDBEnv.SyncResult recorded 48 samples, mean = 0.0 (flags = 0x41)
0  ------------------------------------------------O                         (48 = 100.0%)
1  ... 

Histogram: LevelDBWrapper.CommitDelay recorded 2 samples, mean = 5000.0 (flags = 0x41)
0     ... 
4516  --O                                                                       (2 = 100.0%) {0.0%}
6118  ... 

Histogram: LoadingPredictor.PreconnectCount recorded 1 samples, mean = 1.0 (flags = 0x41)
0  O                                                                         (0 = 0.0%)
1  -O                                                                        (1 = 100.0%) {0.0%}
2  ... 

Histogram: LoadingPredictor.PreconnectHitsPercentage recorded 1 samples, mean = 100.0 (flags = 0x41)
0    ... 
100  -O                                                                        (1 = 100.0%) {0.0%}
101  O                                                                         (0 = 0.0%) {100.0%}

Histogram: LoadingPredictor.PreconnectLearningCount.Navigation recorded 1 samples, mean = 4.0 (flags = 0x41)
0  ... 
4  -O                                                                        (1 = 100.0%) {0.0%}
5  ... 

Histogram: LoadingPredictor.PreconnectLearningPrecision.Navigation recorded 1 samples, mean = 75.0 (flags = 0x41)
0   ... 
75  -O                                                                        (1 = 100.0%) {0.0%}
76  ... 

Histogram: LoadingPredictor.PreconnectLearningRecall.Navigation recorded 1 samples, mean = 100.0 (flags = 0x41)
0    ... 
100  -O                                                                        (1 = 100.0%) {0.0%}

Histogram: LoadingPredictor.PreconnectLearningRedirectStatus.Navigation recorded 1 samples, mean = 2.0 (flags = 0x41)
0  ... 
2  -O                                                                        (1 = 100.0%) {0.0%}
3  ... 

Histogram: LoadingPredictor.PredictorDatabaseFileSize recorded 1 samples, mean = 44.0 (flags = 0x41)
0   ... 
37  -O                                                                        (1 = 100.0%) {0.0%}
49  ... 

Histogram: LoadingPredictor.PreresolveCount recorded 1 samples, mean = 1.0 (flags = 0x41)
0  O                                                                         (0 = 0.0%)
1  -O                                                                        (1 = 100.0%) {0.0%}
2  ... 

Histogram: LoadingPredictor.PreresolveHitsPercentage recorded 1 samples, mean = 100.0 (flags = 0x41)
0    ... 
100  -O                                                                        (1 = 100.0%) {0.0%}
101  O                                                                         (0 = 0.0%) {100.0%}

Histogram: LocalStorage.MojoSizeInKB recorded 1 samples, mean = 13.0 (flags = 0x41)
0   ... 
13  -O                                                                        (1 = 100.0%) {0.0%}
15  ... 

Histogram: LocalStorage.MojoTimeToPrime recorded 1 samples, mean = 2.0 (flags = 0x41)
0  ... 
2  -O                                                                        (1 = 100.0%) {0.0%}
3  ... 

Histogram: LocalStorage.MojoTimeToPrimeForUnder100KB recorded 1 samples, mean = 2.0 (flags = 0x41)
0  ... 
2  -O                                                                        (1 = 100.0%) {0.0%}
3  ... 

Histogram: LocalStorage.RendererAreaCacheHit recorded 2 samples, mean = 1.0 (flags = 0x41)
0  -O                                                                        (1 = 50.0%)
1  O                                                                         (0 = 0.0%) {50.0%}
2  -O                                                                        (1 = 50.0%) {50.0%}
3  O                                                                         (0 = 0.0%) {100.0%}

Histogram: LocalStorageContext.ShutDown.MaybeDroppedChanges recorded 1 samples, mean = 0.0 (flags = 0x40)
0  -O                                                                        (1 = 100.0%)
1  ... 

Histogram: MPArch.ChildProcessLaunchFirst recorded 1 samples, mean = 60.0 (flags = 0x41)
0   ... 
57  -O                                                                        (1 = 100.0%) {0.0%}
68  ... 

Histogram: MPArch.ChildProcessLaunchSubsequent recorded 7 samples, mean = 19.3 (flags = 0x41)
0   ... 
14  -O                                                                        (1 = 14.3%) {0.0%}
17  ---O                                                                      (3 = 42.9%) {14.3%}
20  ---O                                                                      (3 = 42.9%) {57.1%}
24  ... 

Histogram: ManagedUsers.BlockedIframeCount recorded 1 samples, mean = 0.0 (flags = 0x41)
0  -O                                                                        (1 = 100.0%)
1  ... 

Histogram: Manifest.HasProperty.description recorded 1 samples, mean = 0.0 (flags = 0x41)
0  -O                                                                        (1 = 100.0%)
1  ... 

Histogram: Manifest.HasProperty.display recorded 1 samples, mean = 1.0 (flags = 0x41)
0  O                                                                         (0 = 0.0%)
1  -O                                                                        (1 = 100.0%) {0.0%}
2  O                                                                         (0 = 0.0%) {100.0%}

Histogram: Manifest.HasProperty.gcm_sender_id recorded 1 samples, mean = 0.0 (flags = 0x41)
0  -O                                                                        (1 = 100.0%)
1  ... 

Histogram: Manifest.HasProperty.icons recorded 1 samples, mean = 1.0 (flags = 0x41)
0  O                                                                         (0 = 0.0%)
1  -O                                                                        (1 = 100.0%) {0.0%}
2  O                                                                         (0 = 0.0%) {100.0%}

Histogram: Manifest.HasProperty.name recorded 1 samples, mean = 1.0 (flags = 0x41)
0  O                                                                         (0 = 0.0%)
1  -O                                                                        (1 = 100.0%) {0.0%}
2  O                                                                         (0 = 0.0%) {100.0%}

Histogram: Manifest.HasProperty.orientation recorded 1 samples, mean = 0.0 (flags = 0x41)
0  -O                                                                        (1 = 100.0%)
1  ... 

Histogram: Manifest.HasProperty.protocol_handlers recorded 1 samples, mean = 0.0 (flags = 0x41)
0  -O                                                                        (1 = 100.0%)
1  ... 

Histogram: Manifest.HasProperty.screenshots recorded 1 samples, mean = 0.0 (flags = 0x41)
0  -O                                                                        (1 = 100.0%)
1  ... 

Histogram: Manifest.HasProperty.share_target recorded 1 samples, mean = 0.0 (flags = 0x41)
0  -O                                                                        (1 = 100.0%)
1  ... 

Histogram: Manifest.HasProperty.short_name recorded 1 samples, mean = 1.0 (flags = 0x41)
0  O                                                                         (0 = 0.0%)
1  -O                                                                        (1 = 100.0%) {0.0%}
2  O                                                                         (0 = 0.0%) {100.0%}

Histogram: Manifest.HasProperty.start_url recorded 1 samples, mean = 1.0 (flags = 0x41)
0  O                                                                         (0 = 0.0%)
1  -O                                                                        (1 = 100.0%) {0.0%}
2  O                                                                         (0 = 0.0%) {100.0%}

Histogram: Manifest.ParseIdResult recorded 1 samples, mean = 1.0 (flags = 0x41)
0  O                                                                         (0 = 0.0%)
1  -O                                                                        (1 = 100.0%) {0.0%}
2  ... 

Histogram: Media.GPU.VideoDecoderType recorded 1 samples, mean = 11.0 (flags = 0x41)
0   ... 
11  -O                                                                        (1 = 100.0%) {0.0%}
12  ... 

Histogram: Media.MediaHistory.DatabaseExists recorded 1 samples, mean = 0.0 (flags = 0x41)
0  -O                                                                        (1 = 100.0%)
1  ... 

Histogram: MediaRouter.Cast.Discovery.ConnectedDevicesCount recorded 1 samples, mean = 0.0 (flags = 0x41)
0  -O                                                                        (1 = 100.0%)
1  ... 

Histogram: MediaRouter.Cast.Discovery.KnownDevicesCount recorded 1 samples, mean = 0.0 (flags = 0x41)
0  -O                                                                        (1 = 100.0%)
1  ... 

Histogram: MediaRouter.Dial.AvailableDevicesCount recorded 1 samples, mean = 0.0 (flags = 0x41)
0  -O                                                                        (1 = 100.0%)
1  ... 

Histogram: MediaRouter.Dial.KnownDevicesCount recorded 1 samples, mean = 0.0 (flags = 0x41)
0  -O                                                                        (1 = 100.0%)
1  ... 

Histogram: Memory.Discardable.FreelistSize.Foreground recorded 4 samples, mean = 1023.0 (flags = 0x41)
0     ---O                                                                      (3 = 75.0%)
1     ... 
4053  -O                                                                        (1 = 25.0%) {75.0%}
5338  ... 

Histogram: Memory.Discardable.Size.Foreground recorded 4 samples, mean = 1.0 (flags = 0x41)
0  ---O                                                                      (3 = 75.0%)
1  ... 
4  -O                                                                        (1 = 25.0%) {75.0%}
5  ... 

Histogram: Memory.Discardable.VirtualSize.Foreground recorded 4 samples, mean = 1024.0 (flags = 0x41)
0     ---O                                                                      (3 = 75.0%)
1     ... 
4053  -O                                                                        (1 = 25.0%) {75.0%}
5338  ... 

Histogram: Memory.DiscardableAllocationSize recorded 1 samples, mean = 4.0 (flags = 0x41)
0  ... 
4  -O                                                                        (1 = 100.0%) {0.0%}
5  ... 

Histogram: Memory.Experimental.AvailableMemoryMB recorded 160 samples, mean = 15025.5 (flags = 0x41)
0      ... 
7991   -O                                                                        (1 = 0.6%) {0.0%}
8823   -O                                                                        (1 = 0.6%) {0.6%}
9742   --O                                                                       (3 = 1.9%) {1.2%}
10757  -O                                                                        (1 = 0.6%) {3.1%}
11877  -O                                                                        (1 = 0.6%) {3.8%}
13114  --------------O                                                           (22 = 13.8%) {4.4%}
14480  ------------------------------------------------------------------------O (116 = 72.5%) {18.1%}
15988  ---------O                                                                (15 = 9.4%) {90.6%}
17653  ... 

Histogram: Memory.Experimental.AvailableMemoryPercent recorded 160 samples, mean = 46.1 (flags = 0x41)
0   ... 
26  -O                                                                        (1 = 0.6%) {0.0%}
27  -O                                                                        (1 = 0.6%) {0.6%}
28  ... 
30  --O                                                                       (2 = 1.2%) {1.2%}
31  ... 
33  -O                                                                        (1 = 0.6%) {2.5%}
34  -O                                                                        (1 = 0.6%) {3.1%}
35  ... 
38  -O                                                                        (1 = 0.6%) {3.8%}
39  ... 
41  -O                                                                        (1 = 0.6%) {4.4%}
42  ----O                                                                     (4 = 2.5%) {5.0%}
43  -----------O                                                              (11 = 6.9%) {7.5%}
44  ------O                                                                   (6 = 3.8%) {14.4%}
45  --------O                                                                 (8 = 5.0%) {18.1%}
46  ------------O                                                             (12 = 7.5%) {23.1%}
47  -----------------------------------------------------------------O        (65 = 40.6%) {30.6%}
48  -------------------------------O                                          (31 = 19.4%) {71.2%}
49  O                                                                         (0 = 0.0%) {90.6%}
50  -----------O                                                              (11 = 6.9%) {90.6%}
51  ---O                                                                      (3 = 1.9%) {97.5%}
52  -O                                                                        (1 = 0.6%) {99.4%}
53  ... 

Histogram: Memory.Experimental.Renderer.HighestPrivateMemoryFootprint.0to2min recorded 1 samples, mean = 152.0 (flags = 0x41)
0    ... 
152  -O                                                                        (1 = 100.0%) {0.0%}
171  ... 

Histogram: Memory.Experimental.Renderer.HighestPrivateMemoryFootprint.2to4min recorded 1 samples, mean = 93.0 (flags = 0x41)
0   ... 
84  -O                                                                        (1 = 100.0%) {0.0%}
95  ... 

Histogram: Memory.Experimental.Renderer.HighestPrivateMemoryFootprint.4to8min recorded 1 samples, mean = 93.0 (flags = 0x41)
0   ... 
84  -O                                                                        (1 = 100.0%) {0.0%}
95  ... 

Histogram: Memory.Experimental.Renderer.HighestPrivateMemoryFootprint.8to16min recorded 1 samples, mean = 93.0 (flags = 0x41)
0   ... 
84  -O                                                                        (1 = 100.0%) {0.0%}
95  ... 

Histogram: Memory.GPU.PeakMemoryAllocationSource2.PageLoad.SharedContextState recorded 1 samples, mean = 0.0 (flags = 0x41)
0  -O                                                                        (1 = 100.0%)
1  ... 

Histogram: Memory.GPU.PeakMemoryAllocationSource2.PageLoad.SharedImageStub recorded 1 samples, mean = 0.0 (flags = 0x41)
0  -O                                                                        (1 = 100.0%)
1  ... 

Histogram: Memory.GPU.PeakMemoryAllocationSource2.PageLoad.Skia recorded 1 samples, mean = 0.0 (flags = 0x41)
0  -O                                                                        (1 = 100.0%)
1  ... 

Histogram: Memory.GPU.PeakMemoryUsage2.PageLoad recorded 1 samples, mean = 0.0 (flags = 0x41)
0  -O                                                                        (1 = 100.0%)
1  ... 

Histogram: Memory.ParkableString.Compression.Latency recorded 18 samples, mean = 3265.7 (flags = 0x41)
0      -----O                                                                    (5 = 27.8%)
500    ... 
929    -O                                                                        (1 = 5.6%) {27.8%}
1004   -O                                                                        (1 = 5.6%) {33.3%}
1085   ... 
1480   -O                                                                        (1 = 5.6%) {38.9%}
1599   -O                                                                        (1 = 5.6%) {44.4%}
1728   O                                                                         (0 = 0.0%) {50.0%}
1867   -O                                                                        (1 = 5.6%) {50.0%}
2018   -O                                                                        (1 = 5.6%) {55.6%}
2181   ... 
2547   -O                                                                        (1 = 5.6%) {61.1%}
2752   -O                                                                        (1 = 5.6%) {66.7%}
2974   ... 
3473   -O                                                                        (1 = 5.6%) {72.2%}
3753   ... 
8810   --O                                                                       (2 = 11.1%) {77.8%}
9521   -O                                                                        (1 = 5.6%) {88.9%}
10289  -O                                                                        (1 = 5.6%) {94.4%}
11119  ... 

Histogram: Memory.ParkableString.Compression.SizeKb recorded 18 samples, mean = 268.6 (flags = 0x41)
0    ... 
14   -O                                                                        (1 = 5.6%) {0.0%}
16   ... 
23   -O                                                                        (1 = 5.6%) {5.6%}
26   -O                                                                        (1 = 5.6%) {11.1%}
29   -O                                                                        (1 = 5.6%) {16.7%}
33   ... 
60   -O                                                                        (1 = 5.6%) {22.2%}
67   -O                                                                        (1 = 5.6%) {27.8%}
75   O                                                                         (0 = 0.0%) {33.3%}
84   -O                                                                        (1 = 5.6%) {33.3%}
95   O                                                                         (0 = 0.0%) {38.9%}
107  -O                                                                        (1 = 5.6%) {38.9%}
120  O                                                                         (0 = 0.0%) {44.4%}
135  -O                                                                        (1 = 5.6%) {44.4%}
152  O                                                                         (0 = 0.0%) {50.0%}
171  --O                                                                       (2 = 11.1%) {50.0%}
192  -O                                                                        (1 = 5.6%) {61.1%}
216  ... 
307  -O                                                                        (1 = 5.6%) {66.7%}
345  -O                                                                        (1 = 5.6%) {72.2%}
388  ... 
623  -O                                                                        (1 = 5.6%) {77.8%}
701  -O                                                                        (1 = 5.6%) {83.3%}
789  --O                                                                       (2 = 11.1%) {88.9%}
888  ... 

Histogram: Memory.ParkableString.Decompression.Latency recorded 3 samples, mean = 443.0 (flags = 0x41)
0    --O                                                                       (2 = 66.7%)
500  ... 
860  -O                                                                        (1 = 33.3%) {66.7%}
929  ... 

Histogram: Memory.ParkableString.Decompression.ThroughputMBps recorded 3 samples, mean = 287.7 (flags = 0x41)
0    ... 
171  --O                                                                       (2 = 66.7%) {0.0%}
192  ... 
437  -O                                                                        (1 = 33.3%) {66.7%}
492  ... 

Histogram: Memory.ParkableString.DiskReadTime.5min recorded 1 samples, mean = 0.0 (flags = 0x41)
0  -O                                                                        (1 = 100.0%)
1  ... 

Histogram: Memory.ParkableString.DiskWriteTime.5min recorded 1 samples, mean = 14.0 (flags = 0x41)
0   ... 
14  -O                                                                        (1 = 100.0%) {0.0%}
17  ... 

Histogram: Memory.ParkableString.OnDiskSizeKb.5min recorded 1 samples, mean = 957.0 (flags = 0x41)
0    ... 
896  -O                                                                        (1 = 100.0%) {0.0%}
1122 ... 

Histogram: Memory.ParkableString.Read.Latency recorded 3 samples, mean = 120.3 (flags = 0x41)
0  ---O                                                                      (3 = 100.0%)
500... 

Histogram: Memory.ParkableString.TotalParkingThreadTime.5min recorded 1 samples, mean = 58.0 (flags = 0x41)
0   ... 
57  -O                                                                        (1 = 100.0%) {0.0%}
68  ... 

Histogram: Memory.ParkableString.TotalUnparkingTime.5min recorded 1 samples, mean = 0.0 (flags = 0x41)
0  -O                                                                        (1 = 100.0%)
1  ... 

Histogram: Memory.PartitionAlloc.MemoryReclaim recorded 19157 samples, mean = 260.9 (flags = 0x41)
0     ... 
49    ----O                                                                     (216 = 1.1%) {0.0%}
65    ---------------------------------------O                                  (2398 = 12.5%) {1.1%}
86    ------------------------------------------------------------------------O (4437 = 23.2%) {13.6%}
113   ------------------------------------O                                     (2192 = 11.4%) {36.8%}
149   ----O                                                                     (251 = 1.3%) {48.2%}
196   ------------------------O                                                 (1488 = 7.8%) {49.6%}
258   --------------------------------------------------O                       (3054 = 15.9%) {57.3%}
340   ---------O                                                                (547 = 2.9%) {73.3%}
448   ----------------------------------------------------------O               (3574 = 18.7%) {76.1%}
590   ------------O                                                             (717 = 3.7%) {94.8%}
777   ----O                                                                     (228 = 1.2%) {98.5%}
1023  -O                                                                        (49 = 0.3%) {99.7%}
1347  O                                                                         (2 = 0.0%) {100.0%}
1774  O                                                                         (2 = 0.0%) {100.0%}
2336  O                                                                         (1 = 0.0%) {100.0%}
3077  O                                                                         (1 = 0.0%) {100.0%}
4053  ... 

Histogram: Memory.PartitionAlloc.PartitionRoot.ExtrasSize recorded 1 samples, mean = 4.0 (flags = 0x41)
0  ... 
4  -O                                                                        (1 = 100.0%) {0.0%}
5  ... 

Histogram: Memory.PartitionAlloc.PeriodicPurge recorded 1975 samples, mean = 26.0 (flags = 0x41)
0    ... 
4    ---O                                                                      (20 = 1.0%) {0.0%}
5    ----O                                                                     (27 = 1.4%) {1.0%}
7    --O                                                                       (12 = 0.6%) {2.4%}
9    -----------O                                                              (75 = 3.8%) {3.0%}
12   ------------------------------------------------O                         (331 = 16.8%) {6.8%}
16   ---------------------------------------O                                  (268 = 13.6%) {23.5%}
21   ------------------------------------------------------------------------O (501 = 25.4%) {37.1%}
28   -----------------------------------------------------------------O        (449 = 22.7%) {62.5%}
37   ----------------------------O                                             (193 = 9.8%) {85.2%}
49   -----------O                                                              (74 = 3.7%) {95.0%}
65   --O                                                                       (15 = 0.8%) {98.7%}
86   -O                                                                        (5 = 0.3%) {99.5%}
113  O                                                                         (2 = 0.1%) {99.7%}
149  O                                                                         (0 = 0.0%) {99.8%}
196  O                                                                         (2 = 0.1%) {99.8%}
258  ... 
448  O                                                                         (1 = 0.1%) {99.9%}
590  ... 

Histogram: Memory.PressureLevel2 recorded 19251 samples, mean = 0.0 (flags = 0x41)
0  ------------------------------------------------------------------------O (19251 = 100.0%)
1  ... 

Histogram: Mojo.Channel.WriteReceiveMessageProcessType recorded 9 samples, mean = 1.1 (flags = 0x41)
0   --------O                                                                 (8 = 88.9%)
1   ... 
10  -O                                                                        (1 = 11.1%) {88.9%}
11  ... 

Histogram: NQE.ContentObserver.NetworkQualityMeaningfullyChanged recorded 7 samples, mean = 0.9 (flags = 0x40)
0  -O                                                                        (1 = 14.3%)
1  ------O                                                                   (6 = 85.7%) {14.3%}
2  O                                                                         (0 = 0.0%) {100.0%}

Histogram: NQE.RTT.Error.Absolute recorded 45 samples, mean = 101.3 (flags = 0x41)
0    ... 
14   -O                                                                        (1 = 2.2%) {0.0%}
17   O                                                                         (0 = 0.0%) {2.2%}
20   --O                                                                       (2 = 4.4%) {2.2%}
24   O                                                                         (0 = 0.0%) {6.7%}
29   -O                                                                        (1 = 2.2%) {6.7%}
34   --O                                                                       (2 = 4.4%) {8.9%}
40   --O                                                                       (2 = 4.4%) {13.3%}
48   -O                                                                        (1 = 2.2%) {17.8%}
57   ----O                                                                     (4 = 8.9%) {20.0%}
68   --------O                                                                 (8 = 17.8%) {28.9%}
81   -------O                                                                  (7 = 15.6%) {46.7%}
96   ---O                                                                      (3 = 6.7%) {62.2%}
114  ---O                                                                      (3 = 6.7%) {68.9%}
135  ---O                                                                      (3 = 6.7%) {75.6%}
160  -----O                                                                    (5 = 11.1%) {82.2%}
190  -O                                                                        (1 = 2.2%) {93.3%}
226  O                                                                         (0 = 0.0%) {95.6%}
268  -O                                                                        (1 = 2.2%) {95.6%}
318  -O                                                                        (1 = 2.2%) {97.8%}
378  ... 

Histogram: NQE.RTT.Error.IsZero recorded 45 samples, mean = 0.0 (flags = 0x41)
0  ---------------------------------------------O                            (45 = 100.0%)
1  ... 

Histogram: NQE.RTT.Error.Negative recorded 27 samples, mean = 75.0 (flags = 0x41)
0    ... 
14   -O                                                                        (1 = 3.7%) {0.0%}
17   O                                                                         (0 = 0.0%) {3.7%}
20   -O                                                                        (1 = 3.7%) {3.7%}
24   ... 
34   -O                                                                        (1 = 3.7%) {7.4%}
40   --O                                                                       (2 = 7.4%) {11.1%}
48   -O                                                                        (1 = 3.7%) {18.5%}
57   ---O                                                                      (3 = 11.1%) {22.2%}
68   -------O                                                                  (7 = 25.9%) {33.3%}
81   -------O                                                                  (7 = 25.9%) {59.3%}
96   -O                                                                        (1 = 3.7%) {85.2%}
114  --O                                                                       (2 = 7.4%) {88.9%}
135  -O                                                                        (1 = 3.7%) {96.3%}
160  ... 

Histogram: NQE.RTT.Error.Positive recorded 18 samples, mean = 140.8 (flags = 0x41)
0    ... 
20   -O                                                                        (1 = 5.6%) {0.0%}
24   O                                                                         (0 = 0.0%) {5.6%}
29   -O                                                                        (1 = 5.6%) {5.6%}
34   -O                                                                        (1 = 5.6%) {11.1%}
40   ... 
57   -O                                                                        (1 = 5.6%) {16.7%}
68   -O                                                                        (1 = 5.6%) {22.2%}
81   O                                                                         (0 = 0.0%) {27.8%}
96   --O                                                                       (2 = 11.1%) {27.8%}
114  -O                                                                        (1 = 5.6%) {38.9%}
135  --O                                                                       (2 = 11.1%) {44.4%}
160  -----O                                                                    (5 = 27.8%) {55.6%}
190  -O                                                                        (1 = 5.6%) {83.3%}
226  O                                                                         (0 = 0.0%) {88.9%}
268  -O                                                                        (1 = 5.6%) {88.9%}
318  -O                                                                        (1 = 5.6%) {94.4%}
378  ... 

Histogram: NQE.RTT.HittingThreshold.EndToEnd.FallbackSuccess recorded 20 samples, mean = 0.0 (flags = 0x41)
0  --------------------O                                                     (20 = 100.0%)
1  ... 

Histogram: NQE.RTT.HittingThreshold.Transport.FallbackSuccess recorded 1 samples, mean = 0.0 (flags = 0x41)
0  -O                                                                        (1 = 100.0%)
1  ... 

Histogram: NQE.RTT.ObservationSource recorded 57 samples, mean = 1.5 (flags = 0x41)
0  ---------------------------------------------O                            (45 = 78.9%)
1  ... 
3  -O                                                                        (1 = 1.8%) {78.9%}
4  -O                                                                        (1 = 1.8%) {80.7%}
5  O                                                                         (0 = 0.0%) {82.5%}
6  -O                                                                        (1 = 1.8%) {82.5%}
7  -O                                                                        (1 = 1.8%) {84.2%}
8  --------O                                                                 (8 = 14.0%) {86.0%}
9  O                                                                         (0 = 0.0%) {100.0%}

Histogram: NQE.RTT.OnECTComputation recorded 132 samples, mean = 396.5 (flags = 0x41)
0    ... 
114  --O                                                                       (4 = 3.0%) {0.0%}
135  ... 
318  -O                                                                        (1 = 0.8%) {3.0%}
378  ------------------------------------------------------------------------O (120 = 90.9%) {3.8%}
449  ----O                                                                     (7 = 5.3%) {94.7%}
533  ... 

Histogram: NQE.RenderThreadNotified recorded 17 samples, mean = 1.0 (flags = 0x40)
0  O                                                                         (0 = 0.0%)
1  -----------------O                                                        (17 = 100.0%) {0.0%}
2  O                                                                         (0 = 0.0%) {100.0%}

Histogram: NQE.TransportRTT.OnECTComputation recorded 131 samples, mean = 324.8 (flags = 0x41)
0    ... 
57   ---O                                                                      (3 = 2.3%) {0.0%}
68   ... 
268  --------------------------------------O                                   (39 = 29.8%) {2.3%}
318  ------------------------------------------------------------------------O (73 = 55.7%) {32.1%}
378  ----------------O                                                         (16 = 12.2%) {87.8%}
449  ... 

Histogram: Navigation.BeginNavigationImpl.MainFrame recorded 2 samples, mean = 1.0 (flags = 0x41)
0  -O                                                                        (1 = 50.0%)
1  O                                                                         (0 = 0.0%) {50.0%}
2  -O                                                                        (1 = 50.0%) {50.0%}
3  ... 

Histogram: Navigation.BrowserInitiatedSessionHistoryCount recorded 1 samples, mean = 0.0 (flags = 0x41)
0  -O                                                                        (1 = 100.0%)
1  ... 

Histogram: Navigation.CommitRenderFrame recorded 1 samples, mean = 19.0 (flags = 0x41)
0   ... 
17  -O                                                                        (1 = 100.0%) {0.0%}
20  ... 

Histogram: Navigation.CommitToCompositorCreation recorded 1 samples, mean = 993.0 (flags = 0x41)
0    ... 
826  -O                                                                        (1 = 100.0%) {0.0%}
1075 ... 

Histogram: Navigation.CompositorRequestedBeforeCommit2 recorded 1 samples, mean = 0.0 (flags = 0x41)
0  -O                                                                        (1 = 100.0%)
1  ... 

Histogram: Navigation.CompositorRequestedBeforeSwapRFH2 recorded 1 samples, mean = 0.0 (flags = 0x41)
0  -O                                                                        (1 = 100.0%)
1  ... 

Histogram: Navigation.CreateSpeculativeRFH recorded 1 samples, mean = 4.0 (flags = 0x41)
0  ... 
4  -O                                                                        (1 = 100.0%) {0.0%}
5  ... 

Histogram: Navigation.DidCommitSameDocumentNavigation.Duration recorded 1 samples, mean = 0.0 (flags = 0x41)
0  -O                                                                        (1 = 100.0%)
1  ... 

Histogram: Navigation.DidStartLoading.MainFrame recorded 3 samples, mean = 0.0 (flags = 0x41)
0  ---O                                                                      (3 = 100.0%)
1  ... 

Histogram: Navigation.DidStartLoading.Subframe recorded 2 samples, mean = 0.0 (flags = 0x41)
0  --O                                                                       (2 = 100.0%)
1  ... 

Histogram: Navigation.EarlyRenderFrameHostSwapType recorded 6 samples, mean = 0.0 (flags = 0x41)
0  ------O                                                                   (6 = 100.0%)
1  ... 

Histogram: Navigation.EngagementTime.HTTPS recorded 1 samples, mean = 19244696.0 (flags = 0x41)
0        ... 
3600000  -O                                                                        (1 = 100.0%) {0.0%}

Histogram: Navigation.GetFrameHostForNavigation recorded 4 samples, mean = 8.2 (flags = 0x41)
0   --O                                                                       (2 = 50.0%)
1   ... 
4   -O                                                                        (1 = 25.0%) {50.0%}
5   ... 
29  -O                                                                        (1 = 25.0%) {75.0%}
34  ... 

Histogram: Navigation.GetFrameHostForNavigationTime.InDidCreateNavigationRequest.IsHTTPOrHTTPS recorded 3 samples, mean = 10003.7 (flags = 0x41)
0      ... 
76     -O                                                                        (1 = 33.3%) {0.0%}
105    -O                                                                        (1 = 33.3%) {33.3%}
146    ... 
27562  -O                                                                        (1 = 33.3%) {66.7%}
38240  ... 

Histogram: Navigation.IsGuest recorded 1 samples, mean = 0.0 (flags = 0x41)
0  -O                                                                        (1 = 100.0%)
1  ... 

Histogram: Navigation.IsLockedProcess recorded 1 samples, mean = 1.0 (flags = 0x41)
0  O                                                                         (0 = 0.0%)
1  -O                                                                        (1 = 100.0%) {0.0%}
2  O                                                                         (0 = 0.0%) {100.0%}

Histogram: Navigation.IsLockedProcess.HTTPOrHTTPS recorded 1 samples, mean = 1.0 (flags = 0x41)
0  O                                                                         (0 = 0.0%)
1  -O                                                                        (1 = 100.0%) {0.0%}
2  O                                                                         (0 = 0.0%) {100.0%}

Histogram: Navigation.IsProcessBackgrounded.OnCommit recorded 1 samples, mean = 0.0 (flags = 0x41)
0  -O                                                                        (1 = 100.0%)
1  ... 

Histogram: Navigation.IsProcessBackgrounded.OnDOMContentLoaded recorded 1 samples, mean = 0.0 (flags = 0x41)
0  -O                                                                        (1 = 100.0%)
1  ... 

Histogram: Navigation.IsSameBrowsingInstance recorded 1 samples, mean = 0.0 (flags = 0x41)
0  -O                                                                        (1 = 100.0%)
1  ... 

Histogram: Navigation.IsSameSiteInstance recorded 1 samples, mean = 0.0 (flags = 0x41)
0  -O                                                                        (1 = 100.0%)
1  ... 

Histogram: Navigation.IsSameSiteInstance.MainFrame recorded 1 samples, mean = 0.0 (flags = 0x41)
0  -O                                                                        (1 = 100.0%)
1  ... 

Histogram: Navigation.LoaderCreateToRequestStart.MainFrame recorded 1 samples, mean = 1.0 (flags = 0x41)
0  O                                                                         (0 = 0.0%)
1  -O                                                                        (1 = 100.0%) {0.0%}
2  ... 

Histogram: Navigation.MainFrame.FrameCount recorded 1 samples, mean = 2.0 (flags = 0x41)
0  ... 
2  -O                                                                        (1 = 100.0%) {0.0%}
3  ... 

Histogram: Navigation.MainFrame.MaxFrameCount recorded 3 samples, mean = 2.0 (flags = 0x41)
0  O                                                                         (0 = 0.0%)
1  -O                                                                        (1 = 33.3%) {0.0%}
2  -O                                                                        (1 = 33.3%) {33.3%}
3  -O                                                                        (1 = 33.3%) {66.7%}
4  ... 

Histogram: Navigation.MainFrame.NewNavigation.IgnoreRestore.IsHTTPOrHTTPS.BeginNavigationToLoaderStart.Time2 recorded 1 samples, mean = 3.0 (flags = 0x41)
0  ... 
3  -O                                                                        (1 = 100.0%) {0.0%}
4  ... 

Histogram: Navigation.MainFrame.NewNavigation.IgnoreRestore.IsHTTPOrHTTPS.FetchStart.Time2 recorded 1 samples, mean = 1.0 (flags = 0x41)
0  O                                                                         (0 = 0.0%)
1  -O                                                                        (1 = 100.0%) {0.0%}
2  ... 

Histogram: Navigation.MainFrame.NewNavigation.IgnoreRestore.IsHTTPOrHTTPS.LoaderStartToFetchStart.Time2 recorded 1 samples, mean = 1684.0 (flags = 0x41)
0     ... 
1500  -O                                                                        (1 = 100.0%) {0.0%}
1782  ... 

Histogram: Navigation.MainFrame.NewNavigation.IgnoreRestore.IsHTTPOrHTTPS.LoaderStartToReceiveResponse.Time2 recorded 1 samples, mean = 2348.0 (flags = 0x41)
0     ... 
2117  -O                                                                        (1 = 100.0%) {0.0%}
2516  ... 

Histogram: Navigation.MainFrame.NewNavigation.IgnoreRestore.IsHTTPOrHTTPS.NavigationStartToBeginNavigation.Time2 recorded 1 samples, mean = 6696.0 (flags = 0x41)
0     ... 
5961  -O                                                                        (1 = 100.0%) {0.0%}
7083  ... 

Histogram: Navigation.MainFrame.NewNavigation.IgnoreRestore.IsHTTPOrHTTPS.ReceiveHeaders.Time2 recorded 1 samples, mean = 564.0 (flags = 0x41)
0    ... 
533  -O                                                                        (1 = 100.0%) {0.0%}
633  ... 

Histogram: Navigation.MainFrame.NewNavigation.IgnoreRestore.IsHTTPOrHTTPS.ReceiveHeadersToReceiveResponse.Time2 recorded 1 samples, mean = 98.0 (flags = 0x41)
0   ... 
96  -O                                                                        (1 = 100.0%) {0.0%}
114 ... 

Histogram: Navigation.MainFrame.NewNavigation.IgnoreRestore.IsHTTPOrHTTPS.ReceiveResponseToCommitNavigation.Time2 recorded 1 samples, mean = 8.0 (flags = 0x41)
0  ... 
8  -O                                                                        (1 = 100.0%) {0.0%}
10 ... 

Histogram: Navigation.MainFrame.RendererInitiated.InitiatorFramePresentAtStart recorded 1 samples, mean = 0.0 (flags = 0x41)
0  -O                                                                        (1 = 100.0%)
1  ... 

Histogram: Navigation.MainFrame.SiteEngagementLevel recorded 1 samples, mean = 3.0 (flags = 0x41)
0  ... 
3  -O                                                                        (1 = 100.0%) {0.0%}
4  ... 

Histogram: Navigation.MainFrame.ThirdPartyCookieBlockingEnabled recorded 2 samples, mean = 0.0 (flags = 0x41)
0  --O                                                                       (2 = 100.0%)
1  ... 

Histogram: Navigation.MainFrameHasRTLDomain2 recorded 2 samples, mean = 0.0 (flags = 0x41)
0  --O                                                                       (2 = 100.0%)
1  ... 

Histogram: Navigation.MainFrameHasRTLDomainDifferentPage2 recorded 1 samples, mean = 0.0 (flags = 0x41)
0  -O                                                                        (1 = 100.0%)
1  ... 

Histogram: Navigation.MainFrameProfileType2 recorded 2 samples, mean = 0.0 (flags = 0x41)
0  --O                                                                       (2 = 100.0%)
1  ... 

Histogram: Navigation.MainFrameScheme2 recorded 2 samples, mean = 2.0 (flags = 0x41)
0  ... 
2  --O                                                                       (2 = 100.0%) {0.0%}
3  ... 

Histogram: Navigation.MainFrameSchemeDifferentPage2 recorded 1 samples, mean = 2.0 (flags = 0x41)
0  ... 
2  -O                                                                        (1 = 100.0%) {0.0%}
3  ... 

Histogram: Navigation.OnBeforeUnloadOverheadTime recorded 2 samples, mean = 3353.0 (flags = 0x41)
0     ... 
10    -O                                                                        (1 = 50.0%) {0.0%}
12    ... 
5961  -O                                                                        (1 = 50.0%) {50.0%}
7083  ... 

Histogram: Navigation.OnBeforeUnloadTotalTime recorded 2 samples, mean = 0.0 (flags = 0x41)
0  --O                                                                       (2 = 100.0%)
1  ... 

Histogram: Navigation.OriginAgentCluster.Result recorded 1 samples, mean = 9.0 (flags = 0x41)
0  ... 
9  -O                                                                        (1 = 100.0%) {0.0%}
10 O                                                                         (0 = 0.0%) {100.0%}

Histogram: Navigation.PendingCommit.DidBlockGetFrameHostForNavigation.Regular recorded 1 samples, mean = 0.0 (flags = 0x41)
0  -O                                                                        (1 = 100.0%)
1  ... 

Histogram: Navigation.PendingCommit.Duration.Regular recorded 1 samples, mean = 332.0 (flags = 0x41)
0    ... 
318  -O                                                                        (1 = 100.0%) {0.0%}
378  ... 

Histogram: Navigation.Preconnect.PreresolveJobQueueLength recorded 16 samples, mean = 0.5 (flags = 0x41)
0  --------O                                                                 (8 = 50.0%)
1  --------O                                                                 (8 = 50.0%) {50.0%}
2  ... 

Histogram: Navigation.Preconnect.PreresolveJobQueueingTime recorded 8 samples, mean = 0.0 (flags = 0x41)
0  --------O                                                                 (8 = 100.0%)
1  ... 

Histogram: Navigation.Preconnect.ProxyLookupCallbackQueueingTime recorded 8 samples, mean = 335.6 (flags = 0x41)
0    --O                                                                       (2 = 25.0%)
1    ... 
318  ---O                                                                      (3 = 37.5%) {25.0%}
378  ... 
533  ---O                                                                      (3 = 37.5%) {62.5%}
633  ... 

Histogram: Navigation.Preconnect.ProxyLookupLatency recorded 8 samples, mean = 1308.4 (flags = 0x41)
0     -O                                                                        (1 = 12.5%)
1     -O                                                                        (1 = 12.5%) {12.5%}
2     ... 
318   ---O                                                                      (3 = 37.5%) {25.0%}
378   ... 
533   -O                                                                        (1 = 12.5%) {62.5%}
633   ... 
894   -O                                                                        (1 = 12.5%) {75.0%}
1062  ... 
7083  -O                                                                        (1 = 12.5%) {87.5%}
8416  ... 

Histogram: Navigation.ProcessNavigationThrottlesTime.WillStartRequest.MainFrame recorded 2 samples, mean = 4.5 (flags = 0x41)
0  ... 
2  -O                                                                        (1 = 50.0%) {0.0%}
3  ... 
7  -O                                                                        (1 = 50.0%) {50.0%}
8  ... 

Histogram: Navigation.QueueTime.OnReceiveRedirect.MainFrame recorded 1 samples, mean = 0.0 (flags = 0x41)
0  -O                                                                        (1 = 100.0%)
1  ... 

Histogram: Navigation.QueueTime.OnReceiveResponse.MainFrame recorded 1 samples, mean = 96.0 (flags = 0x41)
0   ... 
96  -O                                                                        (1 = 100.0%) {0.0%}
114 ... 

Histogram: Navigation.ReadyToCommitUntilCommit2 recorded 1 samples, mean = 331.0 (flags = 0x41)
0    ... 
280  -O                                                                        (1 = 100.0%) {0.0%}
356  ... 

Histogram: Navigation.ReadyToCommitUntilCommit2.ForegroundProcessPriority recorded 1 samples, mean = 331.0 (flags = 0x41)
0    ... 
280  -O                                                                        (1 = 100.0%) {0.0%}
356  ... 

Histogram: Navigation.ReadyToCommitUntilCommit2.NewNavigation recorded 1 samples, mean = 331.0 (flags = 0x41)
0    ... 
280  -O                                                                        (1 = 100.0%) {0.0%}
356  ... 

Histogram: Navigation.RegisterNavigationThrottlesTime.MainFrame recorded 2 samples, mean = 1.5 (flags = 0x41)
0  -O                                                                        (1 = 50.0%)
1  ... 
3  -O                                                                        (1 = 50.0%) {50.0%}
4  ... 

Histogram: Navigation.RenderFrameDelete recorded 1 samples, mean = 1.0 (flags = 0x41)
0  O                                                                         (0 = 0.0%)
1  -O                                                                        (1 = 100.0%) {0.0%}
2  ... 

Histogram: Navigation.RenderFrameHostConstructor recorded 4 samples, mean = 0.2 (flags = 0x41)
0  ---O                                                                      (3 = 75.0%)
1  -O                                                                        (1 = 25.0%) {75.0%}
2  ... 

Histogram: Navigation.RenderFrameHostDestructor recorded 4 samples, mean = 1.2 (flags = 0x41)
0  --O                                                                       (2 = 50.0%)
1  O                                                                         (0 = 0.0%) {50.0%}
2  -O                                                                        (1 = 25.0%) {50.0%}
3  -O                                                                        (1 = 25.0%) {75.0%}
4  ... 

Histogram: Navigation.RenderViewHostConstructor recorded 2 samples, mean = 0.0 (flags = 0x41)
0  --O                                                                       (2 = 100.0%)
1  ... 

Histogram: Navigation.RenderViewHostDestructor recorded 2 samples, mean = 1.0 (flags = 0x41)
0  O                                                                         (0 = 0.0%)
1  --O                                                                       (2 = 100.0%) {0.0%}
2  ... 

Histogram: Navigation.RenderWidgetHostConstructor recorded 2 samples, mean = 1.0 (flags = 0x41)
0  -O                                                                        (1 = 50.0%)
1  O                                                                         (0 = 0.0%) {50.0%}
2  -O                                                                        (1 = 50.0%) {50.0%}
3  ... 

Histogram: Navigation.RenderWidgetHostDestructor recorded 2 samples, mean = 0.0 (flags = 0x41)
0  --O                                                                       (2 = 100.0%)
1  ... 

Histogram: Navigation.RendererCommitDelay.MainFrame recorded 1 samples, mean = 1.0 (flags = 0x41)
0  O                                                                         (0 = 0.0%)
1  -O                                                                        (1 = 100.0%) {0.0%}
2  ... 

Histogram: Navigation.RendererCommitQueueTime.MainFrame recorded 1 samples, mean = 0.0 (flags = 0x41)
0  -O                                                                        (1 = 100.0%)
1  ... 

Histogram: Navigation.RendererDidNavigateTime.MainFrame recorded 1 samples, mean = 0.0 (flags = 0x41)
0  -O                                                                        (1 = 100.0%)
1  ... 

Histogram: Navigation.RendererDidNavigateTime.Subframe recorded 2 samples, mean = 0.0 (flags = 0x41)
0  --O                                                                       (2 = 100.0%)
1  ... 

Histogram: Navigation.RequiresDedicatedProcess recorded 1 samples, mean = 1.0 (flags = 0x41)
0  O                                                                         (0 = 0.0%)
1  -O                                                                        (1 = 100.0%) {0.0%}
2  O                                                                         (0 = 0.0%) {100.0%}

Histogram: Navigation.RequiresDedicatedProcess.HTTPOrHTTPS recorded 1 samples, mean = 1.0 (flags = 0x41)
0  O                                                                         (0 = 0.0%)
1  -O                                                                        (1 = 100.0%) {0.0%}
2  O                                                                         (0 = 0.0%) {100.0%}

Histogram: Navigation.SameDocumentNavigationWithScreenshot recorded 1 samples, mean = 0.0 (flags = 0x41)
0  -O                                                                        (1 = 100.0%)
1  ... 

Histogram: Navigation.SendCommitNavigationTime.MainFrame recorded 1 samples, mean = 0.0 (flags = 0x41)
0  -O                                                                        (1 = 100.0%)
1  ... 

Histogram: Navigation.StartToCommit recorded 3 samples, mean = 3128.7 (flags = 0x41)
0     --O                                                                       (2 = 66.7%)
1     ... 
8000  -O                                                                        (1 = 33.3%) {66.7%}
10165 ... 

Histogram: Navigation.StartToCommit.CrossProcess recorded 1 samples, mean = 9386.0 (flags = 0x41)
0     ... 
8000  -O                                                                        (1 = 100.0%) {0.0%}
10165 ... 

Histogram: Navigation.StartToCommit.CrossProcess.ForegroundProcessPriority recorded 1 samples, mean = 9386.0 (flags = 0x41)
0     ... 
8000  -O                                                                        (1 = 100.0%) {0.0%}
10165 ... 

Histogram: Navigation.StartToCommit.CrossProcess.MainFrame recorded 1 samples, mean = 9386.0 (flags = 0x41)
0     ... 
8000  -O                                                                        (1 = 100.0%) {0.0%}
10165 ... 

Histogram: Navigation.StartToCommit.CrossProcess.MainFrame.ForegroundProcessPriority recorded 1 samples, mean = 9386.0 (flags = 0x41)
0     ... 
8000  -O                                                                        (1 = 100.0%) {0.0%}
10165 ... 

Histogram: Navigation.StartToCommit.CrossProcess.MainFrame.NewNavigation recorded 1 samples, mean = 9386.0 (flags = 0x41)
0     ... 
8000  -O                                                                        (1 = 100.0%) {0.0%}
10165 ... 

Histogram: Navigation.StartToCommit.CrossProcess.NewNavigation recorded 1 samples, mean = 9386.0 (flags = 0x41)
0     ... 
8000  -O                                                                        (1 = 100.0%) {0.0%}
10165 ... 

Histogram: Navigation.StartToCommit.ForegroundProcessPriority recorded 3 samples, mean = 3128.7 (flags = 0x41)
0     --O                                                                       (2 = 66.7%)
1     ... 
8000  -O                                                                        (1 = 33.3%) {66.7%}
10165 ... 

Histogram: Navigation.StartToCommit.MainFrame recorded 1 samples, mean = 9386.0 (flags = 0x41)
0     ... 
8000  -O                                                                        (1 = 100.0%) {0.0%}
10165 ... 

Histogram: Navigation.StartToCommit.MainFrame.ForegroundProcessPriority recorded 1 samples, mean = 9386.0 (flags = 0x41)
0     ... 
8000  -O                                                                        (1 = 100.0%) {0.0%}
10165 ... 

Histogram: Navigation.StartToCommit.MainFrame.NewNavigation recorded 1 samples, mean = 9386.0 (flags = 0x41)
0     ... 
8000  -O                                                                        (1 = 100.0%) {0.0%}
10165 ... 

Histogram: Navigation.StartToCommit.NewNavigation recorded 3 samples, mean = 3128.7 (flags = 0x41)
0     --O                                                                       (2 = 66.7%)
1     ... 
8000  -O                                                                        (1 = 33.3%) {66.7%}
10165 ... 

Histogram: Navigation.StartToCommit.SameProcess recorded 2 samples, mean = 0.0 (flags = 0x41)
0  --O                                                                       (2 = 100.0%)
1  ... 

Histogram: Navigation.StartToCommit.SameProcess.ForegroundProcessPriority recorded 2 samples, mean = 0.0 (flags = 0x41)
0  --O                                                                       (2 = 100.0%)
1  ... 

Histogram: Navigation.StartToCommit.SameProcess.NewNavigation recorded 2 samples, mean = 0.0 (flags = 0x41)
0  --O                                                                       (2 = 100.0%)
1  ... 

Histogram: Navigation.StartToCommit.SameProcess.Subframe recorded 2 samples, mean = 0.0 (flags = 0x41)
0  --O                                                                       (2 = 100.0%)
1  ... 

Histogram: Navigation.StartToCommit.SameProcess.Subframe.ForegroundProcessPriority recorded 2 samples, mean = 0.0 (flags = 0x41)
0  --O                                                                       (2 = 100.0%)
1  ... 

Histogram: Navigation.StartToCommit.SameProcess.Subframe.NewNavigation recorded 2 samples, mean = 0.0 (flags = 0x41)
0  --O                                                                       (2 = 100.0%)
1  ... 

Histogram: Navigation.StartToCommit.Subframe recorded 2 samples, mean = 0.0 (flags = 0x41)
0  --O                                                                       (2 = 100.0%)
1  ... 

Histogram: Navigation.StartToCommit.Subframe.ForegroundProcessPriority recorded 2 samples, mean = 0.0 (flags = 0x41)
0  --O                                                                       (2 = 100.0%)
1  ... 

Histogram: Navigation.StartToCommit.Subframe.NewNavigation recorded 2 samples, mean = 0.0 (flags = 0x41)
0  --O                                                                       (2 = 100.0%)
1  ... 

Histogram: Navigation.SuddenTerminationDisabler.AllOrigins recorded 1 samples, mean = 13.0 (flags = 0x41)
0   ... 
13  -O                                                                        (1 = 100.0%) {0.0%}
14  ... 

Histogram: Navigation.SuddenTerminationDisabler.SameOrigin recorded 1 samples, mean = 13.0 (flags = 0x41)
0   ... 
13  -O                                                                        (1 = 100.0%) {0.0%}
14  ... 

Histogram: Navigation.SwapRFHToCompositorCreation recorded 1 samples, mean = 666.0 (flags = 0x41)
0    ... 
635  -O                                                                        (1 = 100.0%) {0.0%}
826  ... 

Histogram: Navigation.ThrottleCount recorded 2 samples, mean = 20.0 (flags = 0x41)
0   ... 
20  --O                                                                       (2 = 100.0%) {0.0%}
21  ... 

Histogram: Navigation.ThrottleEventDurationTime.WillProcessResponse recorded 1 samples, mean = 0.0 (flags = 0x41)
0  -O                                                                        (1 = 100.0%)
1  ... 

Histogram: Navigation.ThrottleEventDurationTime.WillRedirectRequest recorded 1 samples, mean = 0.0 (flags = 0x41)
0  -O                                                                        (1 = 100.0%)
1  ... 

Histogram: Navigation.ThrottleEventDurationTime.WillStartRequest recorded 2 samples, mean = 3.0 (flags = 0x41)
0  O                                                                         (0 = 0.0%)
1  -O                                                                        (1 = 50.0%) {0.0%}
2  ... 
5  -O                                                                        (1 = 50.0%) {50.0%}
6  ... 

Histogram: Navigation.ThrottleEventExecutionTime.WillProcessResponse recorded 1 samples, mean = 0.0 (flags = 0x41)
0  -O                                                                        (1 = 100.0%)
1  ... 

Histogram: Navigation.ThrottleEventExecutionTime.WillRedirectRequest recorded 1 samples, mean = 0.0 (flags = 0x41)
0  -O                                                                        (1 = 100.0%)
1  ... 

Histogram: Navigation.ThrottleEventExecutionTime.WillStartRequest recorded 2 samples, mean = 3.0 (flags = 0x41)
0  O                                                                         (0 = 0.0%)
1  -O                                                                        (1 = 50.0%) {0.0%}
2  ... 
5  -O                                                                        (1 = 50.0%) {50.0%}
6  ... 

Histogram: Navigation.ThrottleExecutionTime.WillProcessResponse recorded 20 samples, mean = 0.0 (flags = 0x41)
0  --------------------O                                                     (20 = 100.0%)
1  ... 

Histogram: Navigation.ThrottleExecutionTime.WillRedirectRequest recorded 20 samples, mean = 0.0 (flags = 0x41)
0  --------------------O                                                     (20 = 100.0%)
1  ... 

Histogram: Navigation.ThrottleExecutionTime.WillStartRequest recorded 40 samples, mean = 0.1 (flags = 0x41)
0  --------------------------------------O                                   (38 = 95.0%)
1  -O                                                                        (1 = 2.5%) {95.0%}
2  O                                                                         (0 = 0.0%) {97.5%}
3  -O                                                                        (1 = 2.5%) {97.5%}
4  ... 

Histogram: Navigation.ThrottleTotalDeferCount recorded 5 samples, mean = 0.0 (flags = 0x41)
0  -----O                                                                    (5 = 100.0%)
1  ... 

Histogram: Navigation.ThrottleTotalDeferCount.Request recorded 5 samples, mean = 0.0 (flags = 0x41)
0  -----O                                                                    (5 = 100.0%)
1  ... 

Histogram: Navigation.ThrottleTotalDeferTime recorded 5 samples, mean = 0.0 (flags = 0x41)
0  -----O                                                                    (5 = 100.0%)
1  ... 

Histogram: Navigation.ThrottleTotalDeferTime.Request recorded 5 samples, mean = 0.0 (flags = 0x41)
0  -----O                                                                    (5 = 100.0%)
1  ... 

Histogram: Navigation.Throttles.PolicyBlocklist.DeferDurationTime recorded 2 samples, mean = 0.0 (flags = 0x41)
0  --O                                                                       (2 = 100.0%)
1  ... 

Histogram: Navigation.Throttles.PolicyBlocklist.RequestThrottleAction recorded 2 samples, mean = 2.5 (flags = 0x41)
0  O                                                                         (0 = 0.0%)
1  -O                                                                        (1 = 50.0%) {0.0%}
2  ... 
4  -O                                                                        (1 = 50.0%) {50.0%}
5  ... 

Histogram: Navigation.Throttles.PolicyBlocklist.RequestToResponseTime recorded 1 samples, mean = 0.0 (flags = 0x41)
0  -O                                                                        (1 = 100.0%)
1  ... 

Histogram: Navigation.TimeToReadyToCommit2 recorded 1 samples, mean = 9054.0 (flags = 0x41)
0     ... 
8000  -O                                                                        (1 = 100.0%) {0.0%}
10165 ... 

Histogram: Navigation.TimeToReadyToCommit2.CrossProcess recorded 1 samples, mean = 9054.0 (flags = 0x41)
0     ... 
8000  -O                                                                        (1 = 100.0%) {0.0%}
10165 ... 

Histogram: Navigation.TimeToReadyToCommit2.CrossProcess.NewNavigation recorded 1 samples, mean = 9054.0 (flags = 0x41)
0     ... 
8000  -O                                                                        (1 = 100.0%) {0.0%}
10165 ... 

Histogram: Navigation.TimeToReadyToCommit2.MainFrame recorded 1 samples, mean = 9054.0 (flags = 0x41)
0     ... 
8000  -O                                                                        (1 = 100.0%) {0.0%}
10165 ... 

Histogram: Navigation.TimeToReadyToCommit2.MainFrame.NewNavigation recorded 1 samples, mean = 9054.0 (flags = 0x41)
0     ... 
8000  -O                                                                        (1 = 100.0%) {0.0%}
10165 ... 

Histogram: Navigation.TimeToReadyToCommit2.NewNavigation recorded 1 samples, mean = 9054.0 (flags = 0x41)
0     ... 
8000  -O                                                                        (1 = 100.0%) {0.0%}
10165 ... 

Histogram: Navigation.Unload recorded 1 samples, mean = 0.0 (flags = 0x41)
0  -O                                                                        (1 = 100.0%)
1  ... 

Histogram: Navigation.UserAgentStringType recorded 4 samples, mean = 1.0 (flags = 0x41)
0  O                                                                         (0 = 0.0%)
1  ----O                                                                     (4 = 100.0%) {0.0%}
2  ... 

Histogram: Navigation.WillStartRequestToLoaderStart.MainFrame recorded 2 samples, mean = 4.5 (flags = 0x41)
0  O                                                                         (0 = 0.0%)
1  -O                                                                        (1 = 50.0%) {0.0%}
2  ... 
8  -O                                                                        (1 = 50.0%) {50.0%}
10 ... 

Histogram: NavigationPredictor.SearchEnginePreconnector.IsBrowserAppLikelyInForeground recorded 320 samples, mean = 0.0 (flags = 0x41)
0  ------------------------------------------------------------------------O (317 = 99.1%)
1  -O                                                                        (3 = 0.9%) {99.1%}
2  O                                                                         (0 = 0.0%) {100.0%}

Histogram: NavigationSuggestion.GetDomainInfoDelayBeforeAllowingNavigation recorded 1 samples, mean = 0.0 (flags = 0x41)
0  -O                                                                        (1 = 100.0%)
1  ... 

Histogram: NavigationSuggestion.IsLookalikeUrlDelayBeforeAllowingNavigation recorded 1 samples, mean = 0.0 (flags = 0x41)
0  -O                                                                        (1 = 100.0%)
1  ... 

Histogram: NavigationSuggestion.PerformChecksDelayBeforeAllowingNavigation recorded 1 samples, mean = 0.0 (flags = 0x41)
0  -O                                                                        (1 = 100.0%)
1  ... 

Histogram: Net.AlternateProtocolBrokenLocation recorded 2 samples, mean = 2.0 (flags = 0x41)
0  ... 
2  --O                                                                       (2 = 100.0%) {0.0%}
3  ... 

Histogram: Net.AlternateProtocolUsage recorded 265 samples, mean = 5.5 (flags = 0x41)
0  ... 
3  ---O                                                                      (5 = 1.9%) {0.0%}
4  ----------------------------------------------------------------O         (122 = 46.0%) {1.9%}
5  ... 
7  ------------------------------------------------------------------------O (138 = 52.1%) {47.9%}
8  O                                                                         (0 = 0.0%) {100.0%}

Histogram: Net.AlternateProtocolUsageGoogle recorded 204 samples, mean = 5.3 (flags = 0x41)
0  ... 
3  -O                                                                        (2 = 1.0%) {0.0%}
4  ------------------------------------------------------------------------O (115 = 56.4%) {1.0%}
5  ... 
7  ------------------------------------------------------O                   (87 = 42.6%) {57.4%}
8  O                                                                         (0 = 0.0%) {100.0%}

Histogram: Net.AlternateServiceFailed recorded 2 samples (flags = 0x41)
336  --O                                                                       (2 = 100.0%)

Histogram: Net.AlternativeServiceTypeForRequest recorded 179 samples, mean = 0.0 (flags = 0x41)
0  ------------------------------------------------------------------------O (176 = 98.3%)
1  -O                                                                        (3 = 1.7%) {98.3%}
2  ... 

Histogram: Net.CertVerifier.PathBuilderIterationCount recorded 18 samples, mean = 2.0 (flags = 0x41)
0  ... 
2  ------------------O                                                       (18 = 100.0%) {0.0%}
3  ... 

Histogram: Net.CertVerifier_First_Job_Latency recorded 1 samples, mean = 581.0 (flags = 0x41)
0    ... 
572  -O                                                                        (1 = 100.0%) {0.0%}
648  ... 

Histogram: Net.CertVerifier_Job_Latency recorded 18 samples, mean = 304.0 (flags = 0x41)
0    ... 
12   -O                                                                        (1 = 5.6%) {0.0%}
14   ... 
20   -O                                                                        (1 = 5.6%) {5.6%}
23   ... 
37   -O                                                                        (1 = 5.6%) {11.1%}
42   ... 
128  -O                                                                        (1 = 5.6%) {16.7%}
145  ... 
211  -O                                                                        (1 = 5.6%) {22.2%}
239  O                                                                         (0 = 0.0%) {27.8%}
271  --O                                                                       (2 = 11.1%) {27.8%}
307  -O                                                                        (1 = 5.6%) {38.9%}
348  -----O                                                                    (5 = 27.8%) {44.4%}
394  -O                                                                        (1 = 5.6%) {72.2%}
446  ---O                                                                      (3 = 16.7%) {77.8%}
505  O                                                                         (0 = 0.0%) {94.4%}
572  -O                                                                        (1 = 5.6%) {94.4%}
648  ... 

Histogram: Net.Certificate.TrustAnchor.Request recorded 138 samples (flags = 0x41)
200  -O                                                                        (1 = 0.7%)
210  -----------------------------O                                            (39 = 28.3%)
483  -O                                                                        (1 = 0.7%)
486  ------------------------------------------------------------------------O (97 = 70.3%)

Histogram: Net.Certificate.TrustAnchor.Verify recorded 18 samples (flags = 0x41)
200  -O                                                                        (1 = 5.6%)
210  ---O                                                                      (3 = 16.7%)
483  -O                                                                        (1 = 5.6%)
486  -------------O                                                            (13 = 72.2%)

Histogram: Net.ConnectionInfo.MainFrame recorded 1 samples, mean = 4.0 (flags = 0x41)
0  ... 
4  -O                                                                        (1 = 100.0%) {0.0%}
5  ... 

Histogram: Net.ConnectionInfo.SubResource recorded 48 samples, mean = 3.9 (flags = 0x41)
0  O                                                                         (0 = 0.0%)
1  -O                                                                        (1 = 2.1%) {0.0%}
2  ... 
4  -----------------------------------------------O                          (47 = 97.9%) {2.1%}
5  ... 

Histogram: Net.ContentEncodingType recorded 137 samples, mean = 0.3 (flags = 0x41)
0  ------------------------------------------------------------------------O (98 = 71.5%)
1  -------------------------O                                                (34 = 24.8%) {71.5%}
2  ----O                                                                     (5 = 3.6%) {96.4%}
3  ... 

Histogram: Net.Cors.AccessCheckResult recorded 10 samples, mean = 0.0 (flags = 0x41)
0  ----------O                                                               (10 = 100.0%)
1  ... 

Histogram: Net.CountOfBrokenAlternativeServices recorded 1 samples, mean = 2.0 (flags = 0x41)
0  ... 
2  -O                                                                        (1 = 100.0%) {0.0%}
3  ... 

Histogram: Net.CountOfQuicServerInfos recorded 1 samples, mean = 0.0 (flags = 0x41)
0  -O                                                                        (1 = 100.0%)
1  ... 

Histogram: Net.CountOfRecentlyBrokenAlternativeServices recorded 1 samples, mean = 6.0 (flags = 0x41)
0  ... 
6  -O                                                                        (1 = 100.0%) {0.0%}
7  ... 

Histogram: Net.DNS.DnsConfig.DnsClientCapability recorded 159 samples, mean = 1.0 (flags = 0x41)
0  O                                                                         (0 = 0.0%)
1  ------------------------------------------------------------------------O (159 = 100.0%) {0.0%}
2  ... 

Histogram: Net.DNS.DnsConfig.SecureDnsMode recorded 1 samples, mean = 4.0 (flags = 0x41)
0  ... 
4  -O                                                                        (1 = 100.0%) {0.0%}
5  ... 

Histogram: Net.DNS.DnsConfig.Windows.Compatibility recorded 14 samples, mean = 0.0 (flags = 0x41)
0  --------------O                                                           (14 = 100.0%)
1  ... 

Histogram: Net.DNS.DnsConfig.Windows.ReadSystemSettings0 recorded 14 samples, mean = 0.0 (flags = 0x41)
0  --------------O                                                           (14 = 100.0%)
1  ... 

Histogram: Net.DNS.DnsHosts.Count recorded 2 samples, mean = 0.0 (flags = 0x41)
0  --O                                                                       (2 = 100.0%)
1  ... 

Histogram: Net.DNS.DnsHosts.EstimateMemoryUsage recorded 2 samples, mean = 0.0 (flags = 0x41)
0  --O                                                                       (2 = 100.0%)
1000... 

Histogram: Net.DNS.DnsHosts.FileSize recorded 2 samples, mean = 822.0 (flags = 0x41)
0    ... 
737  --O                                                                       (2 = 100.0%) {0.0%}
1065 ... 

Histogram: Net.DNS.DnsTask.SuccessTime recorded 29 samples, mean = 15.0 (flags = 0x41)
0   ... 
7   -O                                                                        (1 = 3.4%) {0.0%}
8   -O                                                                        (1 = 3.4%) {3.4%}
9   ------O                                                                   (6 = 20.7%) {6.9%}
10  -O                                                                        (1 = 3.4%) {27.6%}
12  -----O                                                                    (5 = 17.2%) {31.0%}
14  --O                                                                       (2 = 6.9%) {48.3%}
16  ---O                                                                      (3 = 10.3%) {55.2%}
18  ---O                                                                      (3 = 10.3%) {65.5%}
21  ----O                                                                     (4 = 13.8%) {75.9%}
24  ---O                                                                      (3 = 10.3%) {89.7%}
28  ... 

Histogram: Net.DNS.DnsTask.SvcbHttpsTransactionError recorded 9 samples, mean = 0.0 (flags = 0x41)
0  ---------O                                                                (9 = 100.0%)
1  ... 

Histogram: Net.DNS.DnsTransaction.AttemptType recorded 87 samples, mean = 0.0 (flags = 0x41)
0  ------------------------------------------------------------------------O (87 = 100.0%)
1  ... 

Histogram: Net.DNS.DnsTransaction.Insecure.Other.SuccessTime recorded 67 samples, mean = 5.9 (flags = 0x41)
0   ... 
2   -O                                                                        (1 = 1.5%) {0.0%}
3   --O                                                                       (2 = 3.0%) {1.5%}
4   -------------------O                                                      (19 = 28.4%) {4.5%}
5   -----------------O                                                        (17 = 25.4%) {32.8%}
6   -------O                                                                  (7 = 10.4%) {58.2%}
8   -------------------O                                                      (19 = 28.4%) {68.7%}
10  --O                                                                       (2 = 3.0%) {97.0%}
13  ... 

Histogram: Net.DNS.HTTPSSVC.RecordHttps.Insecure.ExpectNoerror.DnsRcode recorded 29 samples, mean = 0.9 (flags = 0x41)
0  --------------------O                                                     (20 = 69.0%)
1  ... 
3  ---------O                                                                (9 = 31.0%) {69.0%}
4  ... 

Histogram: Net.DNS.HTTPSSVC.RecordHttps.Insecure.ExpectNoerror.ResolveTimeAddress recorded 58 samples, mean = 5.7 (flags = 0x41)
0   ... 
3   --O                                                                       (2 = 3.4%) {0.0%}
4   ----------------O                                                         (16 = 27.6%) {3.4%}
5   ---------------------O                                                    (21 = 36.2%) {31.0%}
6   -----O                                                                    (5 = 8.6%) {67.2%}
8   ------------O                                                             (12 = 20.7%) {75.9%}
10  --O                                                                       (2 = 3.4%) {96.6%}
13  ... 

Histogram: Net.DNS.HTTPSSVC.RecordHttps.Insecure.ExpectNoerror.ResolveTimeExperimental recorded 29 samples, mean = 14.7 (flags = 0x41)
0   ... 
6   --O                                                                       (2 = 6.9%) {0.0%}
8   ------O                                                                   (6 = 20.7%) {6.9%}
10  ----O                                                                     (4 = 13.8%) {27.6%}
13  -----O                                                                    (5 = 17.2%) {41.4%}
16  -----O                                                                    (5 = 17.2%) {58.6%}
20  ------O                                                                   (6 = 20.7%) {75.9%}
25  -O                                                                        (1 = 3.4%) {96.6%}
32  ... 

Histogram: Net.DNS.HTTPSSVC.RecordHttps.Insecure.ExpectNoerror.ResolveTimeRatio recorded 29 samples, mean = 24.4 (flags = 0x41)
0   ... 
9   -O                                                                        (1 = 3.4%) {0.0%}
10  ----O                                                                     (4 = 13.8%) {3.4%}
11  ... 
13  -O                                                                        (1 = 3.4%) {17.2%}
14  ... 
16  --O                                                                       (2 = 6.9%) {20.7%}
17  --O                                                                       (2 = 6.9%) {27.6%}
18  -O                                                                        (1 = 3.4%) {34.5%}
19  O                                                                         (0 = 0.0%) {37.9%}
20  ------------------O                                                       (18 = 62.1%) {37.9%}

Histogram: Net.DNS.JobQueueTime.PerTransaction recorded 87 samples, mean = 0.0 (flags = 0x41)
0  ------------------------------------------------------------------------O (85 = 97.7%)
1  --O                                                                       (2 = 2.3%) {97.7%}
2  ... 

Histogram: Net.DNS.JobQueueTime.Success recorded 29 samples, mean = 0.1 (flags = 0x41)
0  ----------------------------O                                             (28 = 96.6%)
1  O                                                                         (0 = 0.0%) {96.6%}
2  -O                                                                        (1 = 3.4%) {96.6%}
3  ... 

Histogram: Net.DNS.Request.TotalTime recorded 468 samples, mean = 0.9 (flags = 0x41)
0   ------------------------------------------------------------------------O (447 = 95.5%)
10  O                                                                         (1 = 0.2%) {95.5%}
12  -O                                                                        (6 = 1.3%) {95.7%}
15  -O                                                                        (4 = 0.9%) {97.0%}
18  -O                                                                        (5 = 1.1%) {97.9%}
22  -O                                                                        (5 = 1.1%) {98.9%}
27  ... 

Histogram: Net.DNS.Request.TotalTimeAsync recorded 29 samples, mean = 15.1 (flags = 0x41)
0   --------O                                                                 (8 = 27.6%)
10  -O                                                                        (1 = 3.4%) {27.6%}
12  ------O                                                                   (6 = 20.7%) {31.0%}
15  ----O                                                                     (4 = 13.8%) {51.7%}
18  -----O                                                                    (5 = 17.2%) {65.5%}
22  -----O                                                                    (5 = 17.2%) {82.8%}
27  ... 

Histogram: Net.DNS.ResolveCategory recorded 29 samples, mean = 0.0 (flags = 0x41)
0  -----------------------------O                                            (29 = 100.0%)
1  ... 

Histogram: Net.DNS.ResolveSuccessTime recorded 29 samples, mean = 15.0 (flags = 0x41)
0   ... 
7   -O                                                                        (1 = 3.4%) {0.0%}
8   -O                                                                        (1 = 3.4%) {3.4%}
9   ------O                                                                   (6 = 20.7%) {6.9%}
10  -O                                                                        (1 = 3.4%) {27.6%}
12  -----O                                                                    (5 = 17.2%) {31.0%}
14  --O                                                                       (2 = 6.9%) {48.3%}
16  ---O                                                                      (3 = 10.3%) {55.2%}
18  ---O                                                                      (3 = 10.3%) {65.5%}
21  ----O                                                                     (4 = 13.8%) {75.9%}
24  ---O                                                                      (3 = 10.3%) {89.7%}
28  ... 

Histogram: Net.DNS.UpgradeConfig.HasPublicInsecureNameserver recorded 1 samples, mean = 0.0 (flags = 0x41)
0  -O                                                                        (1 = 100.0%)
1  ... 

Histogram: Net.DNS.UpgradeConfig.Ineligible.DohSpecified recorded 1 samples, mean = 0.0 (flags = 0x41)
0  -O                                                                        (1 = 100.0%)
1  ... 

Histogram: Net.DNS.UpgradeConfig.Ineligible.UnhandledOptions recorded 1 samples, mean = 0.0 (flags = 0x41)
0  -O                                                                        (1 = 100.0%)
1  ... 

Histogram: Net.DNS.UpgradeConfig.InsecureUpgradeSucceeded recorded 1 samples, mean = 0.0 (flags = 0x41)
0  -O                                                                        (1 = 100.0%)
1  ... 

Histogram: Net.DNS_Resolution_And_TCP_Connection_Latency2 recorded 97 samples, mean = 0.0 (flags = 0x41)
0  ------------------------------------------------------------------------O (96 = 99.0%)
1  ... 
3  -O                                                                        (1 = 1.0%) {99.0%}
4  ... 

Histogram: Net.Dns.ResolveTimeDiff.AAAABeforeA.FirstRecordFasterThan10ms recorded 16 samples, mean = 1.1 (flags = 0x41)
0  -----------O                                                              (11 = 68.8%)
1  -O                                                                        (1 = 6.2%) {68.8%}
2  -O                                                                        (1 = 6.2%) {75.0%}
3  O                                                                         (0 = 0.0%) {81.2%}
4  --O                                                                       (2 = 12.5%) {81.2%}
5  O                                                                         (0 = 0.0%) {93.8%}
6  -O                                                                        (1 = 6.2%) {93.8%}
7  ... 

Histogram: Net.Dns.ResolveTimeDiff.ABeforeAAAA.FirstRecordFasterThan10ms recorded 13 samples, mean = 0.5 (flags = 0x41)
0  ----------O                                                               (10 = 76.9%)
1  O                                                                         (0 = 0.0%) {76.9%}
2  --O                                                                       (2 = 15.4%) {76.9%}
3  -O                                                                        (1 = 7.7%) {92.3%}
4  ... 

Histogram: Net.Dns.ResolveTimeDiff.AddressRecordBeforeHTTPS.FirstRecordFasterThan10ms recorded 8 samples, mean = 2.1 (flags = 0x41)
0  ---O                                                                      (3 = 37.5%)
1  O                                                                         (0 = 0.0%) {37.5%}
2  -O                                                                        (1 = 12.5%) {37.5%}
3  --O                                                                       (2 = 25.0%) {50.0%}
4  -O                                                                        (1 = 12.5%) {75.0%}
5  -O                                                                        (1 = 12.5%) {87.5%}
6  ... 

Histogram: Net.ErrorCodesForMainFrame4 recorded 2 samples (flags = 0x41)
0  -O                                                                        (1 = 50.0%)
3  -O                                                                        (1 = 50.0%)

Histogram: Net.ErrorCodesForSubresources3 recorded 53 samples (flags = 0x41)
0    -------------------------------------------------O                        (49 = 92.5%)
400  ----O                                                                     (4 = 7.5%)

Histogram: Net.HttpJob.BytesReceived2 recorded 173 samples, mean = 8707.1 (flags = 0x41)
0       ---------------------------O                                              (35 = 20.2%)
1       ... 
80      -O                                                                        (1 = 0.6%) {20.2%}
115     ... 
340     --O                                                                       (3 = 1.7%) {20.8%}
488     --O                                                                       (2 = 1.2%) {22.5%}
700     --O                                                                       (2 = 1.2%) {23.7%}
1004    ------------------------------------------------------------------------O (93 = 53.8%) {24.9%}
1440    --O                                                                       (2 = 1.2%) {78.6%}
2065    -O                                                                        (1 = 0.6%) {79.8%}
2961    ------O                                                                   (8 = 4.6%) {80.3%}
4246    --O                                                                       (2 = 1.2%) {85.0%}
6089    --O                                                                       (2 = 1.2%) {86.1%}
8732    --O                                                                       (3 = 1.7%) {87.3%}
12523   O                                                                         (0 = 0.0%) {89.0%}
17959   ----O                                                                     (5 = 2.9%) {89.0%}
25755   --O                                                                       (2 = 1.2%) {91.9%}
36935   ---O                                                                      (4 = 2.3%) {93.1%}
52968   O                                                                         (0 = 0.0%) {95.4%}
75961   ----O                                                                     (5 = 2.9%) {95.4%}
108935  --O                                                                       (2 = 1.2%) {98.3%}
156223  -O                                                                        (1 = 0.6%) {99.4%}
224038  ... 

Histogram: Net.HttpJob.BytesSent2 recorded 173 samples, mean = 876.5 (flags = 0x41)
0      --------------------------------O                                         (35 = 20.2%)
1      ... 
39     -O                                                                        (1 = 0.6%) {20.2%}
56     ------O                                                                   (6 = 3.5%) {20.8%}
80     ----------------------O                                                   (24 = 13.9%) {24.3%}
115    -O                                                                        (1 = 0.6%) {38.2%}
165    --O                                                                       (2 = 1.2%) {38.7%}
237    ---O                                                                      (3 = 1.7%) {39.9%}
340    ------O                                                                   (6 = 3.5%) {41.6%}
488    -----O                                                                    (5 = 2.9%) {45.1%}
700    ---O                                                                      (3 = 1.7%) {48.0%}
1004   -------O                                                                  (8 = 4.6%) {49.7%}
1440   ------------------------------------------------------------------------O (78 = 45.1%) {54.3%}
2065   ... 
12523  -O                                                                        (1 = 0.6%) {99.4%}
17959  ... 

Histogram: Net.HttpJob.PrefilterBytesRead recorded 175 samples, mean = 8451.3 (flags = 0x41)
0       ----------------------------------O                                       (41 = 23.4%)
1       ... 
13      -O                                                                        (1 = 0.6%) {23.4%}
19      -O                                                                        (1 = 0.6%) {24.0%}
27      O                                                                         (0 = 0.0%) {24.6%}
39      -O                                                                        (1 = 0.6%) {24.6%}
56      -O                                                                        (1 = 0.6%) {25.1%}
80      -O                                                                        (1 = 0.6%) {25.7%}
115     O                                                                         (0 = 0.0%) {26.3%}
165     -O                                                                        (1 = 0.6%) {26.3%}
237     O                                                                         (0 = 0.0%) {26.9%}
340     -O                                                                        (1 = 0.6%) {26.9%}
488     ---O                                                                      (4 = 2.3%) {27.4%}
700     ---O                                                                      (4 = 2.3%) {29.7%}
1004    ------------------------------------------------------------------------O (86 = 49.1%) {32.0%}
1440    --O                                                                       (2 = 1.1%) {81.1%}
2065    ---O                                                                      (3 = 1.7%) {82.3%}
2961    --O                                                                       (2 = 1.1%) {84.0%}
4246    --O                                                                       (2 = 1.1%) {85.1%}
6089    -O                                                                        (1 = 0.6%) {86.3%}
8732    ---O                                                                      (3 = 1.7%) {86.9%}
12523   O                                                                         (0 = 0.0%) {88.6%}
17959   -----O                                                                    (6 = 3.4%) {88.6%}
25755   --O                                                                       (2 = 1.1%) {92.0%}
36935   ---O                                                                      (4 = 2.3%) {93.1%}
52968   O                                                                         (0 = 0.0%) {95.4%}
75961   ----O                                                                     (5 = 2.9%) {95.4%}
108935  --O                                                                       (2 = 1.1%) {98.3%}
156223  -O                                                                        (1 = 0.6%) {99.4%}
224038  ... 

Histogram: Net.HttpJob.PrefilterBytesRead.Cache recorded 3 samples, mean = 8709.7 (flags = 0x41)
0      -O                                                                        (1 = 33.3%)
1      ... 
340    -O                                                                        (1 = 33.3%) {33.3%}
488    ... 
17959  -O                                                                        (1 = 33.3%) {66.7%}
25755  ... 

Histogram: Net.HttpJob.PrefilterBytesRead.Net recorded 172 samples, mean = 8446.8 (flags = 0x41)
0       ---------------------------------O                                        (40 = 23.3%)
1       ... 
13      -O                                                                        (1 = 0.6%) {23.3%}
19      -O                                                                        (1 = 0.6%) {23.8%}
27      O                                                                         (0 = 0.0%) {24.4%}
39      -O                                                                        (1 = 0.6%) {24.4%}
56      -O                                                                        (1 = 0.6%) {25.0%}
80      -O                                                                        (1 = 0.6%) {25.6%}
115     O                                                                         (0 = 0.0%) {26.2%}
165     -O                                                                        (1 = 0.6%) {26.2%}
237     ... 
488     ---O                                                                      (4 = 2.3%) {26.7%}
700     ---O                                                                      (4 = 2.3%) {29.1%}
1004    ------------------------------------------------------------------------O (86 = 50.0%) {31.4%}
1440    --O                                                                       (2 = 1.2%) {81.4%}
2065    ---O                                                                      (3 = 1.7%) {82.6%}
2961    --O                                                                       (2 = 1.2%) {84.3%}
4246    --O                                                                       (2 = 1.2%) {85.5%}
6089    -O                                                                        (1 = 0.6%) {86.6%}
8732    ---O                                                                      (3 = 1.7%) {87.2%}
12523   O                                                                         (0 = 0.0%) {89.0%}
17959   ----O                                                                     (5 = 2.9%) {89.0%}
25755   --O                                                                       (2 = 1.2%) {91.9%}
36935   ---O                                                                      (4 = 2.3%) {93.0%}
52968   O                                                                         (0 = 0.0%) {95.3%}
75961   ----O                                                                     (5 = 2.9%) {95.3%}
108935  --O                                                                       (2 = 1.2%) {98.3%}
156223  -O                                                                        (1 = 0.6%) {99.4%}
224038  ... 

Histogram: Net.HttpJob.ProxyTypeFailed recorded 31 samples, mean = 1.0 (flags = 0x41)
0  O                                                                         (0 = 0.0%)
1  -------------------------------O                                          (31 = 100.0%) {0.0%}
2  ... 

Histogram: Net.HttpJob.ProxyTypeSuccess recorded 138 samples, mean = 4.0 (flags = 0x41)
0  ... 
4  ------------------------------------------------------------------------O (138 = 100.0%) {0.0%}
5  ... 

Histogram: Net.HttpJob.TotalTime recorded 175 samples, mean = 15990.5 (flags = 0x41)
0      -----O                                                                    (5 = 2.9%)
1      ... 
6      -O                                                                        (1 = 0.6%) {2.9%}
7      ... 
318    ----------O                                                               (10 = 5.7%) {3.4%}
378    ----------O                                                               (10 = 5.7%) {9.1%}
449    -----O                                                                    (5 = 2.9%) {14.9%}
533    ----------O                                                               (10 = 5.7%) {17.7%}
633    -----O                                                                    (5 = 2.9%) {23.4%}
752    ---O                                                                      (3 = 1.7%) {26.3%}
894    --------O                                                                 (8 = 4.6%) {28.0%}
1062   -----------------------O                                                  (23 = 13.1%) {32.6%}
1262   --------------------------------------O                                   (38 = 21.7%) {45.7%}
1500   ---------------O                                                          (15 = 8.6%) {67.4%}
1782   --O                                                                       (2 = 1.1%) {76.0%}
2117   -----O                                                                    (5 = 2.9%) {77.1%}
2516   ... 
4222   -O                                                                        (1 = 0.6%) {80.0%}
5017   O                                                                         (0 = 0.0%) {80.6%}
5961   -O                                                                        (1 = 0.6%) {80.6%}
7083   -O                                                                        (1 = 0.6%) {81.1%}
8416   O                                                                         (0 = 0.0%) {81.7%}
10000  --------------------------------O                                         (32 = 18.3%) {81.7%}

Histogram: Net.HttpJob.TotalTime.TLS13.Google recorded 87 samples, mean = 1627.8 (flags = 0x41)
0      ... 
533    -----O                                                                    (5 = 5.7%) {0.0%}
633    --O                                                                       (2 = 2.3%) {5.7%}
752    -O                                                                        (1 = 1.1%) {8.0%}
894    --O                                                                       (2 = 2.3%) {9.2%}
1062   ----------------------O                                                   (22 = 25.3%) {11.5%}
1262   --------------------------------O                                         (32 = 36.8%) {36.8%}
1500   -------------O                                                            (13 = 14.9%) {73.6%}
1782   --O                                                                       (2 = 2.3%) {88.5%}
2117   ----O                                                                     (4 = 4.6%) {90.8%}
2516   ... 
4222   -O                                                                        (1 = 1.1%) {95.4%}
5017   O                                                                         (0 = 0.0%) {96.6%}
5961   -O                                                                        (1 = 1.1%) {96.6%}
7083   -O                                                                        (1 = 1.1%) {97.7%}
8416   O                                                                         (0 = 0.0%) {98.9%}
10000  -O                                                                        (1 = 1.1%) {98.9%}

Histogram: Net.HttpJob.TotalTimeCached recorded 3 samples, mean = 322.7 (flags = 0x41)
0    -O                                                                        (1 = 33.3%)
1    ... 
6    -O                                                                        (1 = 33.3%) {33.3%}
7    ... 
894  -O                                                                        (1 = 33.3%) {66.7%}
1062 ... 

Histogram: Net.HttpJob.TotalTimeCancel recorded 37 samples, mean = 71266.1 (flags = 0x41)
0      ----O                                                                     (4 = 10.8%)
1      ... 
5961   -O                                                                        (1 = 2.7%) {10.8%}
7083   ... 
10000  --------------------------------O                                         (32 = 86.5%) {13.5%}

Histogram: Net.HttpJob.TotalTimeNotCached recorded 172 samples, mean = 16263.7 (flags = 0x41)
0      ----O                                                                     (4 = 2.3%)
1      ... 
318    ----------O                                                               (10 = 5.8%) {2.3%}
378    ----------O                                                               (10 = 5.8%) {8.1%}
449    -----O                                                                    (5 = 2.9%) {14.0%}
533    ----------O                                                               (10 = 5.8%) {16.9%}
633    -----O                                                                    (5 = 2.9%) {22.7%}
752    ---O                                                                      (3 = 1.7%) {25.6%}
894    -------O                                                                  (7 = 4.1%) {27.3%}
1062   -----------------------O                                                  (23 = 13.4%) {31.4%}
1262   --------------------------------------O                                   (38 = 22.1%) {44.8%}
1500   ---------------O                                                          (15 = 8.7%) {66.9%}
1782   --O                                                                       (2 = 1.2%) {75.6%}
2117   -----O                                                                    (5 = 2.9%) {76.7%}
2516   ... 
4222   -O                                                                        (1 = 0.6%) {79.7%}
5017   O                                                                         (0 = 0.0%) {80.2%}
5961   -O                                                                        (1 = 0.6%) {80.2%}
7083   -O                                                                        (1 = 0.6%) {80.8%}
8416   O                                                                         (0 = 0.0%) {81.4%}
10000  --------------------------------O                                         (32 = 18.6%) {81.4%}

Histogram: Net.HttpJob.TotalTimeSuccess recorded 138 samples, mean = 1170.2 (flags = 0x41)
0     -O                                                                        (1 = 0.7%)
1     ... 
6     -O                                                                        (1 = 0.7%) {0.7%}
7     ... 
318   ----------O                                                               (10 = 7.2%) {1.4%}
378   ----------O                                                               (10 = 7.2%) {8.7%}
449   -----O                                                                    (5 = 3.6%) {15.9%}
533   ----------O                                                               (10 = 7.2%) {19.6%}
633   -----O                                                                    (5 = 3.6%) {26.8%}
752   ---O                                                                      (3 = 2.2%) {30.4%}
894   --------O                                                                 (8 = 5.8%) {32.6%}
1062  -----------------------O                                                  (23 = 16.7%) {38.4%}
1262  --------------------------------------O                                   (38 = 27.5%) {55.1%}
1500  ---------------O                                                          (15 = 10.9%) {82.6%}
1782  --O                                                                       (2 = 1.4%) {93.5%}
2117  -----O                                                                    (5 = 3.6%) {94.9%}
2516  ... 
4222  -O                                                                        (1 = 0.7%) {98.6%}
5017  ... 
7083  -O                                                                        (1 = 0.7%) {99.3%}
8416  ... 

Histogram: Net.HttpJob.TotalTimeSuccess.Priority1 recorded 86 samples, mean = 1449.2 (flags = 0x41)
0     ... 
378   -O                                                                        (1 = 1.2%) {0.0%}
449   O                                                                         (0 = 0.0%) {1.2%}
533   -----O                                                                    (5 = 5.8%) {1.2%}
633   --O                                                                       (2 = 2.3%) {7.0%}
752   -O                                                                        (1 = 1.2%) {9.3%}
894   --O                                                                       (2 = 2.3%) {10.5%}
1062  ----------------------O                                                   (22 = 25.6%) {12.8%}
1262  --------------------------------O                                         (32 = 37.2%) {38.4%}
1500  -------------O                                                            (13 = 15.1%) {75.6%}
1782  --O                                                                       (2 = 2.3%) {90.7%}
2117  ----O                                                                     (4 = 4.7%) {93.0%}
2516  ... 
4222  -O                                                                        (1 = 1.2%) {97.7%}
5017  ... 
7083  -O                                                                        (1 = 1.2%) {98.8%}
8416  ... 

Histogram: Net.HttpJob.TotalTimeSuccess.Priority2 recorded 29 samples, mean = 531.2 (flags = 0x41)
0     ... 
6     -O                                                                        (1 = 3.4%) {0.0%}
7     ... 
318   ----------O                                                               (10 = 34.5%) {3.4%}
378   --------O                                                                 (8 = 27.6%) {37.9%}
449   ---O                                                                      (3 = 10.3%) {65.5%}
533   ---O                                                                      (3 = 10.3%) {75.9%}
633   --O                                                                       (2 = 6.9%) {86.2%}
752   ... 
1500  -O                                                                        (1 = 3.4%) {93.1%}
1782  O                                                                         (0 = 0.0%) {96.6%}
2117  -O                                                                        (1 = 3.4%) {96.6%}
2516  ... 

Histogram: Net.HttpJob.TotalTimeSuccess.Priority3 recorded 1 samples, mean = 1100.0 (flags = 0x41)
0     ... 
1062  -O                                                                        (1 = 100.0%) {0.0%}
1262  ... 

Histogram: Net.HttpJob.TotalTimeSuccess.Priority4 recorded 7 samples, mean = 800.3 (flags = 0x41)
0     ... 
378   -O                                                                        (1 = 14.3%) {0.0%}
449   --O                                                                       (2 = 28.6%) {14.3%}
533   -O                                                                        (1 = 14.3%) {42.9%}
633   ... 
894   -O                                                                        (1 = 14.3%) {57.1%}
1062  O                                                                         (0 = 0.0%) {71.4%}
1262  --O                                                                       (2 = 28.6%) {71.4%}
1500  ... 

Histogram: Net.HttpJob.TotalTimeSuccess.Priority5 recorded 15 samples, mean = 983.3 (flags = 0x41)
0     -O                                                                        (1 = 6.7%)
1     ... 
533   -O                                                                        (1 = 6.7%) {6.7%}
633   -O                                                                        (1 = 6.7%) {13.3%}
752   --O                                                                       (2 = 13.3%) {20.0%}
894   -----O                                                                    (5 = 33.3%) {33.3%}
1062  O                                                                         (0 = 0.0%) {66.7%}
1262  ----O                                                                     (4 = 26.7%) {66.7%}
1500  -O                                                                        (1 = 6.7%) {93.3%}
1782  ... 

Histogram: Net.HttpProxy.ConnectLatency.Insecure.Success recorded 97 samples, mean = 0.0 (flags = 0x41)
0  ------------------------------------------------------------------------O (96 = 99.0%)
1  ... 
4  -O                                                                        (1 = 1.0%) {99.0%}
5  ... 

Histogram: Net.HttpRequestSSLUpgradeDecision recorded 2 samples, mean = 5.0 (flags = 0x41)
0  ... 
5  --O                                                                       (2 = 100.0%) {0.0%}
6  O                                                                         (0 = 0.0%) {100.0%}

Histogram: Net.HttpRequestStsState recorded 2 samples, mean = 2.0 (flags = 0x41)
0  ... 
2  --O                                                                       (2 = 100.0%) {0.0%}
3  ... 

Histogram: Net.HttpResponseCode recorded 288 samples, mean = 262.8 (flags = 0x41)
0    ... 
200  ------------------------------------------------------------------------O (194 = 67.4%) {0.0%}
201  ... 
204  -O                                                                        (2 = 0.7%) {67.4%}
205  ... 
302  -O                                                                        (4 = 1.4%) {68.1%}
303  O                                                                         (0 = 0.0%) {69.4%}
304  O                                                                         (1 = 0.3%) {69.4%}
305  ... 
308  O                                                                         (1 = 0.3%) {69.8%}
309  ... 
403  --------------------------------O                                         (86 = 29.9%) {70.1%}
404  ... 

Histogram: Net.HttpTimeToFirstByte recorded 175 samples, mean = 15980.5 (flags = 0x41)
0      ------O                                                                   (6 = 3.4%)
10     ... 
258    -O                                                                        (1 = 0.6%) {3.4%}
317    ------------O                                                             (12 = 6.9%) {4.0%}
389    ------------O                                                             (12 = 6.9%) {10.9%}
477    -------O                                                                  (7 = 4.0%) {17.7%}
585    --------O                                                                 (8 = 4.6%) {21.7%}
718    ----O                                                                     (4 = 2.3%) {26.3%}
881    ---------O                                                                (9 = 5.1%) {28.6%}
1081   --------------------------------------O                                   (38 = 21.7%) {33.7%}
1326   ----------------------------O                                             (28 = 16.0%) {55.4%}
1627   -------O                                                                  (7 = 4.0%) {71.4%}
1996   --------O                                                                 (8 = 4.6%) {75.4%}
2449   ... 
4524   -O                                                                        (1 = 0.6%) {80.0%}
5551   -O                                                                        (1 = 0.6%) {80.6%}
6812   -O                                                                        (1 = 0.6%) {81.1%}
8359   O                                                                         (0 = 0.0%) {81.7%}
10257  -O                                                                        (1 = 0.6%) {81.7%}
12586  ... 
79390  -------------------------------O                                          (31 = 17.7%) {82.3%}
97419  ... 

Histogram: Net.HttpTimeToFirstByte.TLS13.Google recorded 87 samples, mean = 1631.1 (flags = 0x41)
0      ... 
452    -O                                                                        (1 = 1.1%) {0.0%}
574    ------O                                                                   (6 = 6.9%) {1.1%}
729    -O                                                                        (1 = 1.1%) {8.0%}
926    ------------O                                                             (12 = 13.8%) {9.2%}
1177   -------------------------------------------O                              (43 = 49.4%) {23.0%}
1496   -------------O                                                            (13 = 14.9%) {72.4%}
1901   -------O                                                                  (7 = 8.0%) {87.4%}
2415   ... 
3900   -O                                                                        (1 = 1.1%) {95.4%}
4955   -O                                                                        (1 = 1.1%) {96.6%}
6296   -O                                                                        (1 = 1.1%) {97.7%}
8000   O                                                                         (0 = 0.0%) {98.9%}
10165  -O                                                                        (1 = 1.1%) {98.9%}
12916  ... 

Histogram: Net.NetworkChangeNotifier.NewConnectionCost recorded 2 samples, mean = 1.0 (flags = 0x41)
0  O                                                                         (0 = 0.0%)
1  --O                                                                       (2 = 100.0%) {0.0%}
2  ... 

Histogram: Net.NumQuicSessionsAtShutdown recorded 3 samples, mean = 0.0 (flags = 0x41)
0  ---O                                                                      (3 = 100.0%)
1  ... 

Histogram: Net.OnTransferSizeUpdated.Experimental.OverridenBy recorded 280 samples, mean = 9.3 (flags = 0x41)
0   O                                                                         (0 = 0.0%)
1   ------------------------------------------------------------------------O (152 = 54.3%) {0.0%}
2   ... 
11  -----------------------------O                                            (61 = 21.8%) {54.3%}
12  --O                                                                       (5 = 1.8%) {76.1%}
13  ... 
26  O                                                                         (1 = 0.4%) {77.9%}
27  O                                                                         (0 = 0.0%) {78.2%}
28  -----------------------------O                                            (61 = 21.8%) {78.2%}
29  ... 

Histogram: Net.QuicSession.CloseAllSessionsError recorded 3 samples (flags = 0x41)
3  ---O                                                                      (3 = 100.0%)

Histogram: Net.QuicSession.FinchConfigIsValid recorded 3 samples, mean = 1.0 (flags = 0x41)
0  O                                                                         (0 = 0.0%)
1  ---O                                                                      (3 = 100.0%) {0.0%}
2  O                                                                         (0 = 0.0%) {100.0%}

Histogram: Net.RestrictedCookieManager.GetCookiesString.Count30Seconds recorded 641 samples, mean = 0.0 (flags = 0x41)
0  ------------------------------------------------------------------------O (640 = 99.8%)
1  O                                                                         (0 = 0.0%) {99.8%}
2  O                                                                         (1 = 0.2%) {99.8%}
3  ... 

Histogram: Net.RestrictedCookieManager.SiteForCookiesOK recorded 2 samples, mean = 1.0 (flags = 0x41)
0  O                                                                         (0 = 0.0%)
1  --O                                                                       (2 = 100.0%) {0.0%}
2  O                                                                         (0 = 0.0%) {100.0%}

Histogram: Net.RestrictedCookieManager.TopFrameOriginOK recorded 2 samples, mean = 1.0 (flags = 0x41)
0  O                                                                         (0 = 0.0%)
1  --O                                                                       (2 = 100.0%) {0.0%}
2  O                                                                         (0 = 0.0%) {100.0%}

Histogram: Net.SSLHandshakeDetails recorded 92 samples, mean = 6.8 (flags = 0x41)
0  ... 
6  --------------O                                                           (15 = 16.3%) {0.0%}
7  ------------------------------------------------------------------------O (77 = 83.7%) {16.3%}
8  ... 

Histogram: Net.SSLNegotiatedAlpnProtocol recorded 92 samples, mean = 2.0 (flags = 0x41)
0  O                                                                         (0 = 0.0%)
1  -O                                                                        (1 = 1.1%) {0.0%}
2  ------------------------------------------------------------------------O (91 = 98.9%) {1.1%}
3  ... 

Histogram: Net.SSLRenegotiationInfoSupported recorded 92 samples, mean = 1.0 (flags = 0x41)
0  O                                                                         (0 = 0.0%)
1  ------------------------------------------------------------------------O (92 = 100.0%) {0.0%}
2  O                                                                         (0 = 0.0%) {100.0%}

Histogram: Net.SSLSignatureAlgorithm recorded 92 samples (flags = 0x41)
1027  ------------------------------------------------------------------------O (87 = 94.6%)
2052  ----O                                                                     (5 = 5.4%)

Histogram: Net.SSLVersion recorded 92 samples, mean = 6.0 (flags = 0x41)
0  ... 
6  ------------------------------------------------------------------------O (92 = 100.0%) {0.0%}
7  ... 

Histogram: Net.SSL_CipherSuite recorded 92 samples (flags = 0x41)
4865  -------------O                                                            (14 = 15.2%)
4866  ------------------------------------------------------------------------O (78 = 84.8%)

Histogram: Net.SSL_Connection_Error recorded 92 samples (flags = 0x41)
0  ------------------------------------------------------------------------O (92 = 100.0%)

Histogram: Net.SSL_Connection_Latency_2 recorded 92 samples, mean = 798.9 (flags = 0x41)
0     ... 
485   -------------------------O                                                (25 = 27.2%) {0.0%}
535   -----O                                                                    (5 = 5.4%) {27.2%}
590   ----------------------O                                                   (22 = 23.9%) {32.6%}
651   --------O                                                                 (8 = 8.7%) {56.5%}
718   ---O                                                                      (3 = 3.3%) {65.2%}
792   ------O                                                                   (6 = 6.5%) {68.5%}
874   -----O                                                                    (5 = 5.4%) {75.0%}
964   -----------O                                                              (11 = 12.0%) {80.4%}
1064  O                                                                         (0 = 0.0%) {92.4%}
1174  -O                                                                        (1 = 1.1%) {92.4%}
1295  -O                                                                        (1 = 1.1%) {93.5%}
1429  -O                                                                        (1 = 1.1%) {94.6%}
1577  -O                                                                        (1 = 1.1%) {95.7%}
1740  -O                                                                        (1 = 1.1%) {96.7%}
1920  ... 
2846  -O                                                                        (1 = 1.1%) {97.8%}
3140  ... 
5134  -O                                                                        (1 = 1.1%) {98.9%}
5665  ... 

Histogram: Net.SSL_KeyExchange.ECDHE recorded 92 samples (flags = 0x41)
29     ------------------------------------------------------------------------O (87 = 94.6%)
25497  ----O                                                                     (5 = 5.4%)

Histogram: Net.SharedDictionaryStorageOnDisk.IsMetadataReadyOnFirstUse recorded 1 samples, mean = 1.0 (flags = 0x41)
0  O                                                                         (0 = 0.0%)
1  -O                                                                        (1 = 100.0%) {0.0%}
2  O                                                                         (0 = 0.0%) {100.0%}

Histogram: Net.SharedDictionaryStorageOnDisk.MetadataReadTime.Empty recorded 1 samples, mean = 0.0 (flags = 0x41)
0  -O                                                                        (1 = 100.0%)
1  ... 

Histogram: Net.SharedDictionaryStore.DeleteExpiredDictionaries.Error recorded 2 samples, mean = 0.0 (flags = 0x41)
0  --O                                                                       (2 = 100.0%)
1  ... 

Histogram: Net.SharedDictionaryStore.GetDictionaries.Error recorded 1 samples, mean = 0.0 (flags = 0x41)
0  -O                                                                        (1 = 100.0%)
1  ... 

Histogram: Net.SharedDictionaryStore.ProcessEviction.Error recorded 1 samples, mean = 0.0 (flags = 0x41)
0  -O                                                                        (1 = 100.0%)
1  ... 

Histogram: Net.SpdyFrameStreamAndSessionFlowControlState recorded 90 samples, mean = 0.0 (flags = 0x41)
0  ------------------------------------------------------------------------O (90 = 100.0%)
1  ... 

Histogram: Net.SpdyHeadersCompressionPercentage recorded 137 samples, mean = 61.1 (flags = 0x41)
0   ... 
32  -O                                                                        (1 = 0.7%) {0.0%}
33  O                                                                         (0 = 0.0%) {0.7%}
34  --O                                                                       (2 = 1.5%) {0.7%}
35  ... 
40  --O                                                                       (2 = 1.5%) {2.2%}
41  ---O                                                                      (3 = 2.2%) {3.6%}
42  -O                                                                        (1 = 0.7%) {5.8%}
43  O                                                                         (0 = 0.0%) {6.6%}
44  -O                                                                        (1 = 0.7%) {6.6%}
45  ------------------------------------------------------------------------O (78 = 56.9%) {7.3%}
46  ... 
59  -O                                                                        (1 = 0.7%) {64.2%}
60  ... 
65  -O                                                                        (1 = 0.7%) {65.0%}
66  ... 
75  -O                                                                        (1 = 0.7%) {65.7%}
76  ... 
78  -O                                                                        (1 = 0.7%) {66.4%}
79  -O                                                                        (1 = 0.7%) {67.2%}
80  ... 
83  ---O                                                                      (3 = 2.2%) {67.9%}
84  -O                                                                        (1 = 0.7%) {70.1%}
85  ... 
92  ---O                                                                      (3 = 2.2%) {70.8%}
93  -O                                                                        (1 = 0.7%) {73.0%}
94  ----------O                                                               (11 = 8.0%) {73.7%}
95  -----------------O                                                        (18 = 13.1%) {81.8%}
96  ------O                                                                   (6 = 4.4%) {94.9%}
97  O                                                                         (0 = 0.0%) {99.3%}
98  -O                                                                        (1 = 0.7%) {99.3%}
99  ... 

Histogram: Net.SpdyResponseCode recorded 137 samples (flags = 0x41)
200  ---------------------------------------O                                  (47 = 34.3%)
204  -O                                                                        (1 = 0.7%)
302  --O                                                                       (2 = 1.5%)
304  -O                                                                        (1 = 0.7%)
403  ------------------------------------------------------------------------O (86 = 62.8%)

Histogram: Net.SpdySession.AcceptChForOrigin recorded 137 samples, mean = 0.6 (flags = 0x41)
0  -----------------------------------------O                                (50 = 36.5%)
1  ------------------------------------------------------------------------O (87 = 63.5%) {36.5%}
2  O                                                                         (0 = 0.0%) {100.0%}

Histogram: Net.SpdySession.AlpsAcceptChEntries recorded 79 samples, mean = 1.0 (flags = 0x41)
0  O                                                                         (0 = 0.0%)
1  ------------------------------------------------------------------------O (79 = 100.0%) {0.0%}
2  ... 

Histogram: Net.SpdySession.AlpsDecoderStatus recorded 79 samples, mean = 0.0 (flags = 0x41)
0  ------------------------------------------------------------------------O (79 = 100.0%)
1  ... 

Histogram: Net.SpdySession.AlpsDecoderStatus.Bypassed recorded 79 samples, mean = 0.0 (flags = 0x41)
0  ------------------------------------------------------------------------O (79 = 100.0%)
1  ... 

Histogram: Net.SpdySession.AlpsSettingParameterCount recorded 79 samples, mean = 0.0 (flags = 0x41)
0  ------------------------------------------------------------------------O (79 = 100.0%)
1  ... 

Histogram: Net.SpdySession.ClosedOnError recorded 88 samples (flags = 0x41)
0    --O                                                                       (2 = 2.3%)
3    -O                                                                        (1 = 1.1%)
100  ------------------------------------------------------------------------O (85 = 96.6%)

Histogram: Net.SpdySession.CreateStreamWithSocketConnected recorded 137 samples, mean = 1.0 (flags = 0x41)
0  O                                                                         (0 = 0.0%)
1  ------------------------------------------------------------------------O (137 = 100.0%) {0.0%}
2  O                                                                         (0 = 0.0%) {100.0%}

Histogram: Net.SpdySession.GoAwayReceived recorded 2 samples (flags = 0x41)
0  --O                                                                       (2 = 100.0%)

Histogram: Net.SpdySession.OnSettings.ActiveStreamCount2 recorded 88 samples, mean = 1.1 (flags = 0x41)
0  O                                                                         (0 = 0.0%)
1  ------------------------------------------------------------------------O (87 = 98.9%) {0.0%}
2  ... 
7  -O                                                                        (1 = 1.1%) {98.9%}
8  ... 

Histogram: Net.SpdySession.OnSettings.CreatedAndActiveStreamCount2 recorded 88 samples, mean = 1.1 (flags = 0x41)
0  O                                                                         (0 = 0.0%)
1  ------------------------------------------------------------------------O (87 = 98.9%) {0.0%}
2  ... 
7  -O                                                                        (1 = 1.1%) {98.9%}
8  ... 

Histogram: Net.SpdySession.OnSettings.CreatedStreamCount2 recorded 88 samples, mean = 0.0 (flags = 0x41)
0  ------------------------------------------------------------------------O (88 = 100.0%)
1  ... 

Histogram: Net.SpdySession.OnSettings.PendingStreamCount2 recorded 88 samples, mean = 0.0 (flags = 0x41)
0  ------------------------------------------------------------------------O (88 = 100.0%)
1  ... 

Histogram: Net.SpdySession.ServerSupportsWebSocket recorded 88 samples, mean = 0.0 (flags = 0x41)
0  ------------------------------------------------------------------------O (88 = 100.0%)
1  ... 

Histogram: Net.SpdySessionErrorDetails2 recorded 2 samples, mean = 15.0 (flags = 0x41)
0   ... 
15  --O                                                                       (2 = 100.0%) {0.0%}
16  ... 

Histogram: Net.SpdySessionGet recorded 131 samples, mean = 2.3 (flags = 0x41)
0  O                                                                         (0 = 0.0%)
1  -----------------------------------O                                      (43 = 32.8%) {0.0%}
2  O                                                                         (0 = 0.0%) {32.8%}
3  ------------------------------------------------------------------------O (88 = 67.2%) {32.8%}
4  O                                                                         (0 = 0.0%) {100.0%}

Histogram: Net.SpdyStreamsAbandonedPerSession recorded 88 samples, mean = 0.0 (flags = 0x41)
0  ------------------------------------------------------------------------O (88 = 100.0%)
1  ... 

Histogram: Net.SpdyStreamsPerSession recorded 88 samples, mean = 1.6 (flags = 0x41)
0   O                                                                         (0 = 0.0%)
1   ------------------------------------------------------------------------O (76 = 86.4%) {0.0%}
2   ---------O                                                                (9 = 10.2%) {86.4%}
3   ... 
5   -O                                                                        (1 = 1.1%) {96.6%}
6   ... 
8   -O                                                                        (1 = 1.1%) {97.7%}
9   ... 
30  -O                                                                        (1 = 1.1%) {98.9%}
33  ... 

Histogram: Net.TCP_Connection_Latency recorded 97 samples, mean = 0.0 (flags = 0x41)
0  ------------------------------------------------------------------------O (96 = 99.0%)
1  -O                                                                        (1 = 1.0%) {99.0%}
2  ... 

Histogram: Net.TcpConnectAttempt.Latency.Error recorded 496 samples, mean = 21042.3 (flags = 0x41)
0      ... 
18951  ------------------------------------------------------------------------O (496 = 100.0%) {0.0%}
23255  ... 

Histogram: Net.TcpConnectAttempt.Latency.Success recorded 97 samples, mean = 0.0 (flags = 0x41)
0  ------------------------------------------------------------------------O (97 = 100.0%)
10 ... 

Histogram: Net.UDPSocketWinClose recorded 549 samples, mean = 0.0 (flags = 0x41)
0  ------------------------------------------------------------------------O (549 = 100.0%)
1  ... 

Histogram: Net.URLLoaderThrottle.OnReceiveResponseTime recorded 50 samples, mean = 0.2 (flags = 0x41)
0  -------------------------------------------------O                        (49 = 98.0%)
1  ... 
8  -O                                                                        (1 = 2.0%) {98.0%}
10 ... 

Histogram: Net.URLLoaderThrottleExecutionTime.BeforeWillProcessResponse recorded 252 samples, mean = 0.0 (flags = 0x41)
0  ------------------------------------------------------------------------O (252 = 100.0%)
1  ... 

Histogram: Net.URLLoaderThrottleExecutionTime.WillOnCompleteWithError recorded 20 samples, mean = 0.0 (flags = 0x41)
0  --------------------O                                                     (20 = 100.0%)
1  ... 

Histogram: Net.URLLoaderThrottleExecutionTime.WillProcessResponse recorded 252 samples, mean = 0.0 (flags = 0x41)
0  ------------------------------------------------------------------------O (252 = 100.0%)
1  ... 

Histogram: Net.URLLoaderThrottleExecutionTime.WillRedirectRequest recorded 21 samples, mean = 0.0 (flags = 0x41)
0  ---------------------O                                                    (21 = 100.0%)
1  ... 

Histogram: Net.URLLoaderThrottleExecutionTime.WillStartRequest recorded 272 samples, mean = 0.0 (flags = 0x41)
0  ------------------------------------------------------------------------O (272 = 100.0%)
1  ... 

Histogram: Net.URLRequest.ReferrerHasInformativePath.CrossOrigin recorded 162 samples, mean = 0.0 (flags = 0x41)
0  ------------------------------------------------------------------------O (162 = 100.0%)
1  ... 

Histogram: Net.URLRequest.ReferrerHasInformativePath.SameOrigin recorded 13 samples, mean = 1.0 (flags = 0x41)
0  O                                                                         (0 = 0.0%)
1  -------------O                                                            (13 = 100.0%) {0.0%}
2  O                                                                         (0 = 0.0%) {100.0%}

Histogram: Net.URLRequest.ReferrerPolicyForRequest.CrossOrigin recorded 162 samples, mean = 2.5 (flags = 0x41)
0  O                                                                         (0 = 0.0%)
1  ---------------------------O                                              (44 = 27.2%) {0.0%}
2  O                                                                         (0 = 0.0%) {27.2%}
3  ------------------------------------------------------------------------O (118 = 72.8%) {27.2%}
4  ... 

Histogram: Net.URLRequest.ReferrerPolicyForRequest.SameOrigin recorded 13 samples, mean = 1.0 (flags = 0x41)
0  O                                                                         (0 = 0.0%)
1  -------------O                                                            (13 = 100.0%) {0.0%}
2  ... 

Histogram: Network.Mdns.Googlecast recorded 3 samples, mean = 0.0 (flags = 0x41)
0  ---O                                                                      (3 = 100.0%)
1  ... 

Histogram: NetworkService.DeletedOldCacheData recorded 1 samples, mean = 0.0 (flags = 0x41)
0  -O                                                                        (1 = 100.0%)
1  ... 

Histogram: NetworkService.GrantSandboxResult recorded 3 samples, mean = 9.0 (flags = 0x41)
0   ... 
7   -O                                                                        (1 = 33.3%) {0.0%}
8   ... 
10  --O                                                                       (2 = 66.7%) {33.3%}
11  ... 

Histogram: NetworkService.NetworkLoaderCompletionTime2.DiskCache recorded 2 samples, mean = 1103.0 (flags = 0x41)
0     ... 
894   -O                                                                        (1 = 50.0%) {0.0%}
1062  -O                                                                        (1 = 50.0%) {50.0%}
1262  ... 

Histogram: NetworkService.NetworkLoaderCompletionTime2.Network recorded 133 samples, mean = 1502.2 (flags = 0x41)
0     ... 
318   --O                                                                       (2 = 1.5%) {0.0%}
378   --O                                                                       (2 = 1.5%) {1.5%}
449   --O                                                                       (2 = 1.5%) {3.0%}
533   -------O                                                                  (7 = 5.3%) {4.5%}
633   ----O                                                                     (4 = 3.0%) {9.8%}
752   -----O                                                                    (5 = 3.8%) {12.8%}
894   -------O                                                                  (7 = 5.3%) {16.5%}
1062  -----------------------O                                                  (23 = 17.3%) {21.8%}
1262  -------------------------------------O                                    (37 = 27.8%) {39.1%}
1500  -----------------O                                                        (17 = 12.8%) {66.9%}
1782  ---------O                                                                (9 = 6.8%) {79.7%}
2117  -----------O                                                              (11 = 8.3%) {86.5%}
2516  O                                                                         (0 = 0.0%) {94.7%}
2990  ----O                                                                     (4 = 3.0%) {94.7%}
3553  O                                                                         (0 = 0.0%) {97.7%}
4222  -O                                                                        (1 = 0.8%) {97.7%}
5017  -O                                                                        (1 = 0.8%) {98.5%}
5961  O                                                                         (0 = 0.0%) {99.2%}
7083  -O                                                                        (1 = 0.8%) {99.2%}
8416  ... 

Histogram: NetworkService.TimeToGrantCacheAccess recorded 1 samples, mean = 77.0 (flags = 0x41)
0   ... 
68  -O                                                                        (1 = 100.0%) {0.0%}
81  ... 

Histogram: NetworkService.TimeToGrantDataAccess recorded 2 samples, mean = 4.0 (flags = 0x41)
0  ... 
3  -O                                                                        (1 = 50.0%) {0.0%}
4  O                                                                         (0 = 0.0%) {50.0%}
5  -O                                                                        (1 = 50.0%) {50.0%}
6  ... 

Histogram: NetworkService.TimeToGrantSharedDictionaryAccess recorded 1 samples, mean = 3.0 (flags = 0x41)
0  ... 
3  -O                                                                        (1 = 100.0%) {0.0%}
4  ... 

Histogram: NetworkedProfile.Check recorded 1 samples, mean = 4.0 (flags = 0x41)
0  ... 
4  -O                                                                        (1 = 100.0%) {0.0%}
5  ... 

Histogram: NewTabPage.MostVisited.DeciScore.0.Local recorded 1 samples, mean = 454.0 (flags = 0x41)
0    ... 
448  -O                                                                        (1 = 100.0%) {0.0%}
590  ... 

Histogram: NewTabPage.MostVisited.DeciScore.1.Local recorded 1 samples, mean = 454.0 (flags = 0x41)
0    ... 
448  -O                                                                        (1 = 100.0%) {0.0%}
590  ... 

Histogram: NewTabPage.MostVisited.DeciScore.2.Local recorded 1 samples, mean = 18.0 (flags = 0x41)
0   ... 
16  -O                                                                        (1 = 100.0%) {0.0%}
21  ... 

Histogram: Notifications.UsingSystemNotificationCenter recorded 1 samples, mean = 0.0 (flags = 0x41)
0  -O                                                                        (1 = 100.0%)
1  ... 

Histogram: Notifications.Windows.GetDisplayedStatus recorded 1 samples, mean = 0.0 (flags = 0x41)
0  -O                                                                        (1 = 100.0%)
1  ... 

Histogram: Notifications.Windows.GetSettingStatusStartup recorded 1 samples, mean = 1.0 (flags = 0x41)
0  O                                                                         (0 = 0.0%)
1  -O                                                                        (1 = 100.0%) {0.0%}
2  O                                                                         (0 = 0.0%) {100.0%}

Histogram: Notifications.Windows.HistoryStatus recorded 1 samples, mean = 0.0 (flags = 0x41)
0  -O                                                                        (1 = 100.0%)
1  ... 

Histogram: Notifications.Windows.SetReadyCallbackStatus2 recorded 1 samples, mean = 3.0 (flags = 0x41)
0  ... 
3  -O                                                                        (1 = 100.0%) {0.0%}
4  ... 

Histogram: Notifications.Windows.StartMenuShortcutStatus recorded 1 samples, mean = 2.0 (flags = 0x41)
0  ... 
2  -O                                                                        (1 = 100.0%) {0.0%}
3  ... 

Histogram: OSCrypt.AppBoundEncryption.SupportLevel recorded 1 samples, mean = 1.0 (flags = 0x41)
0  O                                                                         (0 = 0.0%)
1  -O                                                                        (1 = 100.0%) {0.0%}
2  ... 

Histogram: OSCrypt.AppBoundProvider.KeyRetrieval.Status recorded 1 samples, mean = 1.0 (flags = 0x41)
0  O                                                                         (0 = 0.0%)
1  -O                                                                        (1 = 100.0%) {0.0%}
2  ... 

Histogram: OSCrypt.AsyncInitialization.Result recorded 1 samples, mean = 1.0 (flags = 0x41)
0  O                                                                         (0 = 0.0%)
1  -O                                                                        (1 = 100.0%) {0.0%}
2  O                                                                         (0 = 0.0%) {100.0%}

Histogram: OSCrypt.AsyncInitialization.Time recorded 1 samples, mean = 1.0 (flags = 0x41)
0  O                                                                         (0 = 0.0%)
1  -O                                                                        (1 = 100.0%) {0.0%}
2  ... 

Histogram: OSCrypt.DPAPIProvider.Status recorded 1 samples, mean = 0.0 (flags = 0x41)
0  -O                                                                        (1 = 100.0%)
1  ... 

Histogram: OSCrypt.Win.Decrypt.Result recorded 1 samples, mean = 1.0 (flags = 0x41)
0  O                                                                         (0 = 0.0%)
1  -O                                                                        (1 = 100.0%) {0.0%}
2  O                                                                         (0 = 0.0%) {100.0%}

Histogram: OSCrypt.Win.Decrypt.Time recorded 1 samples, mean = 0.0 (flags = 0x41)
0  -O                                                                        (1 = 100.0%)
1  ... 

Histogram: Omnibox.TemplateUrl.RlzPresent recorded 327 samples, mean = 0.0 (flags = 0x41)
0  ------------------------------------------------------------------------O (327 = 100.0%)
1  ... 

Histogram: Omnibox.TemplateUrl.SearchClientPresent recorded 327 samples, mean = 0.0 (flags = 0x41)
0  ------------------------------------------------------------------------O (327 = 100.0%)
1  ... 

Histogram: OptimizationGuide.ApplyDecision.AboutThisSite recorded 1 samples, mean = 8.0 (flags = 0x41)
0  ... 
8  -O                                                                        (1 = 100.0%) {0.0%}
9  ... 

Histogram: OptimizationGuide.ApplyDecision.V8CompileHints recorded 1 samples, mean = 8.0 (flags = 0x41)
0  ... 
8  -O                                                                        (1 = 100.0%) {0.0%}
9  ... 

Histogram: OptimizationGuide.HintCacheLevelDBStore.LoadMetadataResult recorded 1 samples, mean = 6.0 (flags = 0x41)
0  ... 
6  -O                                                                        (1 = 100.0%) {0.0%}
7  O                                                                         (0 = 0.0%) {100.0%}

Histogram: OptimizationGuide.HintCacheLevelDBStore.Status recorded 3 samples, mean = 1.0 (flags = 0x41)
0  -O                                                                        (1 = 33.3%)
1  -O                                                                        (1 = 33.3%) {33.3%}
2  -O                                                                        (1 = 33.3%) {66.7%}
3  ... 

Histogram: OptimizationGuide.HintsManager.HintCacheInitialized recorded 1 samples, mean = 1.0 (flags = 0x40)
0  O                                                                         (0 = 0.0%)
1  -O                                                                        (1 = 100.0%) {0.0%}
2  O                                                                         (0 = 0.0%) {100.0%}

Histogram: OptimizationGuide.LoadedHint.Result recorded 4 samples, mean = 0.0 (flags = 0x40)
0  ----O                                                                     (4 = 100.0%)
1  ... 

Histogram: OptimizationGuide.ModelExecution.FeatureCurrentlyEnabledResult.Compose recorded 1 samples, mean = 1.0 (flags = 0x41)
0  O                                                                         (0 = 0.0%)
1  -O                                                                        (1 = 100.0%) {0.0%}
2  ... 

Histogram: OptimizationGuide.ModelExecution.FeatureCurrentlyEnabledResult.HistorySearch recorded 2 samples, mean = 3.0 (flags = 0x41)
0  ... 
3  --O                                                                       (2 = 100.0%) {0.0%}
4  ... 

Histogram: OptimizationGuide.ModelExecution.FeatureCurrentlyEnabledResult.TabOrganization recorded 1 samples, mean = 3.0 (flags = 0x41)
0  ... 
3  -O                                                                        (1 = 100.0%) {0.0%}
4  ... 

Histogram: OptimizationGuide.ModelExecution.FeatureCurrentlyEnabledResult.WallpaperSearch recorded 1 samples, mean = 1.0 (flags = 0x41)
0  O                                                                         (0 = 0.0%)
1  -O                                                                        (1 = 100.0%) {0.0%}
2  ... 

Histogram: OptimizationGuide.ModelExecution.FeatureEnabledAtStartup.Compose recorded 1 samples, mean = 0.0 (flags = 0x41)
0  -O                                                                        (1 = 100.0%)
1  ... 

Histogram: OptimizationGuide.ModelExecution.FeatureEnabledAtStartup.HistorySearch recorded 1 samples, mean = 0.0 (flags = 0x41)
0  -O                                                                        (1 = 100.0%)
1  ... 

Histogram: OptimizationGuide.ModelExecution.FeatureEnabledAtStartup.TabOrganization recorded 1 samples, mean = 0.0 (flags = 0x41)
0  -O                                                                        (1 = 100.0%)
1  ... 

Histogram: OptimizationGuide.ModelExecution.FeatureEnabledAtStartup.WallpaperSearch recorded 1 samples, mean = 0.0 (flags = 0x41)
0  -O                                                                        (1 = 100.0%)
1  ... 

Histogram: OptimizationGuide.ModelExecution.OnDeviceModelInstallCriteria.AtRegistration.All recorded 1 samples, mean = 0.0 (flags = 0x41)
0  -O                                                                        (1 = 100.0%)
1  ... 

Histogram: OptimizationGuide.ModelExecution.OnDeviceModelInstallCriteria.AtRegistration.DeviceCapability recorded 1 samples, mean = 0.0 (flags = 0x41)
0  -O                                                                        (1 = 100.0%)
1  ... 

Histogram: OptimizationGuide.ModelExecution.OnDeviceModelInstallCriteria.AtRegistration.DiskSpace recorded 1 samples, mean = 1.0 (flags = 0x41)
0  O                                                                         (0 = 0.0%)
1  -O                                                                        (1 = 100.0%) {0.0%}
2  O                                                                         (0 = 0.0%) {100.0%}

Histogram: OptimizationGuide.ModelExecution.OnDeviceModelInstallCriteria.AtRegistration.EnabledByEnterprisePolicy recorded 1 samples, mean = 1.0 (flags = 0x41)
0  O                                                                         (0 = 0.0%)
1  -O                                                                        (1 = 100.0%) {0.0%}
2  O                                                                         (0 = 0.0%) {100.0%}

Histogram: OptimizationGuide.ModelExecution.OnDeviceModelInstallCriteria.AtRegistration.EnabledByFeature recorded 1 samples, mean = 0.0 (flags = 0x41)
0  -O                                                                        (1 = 100.0%)
1  ... 

Histogram: OptimizationGuide.ModelExecution.OnDeviceModelInstallCriteria.AtRegistration.FeatureUse recorded 1 samples, mean = 0.0 (flags = 0x41)
0  -O                                                                        (1 = 100.0%)
1  ... 

Histogram: OptimizationGuide.ModelHandler.HandlerCreated.GeolocationPermissions recorded 1 samples, mean = 1.0 (flags = 0x41)
0  O                                                                         (0 = 0.0%)
1  -O                                                                        (1 = 100.0%) {0.0%}
2  O                                                                         (0 = 0.0%) {100.0%}

Histogram: OptimizationGuide.ModelHandler.HandlerCreated.NewTabPageHistoryClustersModuleRanking recorded 1 samples, mean = 1.0 (flags = 0x41)
0  O                                                                         (0 = 0.0%)
1  -O                                                                        (1 = 100.0%) {0.0%}
2  O                                                                         (0 = 0.0%) {100.0%}

Histogram: OptimizationGuide.ModelHandler.HandlerCreated.NotificationPermissions recorded 1 samples, mean = 1.0 (flags = 0x41)
0  O                                                                         (0 = 0.0%)
1  -O                                                                        (1 = 100.0%) {0.0%}
2  O                                                                         (0 = 0.0%) {100.0%}

Histogram: OptimizationGuide.ModelHandler.HandlerCreated.OmniboxUrlScoring recorded 1 samples, mean = 1.0 (flags = 0x41)
0  O                                                                         (0 = 0.0%)
1  -O                                                                        (1 = 100.0%) {0.0%}
2  O                                                                         (0 = 0.0%) {100.0%}

Histogram: OptimizationGuide.ModelHandler.HandlerCreated.PageTopicsV2 recorded 1 samples, mean = 1.0 (flags = 0x41)
0  O                                                                         (0 = 0.0%)
1  -O                                                                        (1 = 100.0%) {0.0%}
2  O                                                                         (0 = 0.0%) {100.0%}

Histogram: OptimizationGuide.ModelHandler.HandlerCreated.SegmentationChromeLowUserEngagement recorded 1 samples, mean = 1.0 (flags = 0x41)
0  O                                                                         (0 = 0.0%)
1  -O                                                                        (1 = 100.0%) {0.0%}
2  O                                                                         (0 = 0.0%) {100.0%}

Histogram: OptimizationGuide.ModelHandler.HandlerCreated.SegmentationComposePromotion recorded 1 samples, mean = 1.0 (flags = 0x41)
0  O                                                                         (0 = 0.0%)
1  -O                                                                        (1 = 100.0%) {0.0%}
2  O                                                                         (0 = 0.0%) {100.0%}

Histogram: OptimizationGuide.ModelHandler.HandlerCreated.SegmentationDeviceSwitcher recorded 1 samples, mean = 1.0 (flags = 0x41)
0  O                                                                         (0 = 0.0%)
1  -O                                                                        (1 = 100.0%) {0.0%}
2  O                                                                         (0 = 0.0%) {100.0%}

Histogram: OptimizationGuide.ModelHandler.HandlerCreated.SegmentationSearchUser recorded 1 samples, mean = 1.0 (flags = 0x41)
0  O                                                                         (0 = 0.0%)
1  -O                                                                        (1 = 100.0%) {0.0%}
2  O                                                                         (0 = 0.0%) {100.0%}

Histogram: OptimizationGuide.ModelHandler.HandlerCreated.SegmentationShoppingUser recorded 1 samples, mean = 1.0 (flags = 0x41)
0  O                                                                         (0 = 0.0%)
1  -O                                                                        (1 = 100.0%) {0.0%}
2  O                                                                         (0 = 0.0%) {100.0%}

Histogram: OptimizationGuide.ModelHandler.HandlerCreated.URLVisitResumptionRanker recorded 1 samples, mean = 1.0 (flags = 0x41)
0  O                                                                         (0 = 0.0%)
1  -O                                                                        (1 = 100.0%) {0.0%}
2  O                                                                         (0 = 0.0%) {100.0%}

Histogram: OptimizationGuide.ModelHandler.HandlerCreated.WebAppInstallationPromo recorded 1 samples, mean = 1.0 (flags = 0x41)
0  O                                                                         (0 = 0.0%)
1  -O                                                                        (1 = 100.0%) {0.0%}
2  O                                                                         (0 = 0.0%) {100.0%}

Histogram: OptimizationGuide.PageContentAnnotations.AnnotateVisitResultCached recorded 4 samples, mean = 0.0 (flags = 0x41)
0  ----O                                                                     (4 = 100.0%)
1  ... 

Histogram: OptimizationGuide.PageContentAnnotationsService.ContentAnnotated recorded 4 samples, mean = 0.0 (flags = 0x41)
0  ----O                                                                     (4 = 100.0%)
1  ... 

Histogram: OptimizationGuide.PredictionManager.DownloadServiceAvailabilityBlockedFetch recorded 117 samples, mean = 0.0 (flags = 0x41)
0  ------------------------------------------------------------------------O (117 = 100.0%)
1  ... 

Histogram: OptimizationGuide.PredictionManager.FirstModelFetchSinceServiceInit recorded 1 samples, mean = 10237.0 (flags = 0x41)
0      ... 
10165  -O                                                                        (1 = 100.0%) {0.0%}
12916  ... 

Histogram: OptimizationGuide.PredictionManager.ModelAvailableAtRegistration.ClientSidePhishing recorded 1 samples, mean = 0.0 (flags = 0x41)
0  -O                                                                        (1 = 100.0%)
1  ... 

Histogram: OptimizationGuide.PredictionManager.ModelAvailableAtRegistration.GeolocationPermissions recorded 1 samples, mean = 0.0 (flags = 0x41)
0  -O                                                                        (1 = 100.0%)
1  ... 

Histogram: OptimizationGuide.PredictionManager.ModelAvailableAtRegistration.LanguageDetection recorded 2 samples, mean = 0.0 (flags = 0x41)
0  --O                                                                       (2 = 100.0%)
1  ... 

Histogram: OptimizationGuide.PredictionManager.ModelAvailableAtRegistration.NewTabPageHistoryClustersModuleRanking recorded 1 samples, mean = 0.0 (flags = 0x41)
0  -O                                                                        (1 = 100.0%)
1  ... 

Histogram: OptimizationGuide.PredictionManager.ModelAvailableAtRegistration.NotificationPermissions recorded 1 samples, mean = 0.0 (flags = 0x41)
0  -O                                                                        (1 = 100.0%)
1  ... 

Histogram: OptimizationGuide.PredictionManager.ModelAvailableAtRegistration.OmniboxUrlScoring recorded 1 samples, mean = 0.0 (flags = 0x41)
0  -O                                                                        (1 = 100.0%)
1  ... 

Histogram: OptimizationGuide.PredictionManager.ModelAvailableAtRegistration.PageTopicsV2 recorded 1 samples, mean = 0.0 (flags = 0x41)
0  -O                                                                        (1 = 100.0%)
1  ... 

Histogram: OptimizationGuide.PredictionManager.ModelAvailableAtRegistration.SegmentationChromeLowUserEngagement recorded 1 samples, mean = 0.0 (flags = 0x41)
0  -O                                                                        (1 = 100.0%)
1  ... 

Histogram: OptimizationGuide.PredictionManager.ModelAvailableAtRegistration.SegmentationComposePromotion recorded 1 samples, mean = 0.0 (flags = 0x41)
0  -O                                                                        (1 = 100.0%)
1  ... 

Histogram: OptimizationGuide.PredictionManager.ModelAvailableAtRegistration.SegmentationDeviceSwitcher recorded 1 samples, mean = 0.0 (flags = 0x41)
0  -O                                                                        (1 = 100.0%)
1  ... 

Histogram: OptimizationGuide.PredictionManager.ModelAvailableAtRegistration.SegmentationSearchUser recorded 1 samples, mean = 0.0 (flags = 0x41)
0  -O                                                                        (1 = 100.0%)
1  ... 

Histogram: OptimizationGuide.PredictionManager.ModelAvailableAtRegistration.SegmentationShoppingUser recorded 1 samples, mean = 0.0 (flags = 0x41)
0  -O                                                                        (1 = 100.0%)
1  ... 

Histogram: OptimizationGuide.PredictionManager.ModelAvailableAtRegistration.TextSafety recorded 1 samples, mean = 0.0 (flags = 0x41)
0  -O                                                                        (1 = 100.0%)
1  ... 

Histogram: OptimizationGuide.PredictionManager.ModelAvailableAtRegistration.URLVisitResumptionRanker recorded 1 samples, mean = 0.0 (flags = 0x41)
0  -O                                                                        (1 = 100.0%)
1  ... 

Histogram: OptimizationGuide.PredictionManager.ModelAvailableAtRegistration.VisualSearchClassification recorded 1 samples, mean = 0.0 (flags = 0x41)
0  -O                                                                        (1 = 100.0%)
1  ... 

Histogram: OptimizationGuide.PredictionManager.ModelAvailableAtRegistration.WebAppInstallationPromo recorded 1 samples, mean = 0.0 (flags = 0x41)
0  -O                                                                        (1 = 100.0%)
1  ... 

Histogram: OptimizationGuide.PredictionManager.ModelDeliveryEvents.ClientSidePhishing recorded 234 samples, mean = 5.5 (flags = 0x41)
0  ... 
3  ------------------------------------------------------------------------O (117 = 50.0%) {0.0%}
4  ... 
8  ------------------------------------------------------------------------O (117 = 50.0%) {50.0%}
9  ... 

Histogram: OptimizationGuide.PredictionManager.ModelDeliveryEvents.GeolocationPermissions recorded 234 samples, mean = 5.5 (flags = 0x41)
0  ... 
3  ------------------------------------------------------------------------O (117 = 50.0%) {0.0%}
4  ... 
8  ------------------------------------------------------------------------O (117 = 50.0%) {50.0%}
9  ... 

Histogram: OptimizationGuide.PredictionManager.ModelDeliveryEvents.LanguageDetection recorded 234 samples, mean = 5.5 (flags = 0x41)
0  ... 
3  ------------------------------------------------------------------------O (117 = 50.0%) {0.0%}
4  ... 
8  ------------------------------------------------------------------------O (117 = 50.0%) {50.0%}
9  ... 

Histogram: OptimizationGuide.PredictionManager.ModelDeliveryEvents.NewTabPageHistoryClustersModuleRanking recorded 234 samples, mean = 5.5 (flags = 0x41)
0  ... 
3  ------------------------------------------------------------------------O (117 = 50.0%) {0.0%}
4  ... 
8  ------------------------------------------------------------------------O (117 = 50.0%) {50.0%}
9  ... 

Histogram: OptimizationGuide.PredictionManager.ModelDeliveryEvents.NotificationPermissions recorded 234 samples, mean = 5.5 (flags = 0x41)
0  ... 
3  ------------------------------------------------------------------------O (117 = 50.0%) {0.0%}
4  ... 
8  ------------------------------------------------------------------------O (117 = 50.0%) {50.0%}
9  ... 

Histogram: OptimizationGuide.PredictionManager.ModelDeliveryEvents.OmniboxUrlScoring recorded 234 samples, mean = 5.5 (flags = 0x41)
0  ... 
3  ------------------------------------------------------------------------O (117 = 50.0%) {0.0%}
4  ... 
8  ------------------------------------------------------------------------O (117 = 50.0%) {50.0%}
9  ... 

Histogram: OptimizationGuide.PredictionManager.ModelDeliveryEvents.PageTopicsV2 recorded 234 samples, mean = 5.5 (flags = 0x41)
0  ... 
3  ------------------------------------------------------------------------O (117 = 50.0%) {0.0%}
4  ... 
8  ------------------------------------------------------------------------O (117 = 50.0%) {50.0%}
9  ... 

Histogram: OptimizationGuide.PredictionManager.ModelDeliveryEvents.SegmentationChromeLowUserEngagement recorded 234 samples, mean = 5.5 (flags = 0x41)
0  ... 
3  ------------------------------------------------------------------------O (117 = 50.0%) {0.0%}
4  ... 
8  ------------------------------------------------------------------------O (117 = 50.0%) {50.0%}
9  ... 

Histogram: OptimizationGuide.PredictionManager.ModelDeliveryEvents.SegmentationComposePromotion recorded 234 samples, mean = 5.5 (flags = 0x41)
0  ... 
3  ------------------------------------------------------------------------O (117 = 50.0%) {0.0%}
4  ... 
8  ------------------------------------------------------------------------O (117 = 50.0%) {50.0%}
9  ... 

Histogram: OptimizationGuide.PredictionManager.ModelDeliveryEvents.SegmentationDeviceSwitcher recorded 234 samples, mean = 5.5 (flags = 0x41)
0  ... 
3  ------------------------------------------------------------------------O (117 = 50.0%) {0.0%}
4  ... 
8  ------------------------------------------------------------------------O (117 = 50.0%) {50.0%}
9  ... 

Histogram: OptimizationGuide.PredictionManager.ModelDeliveryEvents.SegmentationSearchUser recorded 234 samples, mean = 5.5 (flags = 0x41)
0  ... 
3  ------------------------------------------------------------------------O (117 = 50.0%) {0.0%}
4  ... 
8  ------------------------------------------------------------------------O (117 = 50.0%) {50.0%}
9  ... 

Histogram: OptimizationGuide.PredictionManager.ModelDeliveryEvents.SegmentationShoppingUser recorded 234 samples, mean = 5.5 (flags = 0x41)
0  ... 
3  ------------------------------------------------------------------------O (117 = 50.0%) {0.0%}
4  ... 
8  ------------------------------------------------------------------------O (117 = 50.0%) {50.0%}
9  ... 

Histogram: OptimizationGuide.PredictionManager.ModelDeliveryEvents.TextSafety recorded 234 samples, mean = 5.5 (flags = 0x41)
0  ... 
3  ------------------------------------------------------------------------O (117 = 50.0%) {0.0%}
4  ... 
8  ------------------------------------------------------------------------O (117 = 50.0%) {50.0%}
9  ... 

Histogram: OptimizationGuide.PredictionManager.ModelDeliveryEvents.URLVisitResumptionRanker recorded 234 samples, mean = 5.5 (flags = 0x41)
0  ... 
3  ------------------------------------------------------------------------O (117 = 50.0%) {0.0%}
4  ... 
8  ------------------------------------------------------------------------O (117 = 50.0%) {50.0%}
9  ... 

Histogram: OptimizationGuide.PredictionManager.ModelDeliveryEvents.VisualSearchClassification recorded 234 samples, mean = 5.5 (flags = 0x41)
0  ... 
3  ------------------------------------------------------------------------O (117 = 50.0%) {0.0%}
4  ... 
8  ------------------------------------------------------------------------O (117 = 50.0%) {50.0%}
9  ... 

Histogram: OptimizationGuide.PredictionManager.ModelDeliveryEvents.WebAppInstallationPromo recorded 234 samples, mean = 5.5 (flags = 0x41)
0  ... 
3  ------------------------------------------------------------------------O (117 = 50.0%) {0.0%}
4  ... 
8  ------------------------------------------------------------------------O (117 = 50.0%) {50.0%}
9  ... 

Histogram: OptimizationGuide.PredictionManager.RegistrationTimeSinceServiceInit.ClientSidePhishing recorded 1 samples, mean = 0.0 (flags = 0x41)
0  -O                                                                        (1 = 100.0%)
1  ... 

Histogram: OptimizationGuide.PredictionManager.RegistrationTimeSinceServiceInit.GeolocationPermissions recorded 1 samples, mean = 0.0 (flags = 0x41)
0  -O                                                                        (1 = 100.0%)
1  ... 

Histogram: OptimizationGuide.PredictionManager.RegistrationTimeSinceServiceInit.LanguageDetection recorded 2 samples, mean = 27.0 (flags = 0x41)
0   -O                                                                        (1 = 50.0%)
1   ... 
52  -O                                                                        (1 = 50.0%) {50.0%}
66  ... 

Histogram: OptimizationGuide.PredictionManager.RegistrationTimeSinceServiceInit.NewTabPageHistoryClustersModuleRanking recorded 1 samples, mean = 0.0 (flags = 0x41)
0  -O                                                                        (1 = 100.0%)
1  ... 

Histogram: OptimizationGuide.PredictionManager.RegistrationTimeSinceServiceInit.NotificationPermissions recorded 1 samples, mean = 0.0 (flags = 0x41)
0  -O                                                                        (1 = 100.0%)
1  ... 

Histogram: OptimizationGuide.PredictionManager.RegistrationTimeSinceServiceInit.OmniboxUrlScoring recorded 1 samples, mean = 0.0 (flags = 0x41)
0  -O                                                                        (1 = 100.0%)
1  ... 

Histogram: OptimizationGuide.PredictionManager.RegistrationTimeSinceServiceInit.PageTopicsV2 recorded 1 samples, mean = 0.0 (flags = 0x41)
0  -O                                                                        (1 = 100.0%)
1  ... 

Histogram: OptimizationGuide.PredictionManager.RegistrationTimeSinceServiceInit.SegmentationChromeLowUserEngagement recorded 1 samples, mean = 8242.0 (flags = 0x41)
0     ... 
8000  -O                                                                        (1 = 100.0%) {0.0%}
10165 ... 

Histogram: OptimizationGuide.PredictionManager.RegistrationTimeSinceServiceInit.SegmentationComposePromotion recorded 1 samples, mean = 8243.0 (flags = 0x41)
0     ... 
8000  -O                                                                        (1 = 100.0%) {0.0%}
10165 ... 

Histogram: OptimizationGuide.PredictionManager.RegistrationTimeSinceServiceInit.SegmentationDeviceSwitcher recorded 1 samples, mean = 8243.0 (flags = 0x41)
0     ... 
8000  -O                                                                        (1 = 100.0%) {0.0%}
10165 ... 

Histogram: OptimizationGuide.PredictionManager.RegistrationTimeSinceServiceInit.SegmentationSearchUser recorded 1 samples, mean = 8243.0 (flags = 0x41)
0     ... 
8000  -O                                                                        (1 = 100.0%) {0.0%}
10165 ... 

Histogram: OptimizationGuide.PredictionManager.RegistrationTimeSinceServiceInit.SegmentationShoppingUser recorded 1 samples, mean = 8242.0 (flags = 0x41)
0     ... 
8000  -O                                                                        (1 = 100.0%) {0.0%}
10165 ... 

Histogram: OptimizationGuide.PredictionManager.RegistrationTimeSinceServiceInit.TextSafety recorded 1 samples, mean = 0.0 (flags = 0x41)
0  -O                                                                        (1 = 100.0%)
1  ... 

Histogram: OptimizationGuide.PredictionManager.RegistrationTimeSinceServiceInit.URLVisitResumptionRanker recorded 1 samples, mean = 8243.0 (flags = 0x41)
0     ... 
8000  -O                                                                        (1 = 100.0%) {0.0%}
10165 ... 

Histogram: OptimizationGuide.PredictionManager.RegistrationTimeSinceServiceInit.VisualSearchClassification recorded 1 samples, mean = 0.0 (flags = 0x41)
0  -O                                                                        (1 = 100.0%)
1  ... 

Histogram: OptimizationGuide.PredictionManager.RegistrationTimeSinceServiceInit.WebAppInstallationPromo recorded 1 samples, mean = 8243.0 (flags = 0x41)
0     ... 
8000  -O                                                                        (1 = 100.0%) {0.0%}
10165 ... 

Histogram: OptimizationGuide.PredictionManager.StoreInitialized recorded 1 samples, mean = 1.0 (flags = 0x40)
0  O                                                                         (0 = 0.0%)
1  -O                                                                        (1 = 100.0%) {0.0%}
2  O                                                                         (0 = 0.0%) {100.0%}

Histogram: OptimizationGuide.PredictionManager.SupportedModelEngineVersion recorded 117 samples, mean = 18.0 (flags = 0x40)
0   ... 
18  ------------------------------------------------------------------------O (117 = 100.0%) {0.0%}
19  ... 

Histogram: OptimizationGuide.PredictionModelFetcher.GetModelsResponse.NetErrorCode recorded 117 samples (flags = 0x41)
118  --------------------------O                                               (31 = 26.5%)
379  ------------------------------------------------------------------------O (86 = 73.5%)

Histogram: OptimizationGuide.PredictionModelFetcher.GetModelsResponse.NetErrorCode.ClientSidePhishing recorded 117 samples (flags = 0x41)
118  --------------------------O                                               (31 = 26.5%)
379  ------------------------------------------------------------------------O (86 = 73.5%)

Histogram: OptimizationGuide.PredictionModelFetcher.GetModelsResponse.NetErrorCode.GeolocationPermissions recorded 117 samples (flags = 0x41)
118  --------------------------O                                               (31 = 26.5%)
379  ------------------------------------------------------------------------O (86 = 73.5%)

Histogram: OptimizationGuide.PredictionModelFetcher.GetModelsResponse.NetErrorCode.LanguageDetection recorded 117 samples (flags = 0x41)
118  --------------------------O                                               (31 = 26.5%)
379  ------------------------------------------------------------------------O (86 = 73.5%)

Histogram: OptimizationGuide.PredictionModelFetcher.GetModelsResponse.NetErrorCode.NewTabPageHistoryClustersModuleRanking recorded 117 samples (flags = 0x41)
118  --------------------------O                                               (31 = 26.5%)
379  ------------------------------------------------------------------------O (86 = 73.5%)

Histogram: OptimizationGuide.PredictionModelFetcher.GetModelsResponse.NetErrorCode.NotificationPermissions recorded 117 samples (flags = 0x41)
118  --------------------------O                                               (31 = 26.5%)
379  ------------------------------------------------------------------------O (86 = 73.5%)

Histogram: OptimizationGuide.PredictionModelFetcher.GetModelsResponse.NetErrorCode.OmniboxUrlScoring recorded 117 samples (flags = 0x41)
118  --------------------------O                                               (31 = 26.5%)
379  ------------------------------------------------------------------------O (86 = 73.5%)

Histogram: OptimizationGuide.PredictionModelFetcher.GetModelsResponse.NetErrorCode.PageTopicsV2 recorded 117 samples (flags = 0x41)
118  --------------------------O                                               (31 = 26.5%)
379  ------------------------------------------------------------------------O (86 = 73.5%)

Histogram: OptimizationGuide.PredictionModelFetcher.GetModelsResponse.NetErrorCode.SegmentationChromeLowUserEngagement recorded 117 samples (flags = 0x41)
118  --------------------------O                                               (31 = 26.5%)
379  ------------------------------------------------------------------------O (86 = 73.5%)

Histogram: OptimizationGuide.PredictionModelFetcher.GetModelsResponse.NetErrorCode.SegmentationComposePromotion recorded 117 samples (flags = 0x41)
118  --------------------------O                                               (31 = 26.5%)
379  ------------------------------------------------------------------------O (86 = 73.5%)

Histogram: OptimizationGuide.PredictionModelFetcher.GetModelsResponse.NetErrorCode.SegmentationDeviceSwitcher recorded 117 samples (flags = 0x41)
118  --------------------------O                                               (31 = 26.5%)
379  ------------------------------------------------------------------------O (86 = 73.5%)

Histogram: OptimizationGuide.PredictionModelFetcher.GetModelsResponse.NetErrorCode.SegmentationSearchUser recorded 117 samples (flags = 0x41)
118  --------------------------O                                               (31 = 26.5%)
379  ------------------------------------------------------------------------O (86 = 73.5%)

Histogram: OptimizationGuide.PredictionModelFetcher.GetModelsResponse.NetErrorCode.SegmentationShoppingUser recorded 117 samples (flags = 0x41)
118  --------------------------O                                               (31 = 26.5%)
379  ------------------------------------------------------------------------O (86 = 73.5%)

Histogram: OptimizationGuide.PredictionModelFetcher.GetModelsResponse.NetErrorCode.TextSafety recorded 117 samples (flags = 0x41)
118  --------------------------O                                               (31 = 26.5%)
379  ------------------------------------------------------------------------O (86 = 73.5%)

Histogram: OptimizationGuide.PredictionModelFetcher.GetModelsResponse.NetErrorCode.URLVisitResumptionRanker recorded 117 samples (flags = 0x41)
118  --------------------------O                                               (31 = 26.5%)
379  ------------------------------------------------------------------------O (86 = 73.5%)

Histogram: OptimizationGuide.PredictionModelFetcher.GetModelsResponse.NetErrorCode.VisualSearchClassification recorded 117 samples (flags = 0x41)
118  --------------------------O                                               (31 = 26.5%)
379  ------------------------------------------------------------------------O (86 = 73.5%)

Histogram: OptimizationGuide.PredictionModelFetcher.GetModelsResponse.NetErrorCode.WebAppInstallationPromo recorded 117 samples (flags = 0x41)
118  --------------------------O                                               (31 = 26.5%)
379  ------------------------------------------------------------------------O (86 = 73.5%)

Histogram: OptimizationGuide.PredictionModelFetcher.GetModelsResponse.Status recorded 86 samples, mean = 403.0 (flags = 0x41)
0    ... 
403  ------------------------------------------------------------------------O (86 = 100.0%) {0.0%}
404  ... 

Histogram: OptimizationGuide.PredictionModelFetcher.GetModelsResponse.Status.ClientSidePhishing recorded 86 samples, mean = 403.0 (flags = 0x41)
0    ... 
403  ------------------------------------------------------------------------O (86 = 100.0%) {0.0%}
404  ... 

Histogram: OptimizationGuide.PredictionModelFetcher.GetModelsResponse.Status.GeolocationPermissions recorded 86 samples, mean = 403.0 (flags = 0x41)
0    ... 
403  ------------------------------------------------------------------------O (86 = 100.0%) {0.0%}
404  ... 

Histogram: OptimizationGuide.PredictionModelFetcher.GetModelsResponse.Status.LanguageDetection recorded 86 samples, mean = 403.0 (flags = 0x41)
0    ... 
403  ------------------------------------------------------------------------O (86 = 100.0%) {0.0%}
404  ... 

Histogram: OptimizationGuide.PredictionModelFetcher.GetModelsResponse.Status.NewTabPageHistoryClustersModuleRanking recorded 86 samples, mean = 403.0 (flags = 0x41)
0    ... 
403  ------------------------------------------------------------------------O (86 = 100.0%) {0.0%}
404  ... 

Histogram: OptimizationGuide.PredictionModelFetcher.GetModelsResponse.Status.NotificationPermissions recorded 86 samples, mean = 403.0 (flags = 0x41)
0    ... 
403  ------------------------------------------------------------------------O (86 = 100.0%) {0.0%}
404  ... 

Histogram: OptimizationGuide.PredictionModelFetcher.GetModelsResponse.Status.OmniboxUrlScoring recorded 86 samples, mean = 403.0 (flags = 0x41)
0    ... 
403  ------------------------------------------------------------------------O (86 = 100.0%) {0.0%}
404  ... 

Histogram: OptimizationGuide.PredictionModelFetcher.GetModelsResponse.Status.PageTopicsV2 recorded 86 samples, mean = 403.0 (flags = 0x41)
0    ... 
403  ------------------------------------------------------------------------O (86 = 100.0%) {0.0%}
404  ... 

Histogram: OptimizationGuide.PredictionModelFetcher.GetModelsResponse.Status.SegmentationChromeLowUserEngagement recorded 86 samples, mean = 403.0 (flags = 0x41)
0    ... 
403  ------------------------------------------------------------------------O (86 = 100.0%) {0.0%}
404  ... 

Histogram: OptimizationGuide.PredictionModelFetcher.GetModelsResponse.Status.SegmentationComposePromotion recorded 86 samples, mean = 403.0 (flags = 0x41)
0    ... 
403  ------------------------------------------------------------------------O (86 = 100.0%) {0.0%}
404  ... 

Histogram: OptimizationGuide.PredictionModelFetcher.GetModelsResponse.Status.SegmentationDeviceSwitcher recorded 86 samples, mean = 403.0 (flags = 0x41)
0    ... 
403  ------------------------------------------------------------------------O (86 = 100.0%) {0.0%}
404  ... 

Histogram: OptimizationGuide.PredictionModelFetcher.GetModelsResponse.Status.SegmentationSearchUser recorded 86 samples, mean = 403.0 (flags = 0x41)
0    ... 
403  ------------------------------------------------------------------------O (86 = 100.0%) {0.0%}
404  ... 

Histogram: OptimizationGuide.PredictionModelFetcher.GetModelsResponse.Status.SegmentationShoppingUser recorded 86 samples, mean = 403.0 (flags = 0x41)
0    ... 
403  ------------------------------------------------------------------------O (86 = 100.0%) {0.0%}
404  ... 

Histogram: OptimizationGuide.PredictionModelFetcher.GetModelsResponse.Status.TextSafety recorded 86 samples, mean = 403.0 (flags = 0x41)
0    ... 
403  ------------------------------------------------------------------------O (86 = 100.0%) {0.0%}
404  ... 

Histogram: OptimizationGuide.PredictionModelFetcher.GetModelsResponse.Status.URLVisitResumptionRanker recorded 86 samples, mean = 403.0 (flags = 0x41)
0    ... 
403  ------------------------------------------------------------------------O (86 = 100.0%) {0.0%}
404  ... 

Histogram: OptimizationGuide.PredictionModelFetcher.GetModelsResponse.Status.VisualSearchClassification recorded 86 samples, mean = 403.0 (flags = 0x41)
0    ... 
403  ------------------------------------------------------------------------O (86 = 100.0%) {0.0%}
404  ... 

Histogram: OptimizationGuide.PredictionModelFetcher.GetModelsResponse.Status.WebAppInstallationPromo recorded 86 samples, mean = 403.0 (flags = 0x41)
0    ... 
403  ------------------------------------------------------------------------O (86 = 100.0%) {0.0%}
404  ... 

Histogram: OptimizationGuide.ProcessingComponentAtShutdown recorded 1 samples, mean = 0.0 (flags = 0x41)
0  -O                                                                        (1 = 100.0%)
1  ... 

Histogram: OptimizationGuide.RemoteFetchingEnabled recorded 1 samples, mean = 0.0 (flags = 0x41)
0  -O                                                                        (1 = 100.0%)
1  ... 

Histogram: OriginTrials.PersistentOriginTrial.LevelDbInitSuccess recorded 1 samples, mean = 1.0 (flags = 0x41)
0  O                                                                         (0 = 0.0%)
1  -O                                                                        (1 = 100.0%) {0.0%}
2  O                                                                         (0 = 0.0%) {100.0%}

Histogram: OriginTrials.PersistentOriginTrial.LevelDbLoadSize recorded 1 samples, mean = 0.0 (flags = 0x41)
0  -O                                                                        (1 = 100.0%)
1  ... 

Histogram: OriginTrials.PersistentOriginTrial.LevelDbLoadSuccess recorded 1 samples, mean = 1.0 (flags = 0x41)
0  O                                                                         (0 = 0.0%)
1  -O                                                                        (1 = 100.0%) {0.0%}
2  O                                                                         (0 = 0.0%) {100.0%}

Histogram: OriginTrials.PersistentOriginTrial.LevelDbLoadTime recorded 1 samples, mean = 8246.0 (flags = 0x41)
0     ... 
7083  -O                                                                        (1 = 100.0%) {0.0%}
8416  ... 

Histogram: OriginTrials.PersistentOriginTrial.OriginLookupsBeforeDbLoad recorded 1 samples, mean = 0.0 (flags = 0x41)
0  -O                                                                        (1 = 100.0%)
1  ... 

Histogram: OriginTrials.PersistentOriginTrial.OriginsAddedBeforeDbLoad recorded 1 samples, mean = 0.0 (flags = 0x41)
0  -O                                                                        (1 = 100.0%)
1  ... 

Histogram: PageActionController.ExtensionsWithPageActions recorded 1 samples, mean = 0.0 (flags = 0x41)
0  -O                                                                        (1 = 100.0%)
1  ... 

Histogram: PageContentAnnotations.AnnotateVisit.AnnotationRequestQueued recorded 4 samples, mean = 1.0 (flags = 0x40)
0  O                                                                         (0 = 0.0%)
1  ----O                                                                     (4 = 100.0%) {0.0%}
2  O                                                                         (0 = 0.0%) {100.0%}

Histogram: PageContentAnnotations.AnnotateVisit.AnnotationRequested recorded 4 samples, mean = 1.0 (flags = 0x40)
0  O                                                                         (0 = 0.0%)
1  ----O                                                                     (4 = 100.0%) {0.0%}
2  O                                                                         (0 = 0.0%) {100.0%}

Histogram: PageContentAnnotations.AnnotateVisit.BatchAnnotationStarted recorded 1 samples, mean = 1.0 (flags = 0x40)
0  O                                                                         (0 = 0.0%)
1  -O                                                                        (1 = 100.0%) {0.0%}
2  O                                                                         (0 = 0.0%) {100.0%}

Histogram: PageLoad.Clients.Ads.AllPages.NonAdNetworkBytes recorded 1 samples, mean = 1366.0 (flags = 0x41)
0     ... 
1174  -O                                                                        (1 = 100.0%) {0.0%}
1529  ... 

Histogram: PageLoad.Clients.Ads.AllPages.PercentNetworkBytesAds recorded 1 samples, mean = 0.0 (flags = 0x41)
0  -O                                                                        (1 = 100.0%)
1  ... 

Histogram: PageLoad.Clients.Ads.AllPages.PercentTotalBytesAds recorded 1 samples, mean = 0.0 (flags = 0x41)
0  -O                                                                        (1 = 100.0%)
1  ... 

Histogram: PageLoad.Clients.Ads.AverageViewportAdDensity recorded 1 samples, mean = 0.0 (flags = 0x41)
0  -O                                                                        (1 = 100.0%)
1  ... 

Histogram: PageLoad.Clients.Ads.FrameCounts.AdFrames.Total recorded 1 samples, mean = 0.0 (flags = 0x41)
0  -O                                                                        (1 = 100.0%)
1  ... 

Histogram: PageLoad.Clients.Ads.NonVisible.FrameCounts.AdFrames.Total recorded 1 samples, mean = 0.0 (flags = 0x41)
0  -O                                                                        (1 = 100.0%)
1  ... 

Histogram: PageLoad.Clients.Ads.Visible.FrameCounts.AdFrames.Total recorded 1 samples, mean = 0.0 (flags = 0x41)
0  -O                                                                        (1 = 100.0%)
1  ... 

Histogram: PageLoad.Clients.CrossOrigin.LayoutInstability.CumulativeShiftScore recorded 1 samples, mean = 0.0 (flags = 0x41)
0  -O                                                                        (1 = 100.0%)
1  ... 

Histogram: PageLoad.Clients.CrossOrigin.LayoutInstability.CumulativeShiftScore.MainFrame recorded 1 samples, mean = 0.0 (flags = 0x41)
0  -O                                                                        (1 = 100.0%)
1  ... 

Histogram: PageLoad.Clients.Leakage2.AbandonReasonAt.LoaderStart recorded 1 samples, mean = 10.0 (flags = 0x41)
0   ... 
10  -O                                                                        (1 = 100.0%) {0.0%}
11  ... 

Histogram: PageLoad.Clients.Leakage2.LastMilestoneBeforeAbandon.NewReloadNavigation recorded 1 samples, mean = 1.0 (flags = 0x41)
0  O                                                                         (0 = 0.0%)
1  -O                                                                        (1 = 100.0%) {0.0%}
2  ... 

Histogram: PageLoad.Clients.Leakage2.LoaderStartToAbandon.NewReloadNavigation recorded 1 samples, mean = 6758.0 (flags = 0x41)
0     ... 
6697  -O                                                                        (1 = 100.0%) {0.0%}
7494  ... 

Histogram: PageLoad.Clients.Leakage2.NavigationStart recorded 2 samples, mean = 8102.0 (flags = 0x41)
0     ... 
6697  -O                                                                        (1 = 50.0%) {0.0%}
7494  ... 
9382  -O                                                                        (1 = 50.0%) {50.0%}
10498 ... 

Histogram: PageLoad.Clients.Leakage2.NavigationStartToCommitReceived recorded 1 samples, mean = 9057.0 (flags = 0x41)
0     ... 
8385  -O                                                                        (1 = 100.0%) {0.0%}
9382  ... 

Histogram: PageLoad.Clients.Leakage2.NavigationStartToCommitSent recorded 1 samples, mean = 9056.0 (flags = 0x41)
0     ... 
8385  -O                                                                        (1 = 100.0%) {0.0%}
9382  ... 

Histogram: PageLoad.Clients.Leakage2.NavigationStartToDOMContentLoaded recorded 1 samples, mean = 11407.0 (flags = 0x41)
0      ... 
10498  -O                                                                        (1 = 100.0%) {0.0%}
11747  ... 

Histogram: PageLoad.Clients.Leakage2.NavigationStartToDidCommit recorded 1 samples, mean = 9386.0 (flags = 0x41)
0     ... 
9382  -O                                                                        (1 = 100.0%) {0.0%}
10498 ... 

Histogram: PageLoad.Clients.Leakage2.NavigationStartToFirstRedirectResponseLoaderCallback recorded 1 samples, mean = 8386.0 (flags = 0x41)
0     ... 
8385  -O                                                                        (1 = 100.0%) {0.0%}
9382  ... 

Histogram: PageLoad.Clients.Leakage2.NavigationStartToFirstRedirectResponseStart recorded 1 samples, mean = 8385.0 (flags = 0x41)
0     ... 
8385  -O                                                                        (1 = 100.0%) {0.0%}
9382  ... 

Histogram: PageLoad.Clients.Leakage2.NavigationStartToFirstRedirectedRequestStart recorded 1 samples, mean = 8385.0 (flags = 0x41)
0     ... 
8385  -O                                                                        (1 = 100.0%) {0.0%}
9382  ... 

Histogram: PageLoad.Clients.Leakage2.NavigationStartToLoadStarted recorded 1 samples, mean = 15573.0 (flags = 0x41)
0      ... 
14707  -O                                                                        (1 = 100.0%) {0.0%}
16456  ... 

Histogram: PageLoad.Clients.Leakage2.NavigationStartToLoaderStart recorded 2 samples, mean = 3376.0 (flags = 0x41)
0     ... 
48    -O                                                                        (1 = 50.0%) {0.0%}
54    ... 
6697  -O                                                                        (1 = 50.0%) {50.0%}
7494  ... 

Histogram: PageLoad.Clients.Leakage2.NavigationStartToNonRedirectResponseLoaderCallback recorded 1 samples, mean = 9048.0 (flags = 0x41)
0     ... 
8385  -O                                                                        (1 = 100.0%) {0.0%}
9382  ... 

Histogram: PageLoad.Clients.Leakage2.NavigationStartToNonRedirectResponseStart recorded 1 samples, mean = 8947.0 (flags = 0x41)
0     ... 
8385  -O                                                                        (1 = 100.0%) {0.0%}
9382  ... 

Histogram: PageLoad.Clients.Leakage2.NavigationStartToNonRedirectedRequestStart recorded 1 samples, mean = 8396.0 (flags = 0x41)
0     ... 
8385  -O                                                                        (1 = 100.0%) {0.0%}
9382  ... 

Histogram: PageLoad.Clients.Leakage2.NavigationStartToParseStart recorded 1 samples, mean = 9069.0 (flags = 0x41)
0     ... 
8385  -O                                                                        (1 = 100.0%) {0.0%}
9382  ... 

Histogram: PageLoad.Clients.Leakage2.RendererProcessCreatedBeforeNav recorded 1 samples, mean = 1.0 (flags = 0x41)
0  O                                                                         (0 = 0.0%)
1  -O                                                                        (1 = 100.0%) {0.0%}
2  O                                                                         (0 = 0.0%) {100.0%}

Histogram: PageLoad.Clients.LinkPreview.Usage recorded 1 samples, mean = 0.0 (flags = 0x41)
0  -O                                                                        (1 = 100.0%)
1  ... 

Histogram: PageLoad.Clients.MultiTabLoading.WithTabCount_0.DocumentTiming.NavigationToDOMContentLoadedEventFired recorded 1 samples, mean = 11407.0 (flags = 0x41)
0      ... 
10498  -O                                                                        (1 = 100.0%) {0.0%}
11747  ... 

Histogram: PageLoad.Clients.MultiTabLoading.WithTabCount_0.DocumentTiming.NavigationToLoadEventFired recorded 1 samples, mean = 15573.0 (flags = 0x41)
0      ... 
14707  -O                                                                        (1 = 100.0%) {0.0%}
16456  ... 

Histogram: PageLoad.Clients.MultiTabLoading.With_0_OtherLoading.DocumentTiming.NavigationToDOMContentLoadedEventFired recorded 1 samples, mean = 11407.0 (flags = 0x41)
0      ... 
10498  -O                                                                        (1 = 100.0%) {0.0%}
11747  ... 

Histogram: PageLoad.Clients.MultiTabLoading.With_0_OtherLoading.DocumentTiming.NavigationToLoadEventFired recorded 1 samples, mean = 15573.0 (flags = 0x41)
0      ... 
14707  -O                                                                        (1 = 100.0%) {0.0%}
16456  ... 

Histogram: PageLoad.Clients.PerformanceManager.LoadedIdleWithoutLCP recorded 1 samples, mean = 18381.0 (flags = 0x41)
0      ... 
16411  -O                                                                        (1 = 100.0%) {0.0%}
20852  ... 

Histogram: PageLoad.Clients.PerformanceManager.LoadedIdleWithoutLCP.Foreground recorded 1 samples, mean = 18381.0 (flags = 0x41)
0      ... 
16411  -O                                                                        (1 = 100.0%) {0.0%}
20852  ... 

Histogram: PageLoad.Clients.Protocol.H2.DocumentTiming.NavigationToDOMContentLoadedEventFired recorded 1 samples, mean = 11407.0 (flags = 0x41)
0      ... 
10498  -O                                                                        (1 = 100.0%) {0.0%}
11747  ... 

Histogram: PageLoad.Clients.Protocol.H2.DocumentTiming.NavigationToLoadEventFired recorded 1 samples, mean = 15573.0 (flags = 0x41)
0      ... 
14707  -O                                                                        (1 = 100.0%) {0.0%}
16456  ... 

Histogram: PageLoad.Clients.Protocol.H2.ParseTiming.NavigationToParseStart recorded 1 samples, mean = 9069.0 (flags = 0x41)
0     ... 
8385  -O                                                                        (1 = 100.0%) {0.0%}
9382  ... 

Histogram: PageLoad.Clients.Scheme.HTTPS.ParseTiming.NavigationToParseStart recorded 1 samples, mean = 9069.0 (flags = 0x41)
0     ... 
8385  -O                                                                        (1 = 100.0%) {0.0%}
9382  ... 

Histogram: PageLoad.Clients.SubresourceLoading.DaysSinceLastVisitToOrigin recorded 1 samples, mean = 0.0 (flags = 0x40)
0  -O                                                                        (1 = 100.0%)
1  ... 

Histogram: PageLoad.Clients.SubresourceLoading.HasPreviousVisitToOrigin recorded 1 samples, mean = 1.0 (flags = 0x40)
0  O                                                                         (0 = 0.0%)
1  -O                                                                        (1 = 100.0%) {0.0%}
2  O                                                                         (0 = 0.0%) {100.0%}

Histogram: PageLoad.Clients.TPCD.CookieAccess.ThirdPartyCookieAllowMechanism3 recorded 1 samples, mean = 2.0 (flags = 0x41)
0  ... 
2  -O                                                                        (1 = 100.0%) {0.0%}
3  ... 

Histogram: PageLoad.Clients.TPCD.ThirdPartyCookieAccessBlockedByExperiment2 recorded 1 samples, mean = 0.0 (flags = 0x41)
0  -O                                                                        (1 = 100.0%)
1  ... 

Histogram: PageLoad.Clients.ThirdParty.Origins.CookieRead2 recorded 1 samples, mean = 0.0 (flags = 0x41)
0  -O                                                                        (1 = 100.0%)
1  ... 

Histogram: PageLoad.Cpu.TotalUsage recorded 1 samples, mean = 1934.0 (flags = 0x41)
0     ... 
1738  -O                                                                        (1 = 100.0%) {0.0%}
1945  ... 

Histogram: PageLoad.Cpu.TotalUsageForegrounded recorded 1 samples, mean = 1934.0 (flags = 0x41)
0     ... 
1738  -O                                                                        (1 = 100.0%) {0.0%}
1945  ... 

Histogram: PageLoad.DocumentTiming.NavigationToDOMContentLoadedEventFired recorded 1 samples, mean = 11407.0 (flags = 0x41)
0      ... 
10498  -O                                                                        (1 = 100.0%) {0.0%}
11747  ... 

Histogram: PageLoad.DocumentTiming.NavigationToLoadEventFired recorded 1 samples, mean = 15573.0 (flags = 0x41)
0      ... 
14707  -O                                                                        (1 = 100.0%) {0.0%}
16456  ... 

Histogram: PageLoad.Experimental.NavigationTiming.FinalLoaderCallbackToNavigationCommitSent recorded 1 samples, mean = 8.0 (flags = 0x41)
0  -O                                                                        (1 = 100.0%)
10 ... 

Histogram: PageLoad.Experimental.NavigationTiming.FinalRequestStartToFinalResponseStart recorded 1 samples, mean = 551.0 (flags = 0x41)
0    ... 
505  -O                                                                        (1 = 100.0%) {0.0%}
565  ... 

Histogram: PageLoad.Experimental.NavigationTiming.FinalResponseStartToFinalLoaderCallback recorded 1 samples, mean = 100.0 (flags = 0x41)
0   ... 
94  -O                                                                        (1 = 100.0%) {0.0%}
105 ... 

Histogram: PageLoad.Experimental.NavigationTiming.FirstRequestStartToFirstResponseStart recorded 1 samples, mean = 0.0 (flags = 0x41)
0  -O                                                                        (1 = 100.0%)
10 ... 

Histogram: PageLoad.Experimental.NavigationTiming.FirstResponseStartToFirstLoaderCallback recorded 1 samples, mean = 0.0 (flags = 0x41)
0  -O                                                                        (1 = 100.0%)
10 ... 

Histogram: PageLoad.Experimental.NavigationTiming.NavigationStartToFinalLoaderCallback recorded 1 samples, mean = 9048.0 (flags = 0x41)
0     ... 
8385  -O                                                                        (1 = 100.0%) {0.0%}
9382  ... 

Histogram: PageLoad.Experimental.NavigationTiming.NavigationStartToFinalRequestStart recorded 1 samples, mean = 8396.0 (flags = 0x41)
0     ... 
8385  -O                                                                        (1 = 100.0%) {0.0%}
9382  ... 

Histogram: PageLoad.Experimental.NavigationTiming.NavigationStartToFinalResponseStart recorded 1 samples, mean = 8947.0 (flags = 0x41)
0     ... 
8385  -O                                                                        (1 = 100.0%) {0.0%}
9382  ... 

Histogram: PageLoad.Experimental.NavigationTiming.NavigationStartToFirstLoaderCallback recorded 1 samples, mean = 8386.0 (flags = 0x41)
0     ... 
8385  -O                                                                        (1 = 100.0%) {0.0%}
9382  ... 

Histogram: PageLoad.Experimental.NavigationTiming.NavigationStartToFirstRequestStart recorded 1 samples, mean = 8385.0 (flags = 0x41)
0     ... 
8385  -O                                                                        (1 = 100.0%) {0.0%}
9382  ... 

Histogram: PageLoad.Experimental.NavigationTiming.NavigationStartToFirstResponseStart recorded 1 samples, mean = 8385.0 (flags = 0x41)
0     ... 
8385  -O                                                                        (1 = 100.0%) {0.0%}
9382  ... 

Histogram: PageLoad.Experimental.NavigationTiming.NavigationStartToNavigationCommitSent recorded 1 samples, mean = 9056.0 (flags = 0x41)
0     ... 
8385  -O                                                                        (1 = 100.0%) {0.0%}
9382  ... 

Histogram: PageLoad.Experimental.PageTiming.CachedResourceLoadTime.script recorded 1 samples, mean = 1.0 (flags = 0x41)
0  O                                                                         (0 = 0.0%)
1  -O                                                                        (1 = 100.0%) {0.0%}
2  ... 

Histogram: PageLoad.Experimental.PageTiming.CachedResourceLoadTime.style recorded 1 samples, mean = 965.0 (flags = 0x41)
0    ... 
926  -O                                                                        (1 = 100.0%) {0.0%}
1177 ... 

Histogram: PageLoad.Experimental.PageTiming.CommitSentToFirstSubresourceLoadStart recorded 1 samples, mean = 996.0 (flags = 0x41)
0    ... 
990  -O                                                                        (1 = 100.0%) {0.0%}
1108 ... 

Histogram: PageLoad.Experimental.PageTiming.NavigationToFirstSubresourceLoadStart recorded 1 samples, mean = 10053.0 (flags = 0x41)
0     ... 
9382  -O                                                                        (1 = 100.0%) {0.0%}
10498 ... 

Histogram: PageLoad.Experimental.PageTiming.ResourceLoadTime. recorded 7 samples, mean = 798.3 (flags = 0x41)
0     ... 
356   --O                                                                       (2 = 28.6%) {0.0%}
452   -O                                                                        (1 = 14.3%) {28.6%}
574   -O                                                                        (1 = 14.3%) {42.9%}
729   O                                                                         (0 = 0.0%) {57.1%}
926   -O                                                                        (1 = 14.3%) {57.1%}
1177  --O                                                                       (2 = 28.6%) {71.4%}
1496  ... 

Histogram: PageLoad.Experimental.PageTiming.ResourceLoadTime.document recorded 1 samples, mean = 557.0 (flags = 0x41)
0    ... 
452  -O                                                                        (1 = 100.0%) {0.0%}
574  ... 

Histogram: PageLoad.Experimental.PageTiming.ResourceLoadTime.font recorded 5 samples, mean = 801.8 (flags = 0x41)
0     ... 
356   -O                                                                        (1 = 20.0%) {0.0%}
452   O                                                                         (0 = 0.0%) {20.0%}
574   -O                                                                        (1 = 20.0%) {20.0%}
729   --O                                                                       (2 = 40.0%) {40.0%}
926   O                                                                         (0 = 0.0%) {80.0%}
1177  -O                                                                        (1 = 20.0%) {80.0%}
1496  ... 

Histogram: PageLoad.Experimental.PageTiming.ResourceLoadTime.image recorded 2 samples, mean = 401.5 (flags = 0x41)
0    ... 
280  -O                                                                        (1 = 50.0%) {0.0%}
356  O                                                                         (0 = 0.0%) {50.0%}
452  -O                                                                        (1 = 50.0%) {50.0%}
574  ... 

Histogram: PageLoad.Experimental.PageTiming.ResourceLoadTime.manifest recorded 1 samples, mean = 1099.0 (flags = 0x41)
0    ... 
926  -O                                                                        (1 = 100.0%) {0.0%}
1177 ... 

Histogram: PageLoad.Experimental.PageTiming.ResourceLoadTime.script recorded 25 samples, mean = 491.3 (flags = 0x41)
0     ... 
280   ----O                                                                     (4 = 16.0%) {0.0%}
356   --------------O                                                           (14 = 56.0%) {16.0%}
452   ---O                                                                      (3 = 12.0%) {72.0%}
574   ---O                                                                      (3 = 12.0%) {84.0%}
729   ... 
1901  -O                                                                        (1 = 4.0%) {96.0%}
2415  ... 

Histogram: PageLoad.Experimental.PageTiming.ResourceLoadTime.style recorded 7 samples, mean = 1166.6 (flags = 0x41)
0     ... 
926   ---O                                                                      (3 = 42.9%) {0.0%}
1177  ----O                                                                     (4 = 57.1%) {42.9%}
1496  ... 

Histogram: PageLoad.Experimental.PageVisitFinalStatus recorded 1 samples, mean = 1.0 (flags = 0x41)
0  O                                                                         (0 = 0.0%)
1  -O                                                                        (1 = 100.0%) {0.0%}
2  ... 

Histogram: PageLoad.Experimental.PageVisitType2 recorded 1 samples, mean = 6.0 (flags = 0x41)
0  ... 
6  -O                                                                        (1 = 100.0%) {0.0%}
7  ... 

Histogram: PageLoad.Experimental.PaintTiming.FirstEligibleToPaintToFirstPaint recorded 1 samples, mean = 532.0 (flags = 0x41)
0    ... 
505  -O                                                                        (1 = 100.0%) {0.0%}
565  ... 

Histogram: PageLoad.Experimental.TotalForegroundDuration recorded 1 samples, mean = 19251394.0 (flags = 0x41)
0        ... 
3600000  -O                                                                        (1 = 100.0%) {0.0%}

Histogram: PageLoad.Experimental.TotalForegroundDuration.AllVisit recorded 1 samples, mean = 19251394.0 (flags = 0x41)
0        ... 
3600000  -O                                                                        (1 = 100.0%) {0.0%}

Histogram: PageLoad.Experimental.TotalForegroundDuration.IndependentUIVisit recorded 1 samples, mean = 19251394.0 (flags = 0x41)
0        ... 
3600000  -O                                                                        (1 = 100.0%) {0.0%}

Histogram: PageLoad.Expermental.SoftNavigations.Count recorded 1 samples, mean = 0.0 (flags = 0x41)
0  -O                                                                        (1 = 100.0%)
1  ... 

Histogram: PageLoad.Internal.PageLoadTimingStatus recorded 29 samples, mean = 0.0 (flags = 0x41)
0  -----------------------------O                                            (29 = 100.0%)
1  ... 

Histogram: PageLoad.Internal.PageLoadTimingStatus.AtTimingCallbackDispatch recorded 3 samples, mean = 0.0 (flags = 0x41)
0  ---O                                                                      (3 = 100.0%)
1  ... 

Histogram: PageLoad.Internal.PageType recorded 2 samples, mean = 0.0 (flags = 0x41)
0  --O                                                                       (2 = 100.0%)
1  ... 

Histogram: PageLoad.Internal.SuppressedEventsBeforeMissingFirstPaint recorded 1 samples, mean = 0.0 (flags = 0x41)
0  -O                                                                        (1 = 100.0%)
1  ... 

Histogram: PageLoad.Internal.SuppressedEventsCountBeforePaint3 recorded 1 samples, mean = 0.0 (flags = 0x41)
0  -O                                                                        (1 = 100.0%)
1  ... 

Histogram: PageLoad.Internal.SuppressedEventsTimingBeforePaint3 recorded 1 samples, mean = 0.0 (flags = 0x41)
0  -O                                                                        (1 = 100.0%)
1  ... 

Histogram: PageLoad.Internal.SuppressedInteractionsCountBeforePaint3 recorded 1 samples, mean = 0.0 (flags = 0x41)
0  -O                                                                        (1 = 100.0%)
1  ... 

Histogram: PageLoad.LayoutInstability.CumulativeShiftScore recorded 1 samples, mean = 0.0 (flags = 0x41)
0  -O                                                                        (1 = 100.0%)
1  ... 

Histogram: PageLoad.LayoutInstability.CumulativeShiftScore.MainFrame recorded 1 samples, mean = 0.0 (flags = 0x41)
0  -O                                                                        (1 = 100.0%)
1  ... 

Histogram: PageLoad.LayoutInstability.MaxCumulativeShiftScore.SessionWindow.Gap1000ms.Max5000ms recorded 1 samples, mean = 0.0 (flags = 0x41)
0  -O                                                                        (1 = 100.0%)
1  ... 

Histogram: PageLoad.LayoutInstability.MaxCumulativeShiftScore.SessionWindow.Gap1000ms.Max5000ms2 recorded 1 samples, mean = 0.0 (flags = 0x41)
0  -O                                                                        (1 = 100.0%)
1  ... 

Histogram: PageLoad.PageTiming.ForegroundDuration recorded 1 samples, mean = 19251392.0 (flags = 0x41)
0        ... 
3600000  -O                                                                        (1 = 100.0%) {0.0%}

Histogram: PageLoad.PageTiming.ForegroundDuration.AfterPaint recorded 1 samples, mean = 19239504.0 (flags = 0x41)
0        ... 
3600000  -O                                                                        (1 = 100.0%) {0.0%}

Histogram: PageLoad.PageTiming.ForegroundDuration.NoCommit recorded 1 samples, mean = 112.0 (flags = 0x41)
0    ... 
105  -O                                                                        (1 = 100.0%) {0.0%}
120  ... 

Histogram: PageLoad.PageTiming.ForegroundDuration.WithPaint recorded 1 samples, mean = 19251392.0 (flags = 0x41)
0        ... 
3600000  -O                                                                        (1 = 100.0%) {0.0%}

Histogram: PageLoad.PaintTiming.NavigationToFirstPaint recorded 1 samples, mean = 11889.0 (flags = 0x41)
0      ... 
11747  -O                                                                        (1 = 100.0%) {0.0%}
13144  ... 

Histogram: PageLoad.ParseTiming.NavigationToParseStart recorded 1 samples, mean = 9069.0 (flags = 0x41)
0     ... 
8385  -O                                                                        (1 = 100.0%) {0.0%}
9382  ... 

Histogram: PageLoad.ParseTiming.NavigationToParseStart.LoadType.NewNavigation recorded 1 samples, mean = 9069.0 (flags = 0x41)
0     ... 
8385  -O                                                                        (1 = 100.0%) {0.0%}
9382  ... 

Histogram: PageLoad.ParseTiming.ParseBlockedOnScriptExecution recorded 1 samples, mean = 14.0 (flags = 0x41)
0   ... 
13  -O                                                                        (1 = 100.0%) {0.0%}
15  ... 

Histogram: PageLoad.ParseTiming.ParseBlockedOnScriptExecutionFromDocumentWrite recorded 1 samples, mean = 0.0 (flags = 0x41)
0  -O                                                                        (1 = 100.0%)
10 ... 

Histogram: PageLoad.ParseTiming.ParseBlockedOnScriptLoad recorded 1 samples, mean = 2260.0 (flags = 0x41)
0     ... 
2176  -O                                                                        (1 = 100.0%) {0.0%}
2435  ... 

Histogram: PaintHolding.CommitTrigger2 recorded 1 samples, mean = 3.0 (flags = 0x41)
0  ... 
3  -O                                                                        (1 = 100.0%) {0.0%}
4  ... 

Histogram: PasswordManager.AccountStore.BlacklistedSitesHiRes3.WithoutCustomPassphrase recorded 1 samples, mean = 0.0 (flags = 0x41)
0  -O                                                                        (1 = 100.0%)
1  ... 

Histogram: PasswordManager.AccountStore.InaccessiblePasswords3 recorded 1 samples, mean = 0.0 (flags = 0x41)
0  -O                                                                        (1 = 100.0%)
1  ... 

Histogram: PasswordManager.AccountStore.LoginDatabaseEncryptionStatus recorded 1 samples, mean = 0.0 (flags = 0x41)
0  -O                                                                        (1 = 100.0%)
1  ... 

Histogram: PasswordManager.AccountStore.PasswordNotes.CountCredentialsWithNonEmptyNotes2 recorded 1 samples, mean = 0.0 (flags = 0x41)
0  -O                                                                        (1 = 100.0%)
1  ... 

Histogram: PasswordManager.AccountStore.TotalAccountsHiRes3.ByType.AutoGenerated.WithoutCustomPassphrase recorded 1 samples, mean = 0.0 (flags = 0x41)
0  -O                                                                        (1 = 100.0%)
1  ... 

Histogram: PasswordManager.AccountStore.TotalAccountsHiRes3.ByType.Overall recorded 1 samples, mean = 0.0 (flags = 0x41)
0  -O                                                                        (1 = 100.0%)
1  ... 

Histogram: PasswordManager.AccountStore.TotalAccountsHiRes3.ByType.Overall.WithoutCustomPassphrase recorded 1 samples, mean = 0.0 (flags = 0x41)
0  -O                                                                        (1 = 100.0%)
1  ... 

Histogram: PasswordManager.AccountStore.TotalAccountsHiRes3.ByType.ReceivedViaSharing.WithoutCustomPassphrase recorded 1 samples, mean = 0.0 (flags = 0x41)
0  -O                                                                        (1 = 100.0%)
1  ... 

Histogram: PasswordManager.AccountStore.TotalAccountsHiRes3.ByType.UserCreated.WithoutCustomPassphrase recorded 1 samples, mean = 0.0 (flags = 0x41)
0  -O                                                                        (1 = 100.0%)
1  ... 

Histogram: PasswordManager.AccountStore.TotalAccountsHiRes3.WithScheme.Android recorded 1 samples, mean = 0.0 (flags = 0x41)
0  -O                                                                        (1 = 100.0%)
1  ... 

Histogram: PasswordManager.AccountStore.TotalAccountsHiRes3.WithScheme.Ftp recorded 1 samples, mean = 0.0 (flags = 0x41)
0  -O                                                                        (1 = 100.0%)
1  ... 

Histogram: PasswordManager.AccountStore.TotalAccountsHiRes3.WithScheme.Http recorded 1 samples, mean = 0.0 (flags = 0x41)
0  -O                                                                        (1 = 100.0%)
1  ... 

Histogram: PasswordManager.AccountStore.TotalAccountsHiRes3.WithScheme.Https recorded 1 samples, mean = 0.0 (flags = 0x41)
0  -O                                                                        (1 = 100.0%)
1  ... 

Histogram: PasswordManager.AccountStore.TotalAccountsHiRes3.WithScheme.Other recorded 1 samples, mean = 0.0 (flags = 0x41)
0  -O                                                                        (1 = 100.0%)
1  ... 

Histogram: PasswordManager.AffiliationDatabase.DatabaseSize recorded 1 samples, mean = 52.0 (flags = 0x41)
0  -O                                                                        (1 = 100.0%)
1000... 

Histogram: PasswordManager.BiometricAuthBeforeFillingEnabled2 recorded 1 samples, mean = 0.0 (flags = 0x41)
0  -O                                                                        (1 = 100.0%)
1  ... 

Histogram: PasswordManager.BubbleSuppression.AccountsInStatisticsTable2 recorded 1 samples, mean = 0.0 (flags = 0x41)
0  -O                                                                        (1 = 100.0%)
1  ... 

Histogram: PasswordManager.CompromisedCredentials3.CountLeaked recorded 1 samples, mean = 0.0 (flags = 0x41)
0  -O                                                                        (1 = 100.0%)
1  ... 

Histogram: PasswordManager.CompromisedCredentials3.CountPhished recorded 1 samples, mean = 0.0 (flags = 0x41)
0  -O                                                                        (1 = 100.0%)
1  ... 

Histogram: PasswordManager.CredentialsWithDuplicates3 recorded 1 samples, mean = 0.0 (flags = 0x41)
0  -O                                                                        (1 = 100.0%)
1  ... 

Histogram: PasswordManager.CredentialsWithMismatchedDuplicates3 recorded 1 samples, mean = 0.0 (flags = 0x41)
0  -O                                                                        (1 = 100.0%)
1  ... 

Histogram: PasswordManager.EnableState recorded 1 samples, mean = 0.0 (flags = 0x41)
0  -O                                                                        (1 = 100.0%)
1  ... 

Histogram: PasswordManager.GetAllLogins.TimeSinceInit recorded 4 samples, mean = 30177.5 (flags = 0x41)
0      ... 
26495  ----O                                                                     (4 = 100.0%) {0.0%}
33665  ... 

Histogram: PasswordManager.GetAutofillableLogins.TimeSinceInit recorded 2 samples, mean = 9183.0 (flags = 0x41)
0     ... 
8000  --O                                                                       (2 = 100.0%) {0.0%}
10165 ... 

Histogram: PasswordManager.LoginDatabaseInit2 recorded 2 samples, mean = 0.0 (flags = 0x41)
0  --O                                                                       (2 = 100.0%)
1  ... 

Histogram: PasswordManager.OnEncryptorReceived.Success recorded 2 samples, mean = 1.0 (flags = 0x41)
0  O                                                                         (0 = 0.0%)
1  --O                                                                       (2 = 100.0%) {0.0%}
2  O                                                                         (0 = 0.0%) {100.0%}

Histogram: PasswordManager.PasswordStore.InitTime recorded 2 samples, mean = 7303.0 (flags = 0x41)
0     ... 
7083  --O                                                                       (2 = 100.0%) {0.0%}
8416  ... 

Histogram: PasswordManager.PasswordStoreBackend.GetAllLoginsAsync recorded 8 samples, mean = 1.0 (flags = 0x41)
0  ----O                                                                     (4 = 50.0%)
1  O                                                                         (0 = 0.0%) {50.0%}
2  ----O                                                                     (4 = 50.0%) {50.0%}
3  ... 

Histogram: PasswordManager.PasswordStoreBackend.GetAllLoginsAsync.Latency recorded 4 samples, mean = 166.5 (flags = 0x41)
0    --O                                                                       (2 = 50.0%)
1    ... 
280  --O                                                                       (2 = 50.0%) {50.0%}
356  ... 

Histogram: PasswordManager.PasswordStoreBackend.GetAllLoginsAsync.Success recorded 4 samples, mean = 1.0 (flags = 0x41)
0  O                                                                         (0 = 0.0%)
1  ----O                                                                     (4 = 100.0%) {0.0%}
2  O                                                                         (0 = 0.0%) {100.0%}

Histogram: PasswordManager.PasswordStoreBackend.GetAutofillableLoginsAsync recorded 4 samples, mean = 1.0 (flags = 0x41)
0  --O                                                                       (2 = 50.0%)
1  O                                                                         (0 = 0.0%) {50.0%}
2  --O                                                                       (2 = 50.0%) {50.0%}
3  ... 

Histogram: PasswordManager.PasswordStoreBackend.GetAutofillableLoginsAsync.Latency recorded 2 samples, mean = 3.0 (flags = 0x41)
0  ... 
3  --O                                                                       (2 = 100.0%) {0.0%}
4  ... 

Histogram: PasswordManager.PasswordStoreBackend.GetAutofillableLoginsAsync.Success recorded 2 samples, mean = 1.0 (flags = 0x41)
0  O                                                                         (0 = 0.0%)
1  --O                                                                       (2 = 100.0%) {0.0%}
2  O                                                                         (0 = 0.0%) {100.0%}

Histogram: PasswordManager.PasswordStoreBuiltInBackend.GetAllLoginsAsync recorded 8 samples, mean = 1.0 (flags = 0x41)
0  ----O                                                                     (4 = 50.0%)
1  O                                                                         (0 = 0.0%) {50.0%}
2  ----O                                                                     (4 = 50.0%) {50.0%}
3  ... 

Histogram: PasswordManager.PasswordStoreBuiltInBackend.GetAllLoginsAsync.Latency recorded 4 samples, mean = 166.5 (flags = 0x41)
0    --O                                                                       (2 = 50.0%)
1    ... 
280  --O                                                                       (2 = 50.0%) {50.0%}
356  ... 

Histogram: PasswordManager.PasswordStoreBuiltInBackend.GetAllLoginsAsync.Success recorded 4 samples, mean = 1.0 (flags = 0x41)
0  O                                                                         (0 = 0.0%)
1  ----O                                                                     (4 = 100.0%) {0.0%}
2  O                                                                         (0 = 0.0%) {100.0%}

Histogram: PasswordManager.PasswordStoreBuiltInBackend.GetAutofillableLoginsAsync recorded 4 samples, mean = 1.0 (flags = 0x41)
0  --O                                                                       (2 = 50.0%)
1  O                                                                         (0 = 0.0%) {50.0%}
2  --O                                                                       (2 = 50.0%) {50.0%}
3  ... 

Histogram: PasswordManager.PasswordStoreBuiltInBackend.GetAutofillableLoginsAsync.Latency recorded 2 samples, mean = 3.0 (flags = 0x41)
0  ... 
3  --O                                                                       (2 = 100.0%) {0.0%}
4  ... 

Histogram: PasswordManager.PasswordStoreBuiltInBackend.GetAutofillableLoginsAsync.Success recorded 2 samples, mean = 1.0 (flags = 0x41)
0  O                                                                         (0 = 0.0%)
1  --O                                                                       (2 = 100.0%) {0.0%}
2  O                                                                         (0 = 0.0%) {100.0%}

Histogram: PasswordManager.ProfileStore.BlacklistedSitesHiRes3.WithoutCustomPassphrase recorded 1 samples, mean = 0.0 (flags = 0x41)
0  -O                                                                        (1 = 100.0%)
1  ... 

Histogram: PasswordManager.ProfileStore.InaccessiblePasswords3 recorded 1 samples, mean = 0.0 (flags = 0x41)
0  -O                                                                        (1 = 100.0%)
1  ... 

Histogram: PasswordManager.ProfileStore.LoginDatabaseEncryptionStatus recorded 1 samples, mean = 0.0 (flags = 0x41)
0  -O                                                                        (1 = 100.0%)
1  ... 

Histogram: PasswordManager.ProfileStore.PasswordNotes.CountCredentialsWithNonEmptyNotes2 recorded 1 samples, mean = 0.0 (flags = 0x41)
0  -O                                                                        (1 = 100.0%)
1  ... 

Histogram: PasswordManager.ProfileStore.TotalAccountsHiRes3.ByType.AutoGenerated.WithoutCustomPassphrase recorded 1 samples, mean = 0.0 (flags = 0x41)
0  -O                                                                        (1 = 100.0%)
1  ... 

Histogram: PasswordManager.ProfileStore.TotalAccountsHiRes3.ByType.Overall recorded 1 samples, mean = 0.0 (flags = 0x41)
0  -O                                                                        (1 = 100.0%)
1  ... 

Histogram: PasswordManager.ProfileStore.TotalAccountsHiRes3.ByType.Overall.WithoutCustomPassphrase recorded 1 samples, mean = 0.0 (flags = 0x41)
0  -O                                                                        (1 = 100.0%)
1  ... 

Histogram: PasswordManager.ProfileStore.TotalAccountsHiRes3.ByType.ReceivedViaSharing.WithoutCustomPassphrase recorded 1 samples, mean = 0.0 (flags = 0x41)
0  -O                                                                        (1 = 100.0%)
1  ... 

Histogram: PasswordManager.ProfileStore.TotalAccountsHiRes3.ByType.UserCreated.WithoutCustomPassphrase recorded 1 samples, mean = 0.0 (flags = 0x41)
0  -O                                                                        (1 = 100.0%)
1  ... 

Histogram: PasswordManager.ProfileStore.TotalAccountsHiRes3.WithScheme.Android recorded 1 samples, mean = 0.0 (flags = 0x41)
0  -O                                                                        (1 = 100.0%)
1  ... 

Histogram: PasswordManager.ProfileStore.TotalAccountsHiRes3.WithScheme.Ftp recorded 1 samples, mean = 0.0 (flags = 0x41)
0  -O                                                                        (1 = 100.0%)
1  ... 

Histogram: PasswordManager.ProfileStore.TotalAccountsHiRes3.WithScheme.Http recorded 1 samples, mean = 0.0 (flags = 0x41)
0  -O                                                                        (1 = 100.0%)
1  ... 

Histogram: PasswordManager.ProfileStore.TotalAccountsHiRes3.WithScheme.Https recorded 1 samples, mean = 0.0 (flags = 0x41)
0  -O                                                                        (1 = 100.0%)
1  ... 

Histogram: PasswordManager.ProfileStore.TotalAccountsHiRes3.WithScheme.Other recorded 1 samples, mean = 0.0 (flags = 0x41)
0  -O                                                                        (1 = 100.0%)
1  ... 

Histogram: PasswordManager.SavedGaiaPasswordHashCount2 recorded 1 samples, mean = 0.0 (flags = 0x41)
0  -O                                                                        (1 = 100.0%)
1  ... 

Histogram: PasswordManager.SyncMetadataReadError2 recorded 2 samples, mean = 0.0 (flags = 0x41)
0  --O                                                                       (2 = 100.0%)
1  ... 

Histogram: PasswordManager.SyncingAccountState3 recorded 1 samples, mean = 2.0 (flags = 0x41)
0  ... 
2  -O                                                                        (1 = 100.0%) {0.0%}
3  ... 

Histogram: PaymentRequest.IsCanMakePaymentAllowedByPref.Startup recorded 1 samples, mean = 1.0 (flags = 0x41)
0  O                                                                         (0 = 0.0%)
1  -O                                                                        (1 = 100.0%) {0.0%}
2  O                                                                         (0 = 0.0%) {100.0%}

Histogram: PerformanceManager.LoadingNotQuiescentPageCount.All recorded 641 samples, mean = 0.0 (flags = 0x41)
0  ------------------------------------------------------------------------O (641 = 100.0%)
1  ... 

Histogram: PerformanceManager.LoadingNotQuiescentPageCount.Hidden recorded 641 samples, mean = 0.0 (flags = 0x41)
0  ------------------------------------------------------------------------O (641 = 100.0%)
1  ... 

Histogram: PerformanceManager.LoadingNotQuiescentPageCount.MixedVisibility recorded 641 samples, mean = 0.0 (flags = 0x41)
0  ------------------------------------------------------------------------O (641 = 100.0%)
1  ... 

Histogram: PerformanceManager.LoadingNotQuiescentPageCount.Visible recorded 641 samples, mean = 0.0 (flags = 0x41)
0  ------------------------------------------------------------------------O (641 = 100.0%)
1  ... 

Histogram: PerformanceManager.QuiescentPageCount recorded 641 samples, mean = 1.0 (flags = 0x41)
0  O                                                                         (0 = 0.0%)
1  ------------------------------------------------------------------------O (641 = 100.0%) {0.0%}
2  ... 

Histogram: PerformanceManager.SiteDB.DatabaseInit recorded 1 samples, mean = 0.0 (flags = 0x41)
0  -O                                                                        (1 = 100.0%)
1  ... 

Histogram: PerformanceManager.SiteDB.OnDiskSize recorded 1 samples, mean = 2.0 (flags = 0x41)
0  -O                                                                        (1 = 100.0%)
1000... 

Histogram: PerformanceManager.SiteDB.WriteCompleted.WriteSiteDataIntoStore recorded 1 samples, mean = 1.0 (flags = 0x41)
0  O                                                                         (0 = 0.0%)
1  -O                                                                        (1 = 100.0%) {0.0%}
2  O                                                                         (0 = 0.0%) {100.0%}

Histogram: PerformanceManager.SiteDB.WriteScheduled.WriteSiteDataIntoStore recorded 1 samples, mean = 1.0 (flags = 0x41)
0  O                                                                         (0 = 0.0%)
1  -O                                                                        (1 = 100.0%) {0.0%}
2  O                                                                         (0 = 0.0%) {100.0%}

Histogram: PerformanceManager.TabRevisitTracker.TimeToClose2 recorded 1 samples, mean = 19251.0 (flags = 0x41)
0      ... 
18378  -O                                                                        (1 = 100.0%) {0.0%}
19338  ... 

Histogram: PerformanceManager.UserTuning.BatterySaverModeEnabledPercent recorded 1 samples, mean = 0.0 (flags = 0x41)
0  -O                                                                        (1 = 100.0%)
1  ... 

Histogram: PerformanceManager.UserTuning.MemorySaverModeEnabledPercent recorded 1 samples, mean = 0.0 (flags = 0x41)
0  -O                                                                        (1 = 100.0%)
1  ... 

Histogram: PerformanceMonitor.AverageCPU8.BrowserProcess recorded 159 samples, mean = 1403.9 (flags = 0x41)
0      ... 
462    ------O                                                                   (9 = 5.7%) {0.0%}
558    O                                                                         (0 = 0.0%) {5.7%}
674    ------------------------------------------------------------------------O (108 = 67.9%) {5.7%}
814    -----------------O                                                        (25 = 15.7%) {73.6%}
983    -O                                                                        (1 = 0.6%) {89.3%}
1187   -O                                                                        (1 = 0.6%) {89.9%}
1433   ... 
2521   -O                                                                        (1 = 0.6%) {90.6%}
3043   -O                                                                        (2 = 1.3%) {91.2%}
3673   --O                                                                       (3 = 1.9%) {92.5%}
4434   O                                                                         (0 = 0.0%) {94.3%}
5353   -O                                                                        (2 = 1.3%) {94.3%}
6462   -O                                                                        (1 = 0.6%) {95.6%}
7801   -O                                                                        (1 = 0.6%) {96.2%}
9417   -O                                                                        (2 = 1.3%) {96.9%}
11368  -O                                                                        (2 = 1.3%) {98.1%}
13724  -O                                                                        (1 = 0.6%) {99.4%}
16567  ... 

Histogram: PerformanceMonitor.AverageCPU8.GPUProcess recorded 159 samples, mean = 19.0 (flags = 0x41)
0     ... 
5     ------------------------------------------------------------------------O (79 = 49.7%) {0.0%}
6     ------------------O                                                       (20 = 12.6%) {49.7%}
7     -------O                                                                  (8 = 5.0%) {62.3%}
8     --------------------------------O                                         (35 = 22.0%) {67.3%}
10    --------O                                                                 (9 = 5.7%) {89.3%}
12    ----O                                                                     (4 = 2.5%) {95.0%}
15    ---O                                                                      (3 = 1.9%) {97.5%}
18    ... 
1730  -O                                                                        (1 = 0.6%) {99.4%}
2088  ... 

Histogram: PerformanceMonitor.AverageCPU8.NetworkProcess recorded 159 samples, mean = 1.3 (flags = 0x41)
0   O                                                                         (0 = 0.0%)
1   ------------------------------------------------------------------------O (143 = 89.9%) {0.0%}
2   --O                                                                       (3 = 1.9%) {89.9%}
3   ----O                                                                     (8 = 5.0%) {91.8%}
4   --O                                                                       (3 = 1.9%) {96.9%}
5   -O                                                                        (1 = 0.6%) {98.7%}
6   ... 
18  -O                                                                        (1 = 0.6%) {99.4%}
22  ... 

Histogram: PerformanceMonitor.AverageCPU8.OtherProcess recorded 159 samples, mean = 0.0 (flags = 0x41)
0  ------------------------------------------------------------------------O (159 = 100.0%)
1  ... 

Histogram: PerformanceMonitor.AverageCPU8.RendererExtensionEventProcess recorded 159 samples, mean = 0.0 (flags = 0x41)
0  ------------------------------------------------------------------------O (159 = 100.0%)
1  ... 

Histogram: PerformanceMonitor.AverageCPU8.RendererExtensionPersistentProcess recorded 159 samples, mean = 0.0 (flags = 0x41)
0  ------------------------------------------------------------------------O (159 = 100.0%)
1  ... 

Histogram: PerformanceMonitor.AverageCPU8.RendererProcess recorded 159 samples, mean = 2.0 (flags = 0x41)
0    ------------------------------------------------------------------------O (158 = 99.4%)
1    ... 
317  O                                                                         (1 = 0.6%) {99.4%}
383  ... 

Histogram: PerformanceMonitor.AverageCPU8.Total recorded 159 samples, mean = 1414.9 (flags = 0x41)
0      ... 
462    ------O                                                                   (9 = 5.7%) {0.0%}
558    O                                                                         (0 = 0.0%) {5.7%}
674    ------------------------------------------------------------------------O (107 = 67.3%) {5.7%}
814    -----------------O                                                        (26 = 16.4%) {73.0%}
983    -O                                                                        (1 = 0.6%) {89.3%}
1187   -O                                                                        (1 = 0.6%) {89.9%}
1433   ... 
2521   -O                                                                        (1 = 0.6%) {90.6%}
3043   -O                                                                        (2 = 1.3%) {91.2%}
3673   --O                                                                       (3 = 1.9%) {92.5%}
4434   O                                                                         (0 = 0.0%) {94.3%}
5353   -O                                                                        (2 = 1.3%) {94.3%}
6462   -O                                                                        (1 = 0.6%) {95.6%}
7801   -O                                                                        (1 = 0.6%) {96.2%}
9417   -O                                                                        (2 = 1.3%) {96.9%}
11368  -O                                                                        (2 = 1.3%) {98.1%}
13724  -O                                                                        (1 = 0.6%) {99.4%}
16567  ... 

Histogram: PerformanceMonitor.AverageCPU8.Total.ZeroWindow recorded 159 samples, mean = 1414.9 (flags = 0x41)
0      ... 
462    ------O                                                                   (9 = 5.7%) {0.0%}
558    O                                                                         (0 = 0.0%) {5.7%}
674    ------------------------------------------------------------------------O (107 = 67.3%) {5.7%}
814    -----------------O                                                        (26 = 16.4%) {73.0%}
983    -O                                                                        (1 = 0.6%) {89.3%}
1187   -O                                                                        (1 = 0.6%) {89.9%}
1433   ... 
2521   -O                                                                        (1 = 0.6%) {90.6%}
3043   -O                                                                        (2 = 1.3%) {91.2%}
3673   --O                                                                       (3 = 1.9%) {92.5%}
4434   O                                                                         (0 = 0.0%) {94.3%}
5353   -O                                                                        (2 = 1.3%) {94.3%}
6462   -O                                                                        (1 = 0.6%) {95.6%}
7801   -O                                                                        (1 = 0.6%) {96.2%}
9417   -O                                                                        (2 = 1.3%) {96.9%}
11368  -O                                                                        (2 = 1.3%) {98.1%}
13724  -O                                                                        (1 = 0.6%) {99.4%}
16567  ... 

Histogram: PerformanceMonitor.AverageCPU8.UtilityProcess recorded 159 samples, mean = 0.0 (flags = 0x41)
0  ------------------------------------------------------------------------O (159 = 100.0%)
1  ... 

Histogram: PerformanceMonitor.HasPreciseCPUUsage recorded 9 samples, mean = 1.0 (flags = 0x41)
0  O                                                                         (0 = 0.0%)
1  ---------O                                                                (9 = 100.0%) {0.0%}
2  O                                                                         (0 = 0.0%) {100.0%}

Histogram: PerformanceMonitor.UsageScenario.LongInterval recorded 159 samples, mean = 13.0 (flags = 0x41)
0   ... 
13  ------------------------------------------------------------------------O (159 = 100.0%) {0.0%}
14  ... 

Histogram: Permissions.API.CreatedPermissionStatusObjects recorded 1 samples, mean = 0.0 (flags = 0x41)
0  -O                                                                        (1 = 100.0%)
1  ... 

Histogram: Permissions.Experimental.PrimaryMainNavigationFinished.AudioCapture.TopLevelHeaderPolicy recorded 1 samples, mean = 0.0 (flags = 0x41)
0  -O                                                                        (1 = 100.0%)
1  ... 

Histogram: Permissions.Experimental.PrimaryMainNavigationFinished.Geolocation.TopLevelHeaderPolicy recorded 1 samples, mean = 0.0 (flags = 0x41)
0  -O                                                                        (1 = 100.0%)
1  ... 

Histogram: Permissions.Experimental.PrimaryMainNavigationFinished.VideoCapture.TopLevelHeaderPolicy recorded 1 samples, mean = 0.0 (flags = 0x41)
0  -O                                                                        (1 = 100.0%)
1  ... 

Histogram: Permissions.QuietNotificationPrompts.RegularProfile.IsEnabledInPrefs recorded 1 samples, mean = 0.0 (flags = 0x41)
0  -O                                                                        (1 = 100.0%)
1  ... 

Histogram: Platform.IntelMaxMicroArchitecture recorded 1 samples, mean = 10.0 (flags = 0x41)
0   ... 
10  -O                                                                        (1 = 100.0%) {0.0%}
11  ... 

Histogram: Power.BatteryDischargeGranularityIsOrdered recorded 481 samples, mean = 1.0 (flags = 0x41)
0  O                                                                         (0 = 0.0%)
1  ------------------------------------------------------------------------O (481 = 100.0%) {0.0%}
2  O                                                                         (0 = 0.0%) {100.0%}

Histogram: Power.BatteryDischargeMode5 recorded 320 samples, mean = 1.0 (flags = 0x41)
0  O                                                                         (0 = 0.0%)
1  ------------------------------------------------------------------------O (320 = 100.0%) {0.0%}
2  ... 

Histogram: Power.BatteryDischargeMode5.Initial recorded 1 samples, mean = 1.0 (flags = 0x41)
0  O                                                                         (0 = 0.0%)
1  -O                                                                        (1 = 100.0%) {0.0%}
2  ... 

Histogram: Power.BatteryDischargeMode5.Periodic recorded 319 samples, mean = 1.0 (flags = 0x41)
0  O                                                                         (0 = 0.0%)
1  ------------------------------------------------------------------------O (319 = 100.0%) {0.0%}
2  ... 

Histogram: Power.BatteryDischargeMode5.TenMinutes recorded 31 samples, mean = 1.0 (flags = 0x41)
0  O                                                                         (0 = 0.0%)
1  -------------------------------O                                          (31 = 100.0%) {0.0%}
2  ... 

Histogram: Power.BatteryDischargeMode5.ZeroWindow recorded 320 samples, mean = 1.0 (flags = 0x41)
0  O                                                                         (0 = 0.0%)
1  ------------------------------------------------------------------------O (320 = 100.0%) {0.0%}
2  ... 

Histogram: Power.BatteryDischargeMode5.ZeroWindow.Initial recorded 1 samples, mean = 1.0 (flags = 0x41)
0  O                                                                         (0 = 0.0%)
1  -O                                                                        (1 = 100.0%) {0.0%}
2  ... 

Histogram: Power.BatteryDischargeMode5.ZeroWindow.Periodic recorded 319 samples, mean = 1.0 (flags = 0x41)
0  O                                                                         (0 = 0.0%)
1  ------------------------------------------------------------------------O (319 = 100.0%) {0.0%}
2  ... 

Histogram: Power.HasPreciseBatteryDischargeGranularity recorded 320 samples, mean = 0.0 (flags = 0x41)
0  ------------------------------------------------------------------------O (320 = 100.0%)
1  ... 

Histogram: Prefs.JSonStore.SetValueKey recorded 166 samples (flags = 0x41)
67499933    -O                                                                        (1 = 0.6%)
174384190   -O                                                                        (2 = 1.2%)
372921139   --O                                                                       (3 = 1.8%)
819550135   -O                                                                        (1 = 0.6%)
830521985   -O                                                                        (1 = 0.6%)
852125461   -O                                                                        (2 = 1.2%)
945162316   -O                                                                        (1 = 0.6%)
1227647714  -O                                                                        (1 = 0.6%)
1285180254  -O                                                                        (1 = 0.6%)
1300345862  ---O                                                                      (5 = 3.0%)
1441835268  -O                                                                        (1 = 0.6%)
1886855768  -O                                                                        (1 = 0.6%)
1923415074  --------------O                                                           (23 = 13.9%)
1927273959  -O                                                                        (1 = 0.6%)
1936820420  -O                                                                        (2 = 1.2%)
1956100443  -O                                                                        (2 = 1.2%)
2056672062  ------------------------------------------------------------------------O (117 = 70.5%)
2082524502  -O                                                                        (1 = 0.6%)

Histogram: Privacy.CookieControlsSetting.RegularProfile recorded 1 samples, mean = 2.0 (flags = 0x41)
0  ... 
2  -O                                                                        (1 = 100.0%) {0.0%}
3  O                                                                         (0 = 0.0%) {100.0%}

Histogram: Privacy.DIPS.BounceCategoryServer.Block3PC recorded 1 samples, mean = 0.0 (flags = 0x41)
0  -O                                                                        (1 = 100.0%)
1  ... 

Histogram: Privacy.DIPS.ClearedSitesCount.Block3PC recorded 6 samples, mean = 0.0 (flags = 0x41)
0  ------O                                                                   (6 = 100.0%)
1  ... 

Histogram: Privacy.DIPS.DIPSErrorCodes recorded 3 samples, mean = 2.0 (flags = 0x41)
0  --O                                                                       (2 = 66.7%)
1  ... 
6  -O                                                                        (1 = 33.3%) {66.7%}
7  ... 

Histogram: Privacy.DIPS.Database.Operation.FilterSitesWithProtectiveEventTime recorded 1 samples, mean = 0.0 (flags = 0x41)
0  -O                                                                        (1 = 100.0%)
1  ... 

Histogram: Privacy.DIPS.Database.Operation.GetSitesThatBouncedWithStateTime recorded 6 samples, mean = 0.0 (flags = 0x41)
0  ------O                                                                   (6 = 100.0%)
1  ... 

Histogram: Privacy.DIPS.Database.Operation.InitTime recorded 1 samples, mean = 2.0 (flags = 0x41)
0  ... 
2  -O                                                                        (1 = 100.0%) {0.0%}
3  ... 

Histogram: Privacy.DIPS.Database.Operation.ReadPopupTime recorded 1 samples, mean = 0.0 (flags = 0x41)
0  -O                                                                        (1 = 100.0%)
1  ... 

Histogram: Privacy.DIPS.Database.Operation.ReadTime recorded 3 samples, mean = 0.0 (flags = 0x41)
0  ---O                                                                      (3 = 100.0%)
1  ... 

Histogram: Privacy.DIPS.Database.Operation.RemoveRowsTime recorded 1 samples, mean = 2.0 (flags = 0x41)
0  ... 
2  -O                                                                        (1 = 100.0%) {0.0%}
3  ... 

Histogram: Privacy.DIPS.Database.Operation.WriteTime recorded 1 samples, mean = 16.0 (flags = 0x41)
0   ... 
14  -O                                                                        (1 = 100.0%) {0.0%}
17  ... 

Histogram: Privacy.DIPS.DatabaseEntryCount recorded 1 samples, mean = 2.0 (flags = 0x41)
0  ... 
2  -O                                                                        (1 = 100.0%) {0.0%}
3  ... 

Histogram: Privacy.DIPS.DatabaseHealthMetricsTime recorded 1 samples, mean = 0.0 (flags = 0x41)
0  -O                                                                        (1 = 100.0%)
1  ... 

Histogram: Privacy.DIPS.DatabaseInit recorded 1 samples, mean = 1.0 (flags = 0x41)
0  O                                                                         (0 = 0.0%)
1  -O                                                                        (1 = 100.0%) {0.0%}
2  ... 

Histogram: Privacy.DIPS.DatabaseSize recorded 1 samples, mean = 36.0 (flags = 0x41)
0  -O                                                                        (1 = 100.0%)
1000... 

Histogram: Privacy.DoNotTrackSetting2 recorded 1 samples, mean = 0.0 (flags = 0x41)
0  -O                                                                        (1 = 100.0%)
1  ... 

Histogram: Privacy.ThirdPartyCookieBlockingSetting.RegularProfile recorded 1 samples, mean = 0.0 (flags = 0x41)
0  -O                                                                        (1 = 100.0%)
1  ... 

Histogram: PrivacyBudget.Identifiability.FinchConfigValidationResult recorded 1 samples, mean = 1.0 (flags = 0x41)
0  O                                                                         (0 = 0.0%)
1  -O                                                                        (1 = 100.0%) {0.0%}
2  O                                                                         (0 = 0.0%) {100.0%}

Histogram: PrivacySandbox.IsTopicsAllowed recorded 1 samples, mean = 3.0 (flags = 0x41)
0  ... 
3  -O                                                                        (1 = 100.0%) {0.0%}
4  ... 

Histogram: PrivacySandbox.NoticeRequirement.IsVariationCountryEmpty recorded 3 samples, mean = 1.0 (flags = 0x41)
0  O                                                                         (0 = 0.0%)
1  ---O                                                                      (3 = 100.0%) {0.0%}
2  O                                                                         (0 = 0.0%) {100.0%}

Histogram: PrivacySandbox.NoticeRequirement.IsVariationServiceReady recorded 3 samples, mean = 1.0 (flags = 0x41)
0  O                                                                         (0 = 0.0%)
1  ---O                                                                      (3 = 100.0%) {0.0%}
2  O                                                                         (0 = 0.0%) {100.0%}

Histogram: PrivacySandbox.TrackingProtection.OnboardingStartup.State recorded 1 samples, mean = 0.0 (flags = 0x41)
0  -O                                                                        (1 = 100.0%)
1  ... 

Histogram: PrivacySandbox.TrackingProtection.SilentOnboardingStartup.State recorded 1 samples, mean = 0.0 (flags = 0x41)
0  -O                                                                        (1 = 100.0%)
1  ... 

Histogram: Profile.AppCount recorded 1 samples, mean = 0.0 (flags = 0x41)
0  -O                                                                        (1 = 100.0%)
1  ... 

Histogram: Profile.BookmarksSize recorded 1 samples, mean = 0.0 (flags = 0x41)
0  -O                                                                        (1 = 100.0%)
1  ... 

Histogram: Profile.CookiesSize recorded 1 samples, mean = 0.0 (flags = 0x41)
0  -O                                                                        (1 = 100.0%)
1  ... 

Histogram: Profile.Destroyer.OffTheRecord recorded 1 samples, mean = 1.0 (flags = 0x41)
0  O                                                                         (0 = 0.0%)
1  -O                                                                        (1 = 100.0%) {0.0%}
2  ... 

Histogram: Profile.DidDestroyProfileBeforeShutdown recorded 1 samples, mean = 0.0 (flags = 0x41)
0  -O                                                                        (1 = 100.0%)
1  ... 

Histogram: Profile.ExtensionSize recorded 1 samples, mean = 0.0 (flags = 0x41)
0  -O                                                                        (1 = 100.0%)
1  ... 

Histogram: Profile.FaviconsSize recorded 1 samples, mean = 0.0 (flags = 0x41)
0  -O                                                                        (1 = 100.0%)
1  ... 

Histogram: Profile.HistorySize recorded 1 samples, mean = 0.0 (flags = 0x41)
0  -O                                                                        (1 = 100.0%)
1  ... 

Histogram: Profile.KeepAliveLeakAtShutdown recorded 2 samples, mean = 3.5 (flags = 0x41)
0  -O                                                                        (1 = 50.0%)
1  ... 
7  -O                                                                        (1 = 50.0%) {50.0%}
8  ... 

Histogram: Profile.LiveProfileCount recorded 10 samples, mean = 1.0 (flags = 0x41)
0  O                                                                         (0 = 0.0%)
1  ----------O                                                               (10 = 100.0%) {0.0%}
2  ... 

Histogram: Profile.NumberOfActiveProfiles recorded 1 samples, mean = 0.0 (flags = 0x41)
0  -O                                                                        (1 = 100.0%)
1  ... 

Histogram: Profile.NumberOfManagedProfiles recorded 1 samples, mean = 0.0 (flags = 0x41)
0  -O                                                                        (1 = 100.0%)
1  ... 

Histogram: Profile.NumberOfProfiles recorded 1 samples, mean = 1.0 (flags = 0x41)
0  O                                                                         (0 = 0.0%)
1  -O                                                                        (1 = 100.0%) {0.0%}
2  ... 

Histogram: Profile.NumberOfSignedInProfiles recorded 1 samples, mean = 0.0 (flags = 0x41)
0  -O                                                                        (1 = 100.0%)
1  ... 

Histogram: Profile.NumberOfUnusedProfiles recorded 1 samples, mean = 1.0 (flags = 0x41)
0  O                                                                         (0 = 0.0%)
1  -O                                                                        (1 = 100.0%) {0.0%}
2  ... 

Histogram: Profile.PercentageOfManagedProfiles recorded 1 samples, mean = 0.0 (flags = 0x41)
0  -O                                                                        (1 = 100.0%)
1  ... 

Histogram: Profile.TopSitesSize recorded 1 samples, mean = 0.0 (flags = 0x41)
0  -O                                                                        (1 = 100.0%)
1  ... 

Histogram: Profile.TotalHistorySize recorded 1 samples, mean = 0.0 (flags = 0x41)
0  -O                                                                        (1 = 100.0%)
1  ... 

Histogram: Profile.TotalSize recorded 1 samples, mean = 0.0 (flags = 0x41)
0  -O                                                                        (1 = 100.0%)
1  ... 

Histogram: Profile.TotalSizeRecursive recorded 1 samples, mean = 23.0 (flags = 0x41)
0   ... 
20  -O                                                                        (1 = 100.0%) {0.0%}
24  ... 

Histogram: Profile.TriggeredReset recorded 1 samples, mean = 0.0 (flags = 0x41)
0  -O                                                                        (1 = 100.0%)
1  ... 

Histogram: Profile.VisitedLinksSize recorded 1 samples, mean = 0.0 (flags = 0x41)
0  -O                                                                        (1 = 100.0%)
1  ... 

Histogram: Profile.WebDataSize recorded 1 samples, mean = 0.0 (flags = 0x41)
0  -O                                                                        (1 = 100.0%)
1  ... 

Histogram: Profile.ZombieProfileCount recorded 10 samples, mean = 0.0 (flags = 0x41)
0  ----------O                                                               (10 = 100.0%)
1  ... 

Histogram: ProfilePicker.StartupMode.CreateInitialProfile recorded 1 samples, mean = 0.0 (flags = 0x41)
0  -O                                                                        (1 = 100.0%)
1  ... 

Histogram: ProfilePicker.StartupMode.GetStartupProfile recorded 1 samples, mean = 0.0 (flags = 0x41)
0  -O                                                                        (1 = 100.0%)
1  ... 

Histogram: ProfilePicker.StartupReason.GetStartupProfile recorded 1 samples, mean = 27.0 (flags = 0x41)
0   ... 
27  -O                                                                        (1 = 100.0%) {0.0%}
28  ... 

Histogram: ProtoDB.GetErrorStatus.Metadata recorded 0 samples (flags = 0x41)
0 ... 

Histogram: ProtoDB.GetFound.Metadata recorded 18 samples, mean = 1.0 (flags = 0x41)
0  O                                                                         (0 = 0.0%)
1  ------------------O                                                       (18 = 100.0%) {0.0%}
2  O                                                                         (0 = 0.0%) {100.0%}

Histogram: ProtoDB.GetSuccess.Metadata recorded 18 samples, mean = 1.0 (flags = 0x41)
0  O                                                                         (0 = 0.0%)
1  ------------------O                                                       (18 = 100.0%) {0.0%}
2  O                                                                         (0 = 0.0%) {100.0%}

Histogram: ProtoDB.InitStatus.BudgetManager recorded 1 samples, mean = 4.0 (flags = 0x41)
0  ... 
4  -O                                                                        (1 = 100.0%) {0.0%}
5  ... 

Histogram: ProtoDB.InitStatus.CartDatabase recorded 1 samples, mean = 4.0 (flags = 0x41)
0  ... 
4  -O                                                                        (1 = 100.0%) {0.0%}
5  ... 

Histogram: ProtoDB.InitStatus.ClientCertificatesDatabase recorded 1 samples, mean = 4.0 (flags = 0x41)
0  ... 
4  -O                                                                        (1 = 100.0%) {0.0%}
5  ... 

Histogram: ProtoDB.InitStatus.CommerceParcelTrackingDatabase recorded 1 samples, mean = 4.0 (flags = 0x41)
0  ... 
4  -O                                                                        (1 = 100.0%) {0.0%}
5  ... 

Histogram: ProtoDB.InitStatus.CommerceSubscriptionDatabase recorded 1 samples, mean = 4.0 (flags = 0x41)
0  ... 
4  -O                                                                        (1 = 100.0%) {0.0%}
5  ... 

Histogram: ProtoDB.InitStatus.CouponDatabase recorded 1 samples, mean = 4.0 (flags = 0x41)
0  ... 
4  -O                                                                        (1 = 100.0%) {0.0%}
5  ... 

Histogram: ProtoDB.InitStatus.DiscountsDatabase recorded 1 samples, mean = 4.0 (flags = 0x41)
0  ... 
4  -O                                                                        (1 = 100.0%) {0.0%}
5  ... 

Histogram: ProtoDB.InitStatus.DownloadDB recorded 1 samples, mean = 4.0 (flags = 0x41)
0  ... 
4  -O                                                                        (1 = 100.0%) {0.0%}
5  ... 

Histogram: ProtoDB.InitStatus.DownloadService recorded 1 samples, mean = 4.0 (flags = 0x41)
0  ... 
4  -O                                                                        (1 = 100.0%) {0.0%}
5  ... 

Histogram: ProtoDB.InitStatus.FeatureEngagementTrackerAvailabilityStore recorded 1 samples, mean = 4.0 (flags = 0x41)
0  ... 
4  -O                                                                        (1 = 100.0%) {0.0%}
5  ... 

Histogram: ProtoDB.InitStatus.FeatureEngagementTrackerEventStore recorded 1 samples, mean = 4.0 (flags = 0x41)
0  ... 
4  -O                                                                        (1 = 100.0%) {0.0%}
5  ... 

Histogram: ProtoDB.InitStatus.Metadata recorded 1 samples, mean = 0.0 (flags = 0x41)
0  -O                                                                        (1 = 100.0%)
1  ... 

Histogram: ProtoDB.InitStatus.PersistentOriginTrials recorded 1 samples, mean = 4.0 (flags = 0x41)
0  ... 
4  -O                                                                        (1 = 100.0%) {0.0%}
5  ... 

Histogram: ProtoDB.InitStatus.PreviewsHintCacheStore recorded 1 samples, mean = 4.0 (flags = 0x41)
0  ... 
4  -O                                                                        (1 = 100.0%) {0.0%}
5  ... 

Histogram: ProtoDB.InitStatus.SegmentInfoDatabase recorded 1 samples, mean = 4.0 (flags = 0x41)
0  ... 
4  -O                                                                        (1 = 100.0%) {0.0%}
5  ... 

Histogram: ProtoDB.InitStatus.SharedDb recorded 1 samples, mean = 0.0 (flags = 0x41)
0  -O                                                                        (1 = 100.0%)
1  ... 

Histogram: ProtoDB.InitStatus.SignalDatabase recorded 1 samples, mean = 4.0 (flags = 0x41)
0  ... 
4  -O                                                                        (1 = 100.0%) {0.0%}
5  ... 

Histogram: ProtoDB.InitStatus.SignalStorageConfigDatabase recorded 1 samples, mean = 4.0 (flags = 0x41)
0  ... 
4  -O                                                                        (1 = 100.0%) {0.0%}
5  ... 

Histogram: ProtoDB.InitStatus.StrikeService recorded 1 samples, mean = 4.0 (flags = 0x41)
0  ... 
4  -O                                                                        (1 = 100.0%) {0.0%}
5  ... 

Histogram: ProtoDB.LoadEntriesSuccess.CartDatabase recorded 1 samples, mean = 1.0 (flags = 0x41)
0  O                                                                         (0 = 0.0%)
1  -O                                                                        (1 = 100.0%) {0.0%}
2  O                                                                         (0 = 0.0%) {100.0%}

Histogram: ProtoDB.LoadEntriesSuccess.CouponDatabase recorded 1 samples, mean = 1.0 (flags = 0x41)
0  O                                                                         (0 = 0.0%)
1  -O                                                                        (1 = 100.0%) {0.0%}
2  O                                                                         (0 = 0.0%) {100.0%}

Histogram: ProtoDB.LoadEntriesSuccess.DownloadDB recorded 1 samples, mean = 1.0 (flags = 0x41)
0  O                                                                         (0 = 0.0%)
1  -O                                                                        (1 = 100.0%) {0.0%}
2  O                                                                         (0 = 0.0%) {100.0%}

Histogram: ProtoDB.LoadEntriesSuccess.DownloadService recorded 1 samples, mean = 1.0 (flags = 0x41)
0  O                                                                         (0 = 0.0%)
1  -O                                                                        (1 = 100.0%) {0.0%}
2  O                                                                         (0 = 0.0%) {100.0%}

Histogram: ProtoDB.LoadEntriesSuccess.FeatureEngagementTrackerAvailabilityStore recorded 1 samples, mean = 1.0 (flags = 0x41)
0  O                                                                         (0 = 0.0%)
1  -O                                                                        (1 = 100.0%) {0.0%}
2  O                                                                         (0 = 0.0%) {100.0%}

Histogram: ProtoDB.LoadEntriesSuccess.FeatureEngagementTrackerEventStore recorded 1 samples, mean = 1.0 (flags = 0x41)
0  O                                                                         (0 = 0.0%)
1  -O                                                                        (1 = 100.0%) {0.0%}
2  O                                                                         (0 = 0.0%) {100.0%}

Histogram: ProtoDB.LoadEntriesSuccess.PersistentOriginTrials recorded 1 samples, mean = 1.0 (flags = 0x41)
0  O                                                                         (0 = 0.0%)
1  -O                                                                        (1 = 100.0%) {0.0%}
2  O                                                                         (0 = 0.0%) {100.0%}

Histogram: ProtoDB.LoadEntriesSuccess.SegmentInfoDatabase recorded 1 samples, mean = 1.0 (flags = 0x41)
0  O                                                                         (0 = 0.0%)
1  -O                                                                        (1 = 100.0%) {0.0%}
2  O                                                                         (0 = 0.0%) {100.0%}

Histogram: ProtoDB.LoadEntriesSuccess.SignalStorageConfigDatabase recorded 1 samples, mean = 1.0 (flags = 0x41)
0  O                                                                         (0 = 0.0%)
1  -O                                                                        (1 = 100.0%) {0.0%}
2  O                                                                         (0 = 0.0%) {100.0%}

Histogram: ProtoDB.LoadKeysAndEntriesSuccess.PreviewsHintCacheStore recorded 2 samples, mean = 1.0 (flags = 0x41)
0  O                                                                         (0 = 0.0%)
1  --O                                                                       (2 = 100.0%) {0.0%}
2  O                                                                         (0 = 0.0%) {100.0%}

Histogram: ProtoDB.LoadKeysAndEntriesSuccess.SignalDatabase recorded 120 samples, mean = 1.0 (flags = 0x41)
0  O                                                                         (0 = 0.0%)
1  ------------------------------------------------------------------------O (120 = 100.0%) {0.0%}
2  O                                                                         (0 = 0.0%) {100.0%}

Histogram: ProtoDB.LoadKeysAndEntriesSuccess.StrikeService recorded 1 samples, mean = 1.0 (flags = 0x41)
0  O                                                                         (0 = 0.0%)
1  -O                                                                        (1 = 100.0%) {0.0%}
2  O                                                                         (0 = 0.0%) {100.0%}

Histogram: ProtoDB.SharedDbInitStatus recorded 53 samples, mean = 11.4 (flags = 0x41)
0   ------------------O                                                       (18 = 34.0%)
1   ... 
11  -----------------O                                                        (17 = 32.1%) {34.0%}
12  ... 
23  -----------------O                                                        (17 = 32.1%) {66.0%}
24  ... 
27  -O                                                                        (1 = 1.9%) {98.1%}
28  ... 

Histogram: ProtoDB.UpdateErrorStatus.CartDatabase recorded 0 samples (flags = 0x41)
0 ... 

Histogram: ProtoDB.UpdateErrorStatus.CouponDatabase recorded 0 samples (flags = 0x41)
0 ... 

Histogram: ProtoDB.UpdateErrorStatus.Default recorded 0 samples (flags = 0x41)
0 ... 

Histogram: ProtoDB.UpdateErrorStatus.FeatureEngagementTrackerAvailabilityStore recorded 0 samples (flags = 0x41)
0 ... 

Histogram: ProtoDB.UpdateErrorStatus.Metadata recorded 0 samples (flags = 0x41)
0 ... 

Histogram: ProtoDB.UpdateErrorStatus.SegmentInfoDatabase recorded 0 samples (flags = 0x41)
0 ... 

Histogram: ProtoDB.UpdateErrorStatus.SignalDatabase recorded 0 samples (flags = 0x41)
0 ... 

Histogram: ProtoDB.UpdateErrorStatus.SignalStorageConfigDatabase recorded 0 samples (flags = 0x41)
0 ... 

Histogram: ProtoDB.UpdateSuccess.CartDatabase recorded 1 samples, mean = 1.0 (flags = 0x41)
0  O                                                                         (0 = 0.0%)
1  -O                                                                        (1 = 100.0%) {0.0%}
2  O                                                                         (0 = 0.0%) {100.0%}

Histogram: ProtoDB.UpdateSuccess.CouponDatabase recorded 1 samples, mean = 1.0 (flags = 0x41)
0  O                                                                         (0 = 0.0%)
1  -O                                                                        (1 = 100.0%) {0.0%}
2  O                                                                         (0 = 0.0%) {100.0%}

Histogram: ProtoDB.UpdateSuccess.Default recorded 5 samples, mean = 1.0 (flags = 0x41)
0  O                                                                         (0 = 0.0%)
1  -----O                                                                    (5 = 100.0%) {0.0%}
2  O                                                                         (0 = 0.0%) {100.0%}

Histogram: ProtoDB.UpdateSuccess.FeatureEngagementTrackerAvailabilityStore recorded 1 samples, mean = 1.0 (flags = 0x41)
0  O                                                                         (0 = 0.0%)
1  -O                                                                        (1 = 100.0%) {0.0%}
2  O                                                                         (0 = 0.0%) {100.0%}

Histogram: ProtoDB.UpdateSuccess.Metadata recorded 1 samples, mean = 1.0 (flags = 0x41)
0  O                                                                         (0 = 0.0%)
1  -O                                                                        (1 = 100.0%) {0.0%}
2  O                                                                         (0 = 0.0%) {100.0%}

Histogram: ProtoDB.UpdateSuccess.SegmentInfoDatabase recorded 17 samples, mean = 1.0 (flags = 0x41)
0  O                                                                         (0 = 0.0%)
1  -----------------O                                                        (17 = 100.0%) {0.0%}
2  O                                                                         (0 = 0.0%) {100.0%}

Histogram: ProtoDB.UpdateSuccess.SignalDatabase recorded 21 samples, mean = 1.0 (flags = 0x41)
0  O                                                                         (0 = 0.0%)
1  ---------------------O                                                    (21 = 100.0%) {0.0%}
2  O                                                                         (0 = 0.0%) {100.0%}

Histogram: ProtoDB.UpdateSuccess.SignalStorageConfigDatabase recorded 1 samples, mean = 1.0 (flags = 0x41)
0  O                                                                         (0 = 0.0%)
1  -O                                                                        (1 = 100.0%) {0.0%}
2  O                                                                         (0 = 0.0%) {100.0%}

Histogram: Quota.AvailableDiskSpace recorded 16 samples, mean = 462353.5 (flags = 0x41)
0       ... 
412711  ----------------O                                                         (16 = 100.0%) {0.0%}
481447  ... 

Histogram: Quota.AvailableDiskSpace2 recorded 5 samples, mean = 462353.0 (flags = 0x41)
0       ... 
412711  -----O                                                                    (5 = 100.0%) {0.0%}
481447  ... 

Histogram: Quota.EvictedBucketsPerHour recorded 5 samples, mean = 0.0 (flags = 0x41)
0  -----O                                                                    (5 = 100.0%)
1  ... 

Histogram: Quota.EvictionRoundsPerHour recorded 5 samples, mean = 2.0 (flags = 0x41)
0  ... 
2  -----O                                                                    (5 = 100.0%) {0.0%}
3  ... 

Histogram: Quota.GlobalTemporaryPoolSize recorded 11 samples, mean = 819199.0 (flags = 0x41)
0       ... 
764286  -----------O                                                              (11 = 100.0%) {0.0%}
891576  ... 

Histogram: Quota.GlobalUsageOfTemporaryStorage recorded 5 samples, mean = 0.0 (flags = 0x41)
0  -----O                                                                    (5 = 100.0%)
1  ... 

Histogram: Quota.PercentDiskAvailable recorded 16 samples, mean = 45.0 (flags = 0x41)
0   ... 
45  ----------------O                                                         (16 = 100.0%) {0.0%}
46  ... 

Histogram: Quota.PercentDiskAvailable2 recorded 5 samples, mean = 45.0 (flags = 0x41)
0   ... 
45  -----O                                                                    (5 = 100.0%) {0.0%}
46  ... 

Histogram: Quota.PercentUsedForTemporaryStorage2 recorded 5 samples, mean = 0.0 (flags = 0x41)
0  -----O                                                                    (5 = 100.0%)
1  ... 

Histogram: Quota.SkippedEvictionRoundsPerHour recorded 5 samples, mean = 2.0 (flags = 0x41)
0  ... 
2  -----O                                                                    (5 = 100.0%) {0.0%}
3  ... 

Histogram: Quota.StorageKeyNonceCount recorded 5 samples, mean = 0.0 (flags = 0x41)
0  -----O                                                                    (5 = 100.0%)
1  ... 

Histogram: Quota.TotalBucketCount recorded 5 samples, mean = 0.0 (flags = 0x41)
0  -----O                                                                    (5 = 100.0%)
1  ... 

Histogram: Quota.TotalDiskSpace recorded 16 samples, mean = 1023999.0 (flags = 0x41)
0       ... 
891576  ----------------O                                                         (16 = 100.0%) {0.0%}
1040066 ... 

Histogram: Quota.TotalDiskSpaceIsZero recorded 11 samples, mean = 0.0 (flags = 0x41)
0  -----------O                                                              (11 = 100.0%)
1  ... 

Histogram: ReadingList.Read.Count.OnModelLoaded.AccountStorage recorded 1 samples, mean = 0.0 (flags = 0x41)
0  -O                                                                        (1 = 100.0%)
1  ... 

Histogram: ReadingList.Read.Count.OnModelLoaded.LocalStorage recorded 1 samples, mean = 0.0 (flags = 0x41)
0  -O                                                                        (1 = 100.0%)
1  ... 

Histogram: ReadingList.Unread.Count.OnModelLoaded.AccountStorage recorded 1 samples, mean = 0.0 (flags = 0x41)
0  -O                                                                        (1 = 100.0%)
1  ... 

Histogram: ReadingList.Unread.Count.OnModelLoaded.LocalStorage recorded 1 samples, mean = 0.0 (flags = 0x41)
0  -O                                                                        (1 = 100.0%)
1  ... 

Histogram: Renderer.Core.Timing.Performance.SwapsPerPerformanceEntryInsertion recorded 53 samples, mean = 1.1 (flags = 0x41)
0  --------------------O                                                     (20 = 37.7%)
1  ---------------------O                                                    (21 = 39.6%) {37.7%}
2  -------O                                                                  (7 = 13.2%) {77.4%}
3  --O                                                                       (2 = 3.8%) {90.6%}
4  O                                                                         (0 = 0.0%) {94.3%}
5  --O                                                                       (2 = 3.8%) {94.3%}
6  ... 
8  -O                                                                        (1 = 1.9%) {98.1%}
9  ... 

Histogram: Renderer.CriticalFonts.BlockingResourcesLoadTime recorded 1 samples, mean = 11343.0 (flags = 0x41)
0      ... 
10000  -O                                                                        (1 = 100.0%) {0.0%}

Histogram: Renderer.CriticalFonts.CriticalFontDelay recorded 1 samples, mean = 58.0 (flags = 0x41)
0   ... 
57  -O                                                                        (1 = 100.0%) {0.0%}
68  ... 

Histogram: Renderer.CriticalFonts.PreloadedFontsLoadTime recorded 1 samples, mean = 11402.0 (flags = 0x41)
0      ... 
10000  -O                                                                        (1 = 100.0%) {0.0%}

Histogram: Renderer.Font.PrimaryFont.DomContentLoaded recorded 1 samples, mean = 0.0 (flags = 0x41)
0  -O                                                                        (1 = 100.0%)
1  ... 

Histogram: Renderer.Font.PrimaryFont.DomContentLoaded.Style recorded 1 samples, mean = 0.0 (flags = 0x41)
0  -O                                                                        (1 = 100.0%)
1  ... 

Histogram: Renderer.Font.SystemFallback.DomContentLoaded recorded 1 samples, mean = 0.0 (flags = 0x41)
0  -O                                                                        (1 = 100.0%)
1  ... 

Histogram: Renderer.ProcessLifetime3 recorded 3 samples, mean = 12829487.0 (flags = 0x41)
0         ... 
2530      -O                                                                        (1 = 33.3%) {0.0%}
2841      ... 
19128757  --O                                                                       (2 = 66.7%) {33.3%}
21481176  ... 

Histogram: Renderer.ProcessLifetime3.Empty recorded 1 samples, mean = 19241692.0 (flags = 0x41)
0         ... 
19128757  -O                                                                        (1 = 100.0%) {0.0%}
21481176  ... 

Histogram: Renderer.ProcessLifetime3.MainFrame recorded 1 samples, mean = 19244224.0 (flags = 0x41)
0         ... 
19128757  -O                                                                        (1 = 100.0%) {0.0%}
21481176  ... 

Histogram: Renderer.ProcessLifetime3.Speculative recorded 1 samples, mean = 2546.0 (flags = 0x41)
0     ... 
2530  -O                                                                        (1 = 100.0%) {0.0%}
2841  ... 

Histogram: Renderer.ReduceSubresourceResponseIPC.DidNotifyBrowser recorded 49 samples, mean = 1.0 (flags = 0x41)
0  O                                                                         (0 = 0.0%)
1  -------------------------------------------------O                        (49 = 100.0%) {0.0%}
2  O                                                                         (0 = 0.0%) {100.0%}

Histogram: Renderer4.GpuRasterizationEnabled recorded 1 samples, mean = 1.0 (flags = 0x41)
0  O                                                                         (0 = 0.0%)
1  -O                                                                        (1 = 100.0%) {0.0%}
2  O                                                                         (0 = 0.0%) {100.0%}

Histogram: RendererScheduler.RendererMainThreadLoad5 recorded 38502 samples, mean = 0.0 (flags = 0x41)
0   ------------------------------------------------------------------------O (38492 = 100.0%)
1   O                                                                         (0 = 0.0%) {100.0%}
2   O                                                                         (2 = 0.0%) {100.0%}
3   ... 
5   O                                                                         (1 = 0.0%) {100.0%}
6   ... 
10  O                                                                         (1 = 0.0%) {100.0%}
11  ... 
19  O                                                                         (1 = 0.0%) {100.0%}
20  ... 
37  O                                                                         (1 = 0.0%) {100.0%}
38  ... 
48  O                                                                         (1 = 0.0%) {100.0%}
49  ... 
61  O                                                                         (1 = 0.0%) {100.0%}
62  ... 
76  O                                                                         (1 = 0.0%) {100.0%}
77  ... 
79  O                                                                         (1 = 0.0%) {100.0%}
80  ... 

Histogram: RendererScheduler.RendererMainThreadLoad5.Background recorded 19242 samples, mean = 0.0 (flags = 0x41)
0  ------------------------------------------------------------------------O (19242 = 100.0%)
1  ... 

Histogram: RendererScheduler.RendererMainThreadLoad5.Background.AfterFifthMinute recorded 18942 samples, mean = 0.0 (flags = 0x41)
0  ------------------------------------------------------------------------O (18942 = 100.0%)
1  ... 

Histogram: RendererScheduler.RendererMainThreadLoad5.Background.AfterFirstMinute recorded 19182 samples, mean = 0.0 (flags = 0x41)
0  ------------------------------------------------------------------------O (19182 = 100.0%)
1  ... 

Histogram: RendererScheduler.RendererMainThreadLoad5.Background.AfterTenthMinute recorded 18642 samples, mean = 0.0 (flags = 0x41)
0  ------------------------------------------------------------------------O (18642 = 100.0%)
1  ... 

Histogram: RendererScheduler.RendererMainThreadLoad5.Foreground recorded 9 samples, mean = 9.9 (flags = 0x41)
0   -------O                                                                  (7 = 77.8%)
1   ... 
10  -O                                                                        (1 = 11.1%) {77.8%}
11  ... 
79  -O                                                                        (1 = 11.1%) {88.9%}
80  ... 

Histogram: RendererScheduler.RendererMainThreadLoad5.Foreground.AfterFirstMinute recorded 19182 samples, mean = 0.0 (flags = 0x41)
0  ------------------------------------------------------------------------O (19182 = 100.0%)
1  ... 

Histogram: ReportingAndNEL.NumberOfLoadedNELPolicies recorded 1 samples, mean = 0.0 (flags = 0x41)
0  -O                                                                        (1 = 100.0%)
1  ... 

Histogram: ReportingAndNEL.NumberOfLoadedNELPolicies2 recorded 1 samples, mean = 0.0 (flags = 0x41)
0  -O                                                                        (1 = 100.0%)
1  ... 

Histogram: ReportingAndNEL.TimeInitializeDB recorded 1 samples, mean = 5.0 (flags = 0x41)
0  ... 
5  -O                                                                        (1 = 100.0%) {0.0%}
6  ... 

Histogram: ResourceScheduler.RequestQueuingDuration.Priority1 recorded 119 samples, mean = 0.0 (flags = 0x41)
0  ------------------------------------------------------------------------O (119 = 100.0%)
1  ... 

Histogram: ResourceScheduler.RequestQueuingDuration.Priority2 recorded 29 samples, mean = 1485.5 (flags = 0x41)
0     ---O                                                                      (3 = 10.3%)
1     ... 
280   --O                                                                       (2 = 6.9%) {10.3%}
356   -O                                                                        (1 = 3.4%) {17.2%}
452   ... 
1177  ----------O                                                               (10 = 34.5%) {20.7%}
1496  -----O                                                                    (5 = 17.2%) {55.2%}
1901  ---O                                                                      (3 = 10.3%) {72.4%}
2415  -----O                                                                    (5 = 17.2%) {82.8%}
3069  ... 

Histogram: ResourceScheduler.RequestQueuingDuration.Priority3 recorded 1 samples, mean = 0.0 (flags = 0x41)
0  -O                                                                        (1 = 100.0%)
1  ... 

Histogram: ResourceScheduler.RequestQueuingDuration.Priority4 recorded 8 samples, mean = 0.0 (flags = 0x41)
0  --------O                                                                 (8 = 100.0%)
1  ... 

Histogram: ResourceScheduler.RequestQueuingDuration.Priority5 recorded 18 samples, mean = 0.0 (flags = 0x41)
0  ------------------O                                                       (18 = 100.0%)
1  ... 

Histogram: SBClientPhishing.Classifier.Event recorded 2 samples, mean = 1.0 (flags = 0x41)
0  O                                                                         (0 = 0.0%)
1  --O                                                                       (2 = 100.0%) {0.0%}
2  ... 

Histogram: SBClientPhishing.ImageEmbedder.Event recorded 2 samples, mean = 1.0 (flags = 0x41)
0  O                                                                         (0 = 0.0%)
1  --O                                                                       (2 = 100.0%) {0.0%}
2  ... 

Histogram: SBClientPhishing.LoadReportTimesFromPrefAtServiceCreationSuccessful recorded 1 samples, mean = 1.0 (flags = 0x41)
0  O                                                                         (0 = 0.0%)
1  -O                                                                        (1 = 100.0%) {0.0%}
2  O                                                                         (0 = 0.0%) {100.0%}

Histogram: SBClientPhishing.PreClassificationCheckResult recorded 1 samples, mean = 1.0 (flags = 0x41)
0  O                                                                         (0 = 0.0%)
1  -O                                                                        (1 = 100.0%) {0.0%}
2  ... 

Histogram: SBIRS.DroppedIncident recorded 1 samples, mean = 1.0 (flags = 0x41)
0  O                                                                         (0 = 0.0%)
1  -O                                                                        (1 = 100.0%) {0.0%}
2  ... 

Histogram: SBIRS.ReceivedIncident recorded 1 samples, mean = 1.0 (flags = 0x41)
0  O                                                                         (0 = 0.0%)
1  -O                                                                        (1 = 100.0%) {0.0%}
2  ... 

Histogram: SSL.Experimental.SubresourceResponse recorded 49 samples, mean = 0.0 (flags = 0x41)
0  -------------------------------------------------O                        (49 = 100.0%)
1  ... 

Histogram: SafeBrowsing.AsyncCheck.CommittedNavigationIdsSize recorded 5 samples, mean = 1.6 (flags = 0x41)
0  -O                                                                        (1 = 20.0%)
1  -O                                                                        (1 = 20.0%) {20.0%}
2  --O                                                                       (2 = 40.0%) {40.0%}
3  -O                                                                        (1 = 20.0%) {80.0%}
4  ... 

Histogram: SafeBrowsing.BrowserThrottle.CheckerOnIOLifetime recorded 1 samples, mean = 2349.0 (flags = 0x41)
0     ... 
1901  -O                                                                        (1 = 100.0%) {0.0%}
2415  ... 

Histogram: SafeBrowsing.BrowserThrottle.IntervalBetweenStartAndProcess recorded 1 samples, mean = 2349.0 (flags = 0x41)
0     ... 
2117  -O                                                                        (1 = 100.0%) {0.0%}
2516  ... 

Histogram: SafeBrowsing.BrowserThrottle.IntervalBetweenStartAndProcess.FromNetwork recorded 1 samples, mean = 2349.0 (flags = 0x41)
0     ... 
2117  -O                                                                        (1 = 100.0%) {0.0%}
2516  ... 

Histogram: SafeBrowsing.BrowserThrottle.IsCheckCompletedOnProcessResponse recorded 1 samples, mean = 1.0 (flags = 0x41)
0  O                                                                         (0 = 0.0%)
1  -O                                                                        (1 = 100.0%) {0.0%}
2  O                                                                         (0 = 0.0%) {100.0%}

Histogram: SafeBrowsing.BrowserThrottle.RequestDestination recorded 1 samples, mean = 3.0 (flags = 0x41)
0  ... 
3  -O                                                                        (1 = 100.0%) {0.0%}
4  ... 

Histogram: SafeBrowsing.BrowserThrottle.RequestDestination.Checked recorded 1 samples, mean = 3.0 (flags = 0x41)
0  ... 
3  -O                                                                        (1 = 100.0%) {0.0%}
4  ... 

Histogram: SafeBrowsing.BrowserThrottle.TotalDelay2.FromNetwork recorded 1 samples, mean = 0.0 (flags = 0x41)
0  -O                                                                        (1 = 100.0%)
1  ... 

Histogram: SafeBrowsing.BrowserThrottle.TotalDelay2.HashPrefixDatabaseCheck recorded 2 samples, mean = 0.0 (flags = 0x41)
0  --O                                                                       (2 = 100.0%)
1  ... 

Histogram: SafeBrowsing.BrowserThrottle.WillProcessResponseCount recorded 1 samples, mean = 1.0 (flags = 0x41)
0  O                                                                         (0 = 0.0%)
1  -O                                                                        (1 = 100.0%) {0.0%}
2  ... 

Histogram: SafeBrowsing.CheckBrowseUrl.HasLocalMatch recorded 2 samples, mean = 1.0 (flags = 0x41)
0  O                                                                         (0 = 0.0%)
1  --O                                                                       (2 = 100.0%) {0.0%}
2  O                                                                         (0 = 0.0%) {100.0%}

Histogram: SafeBrowsing.CheckUrl.Action recorded 2 samples, mean = 0.0 (flags = 0x41)
0  --O                                                                       (2 = 100.0%)
1  ... 

Histogram: SafeBrowsing.CheckUrl.FirstRequestThreatType2 recorded 1 samples, mean = 1.0 (flags = 0x41)
0  O                                                                         (0 = 0.0%)
1  -O                                                                        (1 = 100.0%) {0.0%}
2  ... 

Histogram: SafeBrowsing.CheckUrl.FirstRequestThreatType2.LocalPVer4 recorded 1 samples, mean = 1.0 (flags = 0x41)
0  O                                                                         (0 = 0.0%)
1  -O                                                                        (1 = 100.0%) {0.0%}
2  ... 

Histogram: SafeBrowsing.CheckUrl.FirstRequestTimedOut recorded 1 samples, mean = 0.0 (flags = 0x41)
0  -O                                                                        (1 = 100.0%)
1  ... 

Histogram: SafeBrowsing.CheckUrl.FirstRequestTimedOut.LocalPVer4 recorded 1 samples, mean = 0.0 (flags = 0x41)
0  -O                                                                        (1 = 100.0%)
1  ... 

Histogram: SafeBrowsing.CheckUrl.IsDocumentCheckPrefetch recorded 2 samples, mean = 0.0 (flags = 0x41)
0  --O                                                                       (2 = 100.0%)
1  ... 

Histogram: SafeBrowsing.CheckUrl.TimeTaken.HashDatabase recorded 2 samples, mean = 521.0 (flags = 0x41)
0    ... 
2    -O                                                                        (1 = 50.0%) {0.0%}
3    ... 
894  -O                                                                        (1 = 50.0%) {50.0%}
1062 ... 

Histogram: SafeBrowsing.CheckUrl.Timeout recorded 2 samples, mean = 0.0 (flags = 0x41)
0  --O                                                                       (2 = 100.0%)
1  ... 

Histogram: SafeBrowsing.CheckUrl.UrlScheme recorded 2 samples, mean = 10.0 (flags = 0x41)
0   ... 
10  --O                                                                       (2 = 100.0%) {0.0%}
11  ... 

Histogram: SafeBrowsing.Daily.BypassCountLast28Days.StandardProtection.AllEvents recorded 1 samples, mean = 0.0 (flags = 0x41)
0  -O                                                                        (1 = 100.0%)
1  ... 

Histogram: SafeBrowsing.Daily.SecuritySensitiveCountLast28Days.StandardProtection.AllEvents recorded 1 samples, mean = 0.0 (flags = 0x41)
0  -O                                                                        (1 = 100.0%)
1  ... 

Histogram: SafeBrowsing.FileTypeUpdate.ResourceBundleResult recorded 1 samples (flags = 0x41)
1  -O                                                                        (1 = 100.0%)

Histogram: SafeBrowsing.FileTypeUpdate.ResourceBundleVersion recorded 1 samples (flags = 0x41)
66  -O                                                                        (1 = 100.0%)

Histogram: SafeBrowsing.HPRT.Cache.FullHashCount recorded 12 samples, mean = 0.0 (flags = 0x41)
0  ------------O                                                             (12 = 100.0%)
1  ... 

Histogram: SafeBrowsing.HPRT.Cache.HashPrefixCount recorded 12 samples, mean = 0.0 (flags = 0x41)
0  ------------O                                                             (12 = 100.0%)
1  ... 

Histogram: SafeBrowsing.HPRT.Ineligible.FeatureOff recorded 1 samples, mean = 0.0 (flags = 0x41)
0  -O                                                                        (1 = 100.0%)
1  ... 

Histogram: SafeBrowsing.HPRT.Ineligible.IneligibleForLocation recorded 1 samples, mean = 0.0 (flags = 0x41)
0  -O                                                                        (1 = 100.0%)
1  ... 

Histogram: SafeBrowsing.HPRT.Ineligible.IneligibleForSessionOrLocation recorded 1 samples, mean = 1.0 (flags = 0x41)
0  O                                                                         (0 = 0.0%)
1  -O                                                                        (1 = 100.0%) {0.0%}
2  O                                                                         (0 = 0.0%) {100.0%}

Histogram: SafeBrowsing.HPRT.Ineligible.NoGoogleChromeBranding recorded 1 samples, mean = 1.0 (flags = 0x41)
0  O                                                                         (0 = 0.0%)
1  -O                                                                        (1 = 100.0%) {0.0%}
2  O                                                                         (0 = 0.0%) {100.0%}

Histogram: SafeBrowsing.HPRT.Ineligible.NotAllowedByPolicy recorded 1 samples, mean = 0.0 (flags = 0x41)
0  -O                                                                        (1 = 100.0%)
1  ... 

Histogram: SafeBrowsing.HPRT.Ineligible.NotStandardProtection recorded 1 samples, mean = 0.0 (flags = 0x41)
0  -O                                                                        (1 = 100.0%)
1  ... 

Histogram: SafeBrowsing.HPRT.Ineligible.OffTheRecord recorded 1 samples, mean = 0.0 (flags = 0x41)
0  -O                                                                        (1 = 100.0%)
1  ... 

Histogram: SafeBrowsing.HasCookieAtStartup2 recorded 1 samples, mean = 0.0 (flags = 0x41)
0  -O                                                                        (1 = 100.0%)
1  ... 

Histogram: SafeBrowsing.PageLoadToken.TokenCount recorded 12 samples, mean = 0.0 (flags = 0x41)
0  ------------O                                                             (12 = 100.0%)
1  ... 

Histogram: SafeBrowsing.Pref.Daily.Extended recorded 1 samples, mean = 0.0 (flags = 0x41)
0  -O                                                                        (1 = 100.0%)
1  ... 

Histogram: SafeBrowsing.Pref.Daily.PasswordLeakToggle recorded 1 samples, mean = 1.0 (flags = 0x41)
0  O                                                                         (0 = 0.0%)
1  -O                                                                        (1 = 100.0%) {0.0%}
2  O                                                                         (0 = 0.0%) {100.0%}

Histogram: SafeBrowsing.Pref.Daily.SafeBrowsingModeManaged recorded 1 samples, mean = 0.0 (flags = 0x41)
0  -O                                                                        (1 = 100.0%)
1  ... 

Histogram: SafeBrowsing.Pref.Daily.SafeBrowsingState recorded 1 samples, mean = 1.0 (flags = 0x41)
0  O                                                                         (0 = 0.0%)
1  -O                                                                        (1 = 100.0%) {0.0%}
2  ... 

Histogram: SafeBrowsing.Pref.Enhanced recorded 1 samples, mean = 0.0 (flags = 0x41)
0  -O                                                                        (1 = 100.0%)
1  ... 

Histogram: SafeBrowsing.Pref.Enhanced.RegularProfile recorded 1 samples, mean = 0.0 (flags = 0x41)
0  -O                                                                        (1 = 100.0%)
1  ... 

Histogram: SafeBrowsing.Pref.Extended recorded 1 samples, mean = 0.0 (flags = 0x41)
0  -O                                                                        (1 = 100.0%)
1  ... 

Histogram: SafeBrowsing.Pref.General recorded 1 samples, mean = 1.0 (flags = 0x41)
0  O                                                                         (0 = 0.0%)
1  -O                                                                        (1 = 100.0%) {0.0%}
2  O                                                                         (0 = 0.0%) {100.0%}

Histogram: SafeBrowsing.RT.CacheManager.CleanUpTime recorded 12 samples, mean = 0.0 (flags = 0x41)
0  ------------O                                                             (12 = 100.0%)
1  ... 

Histogram: SafeBrowsing.RT.CanCheckDatabase recorded 2 samples, mean = 1.0 (flags = 0x41)
0  O                                                                         (0 = 0.0%)
1  --O                                                                       (2 = 100.0%) {0.0%}
2  O                                                                         (0 = 0.0%) {100.0%}

Histogram: SafeBrowsing.RT.ConsumerVersionReason recorded 2 samples, mean = 1.0 (flags = 0x41)
0  -O                                                                        (1 = 50.0%)
1  O                                                                         (0 = 0.0%) {50.0%}
2  -O                                                                        (1 = 50.0%) {50.0%}
3  ... 

Histogram: SafeBrowsing.RendererThrottle.IsCheckCompletedOnProcessResponse recorded 49 samples, mean = 1.0 (flags = 0x41)
0  O                                                                         (0 = 0.0%)
1  -------------------------------------------------O                        (49 = 100.0%) {0.0%}
2  O                                                                         (0 = 0.0%) {100.0%}

Histogram: SafeBrowsing.RendererThrottle.RequestDestination recorded 53 samples, mean = 10.1 (flags = 0x41)
0   -------O                                                                  (7 = 13.2%)
1   ... 
5   ---------O                                                                (9 = 17.0%) {13.2%}
6   ... 
8   --O                                                                       (2 = 3.8%) {30.2%}
9   -O                                                                        (1 = 1.9%) {34.0%}
10  ... 
13  --------------------------O                                               (26 = 49.1%) {35.8%}
14  ... 
16  --------O                                                                 (8 = 15.1%) {84.9%}
17  ... 

Histogram: SafeBrowsing.V4Database.Size recorded 1 samples, mean = 0.0 (flags = 0x41)
0  -O                                                                        (1 = 100.0%)
1  ... 

Histogram: SafeBrowsing.V4Database.Size.ChromeExtMalware recorded 1 samples, mean = 0.0 (flags = 0x41)
0  -O                                                                        (1 = 100.0%)
1  ... 

Histogram: SafeBrowsing.V4Database.Size.UrlBilling recorded 1 samples, mean = 0.0 (flags = 0x41)
0  -O                                                                        (1 = 100.0%)
1  ... 

Histogram: SafeBrowsing.V4Database.Size.UrlCsdDownloadAllowlist recorded 1 samples, mean = 0.0 (flags = 0x41)
0  -O                                                                        (1 = 100.0%)
1  ... 

Histogram: SafeBrowsing.V4Database.Size.UrlMalBin recorded 1 samples, mean = 0.0 (flags = 0x41)
0  -O                                                                        (1 = 100.0%)
1  ... 

Histogram: SafeBrowsing.V4Database.Size.UrlMalware recorded 1 samples, mean = 0.0 (flags = 0x41)
0  -O                                                                        (1 = 100.0%)
1  ... 

Histogram: SafeBrowsing.V4Database.Size.UrlSoceng recorded 1 samples, mean = 0.0 (flags = 0x41)
0  -O                                                                        (1 = 100.0%)
1  ... 

Histogram: SafeBrowsing.V4Database.Size.UrlUws recorded 1 samples, mean = 0.0 (flags = 0x41)
0  -O                                                                        (1 = 100.0%)
1  ... 

Histogram: SafeBrowsing.V4Database.SizeLinear recorded 1 samples, mean = 0.0 (flags = 0x41)
0  -O                                                                        (1 = 100.0%)
1  ... 

Histogram: SafeBrowsing.V4Database.SizeLinear.ChromeExtMalware recorded 1 samples, mean = 0.0 (flags = 0x41)
0  -O                                                                        (1 = 100.0%)
1  ... 

Histogram: SafeBrowsing.V4Database.SizeLinear.UrlMalBin recorded 1 samples, mean = 0.0 (flags = 0x41)
0  -O                                                                        (1 = 100.0%)
1  ... 

Histogram: SafeBrowsing.V4Database.SizeLinear.UrlSoceng recorded 1 samples, mean = 0.0 (flags = 0x41)
0  -O                                                                        (1 = 100.0%)
1  ... 

Histogram: SafeBrowsing.V4DatabaseInitializationTime recorded 1 samples, mean = 7348.0 (flags = 0x41)
0     ... 
7083  -O                                                                        (1 = 100.0%) {0.0%}
8416  ... 

Histogram: SafeBrowsing.V4Store.IsStoreValid recorded 7 samples, mean = 0.0 (flags = 0x41)
0  -------O                                                                  (7 = 100.0%)
1  ... 

Histogram: SafeBrowsing.V4Store.IsStoreValid.ChromeExtMalware recorded 1 samples, mean = 0.0 (flags = 0x41)
0  -O                                                                        (1 = 100.0%)
1  ... 

Histogram: SafeBrowsing.V4Store.IsStoreValid.UrlBilling recorded 1 samples, mean = 0.0 (flags = 0x41)
0  -O                                                                        (1 = 100.0%)
1  ... 

Histogram: SafeBrowsing.V4Store.IsStoreValid.UrlCsdDownloadAllowlist recorded 1 samples, mean = 0.0 (flags = 0x41)
0  -O                                                                        (1 = 100.0%)
1  ... 

Histogram: SafeBrowsing.V4Store.IsStoreValid.UrlMalBin recorded 1 samples, mean = 0.0 (flags = 0x41)
0  -O                                                                        (1 = 100.0%)
1  ... 

Histogram: SafeBrowsing.V4Store.IsStoreValid.UrlMalware recorded 1 samples, mean = 0.0 (flags = 0x41)
0  -O                                                                        (1 = 100.0%)
1  ... 

Histogram: SafeBrowsing.V4Store.IsStoreValid.UrlSoceng recorded 1 samples, mean = 0.0 (flags = 0x41)
0  -O                                                                        (1 = 100.0%)
1  ... 

Histogram: SafeBrowsing.V4Store.IsStoreValid.UrlUws recorded 1 samples, mean = 0.0 (flags = 0x41)
0  -O                                                                        (1 = 100.0%)
1  ... 

Histogram: SafeBrowsing.V4Store.ReadyOnStartup recorded 7 samples, mean = 0.0 (flags = 0x41)
0  -------O                                                                  (7 = 100.0%)
1  ... 

Histogram: SafeBrowsing.V4StoreRead.Result recorded 7 samples, mean = 2.0 (flags = 0x41)
0  ... 
2  -------O                                                                  (7 = 100.0%) {0.0%}
3  ... 

Histogram: Scheduler.Experimental.Renderer.UkmRecordingStatus recorded 4 samples, mean = 0.0 (flags = 0x41)
0  ----O                                                                     (4 = 100.0%)
1  ... 

Histogram: Scheduling.MessagePumpTimeKeeper.BrowserIO recorded 0 samples (flags = 0x41)
0 ... 

Histogram: Scheduling.MessagePumpTimeKeeper.BrowserUI recorded 0 samples (flags = 0x41)
0 ... 

Histogram: Scheduling.ThreadController.ActiveIntervalDuration.Any.BrowserUI recorded 36 samples, mean = 0.0 (flags = 0x41)
0  ------------------------------------O                                     (36 = 100.0%)
1  ... 

Histogram: Scheduling.ThreadController.ActiveIntervalDuration.Any.Other recorded 176 samples, mean = 0.1 (flags = 0x41)
0  ------------------------------------------------------------------------O (171 = 97.2%)
1  O                                                                         (0 = 0.0%) {97.2%}
2  O                                                                         (1 = 0.6%) {97.2%}
3  ... 
5  -O                                                                        (2 = 1.1%) {97.7%}
6  -O                                                                        (2 = 1.1%) {98.9%}
7  ... 

Histogram: Scheduling.ThreadController.ActiveIntervalDuration.Medium.Other recorded 5 samples, mean = 4.8 (flags = 0x41)
0  ... 
2  -O                                                                        (1 = 20.0%) {0.0%}
3  ... 
5  --O                                                                       (2 = 40.0%) {20.0%}
6  --O                                                                       (2 = 40.0%) {60.0%}
7  ... 

Histogram: Scheduling.ThreadController.ActiveIntervalDuration.Short.BrowserUI recorded 36 samples, mean = 0.5 (flags = 0x41)
0  ------------------O                                                       (18 = 50.0%)
1  ------------------O                                                       (18 = 50.0%) {50.0%}
2  ... 

Histogram: Scheduling.ThreadController.ActiveIntervalDuration.Short.Other recorded 171 samples, mean = 55.6 (flags = 0x41)
0    ... 
3    --O                                                                       (2 = 1.2%) {0.0%}
4    ---O                                                                      (3 = 1.8%) {1.2%}
5    -O                                                                        (1 = 0.6%) {2.9%}
6    ------------O                                                             (12 = 7.0%) {3.5%}
7    -------------------------------O                                          (31 = 18.1%) {10.5%}
8    -----------O                                                              (11 = 6.4%) {28.7%}
9    -----O                                                                    (5 = 2.9%) {35.1%}
10   ------O                                                                   (6 = 3.5%) {38.0%}
11   --O                                                                       (2 = 1.2%) {41.5%}
12   ----O                                                                     (4 = 2.3%) {42.7%}
13   -O                                                                        (1 = 0.6%) {45.0%}
14   -O                                                                        (1 = 0.6%) {45.6%}
15   -O                                                                        (1 = 0.6%) {46.2%}
16   O                                                                         (0 = 0.0%) {46.8%}
17   -O                                                                        (1 = 0.6%) {46.8%}
18   -O                                                                        (1 = 0.6%) {47.4%}
19   O                                                                         (0 = 0.0%) {48.0%}
20   ---O                                                                      (3 = 1.8%) {48.0%}
21   --O                                                                       (2 = 1.2%) {49.7%}
22   O                                                                         (0 = 0.0%) {50.9%}
23   -O                                                                        (1 = 0.6%) {50.9%}
24   O                                                                         (0 = 0.0%) {51.5%}
25   -O                                                                        (1 = 0.6%) {51.5%}
26   O                                                                         (0 = 0.0%) {52.0%}
27   -O                                                                        (1 = 0.6%) {52.0%}
28   O                                                                         (0 = 0.0%) {52.6%}
29   --O                                                                       (2 = 1.2%) {52.6%}
31   --O                                                                       (2 = 1.2%) {53.8%}
33   ---O                                                                      (3 = 1.8%) {55.0%}
35   -O                                                                        (1 = 0.6%) {56.7%}
37   ---O                                                                      (3 = 1.8%) {57.3%}
39   --O                                                                       (2 = 1.2%) {59.1%}
41   -O                                                                        (1 = 0.6%) {60.2%}
43   -O                                                                        (1 = 0.6%) {60.8%}
45   --O                                                                       (2 = 1.2%) {61.4%}
47   -O                                                                        (1 = 0.6%) {62.6%}
49   ----O                                                                     (4 = 2.3%) {63.2%}
52   -O                                                                        (1 = 0.6%) {65.5%}
55   -O                                                                        (1 = 0.6%) {66.1%}
58   ---O                                                                      (3 = 1.8%) {66.7%}
61   --O                                                                       (2 = 1.2%) {68.4%}
64   -O                                                                        (1 = 0.6%) {69.6%}
67   --O                                                                       (2 = 1.2%) {70.2%}
70   ---O                                                                      (3 = 1.8%) {71.3%}
74   --O                                                                       (2 = 1.2%) {73.1%}
78   ---O                                                                      (3 = 1.8%) {74.3%}
82   ---O                                                                      (3 = 1.8%) {76.0%}
86   --O                                                                       (2 = 1.2%) {77.8%}
90   --O                                                                       (2 = 1.2%) {78.9%}
95   O                                                                         (0 = 0.0%) {80.1%}
100  --O                                                                       (2 = 1.2%) {80.1%}
105  ---O                                                                      (3 = 1.8%) {81.3%}
110  -O                                                                        (1 = 0.6%) {83.0%}
116  ----O                                                                     (4 = 2.3%) {83.6%}
122  ------O                                                                   (6 = 3.5%) {86.0%}
128  --O                                                                       (2 = 1.2%) {89.5%}
135  -O                                                                        (1 = 0.6%) {90.6%}
142  --O                                                                       (2 = 1.2%) {91.2%}
149  -O                                                                        (1 = 0.6%) {92.4%}
157  -O                                                                        (1 = 0.6%) {93.0%}
165  O                                                                         (0 = 0.0%) {93.6%}
173  --O                                                                       (2 = 1.2%) {93.6%}
182  -O                                                                        (1 = 0.6%) {94.7%}
191  ... 
211  -O                                                                        (1 = 0.6%) {95.3%}
222  ... 
245  --O                                                                       (2 = 1.2%) {95.9%}
258  O                                                                         (0 = 0.0%) {97.1%}
271  -O                                                                        (1 = 0.6%) {97.1%}
285  --O                                                                       (2 = 1.2%) {97.7%}
300  ... 
331  -O                                                                        (1 = 0.6%) {98.8%}
348  ... 
636  -O                                                                        (1 = 0.6%) {99.4%}
669  ... 

Histogram: Scheduling.ThreadController.ActiveIntervalOffCpuDuration.Any.BrowserUI recorded 36 samples, mean = 0.0 (flags = 0x41)
0  ------------------------------------O                                     (36 = 100.0%)
1  ... 

Histogram: Scheduling.ThreadController.ActiveIntervalOffCpuDuration.Any.Other recorded 176 samples, mean = 0.0 (flags = 0x41)
0  ------------------------------------------------------------------------O (176 = 100.0%)
1  ... 

Histogram: Scheduling.ThreadController.ActiveIntervalOffCpuDuration.Medium.Other recorded 5 samples, mean = 0.0 (flags = 0x41)
0  -----O                                                                    (5 = 100.0%)
1  ... 

Histogram: Scheduling.ThreadController.ActiveIntervalOffCpuDuration.Short.BrowserUI recorded 36 samples, mean = 0.2 (flags = 0x41)
0  ----------------------------O                                             (28 = 77.8%)
1  --------O                                                                 (8 = 22.2%) {77.8%}
2  ... 

Histogram: Scheduling.ThreadController.ActiveIntervalOffCpuDuration.Short.Other recorded 171 samples, mean = 5.1 (flags = 0x41)
0    --------------------------O                                               (26 = 15.2%)
1    ------------------------------------------------------------------------O (72 = 42.1%) {15.2%}
2    -------------------O                                                      (19 = 11.1%) {57.3%}
3    -----------O                                                              (11 = 6.4%) {68.4%}
4    -----O                                                                    (5 = 2.9%) {74.9%}
5    --O                                                                       (2 = 1.2%) {77.8%}
6    O                                                                         (0 = 0.0%) {78.9%}
7    ---O                                                                      (3 = 1.8%) {78.9%}
8    -O                                                                        (1 = 0.6%) {80.7%}
9    ---O                                                                      (3 = 1.8%) {81.3%}
10   ------O                                                                   (6 = 3.5%) {83.0%}
11   O                                                                         (0 = 0.0%) {86.5%}
12   ---O                                                                      (3 = 1.8%) {86.5%}
13   ---O                                                                      (3 = 1.8%) {88.3%}
14   O                                                                         (0 = 0.0%) {90.1%}
15   --O                                                                       (2 = 1.2%) {90.1%}
16   --O                                                                       (2 = 1.2%) {91.2%}
17   ---O                                                                      (3 = 1.8%) {92.4%}
18   O                                                                         (0 = 0.0%) {94.2%}
19   -O                                                                        (1 = 0.6%) {94.2%}
20   O                                                                         (0 = 0.0%) {94.7%}
21   -O                                                                        (1 = 0.6%) {94.7%}
22   -O                                                                        (1 = 0.6%) {95.3%}
23   --O                                                                       (2 = 1.2%) {95.9%}
24   -O                                                                        (1 = 0.6%) {97.1%}
25   ... 
33   --O                                                                       (2 = 1.2%) {97.7%}
35   ... 
55   -O                                                                        (1 = 0.6%) {98.8%}
58   ... 
142  -O                                                                        (1 = 0.6%) {99.4%}
149  ... 

Histogram: Scheduling.ThreadController.ActiveIntervalOnCpuDuration.Any.BrowserUI recorded 36 samples, mean = 0.0 (flags = 0x41)
0  ------------------------------------O                                     (36 = 100.0%)
1  ... 

Histogram: Scheduling.ThreadController.ActiveIntervalOnCpuDuration.Any.Other recorded 176 samples, mean = 0.1 (flags = 0x41)
0  ------------------------------------------------------------------------O (171 = 97.2%)
1  O                                                                         (0 = 0.0%) {97.2%}
2  O                                                                         (1 = 0.6%) {97.2%}
3  O                                                                         (0 = 0.0%) {97.7%}
4  -O                                                                        (2 = 1.1%) {97.7%}
5  O                                                                         (1 = 0.6%) {98.9%}
6  O                                                                         (1 = 0.6%) {99.4%}
7  ... 

Histogram: Scheduling.ThreadController.ActiveIntervalOnCpuDuration.Medium.Other recorded 5 samples, mean = 4.2 (flags = 0x41)
0  ... 
2  -O                                                                        (1 = 20.0%) {0.0%}
3  O                                                                         (0 = 0.0%) {20.0%}
4  --O                                                                       (2 = 40.0%) {20.0%}
5  -O                                                                        (1 = 20.0%) {60.0%}
6  -O                                                                        (1 = 20.0%) {80.0%}
7  ... 

Histogram: Scheduling.ThreadController.ActiveIntervalOnCpuDuration.Short.BrowserUI recorded 36 samples, mean = 0.3 (flags = 0x41)
0  --------------------------O                                               (26 = 72.2%)
1  ----------O                                                               (10 = 27.8%) {72.2%}
2  ... 

Histogram: Scheduling.ThreadController.ActiveIntervalOnCpuDuration.Short.Other recorded 171 samples, mean = 50.5 (flags = 0x41)
0    --O                                                                       (2 = 1.2%)
1    O                                                                         (0 = 0.0%) {1.2%}
2    -O                                                                        (1 = 0.6%) {1.2%}
3    ---O                                                                      (3 = 1.8%) {1.8%}
4    --O                                                                       (2 = 1.2%) {3.5%}
5    ----O                                                                     (4 = 2.3%) {4.7%}
6    --------------------------------------------O                             (44 = 25.7%) {7.0%}
7    -----------O                                                              (11 = 6.4%) {32.7%}
8    ---O                                                                      (3 = 1.8%) {39.2%}
9    ---O                                                                      (3 = 1.8%) {40.9%}
10   --O                                                                       (2 = 1.2%) {42.7%}
11   ---O                                                                      (3 = 1.8%) {43.9%}
12   ---O                                                                      (3 = 1.8%) {45.6%}
13   -O                                                                        (1 = 0.6%) {47.4%}
14   ... 
17   --O                                                                       (2 = 1.2%) {48.0%}
18   O                                                                         (0 = 0.0%) {49.1%}
19   -O                                                                        (1 = 0.6%) {49.1%}
20   ---O                                                                      (3 = 1.8%) {49.7%}
21   -O                                                                        (1 = 0.6%) {51.5%}
22   O                                                                         (0 = 0.0%) {52.0%}
23   -O                                                                        (1 = 0.6%) {52.0%}
24   ... 
26   --O                                                                       (2 = 1.2%) {52.6%}
27   ... 
29   --O                                                                       (2 = 1.2%) {53.8%}
31   ---O                                                                      (3 = 1.8%) {55.0%}
33   --O                                                                       (2 = 1.2%) {56.7%}
35   -O                                                                        (1 = 0.6%) {57.9%}
37   ---O                                                                      (3 = 1.8%) {58.5%}
39   O                                                                         (0 = 0.0%) {60.2%}
41   --O                                                                       (2 = 1.2%) {60.2%}
43   -O                                                                        (1 = 0.6%) {61.4%}
45   ---O                                                                      (3 = 1.8%) {62.0%}
47   -O                                                                        (1 = 0.6%) {63.7%}
49   -----O                                                                    (5 = 2.9%) {64.3%}
52   -O                                                                        (1 = 0.6%) {67.3%}
55   --O                                                                       (2 = 1.2%) {67.8%}
58   --O                                                                       (2 = 1.2%) {69.0%}
61   -O                                                                        (1 = 0.6%) {70.2%}
64   ---O                                                                      (3 = 1.8%) {70.8%}
67   --O                                                                       (2 = 1.2%) {72.5%}
70   -----O                                                                    (5 = 2.9%) {73.7%}
74   --O                                                                       (2 = 1.2%) {76.6%}
78   ---O                                                                      (3 = 1.8%) {77.8%}
82   --O                                                                       (2 = 1.2%) {79.5%}
86   -O                                                                        (1 = 0.6%) {80.7%}
90   ---O                                                                      (3 = 1.8%) {81.3%}
95   ---O                                                                      (3 = 1.8%) {83.0%}
100  --O                                                                       (2 = 1.2%) {84.8%}
105  ---O                                                                      (3 = 1.8%) {86.0%}
110  --O                                                                       (2 = 1.2%) {87.7%}
116  ----O                                                                     (4 = 2.3%) {88.9%}
122  --O                                                                       (2 = 1.2%) {91.2%}
128  O                                                                         (0 = 0.0%) {92.4%}
135  -O                                                                        (1 = 0.6%) {92.4%}
142  -O                                                                        (1 = 0.6%) {93.0%}
149  -O                                                                        (1 = 0.6%) {93.6%}
157  -O                                                                        (1 = 0.6%) {94.2%}
165  -O                                                                        (1 = 0.6%) {94.7%}
173  -O                                                                        (1 = 0.6%) {95.3%}
182  ... 
201  -O                                                                        (1 = 0.6%) {95.9%}
211  ... 
233  -O                                                                        (1 = 0.6%) {96.5%}
245  ... 
271  -O                                                                        (1 = 0.6%) {97.1%}
285  --O                                                                       (2 = 1.2%) {97.7%}
300  ... 
331  -O                                                                        (1 = 0.6%) {98.8%}
348  ... 
636  -O                                                                        (1 = 0.6%) {99.4%}
669  ... 

Histogram: Scheduling.ThreadController.ActiveIntervalOnCpuPercentage.Any.BrowserUI recorded 36 samples, mean = 77.8 (flags = 0x41)
0    --------O                                                                 (8 = 22.2%)
1    ... 
100  ----------------------------O                                             (28 = 77.8%) {22.2%}
101  O                                                                         (0 = 0.0%) {100.0%}

Histogram: Scheduling.ThreadController.ActiveIntervalOnCpuPercentage.Any.Other recorded 176 samples, mean = 88.3 (flags = 0x41)
0    --O                                                                       (2 = 1.1%)
1    ... 
43   -O                                                                        (1 = 0.6%) {1.1%}
44   ... 
60   --O                                                                       (2 = 1.1%) {1.7%}
61   ... 
65   -O                                                                        (1 = 0.6%) {2.8%}
66   -----O                                                                    (5 = 2.8%) {3.4%}
67   ... 
71   -O                                                                        (1 = 0.6%) {6.2%}
72   -O                                                                        (1 = 0.6%) {6.8%}
73   -O                                                                        (1 = 0.6%) {7.4%}
74   O                                                                         (0 = 0.0%) {8.0%}
75   -----O                                                                    (5 = 2.8%) {8.0%}
76   ... 
78   -O                                                                        (1 = 0.6%) {10.8%}
79   --O                                                                       (2 = 1.1%) {11.4%}
80   --O                                                                       (2 = 1.1%) {12.5%}
81   -O                                                                        (1 = 0.6%) {13.6%}
82   --O                                                                       (2 = 1.1%) {14.2%}
83   ----O                                                                     (4 = 2.3%) {15.3%}
84   ----O                                                                     (4 = 2.3%) {17.6%}
85   ---------------------------O                                              (27 = 15.3%) {19.9%}
86   -------O                                                                  (7 = 4.0%) {35.2%}
87   ------------O                                                             (12 = 6.8%) {39.2%}
88   ------O                                                                   (6 = 3.4%) {46.0%}
89   ----O                                                                     (4 = 2.3%) {49.4%}
90   ------O                                                                   (6 = 3.4%) {51.7%}
91   -O                                                                        (1 = 0.6%) {55.1%}
92   ---O                                                                      (3 = 1.7%) {55.7%}
93   --O                                                                       (2 = 1.1%) {57.4%}
94   --O                                                                       (2 = 1.1%) {58.5%}
95   -----O                                                                    (5 = 2.8%) {59.7%}
96   ------O                                                                   (6 = 3.4%) {62.5%}
97   ------------O                                                             (12 = 6.8%) {65.9%}
98   ---------------O                                                          (15 = 8.5%) {72.7%}
99   -------O                                                                  (7 = 4.0%) {81.2%}
100  --------------------------O                                               (26 = 14.8%) {85.2%}
101  O                                                                         (0 = 0.0%) {100.0%}

Histogram: Scheduling.ThreadController.ActiveIntervalOnCpuPercentage.Medium.Other recorded 5 samples, mean = 91.4 (flags = 0x41)
0   ... 
86  --O                                                                       (2 = 40.0%) {0.0%}
87  ... 
89  -O                                                                        (1 = 20.0%) {40.0%}
90  ... 
97  -O                                                                        (1 = 20.0%) {60.0%}
98  O                                                                         (0 = 0.0%) {80.0%}
99  -O                                                                        (1 = 20.0%) {80.0%}
100 ... 

Histogram: Scheduling.ThreadController.ActiveIntervalOnCpuPercentage.Short.BrowserUI recorded 36 samples, mean = 77.8 (flags = 0x41)
0    --------O                                                                 (8 = 22.2%)
1    ... 
100  ----------------------------O                                             (28 = 77.8%) {22.2%}
101  O                                                                         (0 = 0.0%) {100.0%}

Histogram: Scheduling.ThreadController.ActiveIntervalOnCpuPercentage.Short.Other recorded 171 samples, mean = 88.2 (flags = 0x41)
0    --O                                                                       (2 = 1.2%)
1    ... 
43   -O                                                                        (1 = 0.6%) {1.2%}
44   ... 
60   --O                                                                       (2 = 1.2%) {1.8%}
61   ... 
65   -O                                                                        (1 = 0.6%) {2.9%}
66   -----O                                                                    (5 = 2.9%) {3.5%}
67   ... 
71   -O                                                                        (1 = 0.6%) {6.4%}
72   -O                                                                        (1 = 0.6%) {7.0%}
73   -O                                                                        (1 = 0.6%) {7.6%}
74   O                                                                         (0 = 0.0%) {8.2%}
75   -----O                                                                    (5 = 2.9%) {8.2%}
76   ... 
78   -O                                                                        (1 = 0.6%) {11.1%}
79   --O                                                                       (2 = 1.2%) {11.7%}
80   --O                                                                       (2 = 1.2%) {12.9%}
81   -O                                                                        (1 = 0.6%) {14.0%}
82   --O                                                                       (2 = 1.2%) {14.6%}
83   ----O                                                                     (4 = 2.3%) {15.8%}
84   ----O                                                                     (4 = 2.3%) {18.1%}
85   ---------------------------O                                              (27 = 15.8%) {20.5%}
86   -----O                                                                    (5 = 2.9%) {36.3%}
87   ------------O                                                             (12 = 7.0%) {39.2%}
88   ------O                                                                   (6 = 3.5%) {46.2%}
89   ---O                                                                      (3 = 1.8%) {49.7%}
90   ------O                                                                   (6 = 3.5%) {51.5%}
91   -O                                                                        (1 = 0.6%) {55.0%}
92   ---O                                                                      (3 = 1.8%) {55.6%}
93   --O                                                                       (2 = 1.2%) {57.3%}
94   --O                                                                       (2 = 1.2%) {58.5%}
95   -----O                                                                    (5 = 2.9%) {59.6%}
96   ------O                                                                   (6 = 3.5%) {62.6%}
97   -----------O                                                              (11 = 6.4%) {66.1%}
98   ---------------O                                                          (15 = 8.8%) {72.5%}
99   ------O                                                                   (6 = 3.5%) {81.3%}
100  --------------------------O                                               (26 = 15.2%) {84.8%}
101  O                                                                         (0 = 0.0%) {100.0%}

Histogram: Scheduling.ThreadController.IdleDuration.Any.BrowserUI recorded 36 samples, mean = 0.1 (flags = 0x41)
0  -----------------------------------O                                      (35 = 97.2%)
1  O                                                                         (0 = 0.0%) {97.2%}
2  -O                                                                        (1 = 2.8%) {97.2%}
3  ... 

Histogram: Scheduling.ThreadController.IdleDuration.Any.Other recorded 99 samples, mean = 4139.1 (flags = 0x41)
0      -----------------O                                                        (17 = 17.2%)
1      ... 
14     --O                                                                       (2 = 2.0%) {17.2%}
17     ... 
29     -O                                                                        (1 = 1.0%) {19.2%}
34     ... 
81     -----------O                                                              (11 = 11.1%) {20.2%}
96     -----------------O                                                        (17 = 17.2%) {31.3%}
114    ... 
160    -O                                                                        (1 = 1.0%) {48.5%}
190    O                                                                         (0 = 0.0%) {49.5%}
226    -O                                                                        (1 = 1.0%) {49.5%}
268    ... 
449    -O                                                                        (1 = 1.0%) {50.5%}
533    -O                                                                        (1 = 1.0%) {51.5%}
633    ... 
894    -----------------------O                                                  (23 = 23.2%) {52.5%}
1062   ... 
2117   ---O                                                                      (3 = 3.0%) {75.8%}
2516   O                                                                         (0 = 0.0%) {78.8%}
2990   -O                                                                        (1 = 1.0%) {78.8%}
3553   ------------O                                                             (12 = 12.1%) {79.8%}
4222   ... 
10000  --------O                                                                 (8 = 8.1%) {91.9%}

Histogram: Scheduling.ThreadController.IdleDuration.Medium.BrowserUI recorded 1 samples, mean = 2.0 (flags = 0x41)
0  ... 
2  -O                                                                        (1 = 100.0%) {0.0%}
3  ... 

Histogram: Scheduling.ThreadController.IdleDuration.Medium.Other recorded 21 samples, mean = 84.6 (flags = 0x41)
0   ... 
15  --O                                                                       (2 = 9.5%) {0.0%}
16  ... 
30  -O                                                                        (1 = 4.8%) {9.5%}
31  ... 
92  ---O                                                                      (3 = 14.3%) {14.3%}
93  -----O                                                                    (5 = 23.8%) {28.6%}
94  --O                                                                       (2 = 9.5%) {52.4%}
95  -O                                                                        (1 = 4.8%) {61.9%}
96  ... 
98  -------O                                                                  (7 = 33.3%) {66.7%}
100 O                                                                         (0 = 0.0%) {100.0%}

Histogram: Scheduling.ThreadController.IdleDuration.Short.BrowserUI recorded 35 samples, mean = 2.6 (flags = 0x41)
0  ... 
2  ------------------------O                                                 (24 = 68.6%) {0.0%}
3  --------O                                                                 (8 = 22.9%) {68.6%}
4  -O                                                                        (1 = 2.9%) {91.4%}
5  ... 
7  -O                                                                        (1 = 2.9%) {94.3%}
8  -O                                                                        (1 = 2.9%) {97.1%}
9  ... 

Histogram: Scheduling.ThreadController.IdleDuration.Short.Other recorded 17 samples, mean = 99.5 (flags = 0x41)
0    ... 
17   -O                                                                        (1 = 5.9%) {0.0%}
18   -O                                                                        (1 = 5.9%) {5.9%}
19   ... 
22   -O                                                                        (1 = 5.9%) {11.8%}
23   ... 
25   -O                                                                        (1 = 5.9%) {17.6%}
26   ... 
31   -O                                                                        (1 = 5.9%) {23.5%}
33   --O                                                                       (2 = 11.8%) {29.4%}
35   O                                                                         (0 = 0.0%) {41.2%}
37   --O                                                                       (2 = 11.8%) {41.2%}
39   --O                                                                       (2 = 11.8%) {52.9%}
41   O                                                                         (0 = 0.0%) {64.7%}
43   --O                                                                       (2 = 11.8%) {64.7%}
45   O                                                                         (0 = 0.0%) {76.5%}
47   -O                                                                        (1 = 5.9%) {76.5%}
49   ... 
222  -O                                                                        (1 = 5.9%) {82.4%}
233  ... 
285  -O                                                                        (1 = 5.9%) {88.2%}
300  ... 
669  -O                                                                        (1 = 5.9%) {94.1%}
703  ... 

Histogram: Search.ChoiceReprompt recorded 1 samples, mean = 6.0 (flags = 0x41)
0  ... 
6  -O                                                                        (1 = 100.0%) {0.0%}
7  O                                                                         (0 = 0.0%) {100.0%}

Histogram: Search.SearchProviderOverrideStatus recorded 1 samples, mean = 0.0 (flags = 0x41)
0  -O                                                                        (1 = 100.0%)
1  ... 

Histogram: Security.GwpAsan.Activated.Malloc.Browser recorded 1 samples, mean = 0.0 (flags = 0x41)
0  -O                                                                        (1 = 100.0%)
1  ... 

Histogram: Security.GwpAsan.Activated.PartitionAlloc.Browser recorded 1 samples, mean = 0.0 (flags = 0x41)
0  -O                                                                        (1 = 100.0%)
1  ... 

Histogram: Security.HttpsFirstMode.SettingEnabledAtStartup recorded 1 samples, mean = 0.0 (flags = 0x41)
0  -O                                                                        (1 = 100.0%)
1  ... 

Histogram: Security.JSONParser.ChromiumExtensionUsage recorded 1 samples, mean = 1.0 (flags = 0x41)
0  O                                                                         (0 = 0.0%)
1  -O                                                                        (1 = 100.0%) {0.0%}
2  ... 

Histogram: Security.JSONParser.ParsingTime recorded 17 samples, mean = 70.2 (flags = 0x41)
0    -O                                                                        (1 = 5.9%)
1    ... 
3    --O                                                                       (2 = 11.8%) {5.9%}
4    --O                                                                       (2 = 11.8%) {17.6%}
5    -O                                                                        (1 = 5.9%) {29.4%}
7    -O                                                                        (1 = 5.9%) {35.3%}
9    -O                                                                        (1 = 5.9%) {41.2%}
12   -O                                                                        (1 = 5.9%) {47.1%}
16   O                                                                         (0 = 0.0%) {52.9%}
21   -O                                                                        (1 = 5.9%) {52.9%}
28   -O                                                                        (1 = 5.9%) {58.8%}
37   --O                                                                       (2 = 11.8%) {64.7%}
49   -O                                                                        (1 = 5.9%) {76.5%}
65   O                                                                         (0 = 0.0%) {82.4%}
86   --O                                                                       (2 = 11.8%) {82.4%}
113  ... 
590  -O                                                                        (1 = 5.9%) {94.1%}
777  ... 

Histogram: Security.NavigationRequestSecurityLevel recorded 2 samples, mean = 1.0 (flags = 0x41)
0  O                                                                         (0 = 0.0%)
1  --O                                                                       (2 = 100.0%) {0.0%}
2  ... 

Histogram: Security.PageEndReason.SECURE recorded 1 samples, mean = 6.0 (flags = 0x41)
0  ... 
6  -O                                                                        (1 = 100.0%) {0.0%}
7  ... 

Histogram: Security.PageEndReason.SafetyTip_None recorded 1 samples, mean = 6.0 (flags = 0x41)
0  ... 
6  -O                                                                        (1 = 100.0%) {0.0%}
7  ... 

Histogram: Security.PrivateNetworkAccess.CheckResult recorded 140 samples, mean = 1.0 (flags = 0x41)
0   ------------------------------------------------------------------------O (89 = 63.6%)
1   -----------------------------------O                                      (43 = 30.7%) {63.6%}
2   ... 
12  ------O                                                                   (8 = 5.7%) {94.3%}
13  O                                                                         (0 = 0.0%) {100.0%}

Histogram: Security.SCTAuditing.NumPersistedReportsLoaded recorded 1 samples, mean = 0.0 (flags = 0x41)
0  -O                                                                        (1 = 100.0%)
1  ... 

Histogram: Security.SafetyTips.GetReputationStatusWithEngagedSitesTime recorded 1 samples, mean = 0.0 (flags = 0x41)
0  -O                                                                        (1 = 100.0%)
1  ... 

Histogram: Security.SafetyTips.ReputationCheckComplete.DidFinishNavigation recorded 1 samples, mean = 1.0 (flags = 0x41)
0  O                                                                         (0 = 0.0%)
1  -O                                                                        (1 = 100.0%) {0.0%}
2  ... 

Histogram: Security.SafetyTips.SafetyTipShown recorded 1 samples, mean = 1.0 (flags = 0x41)
0  O                                                                         (0 = 0.0%)
1  -O                                                                        (1 = 100.0%) {0.0%}
2  ... 

Histogram: Security.SafetyTips.StatusWithInitiator.Unknown recorded 1 samples, mean = 1.0 (flags = 0x41)
0  O                                                                         (0 = 0.0%)
1  -O                                                                        (1 = 100.0%) {0.0%}
2  ... 

Histogram: Security.SecurityLevel.OnCommit recorded 1 samples, mean = 3.0 (flags = 0x41)
0  ... 
3  -O                                                                        (1 = 100.0%) {0.0%}
4  ... 

Histogram: Security.SecurityLevel.OnComplete recorded 1 samples, mean = 3.0 (flags = 0x41)
0  ... 
3  -O                                                                        (1 = 100.0%) {0.0%}
4  ... 

Histogram: Security.SiteEngagement.SECURE recorded 1 samples, mean = 20.0 (flags = 0x41)
0   ... 
20  -O                                                                        (1 = 100.0%) {0.0%}
21  ... 

Histogram: Security.SiteEngagement.SafetyTip_None recorded 1 samples, mean = 20.0 (flags = 0x41)
0   ... 
20  -O                                                                        (1 = 100.0%) {0.0%}
21  ... 

Histogram: Security.TimeOnPage2.SECURE recorded 1 samples, mean = 19244698.0 (flags = 0x41)
0        ... 
3600000  -O                                                                        (1 = 100.0%) {0.0%}

Histogram: Security.TimeOnPage2.SafetyTip_None recorded 1 samples, mean = 19244698.0 (flags = 0x41)
0        ... 
3600000  -O                                                                        (1 = 100.0%) {0.0%}

Histogram: SegmentationPlatform.ChromeLowUserEngagement.PostProcessing.TopLabel.Computed recorded 1 samples (flags = 0x41)
1  -O                                                                        (1 = 100.0%)

Histogram: SegmentationPlatform.ClassificationRequest.TotalDuration.DeviceSwitcher recorded 1 samples, mean = 68589.0 (flags = 0x41)
0      ... 
10000  -O                                                                        (1 = 100.0%) {0.0%}

Histogram: SegmentationPlatform.ClassificationRequest.TotalDuration.WebAppInstallationPromo recorded 1 samples, mean = 0.0 (flags = 0x41)
0  -O                                                                        (1 = 100.0%)
1  ... 

Histogram: SegmentationPlatform.CrossDeviceUser.PostProcessing.TopLabel.Computed recorded 1 samples (flags = 0x41)
-1 -O                                                                        (1 = 100.0%)

Histogram: SegmentationPlatform.Database.AddUmaMetric recorded 1 samples, mean = 0.0 (flags = 0x41)
0  -O                                                                        (1 = 100.0%)
1  ... 

Histogram: SegmentationPlatform.Database.RunReadOnlyQueries recorded 1 samples, mean = 0.0 (flags = 0x41)
0  -O                                                                        (1 = 100.0%)
1  ... 

Histogram: SegmentationPlatform.Database.UpdateUrlForUkmSource recorded 6 samples, mean = 0.7 (flags = 0x41)
0  ----O                                                                     (4 = 66.7%)
1  -O                                                                        (1 = 16.7%) {66.7%}
2  O                                                                         (0 = 0.0%) {83.3%}
3  -O                                                                        (1 = 16.7%) {83.3%}
4  ... 

Histogram: SegmentationPlatform.DefaultModelDelivery.Metadata.FeatureCount.ChromeLowUserEngagement recorded 1 samples, mean = 1.0 (flags = 0x41)
0  O                                                                         (0 = 0.0%)
1  -O                                                                        (1 = 100.0%) {0.0%}
2  ... 

Histogram: SegmentationPlatform.DefaultModelDelivery.Metadata.FeatureCount.ComposePromotion recorded 1 samples, mean = 1.0 (flags = 0x41)
0  O                                                                         (0 = 0.0%)
1  -O                                                                        (1 = 100.0%) {0.0%}
2  ... 

Histogram: SegmentationPlatform.DefaultModelDelivery.Metadata.FeatureCount.CrossDeviceUserSegment recorded 1 samples, mean = 4.0 (flags = 0x41)
0  ... 
4  -O                                                                        (1 = 100.0%) {0.0%}
5  ... 

Histogram: SegmentationPlatform.DefaultModelDelivery.Metadata.FeatureCount.DatabaseApiClients recorded 1 samples, mean = 3.0 (flags = 0x41)
0  ... 
3  -O                                                                        (1 = 100.0%) {0.0%}
4  ... 

Histogram: SegmentationPlatform.DefaultModelDelivery.Metadata.FeatureCount.DeviceSwitcher recorded 1 samples, mean = 1.0 (flags = 0x41)
0  O                                                                         (0 = 0.0%)
1  -O                                                                        (1 = 100.0%) {0.0%}
2  ... 

Histogram: SegmentationPlatform.DefaultModelDelivery.Metadata.FeatureCount.PasswordManagerUser recorded 1 samples, mean = 7.0 (flags = 0x41)
0  ... 
7  -O                                                                        (1 = 100.0%) {0.0%}
8  ... 

Histogram: SegmentationPlatform.DefaultModelDelivery.Metadata.FeatureCount.ResumeHeavyUserSegment recorded 1 samples, mean = 5.0 (flags = 0x41)
0  ... 
5  -O                                                                        (1 = 100.0%) {0.0%}
6  ... 

Histogram: SegmentationPlatform.DefaultModelDelivery.Metadata.FeatureCount.SearchUser recorded 1 samples, mean = 2.0 (flags = 0x41)
0  ... 
2  -O                                                                        (1 = 100.0%) {0.0%}
3  ... 

Histogram: SegmentationPlatform.DefaultModelDelivery.Metadata.FeatureCount.ShoppingUser recorded 1 samples, mean = 2.0 (flags = 0x41)
0  ... 
2  -O                                                                        (1 = 100.0%) {0.0%}
3  ... 

Histogram: SegmentationPlatform.DefaultModelDelivery.Metadata.FeatureCount.UrlVisitResumptionRanker recorded 1 samples, mean = 23.0 (flags = 0x41)
0   ... 
23  -O                                                                        (1 = 100.0%) {0.0%}
26  ... 

Histogram: SegmentationPlatform.DefaultModelDelivery.Metadata.Validation.Processed.ChromeLowUserEngagement recorded 1 samples, mean = 0.0 (flags = 0x41)
0  -O                                                                        (1 = 100.0%)
1  ... 

Histogram: SegmentationPlatform.DefaultModelDelivery.Metadata.Validation.Processed.ComposePromotion recorded 1 samples, mean = 0.0 (flags = 0x41)
0  -O                                                                        (1 = 100.0%)
1  ... 

Histogram: SegmentationPlatform.DefaultModelDelivery.Metadata.Validation.Processed.CrossDeviceUserSegment recorded 1 samples, mean = 0.0 (flags = 0x41)
0  -O                                                                        (1 = 100.0%)
1  ... 

Histogram: SegmentationPlatform.DefaultModelDelivery.Metadata.Validation.Processed.DatabaseApiClients recorded 1 samples, mean = 0.0 (flags = 0x41)
0  -O                                                                        (1 = 100.0%)
1  ... 

Histogram: SegmentationPlatform.DefaultModelDelivery.Metadata.Validation.Processed.DeviceSwitcher recorded 1 samples, mean = 0.0 (flags = 0x41)
0  -O                                                                        (1 = 100.0%)
1  ... 

Histogram: SegmentationPlatform.DefaultModelDelivery.Metadata.Validation.Processed.PasswordManagerUser recorded 1 samples, mean = 0.0 (flags = 0x41)
0  -O                                                                        (1 = 100.0%)
1  ... 

Histogram: SegmentationPlatform.DefaultModelDelivery.Metadata.Validation.Processed.ResumeHeavyUserSegment recorded 1 samples, mean = 0.0 (flags = 0x41)
0  -O                                                                        (1 = 100.0%)
1  ... 

Histogram: SegmentationPlatform.DefaultModelDelivery.Metadata.Validation.Processed.SearchUser recorded 1 samples, mean = 0.0 (flags = 0x41)
0  -O                                                                        (1 = 100.0%)
1  ... 

Histogram: SegmentationPlatform.DefaultModelDelivery.Metadata.Validation.Processed.ShoppingUser recorded 1 samples, mean = 0.0 (flags = 0x41)
0  -O                                                                        (1 = 100.0%)
1  ... 

Histogram: SegmentationPlatform.DefaultModelDelivery.Metadata.Validation.Processed.UrlVisitResumptionRanker recorded 1 samples, mean = 0.0 (flags = 0x41)
0  -O                                                                        (1 = 100.0%)
1  ... 

Histogram: SegmentationPlatform.DefaultModelDelivery.Received recorded 10 samples (flags = 0x41)
16    -O                                                                        (1 = 10.0%)
21    -O                                                                        (1 = 10.0%)
23    -O                                                                        (1 = 10.0%)
27    -O                                                                        (1 = 10.0%)
45    -O                                                                        (1 = 10.0%)
46    -O                                                                        (1 = 10.0%)
1001  -O                                                                        (1 = 10.0%)
1004  -O                                                                        (1 = 10.0%)
1007  -O                                                                        (1 = 10.0%)
1009  -O                                                                        (1 = 10.0%)

Histogram: SegmentationPlatform.DefaultModelDelivery.SaveResult.ChromeLowUserEngagement recorded 1 samples, mean = 1.0 (flags = 0x41)
0  O                                                                         (0 = 0.0%)
1  -O                                                                        (1 = 100.0%) {0.0%}
2  O                                                                         (0 = 0.0%) {100.0%}

Histogram: SegmentationPlatform.DefaultModelDelivery.SaveResult.ComposePromotion recorded 1 samples, mean = 1.0 (flags = 0x41)
0  O                                                                         (0 = 0.0%)
1  -O                                                                        (1 = 100.0%) {0.0%}
2  O                                                                         (0 = 0.0%) {100.0%}

Histogram: SegmentationPlatform.DefaultModelDelivery.SaveResult.CrossDeviceUserSegment recorded 1 samples, mean = 1.0 (flags = 0x41)
0  O                                                                         (0 = 0.0%)
1  -O                                                                        (1 = 100.0%) {0.0%}
2  O                                                                         (0 = 0.0%) {100.0%}

Histogram: SegmentationPlatform.DefaultModelDelivery.SaveResult.DatabaseApiClients recorded 1 samples, mean = 1.0 (flags = 0x41)
0  O                                                                         (0 = 0.0%)
1  -O                                                                        (1 = 100.0%) {0.0%}
2  O                                                                         (0 = 0.0%) {100.0%}

Histogram: SegmentationPlatform.DefaultModelDelivery.SaveResult.DeviceSwitcher recorded 1 samples, mean = 1.0 (flags = 0x41)
0  O                                                                         (0 = 0.0%)
1  -O                                                                        (1 = 100.0%) {0.0%}
2  O                                                                         (0 = 0.0%) {100.0%}

Histogram: SegmentationPlatform.DefaultModelDelivery.SaveResult.PasswordManagerUser recorded 1 samples, mean = 1.0 (flags = 0x41)
0  O                                                                         (0 = 0.0%)
1  -O                                                                        (1 = 100.0%) {0.0%}
2  O                                                                         (0 = 0.0%) {100.0%}

Histogram: SegmentationPlatform.DefaultModelDelivery.SaveResult.ResumeHeavyUserSegment recorded 1 samples, mean = 1.0 (flags = 0x41)
0  O                                                                         (0 = 0.0%)
1  -O                                                                        (1 = 100.0%) {0.0%}
2  O                                                                         (0 = 0.0%) {100.0%}

Histogram: SegmentationPlatform.DefaultModelDelivery.SaveResult.SearchUser recorded 1 samples, mean = 1.0 (flags = 0x41)
0  O                                                                         (0 = 0.0%)
1  -O                                                                        (1 = 100.0%) {0.0%}
2  O                                                                         (0 = 0.0%) {100.0%}

Histogram: SegmentationPlatform.DefaultModelDelivery.SaveResult.ShoppingUser recorded 1 samples, mean = 1.0 (flags = 0x41)
0  O                                                                         (0 = 0.0%)
1  -O                                                                        (1 = 100.0%) {0.0%}
2  O                                                                         (0 = 0.0%) {100.0%}

Histogram: SegmentationPlatform.DefaultModelDelivery.SaveResult.UrlVisitResumptionRanker recorded 1 samples, mean = 1.0 (flags = 0x41)
0  O                                                                         (0 = 0.0%)
1  -O                                                                        (1 = 100.0%) {0.0%}
2  O                                                                         (0 = 0.0%) {100.0%}

Histogram: SegmentationPlatform.DefaultModelDelivery.SegmentIdMatches.ChromeLowUserEngagement recorded 1 samples, mean = 1.0 (flags = 0x41)
0  O                                                                         (0 = 0.0%)
1  -O                                                                        (1 = 100.0%) {0.0%}
2  O                                                                         (0 = 0.0%) {100.0%}

Histogram: SegmentationPlatform.DefaultModelDelivery.SegmentIdMatches.ComposePromotion recorded 1 samples, mean = 1.0 (flags = 0x41)
0  O                                                                         (0 = 0.0%)
1  -O                                                                        (1 = 100.0%) {0.0%}
2  O                                                                         (0 = 0.0%) {100.0%}

Histogram: SegmentationPlatform.DefaultModelDelivery.SegmentIdMatches.CrossDeviceUserSegment recorded 1 samples, mean = 1.0 (flags = 0x41)
0  O                                                                         (0 = 0.0%)
1  -O                                                                        (1 = 100.0%) {0.0%}
2  O                                                                         (0 = 0.0%) {100.0%}

Histogram: SegmentationPlatform.DefaultModelDelivery.SegmentIdMatches.DatabaseApiClients recorded 1 samples, mean = 1.0 (flags = 0x41)
0  O                                                                         (0 = 0.0%)
1  -O                                                                        (1 = 100.0%) {0.0%}
2  O                                                                         (0 = 0.0%) {100.0%}

Histogram: SegmentationPlatform.DefaultModelDelivery.SegmentIdMatches.DeviceSwitcher recorded 1 samples, mean = 1.0 (flags = 0x41)
0  O                                                                         (0 = 0.0%)
1  -O                                                                        (1 = 100.0%) {0.0%}
2  O                                                                         (0 = 0.0%) {100.0%}

Histogram: SegmentationPlatform.DefaultModelDelivery.SegmentIdMatches.PasswordManagerUser recorded 1 samples, mean = 1.0 (flags = 0x41)
0  O                                                                         (0 = 0.0%)
1  -O                                                                        (1 = 100.0%) {0.0%}
2  O                                                                         (0 = 0.0%) {100.0%}

Histogram: SegmentationPlatform.DefaultModelDelivery.SegmentIdMatches.ResumeHeavyUserSegment recorded 1 samples, mean = 1.0 (flags = 0x41)
0  O                                                                         (0 = 0.0%)
1  -O                                                                        (1 = 100.0%) {0.0%}
2  O                                                                         (0 = 0.0%) {100.0%}

Histogram: SegmentationPlatform.DefaultModelDelivery.SegmentIdMatches.SearchUser recorded 1 samples, mean = 1.0 (flags = 0x41)
0  O                                                                         (0 = 0.0%)
1  -O                                                                        (1 = 100.0%) {0.0%}
2  O                                                                         (0 = 0.0%) {100.0%}

Histogram: SegmentationPlatform.DefaultModelDelivery.SegmentIdMatches.ShoppingUser recorded 1 samples, mean = 1.0 (flags = 0x41)
0  O                                                                         (0 = 0.0%)
1  -O                                                                        (1 = 100.0%) {0.0%}
2  O                                                                         (0 = 0.0%) {100.0%}

Histogram: SegmentationPlatform.DefaultModelDelivery.SegmentIdMatches.UrlVisitResumptionRanker recorded 1 samples, mean = 1.0 (flags = 0x41)
0  O                                                                         (0 = 0.0%)
1  -O                                                                        (1 = 100.0%) {0.0%}
2  O                                                                         (0 = 0.0%) {100.0%}

Histogram: SegmentationPlatform.DeviceSwitcher.PostProcessing.TopLabel.Computed recorded 1 samples (flags = 0x41)
7  -O                                                                        (1 = 100.0%)

Histogram: SegmentationPlatform.FeatureProcessing.Error.ChromeLowUserEngagement recorded 1 samples, mean = 7.0 (flags = 0x41)
0  ... 
7  -O                                                                        (1 = 100.0%) {0.0%}
8  O                                                                         (0 = 0.0%) {100.0%}

Histogram: SegmentationPlatform.FeatureProcessing.Error.CrossDeviceUserSegment recorded 1 samples, mean = 7.0 (flags = 0x41)
0  ... 
7  -O                                                                        (1 = 100.0%) {0.0%}
8  O                                                                         (0 = 0.0%) {100.0%}

Histogram: SegmentationPlatform.FeatureProcessing.Error.DeviceSwitcher recorded 1 samples, mean = 7.0 (flags = 0x41)
0  ... 
7  -O                                                                        (1 = 100.0%) {0.0%}
8  O                                                                         (0 = 0.0%) {100.0%}

Histogram: SegmentationPlatform.FeatureProcessing.Error.PasswordManagerUser recorded 1 samples, mean = 7.0 (flags = 0x41)
0  ... 
7  -O                                                                        (1 = 100.0%) {0.0%}
8  O                                                                         (0 = 0.0%) {100.0%}

Histogram: SegmentationPlatform.FeatureProcessing.Error.ResumeHeavyUserSegment recorded 1 samples, mean = 7.0 (flags = 0x41)
0  ... 
7  -O                                                                        (1 = 100.0%) {0.0%}
8  O                                                                         (0 = 0.0%) {100.0%}

Histogram: SegmentationPlatform.FeatureProcessing.Error.SearchUser recorded 1 samples, mean = 7.0 (flags = 0x41)
0  ... 
7  -O                                                                        (1 = 100.0%) {0.0%}
8  O                                                                         (0 = 0.0%) {100.0%}

Histogram: SegmentationPlatform.FeatureProcessing.Error.ShoppingUser recorded 1 samples, mean = 7.0 (flags = 0x41)
0  ... 
7  -O                                                                        (1 = 100.0%) {0.0%}
8  O                                                                         (0 = 0.0%) {100.0%}

Histogram: SegmentationPlatform.Init.CreationToInitializationLatency recorded 1 samples, mean = 8259.0 (flags = 0x41)
0     ... 
8000  -O                                                                        (1 = 100.0%) {0.0%}
10165 ... 

Histogram: SegmentationPlatform.Init.ModelUpdatedTimeDifferenceInDays.ChromeLowUserEngagement recorded 1 samples, mean = 50.0 (flags = 0x41)
0   ... 
47  -O                                                                        (1 = 100.0%) {0.0%}
53  ... 

Histogram: SegmentationPlatform.Init.ModelUpdatedTimeDifferenceInDays.ComposePromotion recorded 1 samples, mean = 50.0 (flags = 0x41)
0   ... 
47  -O                                                                        (1 = 100.0%) {0.0%}
53  ... 

Histogram: SegmentationPlatform.Init.ModelUpdatedTimeDifferenceInDays.CrossDeviceUserSegment recorded 1 samples, mean = 50.0 (flags = 0x41)
0   ... 
47  -O                                                                        (1 = 100.0%) {0.0%}
53  ... 

Histogram: SegmentationPlatform.Init.ModelUpdatedTimeDifferenceInDays.DatabaseApiClients recorded 1 samples, mean = 50.0 (flags = 0x41)
0   ... 
47  -O                                                                        (1 = 100.0%) {0.0%}
53  ... 

Histogram: SegmentationPlatform.Init.ModelUpdatedTimeDifferenceInDays.DeviceSwitcher recorded 1 samples, mean = 50.0 (flags = 0x41)
0   ... 
47  -O                                                                        (1 = 100.0%) {0.0%}
53  ... 

Histogram: SegmentationPlatform.Init.ModelUpdatedTimeDifferenceInDays.PasswordManagerUser recorded 1 samples, mean = 50.0 (flags = 0x41)
0   ... 
47  -O                                                                        (1 = 100.0%) {0.0%}
53  ... 

Histogram: SegmentationPlatform.Init.ModelUpdatedTimeDifferenceInDays.ResumeHeavyUserSegment recorded 1 samples, mean = 50.0 (flags = 0x41)
0   ... 
47  -O                                                                        (1 = 100.0%) {0.0%}
53  ... 

Histogram: SegmentationPlatform.Init.ModelUpdatedTimeDifferenceInDays.SearchUser recorded 1 samples, mean = 50.0 (flags = 0x41)
0   ... 
47  -O                                                                        (1 = 100.0%) {0.0%}
53  ... 

Histogram: SegmentationPlatform.Init.ModelUpdatedTimeDifferenceInDays.ShoppingUser recorded 1 samples, mean = 50.0 (flags = 0x41)
0   ... 
47  -O                                                                        (1 = 100.0%) {0.0%}
53  ... 

Histogram: SegmentationPlatform.Init.ModelUpdatedTimeDifferenceInDays.UrlVisitResumptionRanker recorded 1 samples, mean = 50.0 (flags = 0x41)
0   ... 
47  -O                                                                        (1 = 100.0%) {0.0%}
53  ... 

Histogram: SegmentationPlatform.Init.ProcessCreationToServiceCreationLatency recorded 1 samples, mean = 2598241.0 (flags = 0x41)
0       ... 
180000  -O                                                                        (1 = 100.0%) {0.0%}

Histogram: SegmentationPlatform.Maintenance.CleanupSignalSuccessCount recorded 1 samples, mean = 20.0 (flags = 0x41)
0   ... 
20  -O                                                                        (1 = 100.0%) {0.0%}
23  ... 

Histogram: SegmentationPlatform.Maintenance.CompactionResult.HistogramEnum recorded 28 samples, mean = 1.0 (flags = 0x41)
0  O                                                                         (0 = 0.0%)
1  ----------------------------O                                             (28 = 100.0%) {0.0%}
2  O                                                                         (0 = 0.0%) {100.0%}

Histogram: SegmentationPlatform.Maintenance.CompactionResult.HistogramValue recorded 24 samples, mean = 1.0 (flags = 0x41)
0  O                                                                         (0 = 0.0%)
1  ------------------------O                                                 (24 = 100.0%) {0.0%}
2  O                                                                         (0 = 0.0%) {100.0%}

Histogram: SegmentationPlatform.Maintenance.CompactionResult.UserAction recorded 28 samples, mean = 1.0 (flags = 0x41)
0  O                                                                         (0 = 0.0%)
1  ----------------------------O                                             (28 = 100.0%) {0.0%}
2  O                                                                         (0 = 0.0%) {100.0%}

Histogram: SegmentationPlatform.Maintenance.SignalIdentifierCount recorded 1 samples, mean = 20.0 (flags = 0x41)
0   ... 
20  -O                                                                        (1 = 100.0%) {0.0%}
23  ... 

Histogram: SegmentationPlatform.ModelAvailability.ChromeLowUserEngagement recorded 1 samples, mean = 0.0 (flags = 0x41)
0  -O                                                                        (1 = 100.0%)
1  ... 

Histogram: SegmentationPlatform.ModelAvailability.ComposePromotion recorded 1 samples, mean = 0.0 (flags = 0x41)
0  -O                                                                        (1 = 100.0%)
1  ... 

Histogram: SegmentationPlatform.ModelAvailability.DeviceSwitcher recorded 1 samples, mean = 0.0 (flags = 0x41)
0  -O                                                                        (1 = 100.0%)
1  ... 

Histogram: SegmentationPlatform.ModelAvailability.SearchUser recorded 1 samples, mean = 0.0 (flags = 0x41)
0  -O                                                                        (1 = 100.0%)
1  ... 

Histogram: SegmentationPlatform.ModelAvailability.ShoppingUser recorded 1 samples, mean = 0.0 (flags = 0x41)
0  -O                                                                        (1 = 100.0%)
1  ... 

Histogram: SegmentationPlatform.ModelAvailability.UrlVisitResumptionRanker recorded 1 samples, mean = 0.0 (flags = 0x41)
0  -O                                                                        (1 = 100.0%)
1  ... 

Histogram: SegmentationPlatform.ModelAvailability.WebAppInstallationPromo recorded 1 samples, mean = 0.0 (flags = 0x41)
0  -O                                                                        (1 = 100.0%)
1  ... 

Histogram: SegmentationPlatform.ModelExecution.DefaultProvider.Status.ChromeLowUserEngagement recorded 1 samples, mean = 0.0 (flags = 0x41)
0  -O                                                                        (1 = 100.0%)
1  ... 

Histogram: SegmentationPlatform.ModelExecution.DefaultProvider.Status.CrossDeviceUserSegment recorded 1 samples, mean = 0.0 (flags = 0x41)
0  -O                                                                        (1 = 100.0%)
1  ... 

Histogram: SegmentationPlatform.ModelExecution.DefaultProvider.Status.DeviceSwitcher recorded 1 samples, mean = 0.0 (flags = 0x41)
0  -O                                                                        (1 = 100.0%)
1  ... 

Histogram: SegmentationPlatform.ModelExecution.DefaultProvider.Status.PasswordManagerUser recorded 1 samples, mean = 0.0 (flags = 0x41)
0  -O                                                                        (1 = 100.0%)
1  ... 

Histogram: SegmentationPlatform.ModelExecution.DefaultProvider.Status.ResumeHeavyUserSegment recorded 1 samples, mean = 0.0 (flags = 0x41)
0  -O                                                                        (1 = 100.0%)
1  ... 

Histogram: SegmentationPlatform.ModelExecution.DefaultProvider.Status.SearchUser recorded 1 samples, mean = 0.0 (flags = 0x41)
0  -O                                                                        (1 = 100.0%)
1  ... 

Histogram: SegmentationPlatform.ModelExecution.DefaultProvider.Status.ShoppingUser recorded 1 samples, mean = 0.0 (flags = 0x41)
0  -O                                                                        (1 = 100.0%)
1  ... 

Histogram: SegmentationPlatform.ModelExecution.Duration.FeatureProcessing.ChromeLowUserEngagement recorded 1 samples, mean = 0.0 (flags = 0x41)
0  -O                                                                        (1 = 100.0%)
1  ... 

Histogram: SegmentationPlatform.ModelExecution.Duration.FeatureProcessing.CrossDeviceUserSegment recorded 4 samples, mean = 0.0 (flags = 0x41)
0  ----O                                                                     (4 = 100.0%)
1  ... 

Histogram: SegmentationPlatform.ModelExecution.Duration.FeatureProcessing.PasswordManagerUser recorded 7 samples, mean = 0.0 (flags = 0x41)
0  -------O                                                                  (7 = 100.0%)
1  ... 

Histogram: SegmentationPlatform.ModelExecution.Duration.FeatureProcessing.ResumeHeavyUserSegment recorded 5 samples, mean = 0.0 (flags = 0x41)
0  -----O                                                                    (5 = 100.0%)
1  ... 

Histogram: SegmentationPlatform.ModelExecution.Duration.FeatureProcessing.SearchUser recorded 1 samples, mean = 0.0 (flags = 0x41)
0  -O                                                                        (1 = 100.0%)
1  ... 

Histogram: SegmentationPlatform.ModelExecution.Duration.FeatureProcessing.ShoppingUser recorded 2 samples, mean = 0.0 (flags = 0x41)
0  --O                                                                       (2 = 100.0%)
1  ... 

Histogram: SegmentationPlatform.ModelExecution.Duration.Model.ChromeLowUserEngagement.Success recorded 1 samples, mean = 0.0 (flags = 0x41)
0  -O                                                                        (1 = 100.0%)
1  ... 

Histogram: SegmentationPlatform.ModelExecution.Duration.Model.CrossDeviceUserSegment.Success recorded 1 samples, mean = 0.0 (flags = 0x41)
0  -O                                                                        (1 = 100.0%)
1  ... 

Histogram: SegmentationPlatform.ModelExecution.Duration.Model.DeviceSwitcher.Success recorded 1 samples, mean = 0.0 (flags = 0x41)
0  -O                                                                        (1 = 100.0%)
1  ... 

Histogram: SegmentationPlatform.ModelExecution.Duration.Model.PasswordManagerUser.Success recorded 1 samples, mean = 0.0 (flags = 0x41)
0  -O                                                                        (1 = 100.0%)
1  ... 

Histogram: SegmentationPlatform.ModelExecution.Duration.Model.ResumeHeavyUserSegment.Success recorded 1 samples, mean = 0.0 (flags = 0x41)
0  -O                                                                        (1 = 100.0%)
1  ... 

Histogram: SegmentationPlatform.ModelExecution.Duration.Model.SearchUser.Success recorded 1 samples, mean = 0.0 (flags = 0x41)
0  -O                                                                        (1 = 100.0%)
1  ... 

Histogram: SegmentationPlatform.ModelExecution.Duration.Model.ShoppingUser.Success recorded 1 samples, mean = 0.0 (flags = 0x41)
0  -O                                                                        (1 = 100.0%)
1  ... 

Histogram: SegmentationPlatform.ModelExecution.Duration.Total.ChromeLowUserEngagement.Success recorded 1 samples, mean = 1.0 (flags = 0x41)
0  O                                                                         (0 = 0.0%)
1  -O                                                                        (1 = 100.0%) {0.0%}
2  ... 

Histogram: SegmentationPlatform.ModelExecution.Duration.Total.CrossDeviceUserSegment.Success recorded 1 samples, mean = 333.0 (flags = 0x41)
0    ... 
318  -O                                                                        (1 = 100.0%) {0.0%}
378  ... 

Histogram: SegmentationPlatform.ModelExecution.Duration.Total.DeviceSwitcher.Success recorded 1 samples, mean = 60000.0 (flags = 0x41)
0      ... 
10000  -O                                                                        (1 = 100.0%) {0.0%}

Histogram: SegmentationPlatform.ModelExecution.Duration.Total.PasswordManagerUser.Success recorded 1 samples, mean = 664.0 (flags = 0x41)
0    ... 
633  -O                                                                        (1 = 100.0%) {0.0%}
752  ... 

Histogram: SegmentationPlatform.ModelExecution.Duration.Total.ResumeHeavyUserSegment.Success recorded 1 samples, mean = 333.0 (flags = 0x41)
0    ... 
318  -O                                                                        (1 = 100.0%) {0.0%}
378  ... 

Histogram: SegmentationPlatform.ModelExecution.Duration.Total.SearchUser.Success recorded 1 samples, mean = 1.0 (flags = 0x41)
0  O                                                                         (0 = 0.0%)
1  -O                                                                        (1 = 100.0%) {0.0%}
2  ... 

Histogram: SegmentationPlatform.ModelExecution.Duration.Total.ShoppingUser.Success recorded 1 samples, mean = 1.0 (flags = 0x41)
0  O                                                                         (0 = 0.0%)
1  -O                                                                        (1 = 100.0%) {0.0%}
2  ... 

Histogram: SegmentationPlatform.ModelExecution.Result.0.ChromeLowUserEngagement recorded 1 samples, mean = 100.0 (flags = 0x41)
0    ... 
100  -O                                                                        (1 = 100.0%) {0.0%}
101  O                                                                         (0 = 0.0%) {100.0%}

Histogram: SegmentationPlatform.ModelExecution.Result.0.CrossDeviceUserSegment recorded 1 samples, mean = 1.0 (flags = 0x41)
0  O                                                                         (0 = 0.0%)
1  -O                                                                        (1 = 100.0%) {0.0%}
2  ... 

Histogram: SegmentationPlatform.ModelExecution.Result.0.DeviceSwitcher recorded 1 samples, mean = 0.0 (flags = 0x41)
0  -O                                                                        (1 = 100.0%)
1  ... 

Histogram: SegmentationPlatform.ModelExecution.Result.0.PasswordManagerUser recorded 1 samples, mean = 0.0 (flags = 0x41)
0  -O                                                                        (1 = 100.0%)
1  ... 

Histogram: SegmentationPlatform.ModelExecution.Result.0.ResumeHeavyUserSegment recorded 1 samples, mean = 0.0 (flags = 0x41)
0  -O                                                                        (1 = 100.0%)
1  ... 

Histogram: SegmentationPlatform.ModelExecution.Result.0.SearchUser recorded 1 samples, mean = 0.0 (flags = 0x41)
0  -O                                                                        (1 = 100.0%)
1  ... 

Histogram: SegmentationPlatform.ModelExecution.Result.0.ShoppingUser recorded 1 samples, mean = 0.0 (flags = 0x41)
0  -O                                                                        (1 = 100.0%)
1  ... 

Histogram: SegmentationPlatform.ModelExecution.Result.1.DeviceSwitcher recorded 1 samples, mean = 0.0 (flags = 0x41)
0  -O                                                                        (1 = 100.0%)
1  ... 

Histogram: SegmentationPlatform.ModelExecution.Result.2.DeviceSwitcher recorded 1 samples, mean = 0.0 (flags = 0x41)
0  -O                                                                        (1 = 100.0%)
1  ... 

Histogram: SegmentationPlatform.ModelExecution.Result.3.DeviceSwitcher recorded 1 samples, mean = 0.0 (flags = 0x41)
0  -O                                                                        (1 = 100.0%)
1  ... 

Histogram: SegmentationPlatform.ModelExecution.Result.4.DeviceSwitcher recorded 1 samples, mean = 0.0 (flags = 0x41)
0  -O                                                                        (1 = 100.0%)
1  ... 

Histogram: SegmentationPlatform.ModelExecution.Result.5.DeviceSwitcher recorded 1 samples, mean = 0.0 (flags = 0x41)
0  -O                                                                        (1 = 100.0%)
1  ... 

Histogram: SegmentationPlatform.ModelExecution.Result.6.DeviceSwitcher recorded 1 samples, mean = 0.0 (flags = 0x41)
0  -O                                                                        (1 = 100.0%)
1  ... 

Histogram: SegmentationPlatform.ModelExecution.Result.7.DeviceSwitcher recorded 1 samples, mean = 100.0 (flags = 0x41)
0    ... 
100  -O                                                                        (1 = 100.0%) {0.0%}
101  O                                                                         (0 = 0.0%) {100.0%}

Histogram: SegmentationPlatform.ModelExecution.SaveResult.ChromeLowUserEngagement recorded 1 samples, mean = 1.0 (flags = 0x41)
0  O                                                                         (0 = 0.0%)
1  -O                                                                        (1 = 100.0%) {0.0%}
2  O                                                                         (0 = 0.0%) {100.0%}

Histogram: SegmentationPlatform.ModelExecution.SaveResult.CrossDeviceUserSegment recorded 1 samples, mean = 1.0 (flags = 0x41)
0  O                                                                         (0 = 0.0%)
1  -O                                                                        (1 = 100.0%) {0.0%}
2  O                                                                         (0 = 0.0%) {100.0%}

Histogram: SegmentationPlatform.ModelExecution.SaveResult.PasswordManagerUser recorded 1 samples, mean = 1.0 (flags = 0x41)
0  O                                                                         (0 = 0.0%)
1  -O                                                                        (1 = 100.0%) {0.0%}
2  O                                                                         (0 = 0.0%) {100.0%}

Histogram: SegmentationPlatform.ModelExecution.SaveResult.ResumeHeavyUserSegment recorded 1 samples, mean = 1.0 (flags = 0x41)
0  O                                                                         (0 = 0.0%)
1  -O                                                                        (1 = 100.0%) {0.0%}
2  O                                                                         (0 = 0.0%) {100.0%}

Histogram: SegmentationPlatform.ModelExecution.SaveResult.SearchUser recorded 1 samples, mean = 1.0 (flags = 0x41)
0  O                                                                         (0 = 0.0%)
1  -O                                                                        (1 = 100.0%) {0.0%}
2  O                                                                         (0 = 0.0%) {100.0%}

Histogram: SegmentationPlatform.ModelExecution.SaveResult.ShoppingUser recorded 1 samples, mean = 1.0 (flags = 0x41)
0  O                                                                         (0 = 0.0%)
1  -O                                                                        (1 = 100.0%) {0.0%}
2  O                                                                         (0 = 0.0%) {100.0%}

Histogram: SegmentationPlatform.ModelExecution.ZeroValuePercent.ChromeLowUserEngagement recorded 1 samples, mean = 100.0 (flags = 0x41)
0    ... 
100  -O                                                                        (1 = 100.0%) {0.0%}
101  O                                                                         (0 = 0.0%) {100.0%}

Histogram: SegmentationPlatform.ModelExecution.ZeroValuePercent.CrossDeviceUserSegment recorded 1 samples, mean = 100.0 (flags = 0x41)
0    ... 
100  -O                                                                        (1 = 100.0%) {0.0%}
101  O                                                                         (0 = 0.0%) {100.0%}

Histogram: SegmentationPlatform.ModelExecution.ZeroValuePercent.DeviceSwitcher recorded 1 samples, mean = 90.0 (flags = 0x41)
0   ... 
90  -O                                                                        (1 = 100.0%) {0.0%}
91  ... 

Histogram: SegmentationPlatform.ModelExecution.ZeroValuePercent.PasswordManagerUser recorded 1 samples, mean = 100.0 (flags = 0x41)
0    ... 
100  -O                                                                        (1 = 100.0%) {0.0%}
101  O                                                                         (0 = 0.0%) {100.0%}

Histogram: SegmentationPlatform.ModelExecution.ZeroValuePercent.ResumeHeavyUserSegment recorded 1 samples, mean = 100.0 (flags = 0x41)
0    ... 
100  -O                                                                        (1 = 100.0%) {0.0%}
101  O                                                                         (0 = 0.0%) {100.0%}

Histogram: SegmentationPlatform.ModelExecution.ZeroValuePercent.SearchUser recorded 1 samples, mean = 100.0 (flags = 0x41)
0    ... 
100  -O                                                                        (1 = 100.0%) {0.0%}
101  O                                                                         (0 = 0.0%) {100.0%}

Histogram: SegmentationPlatform.ModelExecution.ZeroValuePercent.ShoppingUser recorded 1 samples, mean = 100.0 (flags = 0x41)
0    ... 
100  -O                                                                        (1 = 100.0%) {0.0%}
101  O                                                                         (0 = 0.0%) {100.0%}

Histogram: SegmentationPlatform.PasswordManagerUser.PostProcessing.TopLabel.Computed recorded 1 samples (flags = 0x41)
0  -O                                                                        (1 = 100.0%)

Histogram: SegmentationPlatform.ResumeHeavyUser.PostProcessing.TopLabel.Computed recorded 1 samples (flags = 0x41)
0  -O                                                                        (1 = 100.0%)

Histogram: SegmentationPlatform.SearchUser.PostProcessing.TopLabel.Computed recorded 1 samples (flags = 0x41)
-1 -O                                                                        (1 = 100.0%)

Histogram: SegmentationPlatform.SegmentInfoDatabase.ProtoDBUpdateResult.ChromeLowUserEngagement recorded 2 samples, mean = 1.0 (flags = 0x41)
0  O                                                                         (0 = 0.0%)
1  --O                                                                       (2 = 100.0%) {0.0%}
2  O                                                                         (0 = 0.0%) {100.0%}

Histogram: SegmentationPlatform.SegmentInfoDatabase.ProtoDBUpdateResult.ComposePromotion recorded 1 samples, mean = 1.0 (flags = 0x41)
0  O                                                                         (0 = 0.0%)
1  -O                                                                        (1 = 100.0%) {0.0%}
2  O                                                                         (0 = 0.0%) {100.0%}

Histogram: SegmentationPlatform.SegmentInfoDatabase.ProtoDBUpdateResult.CrossDeviceUserSegment recorded 2 samples, mean = 1.0 (flags = 0x41)
0  O                                                                         (0 = 0.0%)
1  --O                                                                       (2 = 100.0%) {0.0%}
2  O                                                                         (0 = 0.0%) {100.0%}

Histogram: SegmentationPlatform.SegmentInfoDatabase.ProtoDBUpdateResult.DatabaseApiClients recorded 1 samples, mean = 1.0 (flags = 0x41)
0  O                                                                         (0 = 0.0%)
1  -O                                                                        (1 = 100.0%) {0.0%}
2  O                                                                         (0 = 0.0%) {100.0%}

Histogram: SegmentationPlatform.SegmentInfoDatabase.ProtoDBUpdateResult.DeviceSwitcher recorded 1 samples, mean = 1.0 (flags = 0x41)
0  O                                                                         (0 = 0.0%)
1  -O                                                                        (1 = 100.0%) {0.0%}
2  O                                                                         (0 = 0.0%) {100.0%}

Histogram: SegmentationPlatform.SegmentInfoDatabase.ProtoDBUpdateResult.PasswordManagerUser recorded 2 samples, mean = 1.0 (flags = 0x41)
0  O                                                                         (0 = 0.0%)
1  --O                                                                       (2 = 100.0%) {0.0%}
2  O                                                                         (0 = 0.0%) {100.0%}

Histogram: SegmentationPlatform.SegmentInfoDatabase.ProtoDBUpdateResult.ResumeHeavyUserSegment recorded 2 samples, mean = 1.0 (flags = 0x41)
0  O                                                                         (0 = 0.0%)
1  --O                                                                       (2 = 100.0%) {0.0%}
2  O                                                                         (0 = 0.0%) {100.0%}

Histogram: SegmentationPlatform.SegmentInfoDatabase.ProtoDBUpdateResult.SearchUser recorded 2 samples, mean = 1.0 (flags = 0x41)
0  O                                                                         (0 = 0.0%)
1  --O                                                                       (2 = 100.0%) {0.0%}
2  O                                                                         (0 = 0.0%) {100.0%}

Histogram: SegmentationPlatform.SegmentInfoDatabase.ProtoDBUpdateResult.ShoppingUser recorded 2 samples, mean = 1.0 (flags = 0x41)
0  O                                                                         (0 = 0.0%)
1  --O                                                                       (2 = 100.0%) {0.0%}
2  O                                                                         (0 = 0.0%) {100.0%}

Histogram: SegmentationPlatform.SegmentInfoDatabase.ProtoDBUpdateResult.UrlVisitResumptionRanker recorded 1 samples, mean = 1.0 (flags = 0x41)
0  O                                                                         (0 = 0.0%)
1  -O                                                                        (1 = 100.0%) {0.0%}
2  O                                                                         (0 = 0.0%) {100.0%}

Histogram: SegmentationPlatform.SegmentInfoDatabase.ProtoDBUpdateResult.WebAppInstallationPromo recorded 1 samples, mean = 1.0 (flags = 0x41)
0  O                                                                         (0 = 0.0%)
1  -O                                                                        (1 = 100.0%) {0.0%}
2  O                                                                         (0 = 0.0%) {100.0%}

Histogram: SegmentationPlatform.SelectionFailedReason.ChromeLowUserEngagement recorded 3 samples, mean = 18.7 (flags = 0x41)
0   ... 
16  -O                                                                        (1 = 33.3%) {0.0%}
17  ... 
19  -O                                                                        (1 = 33.3%) {33.3%}
20  O                                                                         (0 = 0.0%) {66.7%}
21  -O                                                                        (1 = 33.3%) {66.7%}
22  ... 

Histogram: SegmentationPlatform.SelectionFailedReason.ComposePromotion recorded 1 samples, mean = 17.0 (flags = 0x41)
0   ... 
17  -O                                                                        (1 = 100.0%) {0.0%}
18  ... 

Histogram: SegmentationPlatform.SelectionFailedReason.CrossDeviceUser recorded 3 samples, mean = 18.7 (flags = 0x41)
0   ... 
16  -O                                                                        (1 = 33.3%) {0.0%}
17  ... 
19  -O                                                                        (1 = 33.3%) {33.3%}
20  O                                                                         (0 = 0.0%) {66.7%}
21  -O                                                                        (1 = 33.3%) {66.7%}
22  ... 

Histogram: SegmentationPlatform.SelectionFailedReason.DatabaseApiClients recorded 1 samples, mean = 17.0 (flags = 0x41)
0   ... 
17  -O                                                                        (1 = 100.0%) {0.0%}
18  ... 

Histogram: SegmentationPlatform.SelectionFailedReason.DeviceSwitcher recorded 2 samples, mean = 19.0 (flags = 0x41)
0   ... 
17  -O                                                                        (1 = 50.0%) {0.0%}
18  ... 
21  -O                                                                        (1 = 50.0%) {50.0%}
22  ... 

Histogram: SegmentationPlatform.SelectionFailedReason.PasswordManagerUser recorded 3 samples, mean = 18.7 (flags = 0x41)
0   ... 
16  -O                                                                        (1 = 33.3%) {0.0%}
17  ... 
19  -O                                                                        (1 = 33.3%) {33.3%}
20  O                                                                         (0 = 0.0%) {66.7%}
21  -O                                                                        (1 = 33.3%) {66.7%}
22  ... 

Histogram: SegmentationPlatform.SelectionFailedReason.ResumeHeavyUser recorded 3 samples, mean = 18.3 (flags = 0x41)
0   ... 
16  -O                                                                        (1 = 33.3%) {0.0%}
17  O                                                                         (0 = 0.0%) {33.3%}
18  -O                                                                        (1 = 33.3%) {33.3%}
19  ... 
21  -O                                                                        (1 = 33.3%) {66.7%}
22  ... 

Histogram: SegmentationPlatform.SelectionFailedReason.SearchUser recorded 3 samples, mean = 18.7 (flags = 0x41)
0   ... 
16  -O                                                                        (1 = 33.3%) {0.0%}
17  ... 
19  -O                                                                        (1 = 33.3%) {33.3%}
20  O                                                                         (0 = 0.0%) {66.7%}
21  -O                                                                        (1 = 33.3%) {66.7%}
22  ... 

Histogram: SegmentationPlatform.SelectionFailedReason.ShoppingUser recorded 3 samples, mean = 18.7 (flags = 0x41)
0   ... 
16  -O                                                                        (1 = 33.3%) {0.0%}
17  ... 
19  -O                                                                        (1 = 33.3%) {33.3%}
20  O                                                                         (0 = 0.0%) {66.7%}
21  -O                                                                        (1 = 33.3%) {66.7%}
22  ... 

Histogram: SegmentationPlatform.SelectionFailedReason.URLVisitResumptionRanker recorded 1 samples, mean = 17.0 (flags = 0x41)
0   ... 
17  -O                                                                        (1 = 100.0%) {0.0%}
18  ... 

Histogram: SegmentationPlatform.SelectionFailedReason.WebAppInstallationPromo recorded 3 samples, mean = 17.3 (flags = 0x41)
0   ... 
11  -O                                                                        (1 = 33.3%) {0.0%}
12  ... 
17  -O                                                                        (1 = 33.3%) {33.3%}
18  ... 
24  -O                                                                        (1 = 33.3%) {66.7%}
25  ... 

Histogram: SegmentationPlatform.ShoppingUser.PostProcessing.TopLabel.Computed recorded 1 samples (flags = 0x41)
0  -O                                                                        (1 = 100.0%)

Histogram: SegmentationPlatform.SignalDatabase.GetSamples.DatabaseEntryCount recorded 20 samples, mean = 0.6 (flags = 0x41)
0   -------------------O                                                      (19 = 95.0%)
1   ... 
12  -O                                                                        (1 = 5.0%) {95.0%}
14  ... 

Histogram: SegmentationPlatform.SignalDatabase.GetSamples.Result recorded 20 samples, mean = 1.0 (flags = 0x41)
0  O                                                                         (0 = 0.0%)
1  --------------------O                                                     (20 = 100.0%) {0.0%}
2  O                                                                         (0 = 0.0%) {100.0%}

Histogram: SegmentationPlatform.SignalDatabase.GetSamples.SampleCount recorded 20 samples, mean = 0.6 (flags = 0x41)
0   -------------------O                                                      (19 = 95.0%)
1   ... 
12  -O                                                                        (1 = 5.0%) {95.0%}
14  ... 

Histogram: SegmentationPlatform.Signals.ListeningCount.HistogramEnum recorded 1 samples, mean = 7.0 (flags = 0x41)
0  ... 
7  -O                                                                        (1 = 100.0%) {0.0%}
8  ... 

Histogram: SegmentationPlatform.Signals.ListeningCount.HistogramValue recorded 1 samples, mean = 6.0 (flags = 0x41)
0  ... 
6  -O                                                                        (1 = 100.0%) {0.0%}
7  ... 

Histogram: SegmentationPlatform.Signals.ListeningCount.UserAction recorded 1 samples, mean = 7.0 (flags = 0x41)
0  ... 
7  -O                                                                        (1 = 100.0%) {0.0%}
8  ... 

Histogram: SegmentationPlatform.SyncSessions.TabsCountAtStartup recorded 1 samples, mean = 0.0 (flags = 0x41)
0  -O                                                                        (1 = 100.0%)
1  ... 

Histogram: SegmentationPlatform.UkmDatabase.InitTime recorded 1 samples, mean = 14.0 (flags = 0x41)
0   ... 
14  -O                                                                        (1 = 100.0%) {0.0%}
17  ... 

Histogram: SegmentationPlatform.WebAppInstallationPromo.PostProcessing.TopLabel.Computed recorded 1 samples (flags = 0x41)
-2 -O                                                                        (1 = 100.0%)

Histogram: ServiceWorker.FindRegistrationForClientUrl.IsCalledForNavigation recorded 5 samples, mean = 0.2 (flags = 0x41)
0  ----O                                                                     (4 = 80.0%)
1  -O                                                                        (1 = 20.0%) {80.0%}
2  O                                                                         (0 = 0.0%) {100.0%}

Histogram: ServiceWorker.FindRegistrationForClientUrl.SkippedMojoCall.OnNavigation recorded 1 samples, mean = 0.0 (flags = 0x41)
0  -O                                                                        (1 = 100.0%)
1  ... 

Histogram: ServiceWorker.OnBrowserStartup.SkipServiceWorkerOnFirstNavigation recorded 1 samples, mean = 0.0 (flags = 0x41)
0  -O                                                                        (1 = 100.0%)
1  ... 

Histogram: ServiceWorker.RegisteredStorageKeyCount recorded 1 samples, mean = 0.0 (flags = 0x41)
0  -O                                                                        (1 = 100.0%)
1  ... 

Histogram: ServiceWorker.SkipCallingFindRegistrationForClientUrl recorded 1 samples, mean = 1.0 (flags = 0x41)
0  O                                                                         (0 = 0.0%)
1  -O                                                                        (1 = 100.0%) {0.0%}
2  O                                                                         (0 = 0.0%) {100.0%}

Histogram: ServiceWorker.Storage.ReadInitialDataFromDB.Time recorded 1 samples, mean = 0.0 (flags = 0x41)
0  -O                                                                        (1 = 100.0%)
1  ... 

Histogram: ServiceWorker.Storage.RegisteredStorageKeyCacheInitialization.Time recorded 1 samples, mean = 6949.0 (flags = 0x41)
0     ... 
6296  -O                                                                        (1 = 100.0%) {0.0%}
8000  ... 

Histogram: SessionRestore.UnrecoverableWriteErrorCount recorded 1 samples, mean = 0.0 (flags = 0x41)
0  -O                                                                        (1 = 100.0%)
1  ... 

Histogram: SessionStorageContext.CommitResult recorded 2 samples, mean = 0.0 (flags = 0x41)
0  --O                                                                       (2 = 100.0%)
1  ... 

Histogram: Settings.AdvancedSpellcheck.OnStartup2 recorded 1 samples, mean = 0.0 (flags = 0x41)
0  -O                                                                        (1 = 100.0%)
1  ... 

Histogram: Settings.AutocompleteSearches.OnStartup2 recorded 1 samples, mean = 1.0 (flags = 0x41)
0  O                                                                         (0 = 0.0%)
1  -O                                                                        (1 = 100.0%) {0.0%}
2  O                                                                         (0 = 0.0%) {100.0%}

Histogram: Settings.FingerprintingProtection.Enabled recorded 1 samples, mean = 0.0 (flags = 0x41)
0  -O                                                                        (1 = 100.0%)
1  ... 

Histogram: Settings.FirstPartySets.State recorded 1 samples, mean = 0.0 (flags = 0x41)
0  -O                                                                        (1 = 100.0%)
1  ... 

Histogram: Settings.IpProtection.Enabled recorded 1 samples, mean = 0.0 (flags = 0x41)
0  -O                                                                        (1 = 100.0%)
1  ... 

Histogram: Settings.PreloadStatus.OnStartup3 recorded 1 samples, mean = 1.0 (flags = 0x41)
0  O                                                                         (0 = 0.0%)
1  -O                                                                        (1 = 100.0%) {0.0%}
2  ... 

Histogram: Settings.PrivacySandbox.AdMeasurement.Enabled recorded 1 samples, mean = 0.0 (flags = 0x41)
0  -O                                                                        (1 = 100.0%)
1  ... 

Histogram: Settings.PrivacySandbox.Fledge.Enabled recorded 1 samples, mean = 0.0 (flags = 0x41)
0  -O                                                                        (1 = 100.0%)
1  ... 

Histogram: Settings.PrivacySandbox.Topics.Enabled recorded 1 samples, mean = 0.0 (flags = 0x41)
0  -O                                                                        (1 = 100.0%)
1  ... 

Histogram: Settings.ShowHomeButton2 recorded 1 samples, mean = 0.0 (flags = 0x41)
0  -O                                                                        (1 = 100.0%)
1  ... 

Histogram: Settings.StartupPageLoadSettings2 recorded 1 samples, mean = 5.0 (flags = 0x41)
0  ... 
5  -O                                                                        (1 = 100.0%) {0.0%}
6  ... 

Histogram: Settings.TrackedPreferenceChanged.FromRegistry recorded 1 samples, mean = 5.0 (flags = 0x41)
0  ... 
5  -O                                                                        (1 = 100.0%) {0.0%}
6  ... 

Histogram: Settings.TrackedPreferenceUnchanged recorded 18 samples, mean = 14.5 (flags = 0x41)
0   -O                                                                        (1 = 5.6%)
1   -O                                                                        (1 = 5.6%) {5.6%}
2   -O                                                                        (1 = 5.6%) {11.1%}
3   -O                                                                        (1 = 5.6%) {16.7%}
4   -O                                                                        (1 = 5.6%) {22.2%}
5   -O                                                                        (1 = 5.6%) {27.8%}
6   -O                                                                        (1 = 5.6%) {33.3%}
7   -O                                                                        (1 = 5.6%) {38.9%}
8   ... 
11  -O                                                                        (1 = 5.6%) {44.4%}
12  ... 
14  -O                                                                        (1 = 5.6%) {50.0%}
15  -O                                                                        (1 = 5.6%) {55.6%}
16  ... 
18  -O                                                                        (1 = 5.6%) {61.1%}
19  ... 
23  -O                                                                        (1 = 5.6%) {66.7%}
24  -O                                                                        (1 = 5.6%) {72.2%}
25  ... 
29  -O                                                                        (1 = 5.6%) {77.8%}
30  ... 
32  -O                                                                        (1 = 5.6%) {83.3%}
33  -O                                                                        (1 = 5.6%) {88.9%}
34  -O                                                                        (1 = 5.6%) {94.4%}
35  O                                                                         (0 = 0.0%) {100.0%}

Histogram: Settings.TrackedPreferenceUnchanged.FromRegistry recorded 17 samples, mean = 15.1 (flags = 0x41)
0   -O                                                                        (1 = 5.9%)
1   -O                                                                        (1 = 5.9%) {5.9%}
2   -O                                                                        (1 = 5.9%) {11.8%}
3   -O                                                                        (1 = 5.9%) {17.6%}
4   -O                                                                        (1 = 5.9%) {23.5%}
5   O                                                                         (0 = 0.0%) {29.4%}
6   -O                                                                        (1 = 5.9%) {29.4%}
7   -O                                                                        (1 = 5.9%) {35.3%}
8   ... 
11  -O                                                                        (1 = 5.9%) {41.2%}
12  ... 
14  -O                                                                        (1 = 5.9%) {47.1%}
15  -O                                                                        (1 = 5.9%) {52.9%}
16  ... 
18  -O                                                                        (1 = 5.9%) {58.8%}
19  ... 
23  -O                                                                        (1 = 5.9%) {64.7%}
24  -O                                                                        (1 = 5.9%) {70.6%}
25  ... 
29  -O                                                                        (1 = 5.9%) {76.5%}
30  ... 
32  -O                                                                        (1 = 5.9%) {82.4%}
33  -O                                                                        (1 = 5.9%) {88.2%}
34  -O                                                                        (1 = 5.9%) {94.1%}
35  O                                                                         (0 = 0.0%) {100.0%}

Histogram: Settings.TrackingProtection.Enabled recorded 1 samples, mean = 0.0 (flags = 0x41)
0  -O                                                                        (1 = 100.0%)
1  ... 

Histogram: SharedDictionary.TimeInitializeDB recorded 1 samples, mean = 4.0 (flags = 0x41)
0  ... 
4  -O                                                                        (1 = 100.0%) {0.0%}
5  ... 

Histogram: Signin.APIKeyMatchesFeatureOnStartup recorded 3 samples, mean = 0.0 (flags = 0x41)
0  ---O                                                                      (3 = 100.0%)
1  ... 

Histogram: Signin.AccountTracker.CountOfLoadedAccounts recorded 1 samples, mean = 0.0 (flags = 0x41)
0  -O                                                                        (1 = 100.0%)
1  ... 

Histogram: Signin.ExplicitSigninMigration recorded 1 samples, mean = 0.0 (flags = 0x41)
0  -O                                                                        (1 = 100.0%)
1  ... 

Histogram: Signin.HadPreviousSyncAccount.SignedOutOnProfileLoad recorded 1 samples, mean = 0.0 (flags = 0x41)
0  -O                                                                        (1 = 100.0%)
1  ... 

Histogram: Signin.HadPreviousSyncAccount.SyncOffOnProfileLoad recorded 1 samples, mean = 0.0 (flags = 0x41)
0  -O                                                                        (1 = 100.0%)
1  ... 

Histogram: Signin.ListAccountsFailure recorded 1 samples, mean = 0.0 (flags = 0x41)
0  -O                                                                        (1 = 100.0%)
1  ... 

Histogram: Signin.PAMInitialize.PrimaryAccountPrefs recorded 1 samples, mean = 2.0 (flags = 0x41)
0  ... 
2  -O                                                                        (1 = 100.0%) {0.0%}
3  ... 

Histogram: Signin.SigninAllowed recorded 1 samples, mean = 0.0 (flags = 0x41)
0  -O                                                                        (1 = 100.0%)
1  ... 

Histogram: Signin.TokenTable.GetAllTokensSqlStatementValidity recorded 1 samples, mean = 1.0 (flags = 0x41)
0  O                                                                         (0 = 0.0%)
1  -O                                                                        (1 = 100.0%) {0.0%}
2  O                                                                         (0 = 0.0%) {100.0%}

Histogram: SimpleCache.App.CacheSizeOnInit recorded 1 samples, mean = 0.0 (flags = 0x41)
0  -O                                                                        (1 = 100.0%)
1000... 

Histogram: SimpleCache.App.ConsistencyResult recorded 1 samples, mean = 0.0 (flags = 0x41)
0  -O                                                                        (1 = 100.0%)
1  ... 

Histogram: SimpleCache.App.CreationToIndex recorded 1 samples, mean = 18.0 (flags = 0x41)
0   ... 
17  -O                                                                        (1 = 100.0%) {0.0%}
20  ... 

Histogram: SimpleCache.App.IndexFileStateOnLoad recorded 1 samples, mean = 2.0 (flags = 0x41)
0  ... 
2  -O                                                                        (1 = 100.0%) {0.0%}
3  ... 

Histogram: SimpleCache.App.IndexInitializeMethod recorded 1 samples, mean = 1.0 (flags = 0x41)
0  O                                                                         (0 = 0.0%)
1  -O                                                                        (1 = 100.0%) {0.0%}
2  ... 

Histogram: SimpleCache.App.IndexNumEntriesOnInit recorded 1 samples, mean = 0.0 (flags = 0x41)
0  -O                                                                        (1 = 100.0%)
1  ... 

Histogram: SimpleCache.App.MaxCacheSizeOnInit recorded 1 samples, mean = 0.0 (flags = 0x41)
0  -O                                                                        (1 = 100.0%)
1000... 

Histogram: SimpleCache.Code.CacheSizeOnInit recorded 1 samples, mean = 6433.0 (flags = 0x41)
0     ... 
6124  -O                                                                        (1 = 100.0%) {0.0%}
6971  ... 

Histogram: SimpleCache.Code.ConsistencyResult recorded 1 samples, mean = 0.0 (flags = 0x41)
0  -O                                                                        (1 = 100.0%)
1  ... 

Histogram: SimpleCache.Code.CreationToIndex recorded 1 samples, mean = 15.0 (flags = 0x41)
0   ... 
14  -O                                                                        (1 = 100.0%) {0.0%}
17  ... 

Histogram: SimpleCache.Code.DiskCloseLatency recorded 24 samples, mean = 0.0 (flags = 0x41)
0  ------------------------O                                                 (24 = 100.0%)
1  ... 

Histogram: SimpleCache.Code.DiskCreateLatency recorded 21 samples, mean = 0.0 (flags = 0x40)
0  ---------------------O                                                    (21 = 100.0%)
1  ... 

Histogram: SimpleCache.Code.DiskDoomLatency recorded 1 samples, mean = 0.0 (flags = 0x41)
0  -O                                                                        (1 = 100.0%)
1  ... 

Histogram: SimpleCache.Code.DiskOpenLatency recorded 3 samples, mean = 5.7 (flags = 0x41)
0  ... 
5  -O                                                                        (1 = 33.3%) {0.0%}
6  --O                                                                       (2 = 66.7%) {33.3%}
7  ... 

Histogram: SimpleCache.Code.EntryCreationTime recorded 24 samples, mean = 0.7 (flags = 0x41)
0  ---------------------O                                                    (21 = 87.5%)
1  ... 
5  -O                                                                        (1 = 4.2%) {87.5%}
6  --O                                                                       (2 = 8.3%) {91.7%}
7  ... 

Histogram: SimpleCache.Code.HeaderSize recorded 23 samples, mean = 36.0 (flags = 0x41)
0   ... 
34  -----------------------O                                                  (23 = 100.0%) {0.0%}
40  ... 

Histogram: SimpleCache.Code.IndexFileStateOnLoad recorded 1 samples, mean = 2.0 (flags = 0x41)
0  ... 
2  -O                                                                        (1 = 100.0%) {0.0%}
3  ... 

Histogram: SimpleCache.Code.IndexInitializeMethod recorded 1 samples, mean = 1.0 (flags = 0x41)
0  O                                                                         (0 = 0.0%)
1  -O                                                                        (1 = 100.0%) {0.0%}
2  ... 

Histogram: SimpleCache.Code.IndexNumEntriesOnInit recorded 1 samples, mean = 201.0 (flags = 0x41)
0    ... 
186  -O                                                                        (1 = 100.0%) {0.0%}
233  ... 

Histogram: SimpleCache.Code.MaxCacheSizeOnInit recorded 1 samples, mean = 327680.0 (flags = 0x41)
0       ... 
297881  -O                                                                        (1 = 100.0%) {0.0%}
339058  ... 

Histogram: SimpleCache.Code.OpenEntryIndexState recorded 49 samples, mean = 1.1 (flags = 0x41)
0  O                                                                         (0 = 0.0%)
1  ----------------------------------------------O                           (46 = 93.9%) {0.0%}
2  ---O                                                                      (3 = 6.1%) {93.9%}
3  O                                                                         (0 = 0.0%) {100.0%}

Histogram: SimpleCache.Code.SyncCheckEOFResult recorded 3 samples, mean = 0.0 (flags = 0x40)
0  ---O                                                                      (3 = 100.0%)
1  ... 

Histogram: SimpleCache.Code.SyncCloseResult recorded 24 samples, mean = 0.0 (flags = 0x40)
0  ------------------------O                                                 (24 = 100.0%)
1  ... 

Histogram: SimpleCache.Code.SyncOpenPrefetchMode recorded 3 samples, mean = 0.0 (flags = 0x41)
0  ---O                                                                      (3 = 100.0%)
1  ... 

Histogram: SimpleCache.Code.SyncOpenResult recorded 3 samples, mean = 0.0 (flags = 0x40)
0  ---O                                                                      (3 = 100.0%)
1  ... 

Histogram: SiteEngagementService.EngagementScore recorded 1 samples, mean = 21.0 (flags = 0x41)
0   ... 
21  -O                                                                        (1 = 100.0%) {0.0%}
22  ... 

Histogram: SiteEngagementService.EngagementType recorded 1 samples, mean = 0.0 (flags = 0x41)
0  -O                                                                        (1 = 100.0%)
1  ... 

Histogram: SiteEngagementService.MeanEngagement recorded 1 samples, mean = 21.0 (flags = 0x41)
0   ... 
21  -O                                                                        (1 = 100.0%) {0.0%}
22  ... 

Histogram: SiteEngagementService.MedianEngagement recorded 1 samples, mean = 21.0 (flags = 0x41)
0   ... 
21  -O                                                                        (1 = 100.0%) {0.0%}
22  ... 

Histogram: SiteEngagementService.OriginsEngaged recorded 1 samples, mean = 1.0 (flags = 0x41)
0  O                                                                         (0 = 0.0%)
1  -O                                                                        (1 = 100.0%) {0.0%}
2  ... 

Histogram: SiteIsolatedCodeCache.JS.Behaviour recorded 50 samples, mean = 2.3 (flags = 0x41)
0  -O                                                                        (1 = 2.0%)
1  -------------------------O                                                (25 = 50.0%) {2.0%}
2  -O                                                                        (1 = 2.0%) {52.0%}
3  --O                                                                       (2 = 4.0%) {54.0%}
4  ---------------------O                                                    (21 = 42.0%) {58.0%}
5  ... 

Histogram: SiteIsolatedCodeCache.JS.FetchCodeCache recorded 1 samples, mean = 6.0 (flags = 0x41)
0  ... 
6  -O                                                                        (1 = 100.0%) {0.0%}
7  ... 

Histogram: SiteIsolatedCodeCache.JS.Hit recorded 26 samples, mean = 0.0 (flags = 0x41)
0  -------------------------O                                                (25 = 96.2%)
1  -O                                                                        (1 = 3.8%) {96.2%}
2  O                                                                         (0 = 0.0%) {100.0%}

Histogram: SiteIsolatedCodeCache.JS.PotentialMemoryBackedCodeCacheHit recorded 26 samples, mean = 0.0 (flags = 0x41)
0  --------------------------O                                               (26 = 100.0%)
1  ... 

Histogram: SiteIsolatedCodeCache.JS.PotentialMemoryBackedCodeCacheSize2 recorded 64 samples, mean = 27127.0 (flags = 0x41)
0      ... 
26179  ----------------------------------------------------------------O         (64 = 100.0%) {0.0%}
37599  ... 

Histogram: SiteIsolatedCodeCache.WASM.Behaviour recorded 6 samples, mean = 1.0 (flags = 0x41)
0  O                                                                         (0 = 0.0%)
1  ------O                                                                   (6 = 100.0%) {0.0%}
2  ... 

Histogram: SiteIsolation.BrowsingInstance.MaxCountPerProcess recorded 3 samples, mean = 0.7 (flags = 0x41)
0  -O                                                                        (1 = 33.3%)
1  --O                                                                       (2 = 66.7%) {33.3%}
2  ... 

Histogram: SiteIsolation.NewProcessUsedForNavigationWhenSameSiteProcessExists recorded 1 samples, mean = 0.0 (flags = 0x41)
0  -O                                                                        (1 = 100.0%)
1  ... 

Histogram: SiteIsolation.ProcessPerSiteWithMainFrameThreshold.IsDevToolsUser recorded 1 samples, mean = 0.0 (flags = 0x41)
0  -O                                                                        (1 = 100.0%)
1  ... 

Histogram: Skia.SubmitRenderPasses recorded 21 samples, mean = 0.8 (flags = 0x41)
0  ---------------O                                                          (15 = 71.4%)
1  --O                                                                       (2 = 9.5%) {71.4%}
2  -O                                                                        (1 = 4.8%) {81.0%}
3  O                                                                         (0 = 0.0%) {85.7%}
4  ---O                                                                      (3 = 14.3%) {85.7%}
5  ... 

Histogram: Sql.Statement.Affiliation.VMSteps recorded 15 samples, mean = 15.5 (flags = 0x41)
0   ... 
3   ----O                                                                     (4 = 26.7%) {0.0%}
4   O                                                                         (0 = 0.0%) {26.7%}
5   -O                                                                        (1 = 6.7%) {26.7%}
6   -O                                                                        (1 = 6.7%) {33.3%}
7   ... 
12  -----O                                                                    (5 = 33.3%) {40.0%}
14  ... 
20  -O                                                                        (1 = 6.7%) {73.3%}
24  O                                                                         (0 = 0.0%) {80.0%}
29  -O                                                                        (1 = 6.7%) {80.0%}
34  O                                                                         (0 = 0.0%) {86.7%}
40  -O                                                                        (1 = 6.7%) {86.7%}
48  -O                                                                        (1 = 6.7%) {93.3%}
57  ... 

Histogram: Sql.Statement.BrowsingTopics.VMSteps recorded 16 samples, mean = 7.4 (flags = 0x41)
0   ... 
3   ------O                                                                   (6 = 37.5%) {0.0%}
4   O                                                                         (0 = 0.0%) {37.5%}
5   -O                                                                        (1 = 6.2%) {37.5%}
6   ... 
8   ----O                                                                     (4 = 25.0%) {43.8%}
10  O                                                                         (0 = 0.0%) {68.8%}
12  -----O                                                                    (5 = 31.2%) {68.8%}
14  ... 

Histogram: Sql.Statement.Cookie.VMSteps recorded 32 samples, mean = 20.8 (flags = 0x41)
0   ... 
3   ------O                                                                   (6 = 18.8%) {0.0%}
4   O                                                                         (0 = 0.0%) {18.8%}
5   --O                                                                       (2 = 6.2%) {18.8%}
6   O                                                                         (0 = 0.0%) {25.0%}
7   -O                                                                        (1 = 3.1%) {25.0%}
8   O                                                                         (0 = 0.0%) {28.1%}
10  -O                                                                        (1 = 3.1%) {28.1%}
12  ----------O                                                               (10 = 31.2%) {31.2%}
14  ... 
20  --O                                                                       (2 = 6.2%) {62.5%}
24  ----O                                                                     (4 = 12.5%) {68.8%}
29  O                                                                         (0 = 0.0%) {81.2%}
34  -O                                                                        (1 = 3.1%) {81.2%}
40  ... 
57  -----O                                                                    (5 = 15.6%) {84.4%}
68  ... 

Histogram: Sql.Statement.DIPS.VMSteps recorded 48 samples, mean = 16.2 (flags = 0x41)
0   ... 
3   --O                                                                       (2 = 4.2%) {0.0%}
4   O                                                                         (0 = 0.0%) {4.2%}
5   -O                                                                        (1 = 2.1%) {4.2%}
6   ... 
8   ---------O                                                                (9 = 18.8%) {6.2%}
10  -O                                                                        (1 = 2.1%) {25.0%}
12  ----------O                                                               (10 = 20.8%) {27.1%}
14  --O                                                                       (2 = 4.2%) {47.9%}
17  ------O                                                                   (6 = 12.5%) {52.1%}
20  --------O                                                                 (8 = 16.7%) {64.6%}
24  ---------O                                                                (9 = 18.8%) {81.2%}
29  ... 

Histogram: Sql.Statement.FirstPartySets.VMSteps recorded 31 samples, mean = 9.2 (flags = 0x41)
0   ... 
3   ----------O                                                               (10 = 32.3%) {0.0%}
4   O                                                                         (0 = 0.0%) {32.3%}
5   -O                                                                        (1 = 3.2%) {32.3%}
6   ... 
8   ----O                                                                     (4 = 12.9%) {35.5%}
10  ---O                                                                      (3 = 9.7%) {48.4%}
12  -----------O                                                              (11 = 35.5%) {58.1%}
14  ... 
20  -O                                                                        (1 = 3.2%) {93.5%}
24  -O                                                                        (1 = 3.2%) {96.8%}
29  ... 

Histogram: Sql.Statement.History.VMSteps recorded 379 samples, mean = 60.1 (flags = 0x41)
0     ... 
3     ----O                                                                     (8 = 2.1%) {0.0%}
4     O                                                                         (0 = 0.0%) {2.1%}
5     -O                                                                        (1 = 0.3%) {2.1%}
6     -O                                                                        (2 = 0.5%) {2.4%}
7     O                                                                         (0 = 0.0%) {2.9%}
8     --O                                                                       (4 = 1.1%) {2.9%}
10    --O                                                                       (4 = 1.1%) {4.0%}
12    ------------------------------------------------------------------------O (129 = 34.0%) {5.0%}
14    -O                                                                        (1 = 0.3%) {39.1%}
17    ------------------------------------------O                               (75 = 19.8%) {39.3%}
20    ------------------------------------------------------------------O       (119 = 31.4%) {59.1%}
24    ------O                                                                   (10 = 2.6%) {90.5%}
29    --O                                                                       (3 = 0.8%) {93.1%}
34    -O                                                                        (1 = 0.3%) {93.9%}
40    O                                                                         (0 = 0.0%) {94.2%}
48    -O                                                                        (1 = 0.3%) {94.2%}
57    -O                                                                        (1 = 0.3%) {94.5%}
68    ---O                                                                      (5 = 1.3%) {94.7%}
81    -O                                                                        (1 = 0.3%) {96.0%}
96    -O                                                                        (1 = 0.3%) {96.3%}
114   O                                                                         (0 = 0.0%) {96.6%}
135   --O                                                                       (4 = 1.1%) {96.6%}
160   ... 
268   -O                                                                        (1 = 0.3%) {97.6%}
318   O                                                                         (0 = 0.0%) {97.9%}
378   -O                                                                        (1 = 0.3%) {97.9%}
449   ... 
752   -O                                                                        (1 = 0.3%) {98.2%}
894   O                                                                         (0 = 0.0%) {98.4%}
1062  -O                                                                        (2 = 0.5%) {98.4%}
1262  ... 
2516  --O                                                                       (4 = 1.1%) {98.9%}
2990  ... 

Histogram: Sql.Statement.OptOutBlacklist.VMSteps recorded 4 samples, mean = 10.8 (flags = 0x41)
0   ... 
5   -O                                                                        (1 = 25.0%) {0.0%}
6   O                                                                         (0 = 0.0%) {25.0%}
7   -O                                                                        (1 = 25.0%) {25.0%}
8   O                                                                         (0 = 0.0%) {50.0%}
10  -O                                                                        (1 = 25.0%) {50.0%}
12  ... 
20  -O                                                                        (1 = 25.0%) {75.0%}
24  ... 

Histogram: Sql.Statement.Passwords.VMSteps recorded 53 samples, mean = 23.9 (flags = 0x41)
0   ... 
3   ----O                                                                     (4 = 7.5%) {0.0%}
4   O                                                                         (0 = 0.0%) {7.5%}
5   --O                                                                       (2 = 3.8%) {7.5%}
6   --------O                                                                 (8 = 15.1%) {11.3%}
7   ----O                                                                     (4 = 7.5%) {26.4%}
8   ---O                                                                      (3 = 5.7%) {34.0%}
10  O                                                                         (0 = 0.0%) {39.6%}
12  ------------O                                                             (12 = 22.6%) {39.6%}
14  --O                                                                       (2 = 3.8%) {62.3%}
17  O                                                                         (0 = 0.0%) {66.0%}
20  --O                                                                       (2 = 3.8%) {66.0%}
24  ... 
34  --O                                                                       (2 = 3.8%) {69.8%}
40  ----O                                                                     (4 = 7.5%) {73.6%}
48  O                                                                         (0 = 0.0%) {81.1%}
57  ----O                                                                     (4 = 7.5%) {81.1%}
68  ------O                                                                   (6 = 11.3%) {88.7%}
81  ... 

Histogram: Sql.Statement.Predictor.VMSteps recorded 15 samples, mean = 15.9 (flags = 0x41)
0   ... 
3   --O                                                                       (2 = 13.3%) {0.0%}
4   O                                                                         (0 = 0.0%) {13.3%}
5   -O                                                                        (1 = 6.7%) {13.3%}
6   -O                                                                        (1 = 6.7%) {20.0%}
7   O                                                                         (0 = 0.0%) {26.7%}
8   -O                                                                        (1 = 6.7%) {26.7%}
10  ----O                                                                     (4 = 26.7%) {33.3%}
12  -O                                                                        (1 = 6.7%) {60.0%}
14  -O                                                                        (1 = 6.7%) {66.7%}
17  ... 
24  -O                                                                        (1 = 6.7%) {73.3%}
29  -O                                                                        (1 = 6.7%) {80.0%}
34  O                                                                         (0 = 0.0%) {86.7%}
40  -O                                                                        (1 = 6.7%) {86.7%}
48  -O                                                                        (1 = 6.7%) {93.3%}
57  ... 

Histogram: Sql.Statement.Quota.VMSteps recorded 34 samples, mean = 8.4 (flags = 0x41)
0   ... 
3   ----O                                                                     (4 = 11.8%) {0.0%}
4   O                                                                         (0 = 0.0%) {11.8%}
5   -O                                                                        (1 = 2.9%) {11.8%}
6   -----O                                                                    (5 = 14.7%) {14.7%}
7   O                                                                         (0 = 0.0%) {29.4%}
8   -----------O                                                              (11 = 32.4%) {29.4%}
10  -----O                                                                    (5 = 14.7%) {61.8%}
12  --------O                                                                 (8 = 23.5%) {76.5%}
14  ... 

Histogram: Sql.Statement.ReportingAndNEL.VMSteps recorded 12 samples, mean = 13.8 (flags = 0x41)
0   ... 
3   --O                                                                       (2 = 16.7%) {0.0%}
4   O                                                                         (0 = 0.0%) {16.7%}
5   -O                                                                        (1 = 8.3%) {16.7%}
6   -O                                                                        (1 = 8.3%) {25.0%}
7   ... 
12  -----O                                                                    (5 = 41.7%) {33.3%}
14  ... 
20  -O                                                                        (1 = 8.3%) {75.0%}
24  O                                                                         (0 = 0.0%) {83.3%}
29  -O                                                                        (1 = 8.3%) {83.3%}
34  -O                                                                        (1 = 8.3%) {91.7%}
40  ... 

Histogram: Sql.Statement.SharedDictionary.VMSteps recorded 20 samples, mean = 9.1 (flags = 0x41)
0   ... 
3   --------O                                                                 (8 = 40.0%) {0.0%}
4   O                                                                         (0 = 0.0%) {40.0%}
5   -O                                                                        (1 = 5.0%) {40.0%}
6   ... 
8   -O                                                                        (1 = 5.0%) {45.0%}
10  O                                                                         (0 = 0.0%) {50.0%}
12  -------O                                                                  (7 = 35.0%) {50.0%}
14  O                                                                         (0 = 0.0%) {85.0%}
17  --O                                                                       (2 = 10.0%) {85.0%}
20  -O                                                                        (1 = 5.0%) {95.0%}
24  ... 

Histogram: Sql.Statement.SharedStorage.VMSteps recorded 3 samples, mean = 7.7 (flags = 0x41)
0   ... 
5   -O                                                                        (1 = 33.3%) {0.0%}
6   ... 
8   -O                                                                        (1 = 33.3%) {33.3%}
10  -O                                                                        (1 = 33.3%) {66.7%}
12  ... 

Histogram: Sql.Statement.Thumbnail.VMSteps recorded 32 samples, mean = 13.9 (flags = 0x41)
0   ... 
3   --------O                                                                 (8 = 25.0%) {0.0%}
4   O                                                                         (0 = 0.0%) {25.0%}
5   -O                                                                        (1 = 3.1%) {25.0%}
6   ... 
8   -O                                                                        (1 = 3.1%) {28.1%}
10  O                                                                         (0 = 0.0%) {31.2%}
12  ------------O                                                             (12 = 37.5%) {31.2%}
14  -O                                                                        (1 = 3.1%) {68.8%}
17  O                                                                         (0 = 0.0%) {71.9%}
20  ----O                                                                     (4 = 12.5%) {71.9%}
24  O                                                                         (0 = 0.0%) {84.4%}
29  -----O                                                                    (5 = 15.6%) {84.4%}
34  ... 

Histogram: Sql.Statement.TopSites.VMSteps recorded 13 samples, mean = 13.5 (flags = 0x41)
0   ... 
3   --O                                                                       (2 = 15.4%) {0.0%}
4   O                                                                         (0 = 0.0%) {15.4%}
5   -O                                                                        (1 = 7.7%) {15.4%}
6   ... 
12  ---------O                                                                (9 = 69.2%) {23.1%}
14  ... 
48  -O                                                                        (1 = 7.7%) {92.3%}
57  ... 

Histogram: Sql.Statement.TrustTokens.VMSteps recorded 16 samples, mean = 14.1 (flags = 0x41)
0   ... 
3   --O                                                                       (2 = 12.5%) {0.0%}
4   O                                                                         (0 = 0.0%) {12.5%}
5   -O                                                                        (1 = 6.2%) {12.5%}
6   ---O                                                                      (3 = 18.8%) {18.8%}
7   ... 
10  -O                                                                        (1 = 6.2%) {37.5%}
12  -----O                                                                    (5 = 31.2%) {43.8%}
14  ... 
20  -O                                                                        (1 = 6.2%) {75.0%}
24  O                                                                         (0 = 0.0%) {81.2%}
29  -O                                                                        (1 = 6.2%) {81.2%}
34  --O                                                                       (2 = 12.5%) {87.5%}
40  ... 

Histogram: Sql.Statement.UKMMetrics.VMSteps recorded 32 samples, mean = 14.2 (flags = 0x41)
0   ... 
3   -----O                                                                    (5 = 15.6%) {0.0%}
4   O                                                                         (0 = 0.0%) {15.6%}
5   -O                                                                        (1 = 3.1%) {15.6%}
6   ... 
8   -------O                                                                  (7 = 21.9%) {18.8%}
10  -O                                                                        (1 = 3.1%) {40.6%}
12  -------O                                                                  (7 = 21.9%) {43.8%}
14  ... 
20  -------O                                                                  (7 = 21.9%) {65.6%}
24  -O                                                                        (1 = 3.1%) {87.5%}
29  -O                                                                        (1 = 3.1%) {90.6%}
34  O                                                                         (0 = 0.0%) {93.8%}
40  --O                                                                       (2 = 6.2%) {93.8%}
48  ... 

Histogram: Sql.Statement.Web.VMSteps recorded 116 samples, mean = 53.1 (flags = 0x41)
0    ... 
3    --------O                                                                 (8 = 6.9%) {0.0%}
4    -O                                                                        (1 = 0.9%) {6.9%}
5    -O                                                                        (1 = 0.9%) {7.8%}
6    ------------O                                                             (12 = 10.3%) {8.6%}
7    ----------O                                                               (10 = 8.6%) {19.0%}
8    ------O                                                                   (6 = 5.2%) {27.6%}
10   ---------O                                                                (9 = 7.8%) {32.8%}
12   --------------O                                                           (14 = 12.1%) {40.5%}
14   -O                                                                        (1 = 0.9%) {52.6%}
17   ---O                                                                      (3 = 2.6%) {53.4%}
20   -O                                                                        (1 = 0.9%) {56.0%}
24   -O                                                                        (1 = 0.9%) {56.9%}
29   --O                                                                       (2 = 1.7%) {57.8%}
34   --O                                                                       (2 = 1.7%) {59.5%}
40   --O                                                                       (2 = 1.7%) {61.2%}
48   ---O                                                                      (3 = 2.6%) {62.9%}
57   ----O                                                                     (4 = 3.4%) {65.5%}
68   ----O                                                                     (4 = 3.4%) {69.0%}
81   --O                                                                       (2 = 1.7%) {72.4%}
96   -------O                                                                  (7 = 6.0%) {74.1%}
114  -----O                                                                    (5 = 4.3%) {80.2%}
135  -------O                                                                  (7 = 6.0%) {84.5%}
160  -----O                                                                    (5 = 4.3%) {90.5%}
190  ------O                                                                   (6 = 5.2%) {94.8%}
226  ... 

Histogram: Sql.vfs.SyncTime recorded 76 samples, mean = 0.0 (flags = 0x41)
0  ------------------------------------------------------------------------O (74 = 97.4%)
1  --O                                                                       (2 = 2.6%) {97.4%}
2  ... 

Histogram: Stability.Counts2 recorded 8 samples, mean = 24.2 (flags = 0x43)
0   ... 
2   -O                                                                        (1 = 12.5%) {0.0%}
3   ... 
15  -O                                                                        (1 = 12.5%) {12.5%}
16  ... 
26  ---O                                                                      (3 = 37.5%) {25.0%}
27  ... 
33  ---O                                                                      (3 = 37.5%) {62.5%}
34  O                                                                         (0 = 0.0%) {100.0%}

Histogram: Stability.Experimental.PageLoads recorded 1 samples, mean = 17.0 (flags = 0x41)
0   ... 
17  -O                                                                        (1 = 100.0%) {0.0%}
18  O                                                                         (0 = 0.0%) {100.0%}

Histogram: Startup.AfterStartupTaskCount recorded 1 samples, mean = 2.0 (flags = 0x41)
0  ... 
2  -O                                                                        (1 = 100.0%) {0.0%}
3  ... 

Histogram: Startup.AfterStartupTaskDelayedUntilTime recorded 1 samples, mean = 56475.0 (flags = 0x41)
0      ... 
51267  -O                                                                        (1 = 100.0%) {0.0%}
69459  ... 

Histogram: Startup.BrowserMainRunnerImplInitializeLongTime recorded 1 samples, mean = 389.0 (flags = 0x41)
0    ... 
372  -O                                                                        (1 = 100.0%) {0.0%}
429  ... 

Histogram: Startup.BrowserMessageLoopFirstIdle recorded 1 samples, mean = 19252126.0 (flags = 0x41)
0        ... 
3600000  -O                                                                        (1 = 100.0%) {0.0%}

Histogram: Startup.BrowserMessageLoopStartTime recorded 1 samples, mean = 580.0 (flags = 0x41)
0    ... 
571  -O                                                                        (1 = 100.0%) {0.0%}
659  ... 

Histogram: Startup.CreateFirstProfile recorded 1 samples, mean = 181.0 (flags = 0x41)
0    ... 
160  -O                                                                        (1 = 100.0%) {0.0%}
217  ... 

Histogram: Startup.FirstWebContents.FinishReason recorded 1 samples, mean = 6.0 (flags = 0x41)
0  ... 
6  -O                                                                        (1 = 100.0%) {0.0%}
7  ... 

Histogram: Startup.LoadTime.ApplicationStartToChromeMain recorded 1 samples, mean = 0.0 (flags = 0x41)
0  -O                                                                        (1 = 100.0%)
1  ... 

Histogram: Startup.LoadTime.ProcessCreateToApplicationStart recorded 1 samples, mean = 47978.0 (flags = 0x41)
0      ... 
37840  -O                                                                        (1 = 100.0%) {0.0%}
51267  ... 

Histogram: Startup.LoadTime.RecordedProcessCreation recorded 1 samples, mean = 1.0 (flags = 0x1)
0  O                                                                         (0 = 0.0%)
1  -O                                                                        (1 = 100.0%) {0.0%}
2  O                                                                         (0 = 0.0%) {100.0%}

Histogram: Startup.PreMainMessageLoopRunImplLongTime recorded 1 samples, mean = 246.0 (flags = 0x41)
0    ... 
242  -O                                                                        (1 = 100.0%) {0.0%}
279  ... 

Histogram: Startup.Temperature recorded 1 samples, mean = 3.0 (flags = 0x41)
0  ... 
3  -O                                                                        (1 = 100.0%) {0.0%}
4  O                                                                         (0 = 0.0%) {100.0%}

Histogram: Storage.Blob.CreateDirectoryResult recorded 1 samples, mean = 0.0 (flags = 0x41)
0  -O                                                                        (1 = 100.0%)
1  ... 

Histogram: Storage.SessionStorage.RendererAreaCacheHit recorded 2 samples, mean = 1.0 (flags = 0x41)
0  -O                                                                        (1 = 50.0%)
1  O                                                                         (0 = 0.0%) {50.0%}
2  -O                                                                        (1 = 50.0%) {50.0%}
3  O                                                                         (0 = 0.0%) {100.0%}

Histogram: Storage.SharedStorage.Database.Timing.OpenImpl recorded 1 samples, mean = 3.0 (flags = 0x41)
0  ... 
3  -O                                                                        (1 = 100.0%) {0.0%}
4  ... 

Histogram: Storage.SharedStorage.OnShutdown.NumSqlErrors recorded 1 samples, mean = 0.0 (flags = 0x41)
0  -O                                                                        (1 = 100.0%)
1  ... 

Histogram: Storage.SharedStorage.OnShutdown.RecoveryFromInitFailureAttempted recorded 1 samples, mean = 0.0 (flags = 0x41)
0  -O                                                                        (1 = 100.0%)
1  ... 

Histogram: Storage.SharedStorage.OnShutdown.RecoveryOnDiskAttempted recorded 1 samples, mean = 0.0 (flags = 0x41)
0  -O                                                                        (1 = 100.0%)
1  ... 

Histogram: Storage.SharedStorage.Worklet.NumPerPage recorded 1 samples, mean = 0.0 (flags = 0x41)
0  -O                                                                        (1 = 100.0%)
1  ... 

Histogram: Storage.SharedStorage.Worklet.SelectURL.CallsPerPage recorded 1 samples, mean = 0.0 (flags = 0x41)
0  -O                                                                        (1 = 100.0%)
1  ... 

Histogram: Style.InvalidationTime recorded 2 samples, mean = 31.5 (flags = 0x41)
0   ... 
21  -O                                                                        (1 = 50.0%) {0.0%}
29  -O                                                                        (1 = 50.0%) {50.0%}
40  ... 

Histogram: Style.RebuildLayoutTreeTime recorded 11 samples, mean = 438.6 (flags = 0x41)
0     ... 
2     -O                                                                        (1 = 9.1%) {0.0%}
3     ... 
11    -O                                                                        (1 = 9.1%) {9.1%}
15    ... 
29    --O                                                                       (2 = 18.2%) {18.2%}
40    --O                                                                       (2 = 18.2%) {36.4%}
55    --O                                                                       (2 = 18.2%) {54.5%}
76    ... 
146   -O                                                                        (1 = 9.1%) {72.7%}
203   ... 
542   -O                                                                        (1 = 9.1%) {81.8%}
752   ... 
2786  -O                                                                        (1 = 9.1%) {90.9%}
3865  ... 

Histogram: Style.RecalcTime recorded 14 samples, mean = 1634.6 (flags = 0x41)
0     -O                                                                        (1 = 7.1%)
1     ... 
4     -O                                                                        (1 = 7.1%) {7.1%}
6     ... 
29    -O                                                                        (1 = 7.1%) {14.3%}
40    O                                                                         (0 = 0.0%) {21.4%}
55    --O                                                                       (2 = 14.3%) {21.4%}
76    -O                                                                        (1 = 7.1%) {35.7%}
105   O                                                                         (0 = 0.0%) {42.9%}
146   -O                                                                        (1 = 7.1%) {42.9%}
203   ... 
391   -O                                                                        (1 = 7.1%) {50.0%}
542   ... 
1043  -O                                                                        (1 = 7.1%) {57.1%}
1447  O                                                                         (0 = 0.0%) {64.3%}
2008  -O                                                                        (1 = 7.1%) {64.3%}
2786  --O                                                                       (2 = 14.3%) {71.4%}
3865  -O                                                                        (1 = 7.1%) {85.7%}
5362  -O                                                                        (1 = 7.1%) {92.9%}
7439  ... 

Histogram: SubresourceFilter.MainFrameLoad.RulesetIsAvailableAnyActivationLevel recorded 1 samples, mean = 0.0 (flags = 0x41)
0  -O                                                                        (1 = 100.0%)
1  ... 

Histogram: SubresourceFilter.PageLoad.ActivationDecision recorded 1 samples, mean = 1.0 (flags = 0x41)
0  O                                                                         (0 = 0.0%)
1  -O                                                                        (1 = 100.0%) {0.0%}
2  ... 

Histogram: SubresourceFilter.PageLoad.ActivationList recorded 1 samples, mean = 0.0 (flags = 0x41)
0  -O                                                                        (1 = 100.0%)
1  ... 

Histogram: SubresourceFilter.PageLoad.ActivationState recorded 2 samples, mean = 0.0 (flags = 0x41)
0  --O                                                                       (2 = 100.0%)
1  ... 

Histogram: SubresourceFilter.PageLoad.SafeBrowsingDelay recorded 1 samples, mean = 0.0 (flags = 0x41)
0  -O                                                                        (1 = 100.0%)
1  ... 

Histogram: SubresourceFilter.SafeBrowsing.TotalCheckTime recorded 3 samples, mean = 0.0 (flags = 0x41)
0  ---O                                                                      (3 = 100.0%)
1  ... 

Histogram: Sync.ModelTypeStoreBackendError.ReadRecords recorded 5 samples, mean = 1.0 (flags = 0x41)
0  O                                                                         (0 = 0.0%)
1  -----O                                                                    (5 = 100.0%) {0.0%}
2  ... 

Histogram: Sync.ModelTypeStoreBackendInitializationSuccess recorded 1 samples, mean = 1.0 (flags = 0x41)
0  O                                                                         (0 = 0.0%)
1  -O                                                                        (1 = 100.0%) {0.0%}
2  O                                                                         (0 = 0.0%) {100.0%}

Histogram: Sync.PassphraseType2 recorded 1 samples, mean = 0.0 (flags = 0x41)
0  -O                                                                        (1 = 100.0%)
1  ... 

Histogram: Sync.SyncToSigninMigrationDecision recorded 1 samples, mean = 1.0 (flags = 0x41)
0  O                                                                         (0 = 0.0%)
1  -O                                                                        (1 = 100.0%) {0.0%}
2  ... 

Histogram: Sync.TrustedVaultFileReadStatus recorded 1 samples, mean = 0.0 (flags = 0x41)
0  -O                                                                        (1 = 100.0%)
1  ... 

Histogram: Sync.TrustedVaultFileWriteSuccess recorded 1 samples, mean = 1.0 (flags = 0x41)
0  O                                                                         (0 = 0.0%)
1  -O                                                                        (1 = 100.0%) {0.0%}
2  O                                                                         (0 = 0.0%) {100.0%}

Histogram: TabGroups.CollapsedGroupCountPerLoad recorded 1 samples, mean = 0.0 (flags = 0x41)
0  -O                                                                        (1 = 100.0%)
1  ... 

Histogram: TabGroups.UserCustomizedGroupCountPerLoad recorded 1 samples, mean = 0.0 (flags = 0x41)
0  -O                                                                        (1 = 100.0%)
1  ... 

Histogram: TabGroups.UserGroupCountPerLoad recorded 1 samples, mean = 0.0 (flags = 0x41)
0  -O                                                                        (1 = 100.0%)
1  ... 

Histogram: TabGroups.UserPinnedTabCountPerLoad recorded 1 samples, mean = 0.0 (flags = 0x41)
0  -O                                                                        (1 = 100.0%)
1  ... 

Histogram: Tabs.NewNavigationWithSameOriginTab recorded 1 samples, mean = 0.0 (flags = 0x41)
0  -O                                                                        (1 = 100.0%)
1  ... 

Histogram: Tabs.TabCount recorded 64 samples, mean = 0.0 (flags = 0x41)
0  ----------------------------------------------------------------O         (64 = 100.0%)
1  ... 

Histogram: Tabs.TabCount.PluggedIn recorded 64 samples, mean = 0.0 (flags = 0x41)
0  ----------------------------------------------------------------O         (64 = 100.0%)
1  ... 

Histogram: Tabs.TabCountPerLoad recorded 1 samples, mean = 0.0 (flags = 0x41)
0  -O                                                                        (1 = 100.0%)
1  ... 

Histogram: Tabs.WindowCount recorded 64 samples, mean = 0.0 (flags = 0x41)
0  ----------------------------------------------------------------O         (64 = 100.0%)
1  ... 

Histogram: Tabs.WindowCount.PluggedIn recorded 64 samples, mean = 0.0 (flags = 0x41)
0  ----------------------------------------------------------------O         (64 = 100.0%)
1  ... 

Histogram: ThirdPartyModules.InputMethodEditorsCount recorded 1 samples, mean = 0.0 (flags = 0x41)
0  -O                                                                        (1 = 100.0%)
1  ... 

Histogram: ThreadPool.UnnecessaryWakeup.Browser.Background recorded 7 samples, mean = 1.0 (flags = 0x41)
0  O                                                                         (0 = 0.0%)
1  -------O                                                                  (7 = 100.0%) {0.0%}
2  O                                                                         (0 = 0.0%) {100.0%}

Histogram: ThreadPool.UnnecessaryWakeup.Browser.Foreground recorded 180 samples, mean = 1.0 (flags = 0x41)
0  O                                                                         (0 = 0.0%)
1  ------------------------------------------------------------------------O (180 = 100.0%) {0.0%}
2  O                                                                         (0 = 0.0%) {100.0%}

Histogram: ThreadPool.UnnecessaryWakeup.ContentChild.Foreground recorded 14 samples, mean = 1.0 (flags = 0x41)
0  O                                                                         (0 = 0.0%)
1  --------------O                                                           (14 = 100.0%) {0.0%}
2  O                                                                         (0 = 0.0%) {100.0%}

Histogram: ThreadPool.UnnecessaryWakeup.GPU.Foreground recorded 2 samples, mean = 1.0 (flags = 0x41)
0  O                                                                         (0 = 0.0%)
1  --O                                                                       (2 = 100.0%) {0.0%}
2  O                                                                         (0 = 0.0%) {100.0%}

Histogram: ThreadPool.UnnecessaryWakeup.Renderer.Foreground recorded 299 samples, mean = 1.0 (flags = 0x41)
0  O                                                                         (0 = 0.0%)
1  ------------------------------------------------------------------------O (299 = 100.0%) {0.0%}
2  O                                                                         (0 = 0.0%) {100.0%}

Histogram: Translate.ApplicationStart.AlwaysTranslateLanguage.Count recorded 1 samples, mean = 0.0 (flags = 0x41)
0  -O                                                                        (1 = 100.0%)
1  ... 

Histogram: Translate.ApplicationStart.NeverTranslateLanguage recorded 1 samples (flags = 0x41)
-1898669966-O                                                                        (1 = 100.0%)

Histogram: Translate.ApplicationStart.NeverTranslateLanguage.Count recorded 1 samples, mean = 1.0 (flags = 0x41)
0  O                                                                         (0 = 0.0%)
1  -O                                                                        (1 = 100.0%) {0.0%}
2  ... 

Histogram: Translate.ApplicationStart.NeverTranslateSite.Count recorded 1 samples, mean = 0.0 (flags = 0x41)
0  -O                                                                        (1 = 100.0%)
1  ... 

Histogram: Translate.LanguageDetection.LanguageVerification recorded 1 samples, mean = 2.0 (flags = 0x41)
0  ... 
2  -O                                                                        (1 = 100.0%) {0.0%}
3  ... 

Histogram: Translate.LanguageDeterminedDuration recorded 1 samples, mean = 2326.0 (flags = 0x41)
0     ... 
1816  -O                                                                        (1 = 100.0%) {0.0%}
2460  ... 

Histogram: Translate.PageLoad.FinalSourceLanguage recorded 1 samples (flags = 0x41)
-1898669966-O                                                                        (1 = 100.0%)

Histogram: Translate.PageLoad.FinalState recorded 1 samples, mean = 1.0 (flags = 0x41)
0  O                                                                         (0 = 0.0%)
1  -O                                                                        (1 = 100.0%) {0.0%}
2  ... 

Histogram: Translate.PageLoad.FinalTargetLanguage recorded 1 samples (flags = 0x41)
-1898669966-O                                                                        (1 = 100.0%)

Histogram: Translate.PageLoad.InitialSourceLanguage recorded 1 samples (flags = 0x41)
-1898669966-O                                                                        (1 = 100.0%)

Histogram: Translate.PageLoad.InitialState recorded 1 samples, mean = 1.0 (flags = 0x41)
0  O                                                                         (0 = 0.0%)
1  -O                                                                        (1 = 100.0%) {0.0%}
2  ... 

Histogram: Translate.PageLoad.InitialTargetLanguage recorded 1 samples (flags = 0x41)
-1898669966-O                                                                        (1 = 100.0%)

Histogram: Translate.PageLoad.InitialTargetLanguage.Origin recorded 1 samples, mean = 1.0 (flags = 0x41)
0  O                                                                         (0 = 0.0%)
1  -O                                                                        (1 = 100.0%) {0.0%}
2  ... 

Histogram: Translate.PageLoad.IsInitialSourceLanguageInUsersContentLanguages recorded 1 samples, mean = 1.0 (flags = 0x41)
0  O                                                                         (0 = 0.0%)
1  -O                                                                        (1 = 100.0%) {0.0%}
2  O                                                                         (0 = 0.0%) {100.0%}

Histogram: Translate.PageLoad.NumReversions recorded 1 samples, mean = 0.0 (flags = 0x41)
0  -O                                                                        (1 = 100.0%)
1  ... 

Histogram: Translate.PageLoad.NumTargetLanguageChanges recorded 1 samples, mean = 0.0 (flags = 0x41)
0  -O                                                                        (1 = 100.0%)
1  ... 

Histogram: Translate.PageLoad.NumTranslations recorded 1 samples, mean = 0.0 (flags = 0x41)
0  -O                                                                        (1 = 100.0%)
1  ... 

Histogram: Translate.PageLoad.Ranker.Decision recorded 1 samples, mean = 1.0 (flags = 0x41)
0  O                                                                         (0 = 0.0%)
1  -O                                                                        (1 = 100.0%) {0.0%}
2  ... 

Histogram: Translate.PageLoad.Ranker.Version recorded 1 samples (flags = 0x41)
0  -O                                                                        (1 = 100.0%)

Histogram: Translate.PageLoad.TriggerDecision recorded 1 samples, mean = 4.0 (flags = 0x41)
0  ... 
4  -O                                                                        (1 = 100.0%) {0.0%}
5  ... 

Histogram: Translate.Ranker.Model.Status2 recorded 2 samples, mean = 6.5 (flags = 0x41)
0  ... 
6  -O                                                                        (1 = 50.0%) {0.0%}
7  -O                                                                        (1 = 50.0%) {50.0%}
8  O                                                                         (0 = 0.0%) {100.0%}

Histogram: UI.DeviceScale recorded 1 samples (flags = 0x41)
150  -O                                                                        (1 = 100.0%)

Histogram: UKM.Entries.Dropped recorded 523 samples, mean = 1.0 (flags = 0x41)
0  O                                                                         (0 = 0.0%)
1  ------------------------------------------------------------------------O (523 = 100.0%) {0.0%}
2  ... 

Histogram: UKM.Entries.Dropped.ByEntryHash recorded 523 samples (flags = 0x41)
58315124    O                                                                         (1 = 0.2%)
181657211   -O                                                                        (2 = 0.4%)
189164898   O                                                                         (1 = 0.2%)
251237400   O                                                                         (1 = 0.2%)
270025173   O                                                                         (1 = 0.2%)
277070773   O                                                                         (1 = 0.2%)
385121421   O                                                                         (1 = 0.2%)
480593958   -O                                                                        (3 = 0.6%)
532600439   -O                                                                        (3 = 0.6%)
575234402   O                                                                         (1 = 0.2%)
624513781   O                                                                         (1 = 0.2%)
654949485   -----------------------------------O                                      (78 = 14.9%)
661477988   O                                                                         (1 = 0.2%)
705322609   -O                                                                        (3 = 0.6%)
805578149   O                                                                         (1 = 0.2%)
810755299   O                                                                         (1 = 0.2%)
828084724   ------------------------------------------------------------------------O (159 = 30.4%)
854760832   O                                                                         (1 = 0.2%)
888761441   O                                                                         (1 = 0.2%)
902138984   ------------------O                                                       (39 = 7.5%)
923024503   O                                                                         (1 = 0.2%)
938382174   O                                                                         (1 = 0.2%)
986870865   --O                                                                       (4 = 0.8%)
1004547038  O                                                                         (1 = 0.2%)
1035062417  O                                                                         (1 = 0.2%)
1078164680  -O                                                                        (2 = 0.4%)
1149114043  O                                                                         (1 = 0.2%)
1262170432  ---O                                                                      (7 = 1.3%)
1321082436  -O                                                                        (2 = 0.4%)
1350795912  O                                                                         (1 = 0.2%)
1404242571  ------------------------------------------------------------------------O (160 = 30.6%)
1545548559  --O                                                                       (4 = 0.8%)
1548358279  O                                                                         (1 = 0.2%)
1576109827  O                                                                         (1 = 0.2%)
1604233346  ----O                                                                     (8 = 1.5%)
1607081943  O                                                                         (1 = 0.2%)
1663717192  O                                                                         (1 = 0.2%)
1767609109  -----O                                                                    (11 = 2.1%)
1790338714  O                                                                         (1 = 0.2%)
1832900131  --O                                                                       (4 = 0.8%)
1866365893  O                                                                         (1 = 0.2%)
1871083634  O                                                                         (1 = 0.2%)
1982793904  O                                                                         (1 = 0.2%)
2037740339  ---O                                                                      (6 = 1.1%)
2066033668  O                                                                         (1 = 0.2%)

Histogram: UKM.PersistentLogRecall.Status recorded 1 samples, mean = 1.0 (flags = 0x41)
0  O                                                                         (0 = 0.0%)
1  -O                                                                        (1 = 100.0%) {0.0%}
2  ... 

Histogram: UKM.Sources.Dropped recorded 7 samples, mean = 1.0 (flags = 0x41)
0  O                                                                         (0 = 0.0%)
1  -------O                                                                  (7 = 100.0%) {0.0%}
2  ... 

Histogram: UKM.WebDXFeatureSets.Dropped recorded 2 samples, mean = 1.0 (flags = 0x41)
0  O                                                                         (0 = 0.0%)
1  --O                                                                       (2 = 100.0%) {0.0%}
2  ... 

Histogram: UMA.ChildProcess.Ping.Periodic recorded 81 samples, mean = 1.0 (flags = 0x41)
0  ---------------------------O                                              (27 = 33.3%)
1  ---------------------------O                                              (27 = 33.3%) {33.3%}
2  ---------------------------O                                              (27 = 33.3%) {66.7%}
3  O                                                                         (0 = 0.0%) {100.0%}

Histogram: UMA.ChildProcess.Ping.SharedMemorySetUp recorded 22 samples, mean = 1.0 (flags = 0x41)
0  --------O                                                                 (8 = 36.4%)
1  -------O                                                                  (7 = 31.8%) {36.4%}
2  -------O                                                                  (7 = 31.8%) {68.2%}
3  O                                                                         (0 = 0.0%) {100.0%}

Histogram: UMA.CleanExitBeaconConsistency3 recorded 1 samples, mean = 1.0 (flags = 0x41)
0  O                                                                         (0 = 0.0%)
1  -O                                                                        (1 = 100.0%) {0.0%}
2  ... 

Histogram: UMA.EntropySourceType recorded 1 samples, mean = 1.0 (flags = 0x41)
0  O                                                                         (0 = 0.0%)
1  -O                                                                        (1 = 100.0%) {0.0%}
2  ... 

Histogram: UMA.LocalHistogram recorded 9 samples, mean = 1.0 (flags = 0x40)
0  O                                                                         (0 = 0.0%)
1  ---------O                                                                (9 = 100.0%) {0.0%}
2  O                                                                         (0 = 0.0%) {100.0%}

Histogram: UMA.MachineIdState recorded 1 samples, mean = 3.0 (flags = 0x41)
0  ... 
3  -O                                                                        (1 = 100.0%) {0.0%}
4  O                                                                         (0 = 0.0%) {100.0%}

Histogram: UMA.MetricsService.Initialize.Time recorded 1 samples, mean = 215.0 (flags = 0x41)
0    ... 
196  -O                                                                        (1 = 100.0%) {0.0%}
258  ... 

Histogram: UMA.MetricsService.PendingOngoingLogOnDisable recorded 1 samples, mean = 0.0 (flags = 0x41)
0  -O                                                                        (1 = 100.0%)
1  ... 

Histogram: UMA.PersistentAllocator.BrowserMetrics.Errors recorded 0 samples (flags = 0x41)
0 ... 

Histogram: UMA.PersistentAllocator.BrowserMetrics.UsedPct recorded 0 samples (flags = 0x41)
0 ... 

Histogram: UMA.PersistentAllocator.EarlyHistograms.BrowserMetrics recorded 1 samples, mean = 1.0 (flags = 0x41)
0  O                                                                         (0 = 0.0%)
1  -O                                                                        (1 = 100.0%) {0.0%}
2  ... 

Histogram: UMA.PersistentAllocator.EarlyHistograms.GpuMetrics recorded 1 samples, mean = 25.0 (flags = 0x41)
0   ... 
25  -O                                                                        (1 = 100.0%) {0.0%}
26  ... 

Histogram: UMA.PersistentAllocator.EarlyHistograms.RendererMetrics recorded 3 samples, mean = 31.0 (flags = 0x41)
0   ... 
30  --O                                                                       (2 = 66.7%) {0.0%}
32  -O                                                                        (1 = 33.3%) {66.7%}
34  ... 

Histogram: UMA.PersistentAllocator.EarlyHistograms.UtilityMetrics recorded 3 samples, mean = 7.3 (flags = 0x41)
0  ... 
7  --O                                                                       (2 = 66.7%) {0.0%}
8  -O                                                                        (1 = 33.3%) {66.7%}
9  ... 

Histogram: UMA.PersistentAllocator.FieldTrialAllocator.Errors recorded 0 samples (flags = 0x41)
0 ... 

Histogram: UMA.PersistentAllocator.FieldTrialAllocator.UsedPct recorded 8 samples, mean = 0.0 (flags = 0x41)
0  --------O                                                                 (8 = 100.0%)
1  ... 

Histogram: UMA.PersistentHistograms.InitResult recorded 1 samples, mean = 2.0 (flags = 0x41)
0  ... 
2  -O                                                                        (1 = 100.0%) {0.0%}
3  ... 

Histogram: UMA.Pseudo.PageLoad.LayoutInstability.CumulativeShiftScore recorded 1 samples, mean = 0.0 (flags = 0x41)
0  -O                                                                        (1 = 100.0%)
1  ... 

Histogram: UMA.Pseudo.PageLoad.LayoutInstability.MaxCumulativeShiftScore.SessionWindow.Gap1000ms.Max5000ms2 recorded 1 samples, mean = 0.0 (flags = 0x41)
0  -O                                                                        (1 = 100.0%)
1  ... 

Histogram: UnifiedConsent.MakeSearchesAndBrowsingBetter.OnProfileLoad recorded 1 samples, mean = 0.0 (flags = 0x41)
0  -O                                                                        (1 = 100.0%)
1  ... 

Histogram: V8.CollectSourcePositions recorded 5 samples, mean = 70.8 (flags = 0x41)
0    ... 
21   -O                                                                        (1 = 20.0%) {0.0%}
28   ... 
49   --O                                                                       (2 = 40.0%) {20.0%}
65   -O                                                                        (1 = 20.0%) {60.0%}
86   O                                                                         (0 = 0.0%) {80.0%}
113  -O                                                                        (1 = 20.0%) {80.0%}
149  ... 

Histogram: V8.CompileLazyMicroSeconds recorded 13 samples, mean = 1213.9 (flags = 0x41)
0     ... 
15    -O                                                                        (1 = 7.7%) {0.0%}
21    -O                                                                        (1 = 7.7%) {7.7%}
29    -O                                                                        (1 = 7.7%) {15.4%}
40    ----O                                                                     (4 = 30.8%) {23.1%}
55    ... 
146   -O                                                                        (1 = 7.7%) {53.8%}
203   -O                                                                        (1 = 7.7%) {61.5%}
282   ... 
1043  --O                                                                       (2 = 15.4%) {69.2%}
1447  ... 
2786  -O                                                                        (1 = 7.7%) {84.6%}
3865  ... 
7439  -O                                                                        (1 = 7.7%) {92.3%}
10321 ... 

Histogram: V8.CompileMicroSeconds recorded 22 samples, mean = 100.1 (flags = 0x41)
0     ... 
2     -O                                                                        (1 = 4.5%) {0.0%}
3     --------O                                                                 (8 = 36.4%) {4.5%}
4     -O                                                                        (1 = 4.5%) {40.9%}
5     --O                                                                       (2 = 9.1%) {45.5%}
7     O                                                                         (0 = 0.0%) {54.5%}
9     -O                                                                        (1 = 4.5%) {54.5%}
12    -O                                                                        (1 = 4.5%) {59.1%}
16    -O                                                                        (1 = 4.5%) {63.6%}
21    --O                                                                       (2 = 9.1%) {68.2%}
28    ---O                                                                      (3 = 13.6%) {77.3%}
37    ... 
113   -O                                                                        (1 = 4.5%) {90.9%}
149   ... 
1774  -O                                                                        (1 = 4.5%) {95.5%}
2336  ... 

Histogram: V8.CompileScript.CacheBehaviour recorded 48 samples, mean = 9.2 (flags = 0x41)
0   ... 
4   ----------------O                                                         (16 = 33.3%) {0.0%}
5   ... 
8   --O                                                                       (2 = 4.2%) {33.3%}
9   ... 
12  --------------------------O                                               (26 = 54.2%) {37.5%}
13  ----O                                                                     (4 = 8.3%) {91.7%}
14  ... 

Histogram: V8.CompileScriptMicroSeconds recorded 48 samples, mean = 138.7 (flags = 0x41)
0     ... 
3     --O                                                                       (2 = 4.2%) {0.0%}
4     -O                                                                        (1 = 2.1%) {4.2%}
5     -------O                                                                  (7 = 14.6%) {6.2%}
7     --------O                                                                 (8 = 16.7%) {20.8%}
9     --------O                                                                 (8 = 16.7%) {37.5%}
12    ----O                                                                     (4 = 8.3%) {54.2%}
16    ---O                                                                      (3 = 6.2%) {62.5%}
21    --O                                                                       (2 = 4.2%) {68.8%}
28    ---O                                                                      (3 = 6.2%) {72.9%}
37    --O                                                                       (2 = 4.2%) {79.2%}
49    --O                                                                       (2 = 4.2%) {83.3%}
65    -O                                                                        (1 = 2.1%) {87.5%}
86    -O                                                                        (1 = 2.1%) {89.6%}
113   -O                                                                        (1 = 2.1%) {91.7%}
149   ... 
258   -O                                                                        (1 = 2.1%) {93.8%}
340   O                                                                         (0 = 0.0%) {95.8%}
448   -O                                                                        (1 = 2.1%) {95.8%}
590   ... 
4053  -O                                                                        (1 = 2.1%) {97.9%}
5338  ... 

Histogram: V8.CompileScriptMicroSeconds.BackgroundThread recorded 26 samples, mean = 29207.8 (flags = 0x41)
0       ... 
65      --O                                                                       (2 = 7.7%) {0.0%}
86      -O                                                                        (1 = 3.8%) {7.7%}
113     ----O                                                                     (4 = 15.4%) {11.5%}
149     -O                                                                        (1 = 3.8%) {26.9%}
196     O                                                                         (0 = 0.0%) {30.8%}
258     -O                                                                        (1 = 3.8%) {30.8%}
340     O                                                                         (0 = 0.0%) {34.6%}
448     --O                                                                       (2 = 7.7%) {34.6%}
590     -O                                                                        (1 = 3.8%) {42.3%}
777     --O                                                                       (2 = 7.7%) {46.2%}
1023    -O                                                                        (1 = 3.8%) {53.8%}
1347    --O                                                                       (2 = 7.7%) {57.7%}
1774    -O                                                                        (1 = 3.8%) {65.4%}
2336    ... 
9260    -O                                                                        (1 = 3.8%) {69.2%}
12196   ... 
36699   -O                                                                        (1 = 3.8%) {73.1%}
48336   ---O                                                                      (3 = 11.5%) {76.9%}
63662   --O                                                                       (2 = 7.7%) {88.5%}
83848   ... 
332315  -O                                                                        (1 = 3.8%) {96.2%}
437686  ... 

Histogram: V8.CompileScriptMicroSeconds.NoCache.InlineScript recorded 16 samples, mean = 65.8 (flags = 0x41)
0    ... 
5    -O                                                                        (1 = 6.2%) {0.0%}
7    -O                                                                        (1 = 6.2%) {6.2%}
9    -O                                                                        (1 = 6.2%) {12.5%}
12   ---O                                                                      (3 = 18.8%) {18.8%}
16   -O                                                                        (1 = 6.2%) {37.5%}
21   -O                                                                        (1 = 6.2%) {43.8%}
28   --O                                                                       (2 = 12.5%) {50.0%}
37   -O                                                                        (1 = 6.2%) {62.5%}
49   -O                                                                        (1 = 6.2%) {68.8%}
65   -O                                                                        (1 = 6.2%) {75.0%}
86   -O                                                                        (1 = 6.2%) {81.2%}
113  -O                                                                        (1 = 6.2%) {87.5%}
149  ... 
448  -O                                                                        (1 = 6.2%) {93.8%}
590  ... 

Histogram: V8.CompileScriptMicroSeconds.NoCache.Other recorded 6 samples, mean = 901.5 (flags = 0x41)
0     ... 
16    -O                                                                        (1 = 16.7%) {0.0%}
21    O                                                                         (0 = 0.0%) {16.7%}
28    -O                                                                        (1 = 16.7%) {16.7%}
37    -O                                                                        (1 = 16.7%) {33.3%}
49    -O                                                                        (1 = 16.7%) {50.0%}
65    ... 
258   -O                                                                        (1 = 16.7%) {66.7%}
340   ... 
4053  -O                                                                        (1 = 16.7%) {83.3%}
5338  ... 

Histogram: V8.CompileScriptMicroSeconds.StreamingFinalization recorded 26 samples, mean = 9.0 (flags = 0x41)
0   ... 
3   -O                                                                        (1 = 3.8%) {0.0%}
4   O                                                                         (0 = 0.0%) {3.8%}
5   -----O                                                                    (5 = 19.2%) {3.8%}
7   --------O                                                                 (8 = 30.8%) {23.1%}
9   --------O                                                                 (8 = 30.8%) {53.8%}
12  --O                                                                       (2 = 7.7%) {84.6%}
16  -O                                                                        (1 = 3.8%) {92.3%}
21  -O                                                                        (1 = 3.8%) {96.2%}
28  ... 

Histogram: V8.ErrorsThrownPerContext recorded 1 samples, mean = 0.0 (flags = 0x41)
0  -O                                                                        (1 = 100.0%)
1  ... 

Histogram: V8.GC.Cycle.CollectionRate.Full recorded 3 samples, mean = 60.0 (flags = 0x41)
0   ... 
11  -O                                                                        (1 = 33.3%) {0.0%}
14  ... 
64  -O                                                                        (1 = 33.3%) {33.3%}
80  -O                                                                        (1 = 33.3%) {66.7%}
100 O                                                                         (0 = 0.0%) {100.0%}

Histogram: V8.GC.Cycle.CollectionRate.Full.Cpp recorded 3 samples, mean = 43.7 (flags = 0x41)
0   ... 
14  -O                                                                        (1 = 33.3%) {0.0%}
17  -O                                                                        (1 = 33.3%) {33.3%}
21  ... 
80  -O                                                                        (1 = 33.3%) {66.7%}
100 O                                                                         (0 = 0.0%) {100.0%}

Histogram: V8.GC.Cycle.CollectionRate.Young recorded 92 samples, mean = 18.4 (flags = 0x41)
0   -O                                                                        (1 = 1.1%)
1   --------------------------------------------------------------O           (62 = 67.4%) {1.1%}
2   ... 
7   -O                                                                        (1 = 1.1%) {68.5%}
9   ... 
14  -O                                                                        (1 = 1.1%) {69.6%}
17  O                                                                         (0 = 0.0%) {70.7%}
21  -O                                                                        (1 = 1.1%) {70.7%}
26  -O                                                                        (1 = 1.1%) {71.7%}
33  -O                                                                        (1 = 1.1%) {72.8%}
41  -O                                                                        (1 = 1.1%) {73.9%}
51  -------O                                                                  (7 = 7.6%) {75.0%}
64  ----------------O                                                         (16 = 17.4%) {82.6%}
80  ... 

Histogram: V8.GC.Cycle.CollectionWeight.Full recorded 3 samples, mean = 0.0 (flags = 0x41)
0  ---O                                                                      (3 = 100.0%)
1  ... 

Histogram: V8.GC.Cycle.CollectionWeight.Full.Cpp recorded 3 samples, mean = 0.0 (flags = 0x41)
0  ---O                                                                      (3 = 100.0%)
1  ... 

Histogram: V8.GC.Cycle.CollectionWeight.MainThread.Full recorded 3 samples, mean = 0.0 (flags = 0x41)
0  ---O                                                                      (3 = 100.0%)
1  ... 

Histogram: V8.GC.Cycle.CollectionWeight.MainThread.Full.Cpp recorded 3 samples, mean = 0.0 (flags = 0x41)
0  ---O                                                                      (3 = 100.0%)
1  ... 

Histogram: V8.GC.Cycle.Efficiency.Full recorded 3 samples, mean = 988.0 (flags = 0x41)
0     ... 
2     -O                                                                        (1 = 33.3%) {0.0%}
3     ... 
222   -O                                                                        (1 = 33.3%) {33.3%}
302   ... 
2604  -O                                                                        (1 = 33.3%) {66.7%}
3542  ... 

Histogram: V8.GC.Cycle.Efficiency.Full.Cpp recorded 3 samples, mean = 908.0 (flags = 0x41)
0     ... 
14    -O                                                                        (1 = 33.3%) {0.0%}
19    ... 
1034  -O                                                                        (1 = 33.3%) {33.3%}
1407  -O                                                                        (1 = 33.3%) {66.7%}
1914  ... 

Histogram: V8.GC.Cycle.Efficiency.MainThread.Full recorded 3 samples, mean = 2503.0 (flags = 0x41)
0     ... 
10    -O                                                                        (1 = 33.3%) {0.0%}
14    ... 
1914  -O                                                                        (1 = 33.3%) {33.3%}
2604  ... 
4818  -O                                                                        (1 = 33.3%) {66.7%}
6554  ... 

Histogram: V8.GC.Cycle.Efficiency.MainThread.Full.Cpp recorded 3 samples, mean = 1672.3 (flags = 0x41)
0     ... 
35    -O                                                                        (1 = 33.3%) {0.0%}
48    ... 
1914  -O                                                                        (1 = 33.3%) {33.3%}
2604  -O                                                                        (1 = 33.3%) {66.7%}
3542  ... 

Histogram: V8.GC.Cycle.Efficiency.MainThread.Young recorded 92 samples, mean = 10440.9 (flags = 0x41)
0      ... 
302    -O                                                                        (1 = 1.1%) {0.0%}
411    -O                                                                        (1 = 1.1%) {1.1%}
559    -----O                                                                    (5 = 5.4%) {2.2%}
760    --------O                                                                 (8 = 8.7%) {7.6%}
1034   ---O                                                                      (3 = 3.3%) {16.3%}
1407   -----O                                                                    (5 = 5.4%) {19.6%}
1914   --O                                                                       (2 = 2.2%) {25.0%}
2604   ... 
4818   -O                                                                        (1 = 1.1%) {27.2%}
6554   ---O                                                                      (3 = 3.3%) {28.3%}
8915   ----------------O                                                         (16 = 17.4%) {31.5%}
12127  ----------------------------------O                                       (34 = 37.0%) {48.9%}
16496  ------------O                                                             (12 = 13.0%) {85.9%}
22439  -O                                                                        (1 = 1.1%) {98.9%}
30523  ... 

Histogram: V8.GC.Cycle.Efficiency.Young recorded 92 samples, mean = 8409.2 (flags = 0x41)
0      ... 
222    ---O                                                                      (3 = 3.3%) {0.0%}
302    ---------O                                                                (9 = 9.8%) {3.3%}
411    ----------O                                                               (10 = 10.9%) {13.0%}
559    ---O                                                                      (3 = 3.3%) {23.9%}
760    ... 
1407   -O                                                                        (1 = 1.1%) {27.2%}
1914   --O                                                                       (2 = 2.2%) {28.3%}
2604   O                                                                         (0 = 0.0%) {30.4%}
3542   -O                                                                        (1 = 1.1%) {30.4%}
4818   O                                                                         (0 = 0.0%) {31.5%}
6554   ----------O                                                               (10 = 10.9%) {31.5%}
8915   ------------------------O                                                 (24 = 26.1%) {42.4%}
12127  -------------------------O                                                (25 = 27.2%) {68.5%}
16496  ----O                                                                     (4 = 4.3%) {95.7%}
22439  ... 

Histogram: V8.GC.Cycle.Full recorded 3 samples, mean = 21.7 (flags = 0x41)
0   ... 
10  -O                                                                        (1 = 33.3%) {0.0%}
12  ... 
17  -O                                                                        (1 = 33.3%) {33.3%}
20  ... 
34  -O                                                                        (1 = 33.3%) {66.7%}
40  ... 

Histogram: V8.GC.Cycle.Full.Compact recorded 3 samples, mean = 4.0 (flags = 0x41)
0   -O                                                                        (1 = 33.3%)
1   -O                                                                        (1 = 33.3%) {33.3%}
2   ... 
10  -O                                                                        (1 = 33.3%) {66.7%}
12  ... 

Histogram: V8.GC.Cycle.Full.Compact.Cpp recorded 3 samples, mean = 0.3 (flags = 0x41)
0  --O                                                                       (2 = 66.7%)
1  -O                                                                        (1 = 33.3%) {66.7%}
2  ... 

Histogram: V8.GC.Cycle.Full.Cpp recorded 3 samples, mean = 14.0 (flags = 0x41)
0   ... 
7   -O                                                                        (1 = 33.3%) {0.0%}
8   ... 
14  -O                                                                        (1 = 33.3%) {33.3%}
17  -O                                                                        (1 = 33.3%) {66.7%}
20  ... 

Histogram: V8.GC.Cycle.Full.Mark recorded 3 samples, mean = 13.0 (flags = 0x41)
0   ... 
8   -O                                                                        (1 = 33.3%) {0.0%}
10  O                                                                         (0 = 0.0%) {33.3%}
12  -O                                                                        (1 = 33.3%) {33.3%}
14  O                                                                         (0 = 0.0%) {66.7%}
17  -O                                                                        (1 = 33.3%) {66.7%}
20  ... 

Histogram: V8.GC.Cycle.Full.Mark.Cpp recorded 3 samples, mean = 4.0 (flags = 0x41)
0  ... 
3  --O                                                                       (2 = 66.7%) {0.0%}
4  ... 
6  -O                                                                        (1 = 33.3%) {66.7%}
7  ... 

Histogram: V8.GC.Cycle.Full.Sweep recorded 3 samples, mean = 0.7 (flags = 0x41)
0  --O                                                                       (2 = 66.7%)
1  O                                                                         (0 = 0.0%) {66.7%}
2  -O                                                                        (1 = 33.3%) {66.7%}
3  ... 

Histogram: V8.GC.Cycle.Full.Sweep.Cpp recorded 3 samples, mean = 9.0 (flags = 0x41)
0   ... 
2   -O                                                                        (1 = 33.3%) {0.0%}
3   ... 
8   -O                                                                        (1 = 33.3%) {33.3%}
10  ... 
14  -O                                                                        (1 = 33.3%) {66.7%}
17  ... 

Histogram: V8.GC.Cycle.Full.Weak recorded 3 samples, mean = 0.0 (flags = 0x41)
0  ---O                                                                      (3 = 100.0%)
1  ... 

Histogram: V8.GC.Cycle.Full.Weak.Cpp recorded 3 samples, mean = 0.0 (flags = 0x41)
0  ---O                                                                      (3 = 100.0%)
1  ... 

Histogram: V8.GC.Cycle.MainThread.Full recorded 3 samples, mean = 5.3 (flags = 0x41)
0  ... 
2  -O                                                                        (1 = 33.3%) {0.0%}
3  ... 
5  -O                                                                        (1 = 33.3%) {33.3%}
6  ... 
8  -O                                                                        (1 = 33.3%) {66.7%}
10 ... 

Histogram: V8.GC.Cycle.MainThread.Full.Atomic recorded 3 samples, mean = 4.0 (flags = 0x41)
0  ... 
2  -O                                                                        (1 = 33.3%) {0.0%}
3  -O                                                                        (1 = 33.3%) {33.3%}
4  ... 
7  -O                                                                        (1 = 33.3%) {66.7%}
8  ... 

Histogram: V8.GC.Cycle.MainThread.Full.Atomic.Compact recorded 3 samples, mean = 0.7 (flags = 0x41)
0  --O                                                                       (2 = 66.7%)
1  O                                                                         (0 = 0.0%) {66.7%}
2  -O                                                                        (1 = 33.3%) {66.7%}
3  ... 

Histogram: V8.GC.Cycle.MainThread.Full.Atomic.Compact.Cpp recorded 3 samples, mean = 0.3 (flags = 0x41)
0  --O                                                                       (2 = 66.7%)
1  -O                                                                        (1 = 33.3%) {66.7%}
2  ... 

Histogram: V8.GC.Cycle.MainThread.Full.Atomic.Cpp recorded 3 samples, mean = 0.7 (flags = 0x41)
0  -O                                                                        (1 = 33.3%)
1  --O                                                                       (2 = 66.7%) {33.3%}
2  ... 

Histogram: V8.GC.Cycle.MainThread.Full.Atomic.Mark recorded 3 samples, mean = 0.3 (flags = 0x41)
0  --O                                                                       (2 = 66.7%)
1  -O                                                                        (1 = 33.3%) {66.7%}
2  ... 

Histogram: V8.GC.Cycle.MainThread.Full.Atomic.Mark.Cpp recorded 3 samples, mean = 0.3 (flags = 0x41)
0  --O                                                                       (2 = 66.7%)
1  -O                                                                        (1 = 33.3%) {66.7%}
2  ... 

Histogram: V8.GC.Cycle.MainThread.Full.Atomic.Sweep recorded 3 samples, mean = 0.0 (flags = 0x41)
0  ---O                                                                      (3 = 100.0%)
1  ... 

Histogram: V8.GC.Cycle.MainThread.Full.Atomic.Sweep.Cpp recorded 3 samples, mean = 0.0 (flags = 0x41)
0  ---O                                                                      (3 = 100.0%)
1  ... 

Histogram: V8.GC.Cycle.MainThread.Full.Atomic.Weak recorded 3 samples, mean = 0.0 (flags = 0x41)
0  ---O                                                                      (3 = 100.0%)
1  ... 

Histogram: V8.GC.Cycle.MainThread.Full.Atomic.Weak.Cpp recorded 3 samples, mean = 0.0 (flags = 0x41)
0  ---O                                                                      (3 = 100.0%)
1  ... 

Histogram: V8.GC.Cycle.MainThread.Full.Compact recorded 3 samples, mean = 0.7 (flags = 0x41)
0  --O                                                                       (2 = 66.7%)
1  O                                                                         (0 = 0.0%) {66.7%}
2  -O                                                                        (1 = 33.3%) {66.7%}
3  ... 

Histogram: V8.GC.Cycle.MainThread.Full.Compact.Cpp recorded 3 samples, mean = 0.3 (flags = 0x41)
0  --O                                                                       (2 = 66.7%)
1  -O                                                                        (1 = 33.3%) {66.7%}
2  ... 

Histogram: V8.GC.Cycle.MainThread.Full.Cpp recorded 3 samples, mean = 7.3 (flags = 0x41)
0   ... 
3   -O                                                                        (1 = 33.3%) {0.0%}
4   ... 
7   -O                                                                        (1 = 33.3%) {33.3%}
8   ... 
12  -O                                                                        (1 = 33.3%) {66.7%}
14  ... 

Histogram: V8.GC.Cycle.MainThread.Full.Incremental.Mark recorded 3 samples, mean = 1.0 (flags = 0x41)
0  -O                                                                        (1 = 33.3%)
1  -O                                                                        (1 = 33.3%) {33.3%}
2  -O                                                                        (1 = 33.3%) {66.7%}
3  ... 

Histogram: V8.GC.Cycle.MainThread.Full.Incremental.Mark.Cpp recorded 3 samples, mean = 0.7 (flags = 0x41)
0  -O                                                                        (1 = 33.3%)
1  --O                                                                       (2 = 66.7%) {33.3%}
2  ... 

Histogram: V8.GC.Cycle.MainThread.Full.Incremental.Mark.StartStop recorded 3 samples, mean = 3.7 (flags = 0x41)
0  ... 
2  -O                                                                        (1 = 33.3%) {0.0%}
3  -O                                                                        (1 = 33.3%) {33.3%}
4  ... 
6  -O                                                                        (1 = 33.3%) {66.7%}
7  ... 

Histogram: V8.GC.Cycle.MainThread.Full.Incremental.Sweep recorded 3 samples, mean = 0.0 (flags = 0x41)
0  ---O                                                                      (3 = 100.0%)
1  ... 

Histogram: V8.GC.Cycle.MainThread.Full.Incremental.Sweep.Cpp recorded 3 samples, mean = 5.3 (flags = 0x41)
0   -O                                                                        (1 = 33.3%)
1   ... 
6   -O                                                                        (1 = 33.3%) {33.3%}
7   ... 
10  -O                                                                        (1 = 33.3%) {66.7%}
12  ... 

Histogram: V8.GC.Cycle.MainThread.Full.Mark recorded 3 samples, mean = 1.3 (flags = 0x41)
0  -O                                                                        (1 = 33.3%)
1  -O                                                                        (1 = 33.3%) {33.3%}
2  O                                                                         (0 = 0.0%) {66.7%}
3  -O                                                                        (1 = 33.3%) {66.7%}
4  ... 

Histogram: V8.GC.Cycle.MainThread.Full.Mark.Cpp recorded 3 samples, mean = 1.0 (flags = 0x41)
0  O                                                                         (0 = 0.0%)
1  ---O                                                                      (3 = 100.0%) {0.0%}
2  ... 

Histogram: V8.GC.Cycle.MainThread.Full.Sweep recorded 3 samples, mean = 0.0 (flags = 0x41)
0  ---O                                                                      (3 = 100.0%)
1  ... 

Histogram: V8.GC.Cycle.MainThread.Full.Sweep.Cpp recorded 3 samples, mean = 5.3 (flags = 0x41)
0   -O                                                                        (1 = 33.3%)
1   ... 
6   -O                                                                        (1 = 33.3%) {33.3%}
7   ... 
10  -O                                                                        (1 = 33.3%) {66.7%}
12  ... 

Histogram: V8.GC.Cycle.MainThread.Full.Weak recorded 3 samples, mean = 0.0 (flags = 0x41)
0  ---O                                                                      (3 = 100.0%)
1  ... 

Histogram: V8.GC.Cycle.MainThread.Full.Weak.Cpp recorded 3 samples, mean = 0.0 (flags = 0x41)
0  ---O                                                                      (3 = 100.0%)
1  ... 

Histogram: V8.GC.Cycle.MainThread.Young recorded 92 samples, mean = 0.1 (flags = 0x41)
0  ------------------------------------------------------------------------O (82 = 89.1%)
1  ---------O                                                                (10 = 10.9%) {89.1%}
2  ... 

Histogram: V8.GC.Cycle.Memory.Freed.Full recorded 3 samples, mean = 11264.0 (flags = 0x41)
0      ... 
1914   -O                                                                        (1 = 33.3%) {0.0%}
2604   ... 
12127  -O                                                                        (1 = 33.3%) {33.3%}
16496  -O                                                                        (1 = 33.3%) {66.7%}
22439  ... 

Histogram: V8.GC.Cycle.Memory.Freed.Full.Cpp recorded 3 samples, mean = 14549.3 (flags = 0x41)
0      ... 
1914   -O                                                                        (1 = 33.3%) {0.0%}
2604   ... 
12127  -O                                                                        (1 = 33.3%) {33.3%}
16496  O                                                                         (0 = 0.0%) {66.7%}
22439  -O                                                                        (1 = 33.3%) {66.7%}
30523  ... 

Histogram: V8.GC.Cycle.Objects.After.Full recorded 3 samples, mean = 9347.3 (flags = 0x41)
0      ... 
3542   -O                                                                        (1 = 33.3%) {0.0%}
4818   ... 
8915   -O                                                                        (1 = 33.3%) {33.3%}
12127  -O                                                                        (1 = 33.3%) {66.7%}
16496  ... 

Histogram: V8.GC.Cycle.Objects.After.Full.Cpp recorded 3 samples, mean = 5029.7 (flags = 0x41)
0     ... 
3542  -O                                                                        (1 = 33.3%) {0.0%}
4818  --O                                                                       (2 = 66.7%) {33.3%}
6554  ... 

Histogram: V8.GC.Cycle.Objects.Before.Full recorded 3 samples, mean = 20393.7 (flags = 0x41)
0      ... 
12127  -O                                                                        (1 = 33.3%) {0.0%}
16496  -O                                                                        (1 = 33.3%) {33.3%}
22439  O                                                                         (0 = 0.0%) {66.7%}
30523  -O                                                                        (1 = 33.3%) {66.7%}
41520  ... 

Histogram: V8.GC.Cycle.Objects.Before.Full.Cpp recorded 3 samples, mean = 21702.7 (flags = 0x41)
0      ... 
4818   -O                                                                        (1 = 33.3%) {0.0%}
6554   ... 
16496  -O                                                                        (1 = 33.3%) {33.3%}
22439  O                                                                         (0 = 0.0%) {66.7%}
30523  -O                                                                        (1 = 33.3%) {66.7%}
41520  ... 

Histogram: V8.GC.Cycle.Objects.Freed.Full recorded 3 samples, mean = 11046.0 (flags = 0x41)
0      ... 
88     -O                                                                        (1 = 33.3%) {0.0%}
120    ... 
4818   -O                                                                        (1 = 33.3%) {33.3%}
6554   ... 
22439  -O                                                                        (1 = 33.3%) {66.7%}
30523  ... 

Histogram: V8.GC.Cycle.Objects.Freed.Full.Cpp recorded 3 samples, mean = 16672.7 (flags = 0x41)
0      ... 
120    -O                                                                        (1 = 33.3%) {0.0%}
163    ... 
16496  -O                                                                        (1 = 33.3%) {33.3%}
22439  O                                                                         (0 = 0.0%) {66.7%}
30523  -O                                                                        (1 = 33.3%) {66.7%}
41520  ... 

Histogram: V8.GC.Cycle.Reason.Full recorded 3 samples, mean = 13.3 (flags = 0x41)
0   ... 
9   --O                                                                       (2 = 66.7%) {0.0%}
10  ... 
22  -O                                                                        (1 = 33.3%) {66.7%}
23  ... 

Histogram: V8.GC.Cycle.Reason.Young recorded 92 samples, mean = 11.8 (flags = 0x41)
0   O                                                                         (0 = 0.0%)
1   --O                                                                       (2 = 2.2%) {0.0%}
2   ... 
12  ------------------------------------------------------------------------O (90 = 97.8%) {2.2%}
13  ... 

Histogram: V8.GC.Cycle.Young recorded 92 samples, mean = 0.6 (flags = 0x41)
0  ------------------------------------------------------------------------O (74 = 80.4%)
1  ----O                                                                     (4 = 4.3%) {80.4%}
2  -----O                                                                    (5 = 5.4%) {84.8%}
3  -O                                                                        (1 = 1.1%) {90.2%}
4  --O                                                                       (2 = 2.2%) {91.3%}
5  ---O                                                                      (3 = 3.3%) {93.5%}
6  --O                                                                       (2 = 2.2%) {96.7%}
7  -O                                                                        (1 = 1.1%) {98.9%}
8  ... 

Histogram: V8.GC.Event.MainThread.Full.Finalize.Incremental.ReduceMemory recorded 2 samples, mean = 4.5 (flags = 0x41)
0  ... 
2  -O                                                                        (1 = 50.0%) {0.0%}
3  ... 
7  -O                                                                        (1 = 50.0%) {50.0%}
8  ... 

Histogram: V8.GC.Event.MainThread.Full.Finalize.Incremental.ReduceMemory.Foreground recorded 2 samples, mean = 4.5 (flags = 0x41)
0  ... 
2  -O                                                                        (1 = 50.0%) {0.0%}
3  ... 
7  -O                                                                        (1 = 50.0%) {50.0%}
8  ... 

Histogram: V8.GC.Event.MainThread.Full.Finalize.Incremental.Regular recorded 2 samples, mean = 2.5 (flags = 0x41)
0  ... 
2  -O                                                                        (1 = 50.0%) {0.0%}
3  -O                                                                        (1 = 50.0%) {50.0%}
4  ... 

Histogram: V8.GC.Event.MainThread.Full.Finalize.Incremental.Regular.Foreground recorded 2 samples, mean = 2.5 (flags = 0x41)
0  ... 
2  -O                                                                        (1 = 50.0%) {0.0%}
3  -O                                                                        (1 = 50.0%) {50.0%}
4  ... 

Histogram: V8.GC.Event.MainThread.Full.Incremental.Mark recorded 55 samples, mean = 0.0 (flags = 0x41)
0  -------------------------------------------------------O                  (55 = 100.0%)
1  ... 

Histogram: V8.GC.Event.MainThread.Full.Incremental.Mark.Cpp recorded 61 samples, mean = 0.0 (flags = 0x41)
0  -------------------------------------------------------------O            (61 = 100.0%)
1  ... 

Histogram: V8.GC.Event.MainThread.Full.Incremental.Sweep.Cpp recorded 141 samples, mean = 0.1 (flags = 0x41)
0  ------------------------------------------------------------------------O (137 = 97.2%)
1  -O                                                                        (1 = 0.7%) {97.2%}
2  O                                                                         (0 = 0.0%) {97.9%}
3  -O                                                                        (1 = 0.7%) {97.9%}
4  -O                                                                        (1 = 0.7%) {98.6%}
5  -O                                                                        (1 = 0.7%) {99.3%}
6  ... 

Histogram: V8.GC.TimeToSafepoint recorded 100 samples, mean = 43.2 (flags = 0x41)
0     -------------------------------------------------------------O            (61 = 61.0%)
1     ----------------------------O                                             (28 = 28.0%) {61.0%}
2     --O                                                                       (2 = 2.0%) {89.0%}
3     --O                                                                       (2 = 2.0%) {91.0%}
4     -O                                                                        (1 = 1.0%) {93.0%}
6     ... 
11    -O                                                                        (1 = 1.0%) {94.0%}
15    ... 
29    -O                                                                        (1 = 1.0%) {95.0%}
40    ... 
105   -O                                                                        (1 = 1.0%) {96.0%}
146   -O                                                                        (1 = 1.0%) {97.0%}
203   ... 
1043  -O                                                                        (1 = 1.0%) {98.0%}
1447  O                                                                         (0 = 0.0%) {99.0%}
2008  -O                                                                        (1 = 1.0%) {99.0%}
2786  ... 

Histogram: V8.GCFinalizeMC.Clear recorded 2 samples, mean = 0.0 (flags = 0x41)
0  --O                                                                       (2 = 100.0%)
1  ... 

Histogram: V8.GCFinalizeMC.Epilogue recorded 2 samples, mean = 0.0 (flags = 0x41)
0  --O                                                                       (2 = 100.0%)
1  ... 

Histogram: V8.GCFinalizeMC.Evacuate recorded 2 samples, mean = 0.0 (flags = 0x41)
0  --O                                                                       (2 = 100.0%)
1  ... 

Histogram: V8.GCFinalizeMC.Finish recorded 2 samples, mean = 0.0 (flags = 0x41)
0  --O                                                                       (2 = 100.0%)
1  ... 

Histogram: V8.GCFinalizeMC.Mark recorded 2 samples, mean = 0.5 (flags = 0x41)
0  -O                                                                        (1 = 50.0%)
1  -O                                                                        (1 = 50.0%) {50.0%}
2  ... 

Histogram: V8.GCFinalizeMC.Prologue recorded 2 samples, mean = 0.0 (flags = 0x41)
0  --O                                                                       (2 = 100.0%)
1  ... 

Histogram: V8.GCFinalizeMC.Sweep recorded 2 samples, mean = 0.0 (flags = 0x41)
0  --O                                                                       (2 = 100.0%)
1  ... 

Histogram: V8.GCIncrementalMarking recorded 59 samples, mean = 0.0 (flags = 0x41)
0  -----------------------------------------------------------O              (59 = 100.0%)
1  ... 

Histogram: V8.GCIncrementalMarkingReason recorded 4 samples, mean = 9.5 (flags = 0x41)
0   ... 
2   --O                                                                       (2 = 50.0%) {0.0%}
3   ... 
17  --O                                                                       (2 = 50.0%) {50.0%}
18  ... 

Histogram: V8.GCIncrementalMarkingStart recorded 4 samples, mean = 0.5 (flags = 0x41)
0  ---O                                                                      (3 = 75.0%)
1  O                                                                         (0 = 0.0%) {75.0%}
2  -O                                                                        (1 = 25.0%) {75.0%}
3  ... 

Histogram: V8.GCIncrementalMarkingSum recorded 1 samples, mean = 0.0 (flags = 0x41)
0  -O                                                                        (1 = 100.0%)
1  ... 

Histogram: V8.GCMarkCompactReason recorded 3 samples, mean = 13.3 (flags = 0x41)
0   ... 
9   --O                                                                       (2 = 66.7%) {0.0%}
10  ... 
22  -O                                                                        (1 = 33.3%) {66.7%}
23  ... 

Histogram: V8.GCScavenger.ScavengeMain recorded 92 samples, mean = 0.0 (flags = 0x41)
0  ------------------------------------------------------------------------O (89 = 96.7%)
1  --O                                                                       (3 = 3.3%) {96.7%}
2  ... 

Histogram: V8.GCScavenger.ScavengeRoots recorded 92 samples, mean = 0.0 (flags = 0x41)
0  ------------------------------------------------------------------------O (92 = 100.0%)
1  ... 

Histogram: V8.JSDispatchTableEntriesCount recorded 4 samples, mean = 0.0 (flags = 0x41)
0  ----O                                                                     (4 = 100.0%)
1  ... 

Histogram: V8.LocalWindowProxy.CreateContextTime recorded 4 samples, mean = 4.8 (flags = 0x41)
0   --O                                                                       (2 = 50.0%)
1   -O                                                                        (1 = 25.0%) {50.0%}
2   ... 
17  -O                                                                        (1 = 25.0%) {75.0%}
20  ... 

Histogram: V8.LocalWindowProxy.InitializeTime recorded 4 samples, mean = 6.5 (flags = 0x41)
0   --O                                                                       (2 = 50.0%)
1   ... 
3   -O                                                                        (1 = 25.0%) {50.0%}
4   ... 
20  -O                                                                        (1 = 25.0%) {75.0%}
24  ... 

Histogram: V8.MaglevOptimizeExecute recorded 348 samples, mean = 143.5 (flags = 0x41)
0     ... 
4     -O                                                                        (1 = 0.3%) {0.0%}
5     -----O                                                                    (5 = 1.4%) {0.3%}
6     -----O                                                                    (5 = 1.4%) {1.7%}
8     ------O                                                                   (6 = 1.7%) {3.2%}
10    ----------O                                                               (10 = 2.9%) {4.9%}
13    -----O                                                                    (5 = 1.4%) {7.8%}
16    ---------O                                                                (9 = 2.6%) {9.2%}
20    ------------O                                                             (12 = 3.4%) {11.8%}
25    ---------------O                                                          (15 = 4.3%) {15.2%}
31    -------------------------O                                                (25 = 7.2%) {19.5%}
39    -------------------------O                                                (25 = 7.2%) {26.7%}
49    -------------------------------O                                          (31 = 8.9%) {33.9%}
61    ----------------------------------O                                       (34 = 9.8%) {42.8%}
76    ---------------------------------O                                        (33 = 9.5%) {52.6%}
95    -----------------------------O                                            (29 = 8.3%) {62.1%}
119   ---------------------O                                                    (21 = 6.0%) {70.4%}
149   ----------------------------O                                             (28 = 8.0%) {76.4%}
186   ---------------O                                                          (15 = 4.3%) {84.5%}
233   ------O                                                                   (6 = 1.7%) {88.8%}
292   --------O                                                                 (8 = 2.3%) {90.5%}
365   ----------O                                                               (10 = 2.9%) {92.8%}
457   ------O                                                                   (6 = 1.7%) {95.7%}
572   --O                                                                       (2 = 0.6%) {97.4%}
716   -O                                                                        (1 = 0.3%) {98.0%}
896   --O                                                                       (2 = 0.6%) {98.3%}
1122  -O                                                                        (1 = 0.3%) {98.9%}
1404  --O                                                                       (2 = 0.6%) {99.1%}
1757  ... 
6758  -O                                                                        (1 = 0.3%) {99.7%}
8459  ... 

Histogram: V8.MaglevOptimizeFinalize recorded 348 samples, mean = 3.6 (flags = 0x41)
0   ------------------------------------O                                     (38 = 10.9%)
1   ------------------------------------------------------------------------O (76 = 21.8%) {10.9%}
2   ----------------------------------------------------------------O         (68 = 19.5%) {32.8%}
3   ---------------------------------------------------O                      (54 = 15.5%) {52.3%}
4   -----------------------------O                                            (31 = 8.9%) {67.8%}
5   -----------------O                                                        (18 = 5.2%) {76.7%}
6   --------------------------O                                               (27 = 7.8%) {81.9%}
8   ----------O                                                               (11 = 3.2%) {89.7%}
10  ---------O                                                                (10 = 2.9%) {92.8%}
13  ---O                                                                      (3 = 0.9%) {95.7%}
16  -------O                                                                  (7 = 2.0%) {96.6%}
20  ----O                                                                     (4 = 1.1%) {98.6%}
25  O                                                                         (0 = 0.0%) {99.7%}
31  -O                                                                        (1 = 0.3%) {99.7%}
39  ... 

Histogram: V8.MaglevOptimizePrepare recorded 348 samples, mean = 0.3 (flags = 0x41)
0   ------------------------------------------------------------------------O (324 = 93.1%)
1   -----O                                                                    (23 = 6.6%) {93.1%}
2   ... 
76  O                                                                         (1 = 0.3%) {99.7%}
95  ... 

Histogram: V8.MaglevOptimizeTotalTime recorded 348 samples, mean = 4911.3 (flags = 0x41)
0       ... 
12      ---O                                                                      (3 = 0.9%) {0.0%}
16      ----O                                                                     (4 = 1.1%) {0.9%}
21      -----O                                                                    (5 = 1.4%) {2.0%}
28      -----------O                                                              (11 = 3.2%) {3.4%}
37      -----------------O                                                        (17 = 4.9%) {6.6%}
49      ------------------O                                                       (18 = 5.2%) {11.5%}
65      -------------------------------------O                                    (37 = 10.6%) {16.7%}
86      ------------------------------------O                                     (36 = 10.3%) {27.3%}
113     -------------------------------------O                                    (37 = 10.6%) {37.6%}
149     -------------------------------O                                          (31 = 8.9%) {48.3%}
196     ------------------------------O                                           (30 = 8.6%) {57.2%}
258     --------------------O                                                     (20 = 5.7%) {65.8%}
340     ----------------------------O                                             (28 = 8.0%) {71.6%}
448     --------------O                                                           (14 = 4.0%) {79.6%}
590     ------O                                                                   (6 = 1.7%) {83.6%}
777     -----------------O                                                        (17 = 4.9%) {85.3%}
1023    --------------------O                                                     (20 = 5.7%) {90.2%}
1347    -----O                                                                    (5 = 1.4%) {96.0%}
1774    -O                                                                        (1 = 0.3%) {97.4%}
2336    -O                                                                        (1 = 0.3%) {97.7%}
3077    --O                                                                       (2 = 0.6%) {98.0%}
4053    ... 
7031    -O                                                                        (1 = 0.3%) {98.6%}
9260    ... 
252312  -O                                                                        (1 = 0.3%) {98.9%}
332315  ---O                                                                      (3 = 0.9%) {99.1%}
437686  ... 

Histogram: V8.MemoryExternalFragmentationCodeSpace recorded 96 samples, mean = 42.8 (flags = 0x41)
0   ... 
7   -O                                                                        (1 = 1.0%) {0.0%}
8   ... 
20  -O                                                                        (1 = 1.0%) {1.0%}
21  ... 
23  --O                                                                       (2 = 2.1%) {2.1%}
24  ... 
31  --O                                                                       (2 = 2.1%) {4.2%}
32  -O                                                                        (1 = 1.0%) {6.2%}
33  --------------O                                                           (14 = 14.6%) {7.3%}
34  O                                                                         (0 = 0.0%) {21.9%}
35  ---O                                                                      (3 = 3.1%) {21.9%}
36  -O                                                                        (1 = 1.0%) {25.0%}
37  O                                                                         (0 = 0.0%) {26.0%}
38  --O                                                                       (2 = 2.1%) {26.0%}
39  -----O                                                                    (5 = 5.2%) {28.1%}
40  --O                                                                       (2 = 2.1%) {33.3%}
41  --O                                                                       (2 = 2.1%) {35.4%}
42  O                                                                         (0 = 0.0%) {37.5%}
43  ----O                                                                     (4 = 4.2%) {37.5%}
44  -O                                                                        (1 = 1.0%) {41.7%}
45  -O                                                                        (1 = 1.0%) {42.7%}
46  ------------------------O                                                 (24 = 25.0%) {43.8%}
47  -O                                                                        (1 = 1.0%) {68.8%}
48  ----------O                                                               (10 = 10.4%) {69.8%}
49  -------------O                                                            (13 = 13.5%) {80.2%}
50  O                                                                         (0 = 0.0%) {93.8%}
51  -O                                                                        (1 = 1.0%) {93.8%}
52  O                                                                         (0 = 0.0%) {94.8%}
53  -O                                                                        (1 = 1.0%) {94.8%}
54  O                                                                         (0 = 0.0%) {95.8%}
55  --O                                                                       (2 = 2.1%) {95.8%}
56  ... 
76  -O                                                                        (1 = 1.0%) {97.9%}
77  ... 
86  -O                                                                        (1 = 1.0%) {99.0%}
87  ... 

Histogram: V8.MemoryExternalFragmentationLoSpace recorded 96 samples, mean = 2.9 (flags = 0x41)
0  ---O                                                                      (4 = 4.2%)
1  ... 
3  ------------------------------------------------------------------------O (92 = 95.8%) {4.2%}
4  ... 

Histogram: V8.MemoryExternalFragmentationOldSpace recorded 96 samples, mean = 36.8 (flags = 0x41)
0   ------------O                                                             (12 = 12.5%)
1   --------O                                                                 (8 = 8.3%) {12.5%}
2   -----O                                                                    (5 = 5.2%) {20.8%}
3   -----O                                                                    (5 = 5.2%) {26.0%}
4   ----O                                                                     (4 = 4.2%) {31.2%}
5   ---O                                                                      (3 = 3.1%) {35.4%}
6   O                                                                         (0 = 0.0%) {38.5%}
7   ---O                                                                      (3 = 3.1%) {38.5%}
8   --O                                                                       (2 = 2.1%) {41.7%}
9   -O                                                                        (1 = 1.0%) {43.8%}
10  -O                                                                        (1 = 1.0%) {44.8%}
11  O                                                                         (0 = 0.0%) {45.8%}
12  -O                                                                        (1 = 1.0%) {45.8%}
13  -O                                                                        (1 = 1.0%) {46.9%}
14  -O                                                                        (1 = 1.0%) {47.9%}
15  ... 
17  -O                                                                        (1 = 1.0%) {49.0%}
18  ... 
25  -O                                                                        (1 = 1.0%) {50.0%}
26  ... 
31  -O                                                                        (1 = 1.0%) {51.0%}
32  ... 
35  -O                                                                        (1 = 1.0%) {52.1%}
36  ... 
55  -O                                                                        (1 = 1.0%) {53.1%}
56  ... 
63  --O                                                                       (2 = 2.1%) {54.2%}
64  --O                                                                       (2 = 2.1%) {56.2%}
65  --O                                                                       (2 = 2.1%) {58.3%}
66  --O                                                                       (2 = 2.1%) {60.4%}
67  ---O                                                                      (3 = 3.1%) {62.5%}
68  --O                                                                       (2 = 2.1%) {65.6%}
69  --O                                                                       (2 = 2.1%) {67.7%}
70  --O                                                                       (2 = 2.1%) {69.8%}
71  --O                                                                       (2 = 2.1%) {71.9%}
72  ---O                                                                      (3 = 3.1%) {74.0%}
73  --O                                                                       (2 = 2.1%) {77.1%}
74  -O                                                                        (1 = 1.0%) {79.2%}
75  --O                                                                       (2 = 2.1%) {80.2%}
76  --O                                                                       (2 = 2.1%) {82.3%}
77  --O                                                                       (2 = 2.1%) {84.4%}
78  --O                                                                       (2 = 2.1%) {86.5%}
79  ---O                                                                      (3 = 3.1%) {88.5%}
80  --O                                                                       (2 = 2.1%) {91.7%}
81  --O                                                                       (2 = 2.1%) {93.8%}
82  --O                                                                       (2 = 2.1%) {95.8%}
83  --O                                                                       (2 = 2.1%) {97.9%}
84  ... 

Histogram: V8.MemoryExternalFragmentationTotal recorded 96 samples, mean = 59.5 (flags = 0x41)
0   ... 
11  -O                                                                        (1 = 1.0%) {0.0%}
12  ... 
19  -O                                                                        (1 = 1.0%) {1.0%}
20  ... 
22  -O                                                                        (1 = 1.0%) {2.1%}
23  ... 
25  -O                                                                        (1 = 1.0%) {3.1%}
26  ... 
28  -O                                                                        (1 = 1.0%) {4.2%}
29  --O                                                                       (2 = 2.1%) {5.2%}
30  -O                                                                        (1 = 1.0%) {7.3%}
31  ... 
35  -O                                                                        (1 = 1.0%) {8.3%}
36  -O                                                                        (1 = 1.0%) {9.4%}
37  ------------O                                                             (12 = 12.5%) {10.4%}
38  -----------O                                                              (11 = 11.5%) {22.9%}
39  ----O                                                                     (4 = 4.2%) {34.4%}
40  -O                                                                        (1 = 1.0%) {38.5%}
41  O                                                                         (0 = 0.0%) {39.6%}
42  ---O                                                                      (3 = 3.1%) {39.6%}
43  -O                                                                        (1 = 1.0%) {42.7%}
44  O                                                                         (0 = 0.0%) {43.8%}
45  --O                                                                       (2 = 2.1%) {43.8%}
46  ... 
48  -O                                                                        (1 = 1.0%) {45.8%}
49  -O                                                                        (1 = 1.0%) {46.9%}
50  O                                                                         (0 = 0.0%) {47.9%}
51  -O                                                                        (1 = 1.0%) {47.9%}
52  ... 
56  -O                                                                        (1 = 1.0%) {49.0%}
57  O                                                                         (0 = 0.0%) {50.0%}
58  -O                                                                        (1 = 1.0%) {50.0%}
59  ... 
61  -O                                                                        (1 = 1.0%) {51.0%}
62  ... 
64  -O                                                                        (1 = 1.0%) {52.1%}
65  ... 
73  -O                                                                        (1 = 1.0%) {53.1%}
74  ... 
79  ---O                                                                      (3 = 3.1%) {54.2%}
80  -----O                                                                    (5 = 5.2%) {57.3%}
81  ------O                                                                   (6 = 6.2%) {62.5%}
82  -----O                                                                    (5 = 5.2%) {68.8%}
83  -----O                                                                    (5 = 5.2%) {74.0%}
84  --O                                                                       (2 = 2.1%) {79.2%}
85  -----O                                                                    (5 = 5.2%) {81.2%}
86  ------O                                                                   (6 = 6.2%) {86.5%}
87  -----O                                                                    (5 = 5.2%) {92.7%}
88  --O                                                                       (2 = 2.1%) {97.9%}
89  ... 

Histogram: V8.MemoryHeapSampleCodeSpaceCommitted recorded 96 samples, mean = 1242.7 (flags = 0x41)
0     -----------O                                                              (12 = 12.5%)
1000  O                                                                         (0 = 0.0%) {12.5%}
1138  ------------------------------------------------------------------------O (79 = 82.3%) {12.5%}
1295  O                                                                         (0 = 0.0%) {94.8%}
1474  --O                                                                       (2 = 2.1%) {94.8%}
1678  -O                                                                        (1 = 1.0%) {96.9%}
1910  O                                                                         (0 = 0.0%) {97.9%}
2174  --O                                                                       (2 = 2.1%) {97.9%}
2475  ... 

Histogram: V8.MemoryHeapSampleMaximumCommitted recorded 96 samples, mean = 38617.3 (flags = 0x41)
0      ... 
3649   -O                                                                        (1 = 1.0%) {0.0%}
4153   O                                                                         (0 = 0.0%) {1.0%}
4727   -O                                                                        (1 = 1.0%) {1.0%}
5380   -O                                                                        (1 = 1.0%) {2.1%}
6124   O                                                                         (0 = 0.0%) {3.1%}
6971   --O                                                                       (2 = 2.1%) {3.1%}
7935   ------O                                                                   (6 = 6.2%) {5.2%}
9032   O                                                                         (0 = 0.0%) {11.5%}
10281  -O                                                                        (1 = 1.0%) {11.5%}
11702  --O                                                                       (2 = 2.1%) {12.5%}
13320  ... 
17257  ---O                                                                      (3 = 3.1%) {14.6%}
19642  ... 
28965  --O                                                                       (2 = 2.1%) {17.7%}
32969  ---O                                                                      (3 = 3.1%) {19.8%}
37526  --O                                                                       (2 = 2.1%) {22.9%}
42713  ------------------------------------------------------------------------O (72 = 75.0%) {25.0%}
48617  ... 

Histogram: V8.MemoryHeapSampleTotalCommitted recorded 96 samples, mean = 31695.7 (flags = 0x41)
0      ... 
3649   -O                                                                        (1 = 1.0%) {0.0%}
4153   O                                                                         (0 = 0.0%) {1.0%}
4727   -O                                                                        (1 = 1.0%) {1.0%}
5380   -O                                                                        (1 = 1.0%) {2.1%}
6124   --O                                                                       (2 = 2.1%) {3.1%}
6971   --O                                                                       (2 = 2.1%) {5.2%}
7935   ----O                                                                     (4 = 4.2%) {7.3%}
9032   O                                                                         (0 = 0.0%) {11.5%}
10281  -O                                                                        (1 = 1.0%) {11.5%}
11702  --O                                                                       (2 = 2.1%) {12.5%}
13320  --O                                                                       (2 = 2.1%) {14.6%}
15161  O                                                                         (0 = 0.0%) {16.7%}
17257  ---O                                                                      (3 = 3.1%) {16.7%}
19642  ... 
28965  --O                                                                       (2 = 2.1%) {19.8%}
32969  ---------------------------------------------------O                      (51 = 53.1%) {21.9%}
37526  --O                                                                       (2 = 2.1%) {75.0%}
42713  ----------------------O                                                   (22 = 22.9%) {77.1%}
48617  ... 

Histogram: V8.MemoryHeapSampleTotalUsed recorded 96 samples, mean = 12131.9 (flags = 0x41)
0      ... 
2174   -O                                                                        (1 = 1.0%) {0.0%}
2475   ... 
3206   -O                                                                        (1 = 1.0%) {1.0%}
3649   ------O                                                                   (6 = 6.2%) {2.1%}
4153   ----------O                                                               (10 = 10.4%) {8.3%}
4727   ----------O                                                               (10 = 10.4%) {18.8%}
5380   --------------O                                                           (14 = 14.6%) {29.2%}
6124   --------------O                                                           (14 = 14.6%) {43.8%}
6971   --O                                                                       (2 = 2.1%) {58.3%}
7935   --O                                                                       (2 = 2.1%) {60.4%}
9032   -O                                                                        (1 = 1.0%) {62.5%}
10281  -O                                                                        (1 = 1.0%) {63.5%}
11702  -----O                                                                    (5 = 5.2%) {64.6%}
13320  -O                                                                        (1 = 1.0%) {69.8%}
15161  --O                                                                       (2 = 2.1%) {70.8%}
17257  -O                                                                        (1 = 1.0%) {72.9%}
19642  -O                                                                        (1 = 1.0%) {74.0%}
22357  -O                                                                        (1 = 1.0%) {75.0%}
25447  -----------------------O                                                  (23 = 24.0%) {76.0%}
28965  ... 

Histogram: V8.RegExpBacktracks recorded 260 samples, mean = 1.7 (flags = 0x41)
0    -----O                                                                    (17 = 6.5%)
1    ------------------------------------------------------------------------O (229 = 88.1%) {6.5%}
2    --O                                                                       (5 = 1.9%) {94.6%}
3    -O                                                                        (2 = 0.8%) {96.5%}
4    --O                                                                       (5 = 1.9%) {97.3%}
6    O                                                                         (0 = 0.0%) {99.2%}
9    O                                                                         (1 = 0.4%) {99.2%}
13   ... 
127  O                                                                         (1 = 0.4%) {99.6%}
185  ... 

Histogram: V8.SandboxedCodePointersCount recorded 4 samples, mean = 1076.2 (flags = 0x41)
0     ... 
459   -O                                                                        (1 = 25.0%) {0.0%}
534   ... 
1136  ---O                                                                      (3 = 75.0%) {25.0%}
1321  ... 

Histogram: V8.SandboxedCppHeapPointersCount recorded 4 samples, mean = 41056.8 (flags = 0x41)
0      ... 
7152   -O                                                                        (1 = 25.0%) {0.0%}
8499   ... 
14263  -O                                                                        (1 = 25.0%) {25.0%}
16950  ... 
56731  -O                                                                        (1 = 25.0%) {50.0%}
67417  O                                                                         (0 = 0.0%) {75.0%}
80116  -O                                                                        (1 = 25.0%) {75.0%}
95207  ... 

Histogram: V8.SandboxedExternalPointersCount recorded 100 samples, mean = 1799.0 (flags = 0x41)
0      ... 
17     -O                                                                        (1 = 1.0%) {0.0%}
20     ... 
48     -O                                                                        (1 = 1.0%) {1.0%}
57     ... 
96     -O                                                                        (1 = 1.0%) {2.0%}
114    ---O                                                                      (3 = 3.0%) {3.0%}
135    -------O                                                                  (7 = 7.0%) {6.0%}
160    ... 
226    -O                                                                        (1 = 1.0%) {13.0%}
269    -O                                                                        (1 = 1.0%) {14.0%}
320    --O                                                                       (2 = 2.0%) {15.0%}
380    O                                                                         (0 = 0.0%) {17.0%}
452    -O                                                                        (1 = 1.0%) {17.0%}
537    -O                                                                        (1 = 1.0%) {18.0%}
638    ---O                                                                      (3 = 3.0%) {19.0%}
758    O                                                                         (0 = 0.0%) {22.0%}
901    --O                                                                       (2 = 2.0%) {22.0%}
1071   -----O                                                                    (5 = 5.0%) {24.0%}
1273   --O                                                                       (2 = 2.0%) {29.0%}
1513   ---O                                                                      (3 = 3.0%) {31.0%}
1798   --------------------------------------------------------------O           (62 = 62.0%) {34.0%}
2137   ... 
4261   -O                                                                        (1 = 1.0%) {96.0%}
5064   ... 
12002  ---O                                                                      (3 = 3.0%) {97.0%}
14263  ... 

Histogram: V8.SandboxedTrustedPointersCount recorded 4 samples, mean = 3326.0 (flags = 0x41)
0     ... 
1536  -O                                                                        (1 = 25.0%) {0.0%}
1786  ... 
3799  ---O                                                                      (3 = 75.0%) {25.0%}
4418  ... 

Histogram: V8.SnapshotDeserializeContextMicroSeconds recorded 6 samples, mean = 301.5 (flags = 0x41)
0    ... 
149  --O                                                                       (2 = 33.3%) {0.0%}
196  O                                                                         (0 = 0.0%) {33.3%}
258  -O                                                                        (1 = 16.7%) {33.3%}
340  --O                                                                       (2 = 33.3%) {50.0%}
448  -O                                                                        (1 = 16.7%) {83.3%}
590  ... 

Histogram: V8.TurboFan1KTicks recorded 159 samples, mean = 16.1 (flags = 0x41)
0    -----O                                                                    (5 = 3.1%)
1    ----------------O                                                         (16 = 10.1%) {3.1%}
2    --------O                                                                 (8 = 5.0%) {13.2%}
3    ------------------O                                                       (18 = 11.3%) {18.2%}
4    ------O                                                                   (6 = 3.8%) {29.6%}
5    ------O                                                                   (6 = 3.8%) {33.3%}
6    ------------O                                                             (12 = 7.5%) {37.1%}
7    --------O                                                                 (8 = 5.0%) {44.7%}
8    -----O                                                                    (5 = 3.1%) {49.7%}
9    ----O                                                                     (4 = 2.5%) {52.8%}
10   ---O                                                                      (3 = 1.9%) {55.3%}
11   --O                                                                       (2 = 1.3%) {57.2%}
12   ---O                                                                      (3 = 1.9%) {58.5%}
13   -------O                                                                  (7 = 4.4%) {60.4%}
14   ---O                                                                      (3 = 1.9%) {64.8%}
15   -----O                                                                    (5 = 3.1%) {66.7%}
16   ---O                                                                      (3 = 1.9%) {69.8%}
17   -O                                                                        (1 = 0.6%) {71.7%}
18   ---O                                                                      (3 = 1.9%) {72.3%}
19   ---O                                                                      (3 = 1.9%) {74.2%}
20   --O                                                                       (2 = 1.3%) {76.1%}
21   O                                                                         (0 = 0.0%) {77.4%}
22   --O                                                                       (2 = 1.3%) {77.4%}
23   ... 
27   -O                                                                        (1 = 0.6%) {78.6%}
28   --O                                                                       (2 = 1.3%) {79.2%}
29   ... 
31   ---O                                                                      (3 = 1.9%) {80.5%}
33   ----O                                                                     (4 = 2.5%) {82.4%}
35   -----O                                                                    (5 = 3.1%) {84.9%}
37   -O                                                                        (1 = 0.6%) {88.1%}
39   ----O                                                                     (4 = 2.5%) {88.7%}
41   -O                                                                        (1 = 0.6%) {91.2%}
43   O                                                                         (0 = 0.0%) {91.8%}
45   -O                                                                        (1 = 0.6%) {91.8%}
47   ---O                                                                      (3 = 1.9%) {92.5%}
49   ... 
54   -O                                                                        (1 = 0.6%) {94.3%}
57   ... 
69   -O                                                                        (1 = 0.6%) {95.0%}
72   -----O                                                                    (5 = 3.1%) {95.6%}
76   ... 
102  -O                                                                        (1 = 0.6%) {98.7%}
107  ... 
156  -O                                                                        (1 = 0.6%) {99.4%}
164  ... 

Histogram: V8.TurboFanOptimizeConcurrentTotalTime recorded 158 samples, mean = 4614.6 (flags = 0x41)
0       ... 
105     -O                                                                        (1 = 0.6%) {0.0%}
146     -----O                                                                    (5 = 3.2%) {0.6%}
203     -------O                                                                  (7 = 4.4%) {3.8%}
282     ----------O                                                               (10 = 6.3%) {8.2%}
391     ---------------------O                                                    (21 = 13.3%) {14.6%}
542     ------------O                                                             (12 = 7.6%) {27.8%}
752     ---------------O                                                          (15 = 9.5%) {35.4%}
1043    --------O                                                                 (8 = 5.1%) {44.9%}
1447    -----------O                                                              (11 = 7.0%) {50.0%}
2008    -----------O                                                              (11 = 7.0%) {57.0%}
2786    ------------------O                                                       (18 = 11.4%) {63.9%}
3865    -------------O                                                            (13 = 8.2%) {75.3%}
5362    --------------O                                                           (14 = 8.9%) {83.5%}
7439    -----O                                                                    (5 = 3.2%) {92.4%}
10321   -O                                                                        (1 = 0.6%) {95.6%}
14319   ----O                                                                     (4 = 2.5%) {96.2%}
19866   -O                                                                        (1 = 0.6%) {98.7%}
27562   ... 
272741  -O                                                                        (1 = 0.6%) {99.4%}
378403  ... 

Histogram: V8.TurboFanOptimizeExecute recorded 158 samples, mean = 1814.9 (flags = 0x41)
0      ... 
86     --O                                                                       (2 = 1.3%) {0.0%}
113    -----O                                                                    (5 = 3.2%) {1.3%}
149    ----O                                                                     (4 = 2.5%) {4.4%}
196    --------O                                                                 (8 = 5.1%) {7.0%}
258    ---------------O                                                          (15 = 9.5%) {12.0%}
340    -------------------O                                                      (19 = 12.0%) {21.5%}
448    --------------O                                                           (14 = 8.9%) {33.5%}
590    ------------O                                                             (12 = 7.6%) {42.4%}
777    -------------------O                                                      (19 = 12.0%) {50.0%}
1023   ---------O                                                                (9 = 5.7%) {62.0%}
1347   ---------O                                                                (9 = 5.7%) {67.7%}
1774   --------O                                                                 (8 = 5.1%) {73.4%}
2336   -----------O                                                              (11 = 7.0%) {78.5%}
3077   -----O                                                                    (5 = 3.2%) {85.4%}
4053   --------O                                                                 (8 = 5.1%) {88.6%}
5338   ----O                                                                     (4 = 2.5%) {93.7%}
7031   --O                                                                       (2 = 1.3%) {96.2%}
9260   ... 
16063  ---O                                                                      (3 = 1.9%) {97.5%}
21156  -O                                                                        (1 = 0.6%) {99.4%}
27864  ... 

Histogram: V8.TurboFanOptimizeFinalize recorded 158 samples, mean = 13.7 (flags = 0x41)
0   ... 
2   --O                                                                       (2 = 1.3%) {0.0%}
3   -----O                                                                    (5 = 3.2%) {1.3%}
4   ----------O                                                               (10 = 6.3%) {4.4%}
5   ----------------------O                                                   (22 = 13.9%) {10.8%}
7   -------------------O                                                      (19 = 12.0%) {24.7%}
9   ---------------------O                                                    (21 = 13.3%) {36.7%}
12  ---------------------------O                                              (27 = 17.1%) {50.0%}
16  -------------------------O                                                (25 = 15.8%) {67.1%}
21  ------------O                                                             (12 = 7.6%) {82.9%}
28  -----------O                                                              (11 = 7.0%) {90.5%}
37  ----O                                                                     (4 = 2.5%) {97.5%}
49  ... 

Histogram: V8.TurboFanOptimizeForOnStackReplacementExecute recorded 1 samples, mean = 10443.0 (flags = 0x41)
0     ... 
9260  -O                                                                        (1 = 100.0%) {0.0%}
12196 ... 

Histogram: V8.TurboFanOptimizeForOnStackReplacementFinalize recorded 1 samples, mean = 73.0 (flags = 0x41)
0   ... 
65  -O                                                                        (1 = 100.0%) {0.0%}
86  ... 

Histogram: V8.TurboFanOptimizeForOnStackReplacementPrepare recorded 1 samples, mean = 6.0 (flags = 0x41)
0  ... 
5  -O                                                                        (1 = 100.0%) {0.0%}
7  ... 

Histogram: V8.TurboFanOptimizeForOnStackReplacementTotalTime recorded 1 samples, mean = 19333.0 (flags = 0x41)
0      ... 
14319  -O                                                                        (1 = 100.0%) {0.0%}
19866  ... 

Histogram: V8.TurboFanOptimizePrepare recorded 158 samples, mean = 4.7 (flags = 0x41)
0   O                                                                         (0 = 0.0%)
1   ---O                                                                      (3 = 1.9%) {0.0%}
2   -----------O                                                              (11 = 7.0%) {1.9%}
3   ----------------------------------------------O                           (46 = 29.1%) {8.9%}
4   --------------------------------------------O                             (44 = 27.8%) {38.0%}
5   ------------------------O                                                 (24 = 15.2%) {65.8%}
7   ------------------O                                                       (18 = 11.4%) {81.0%}
9   -------O                                                                  (7 = 4.4%) {92.4%}
12  ---O                                                                      (3 = 1.9%) {96.8%}
16  -O                                                                        (1 = 0.6%) {98.7%}
21  -O                                                                        (1 = 0.6%) {99.4%}
28  ... 

Histogram: V8.TurboFanOptimizeTotalBackground recorded 158 samples, mean = 1814.9 (flags = 0x41)
0      ... 
76     -O                                                                        (1 = 0.6%) {0.0%}
105    -----O                                                                    (5 = 3.2%) {0.6%}
146    -----O                                                                    (5 = 3.2%) {3.8%}
203    -----------O                                                              (11 = 7.0%) {7.0%}
282    -----------------------O                                                  (23 = 14.6%) {13.9%}
391    -------------------O                                                      (19 = 12.0%) {28.5%}
542    -------------O                                                            (13 = 8.2%) {40.5%}
752    ----------------------O                                                   (22 = 13.9%) {48.7%}
1043   ---------O                                                                (9 = 5.7%) {62.7%}
1447   -----------O                                                              (11 = 7.0%) {68.4%}
2008   ------------O                                                             (12 = 7.6%) {75.3%}
2786   -------O                                                                  (7 = 4.4%) {82.9%}
3865   ----------O                                                               (10 = 6.3%) {87.3%}
5362   -----O                                                                    (5 = 3.2%) {93.7%}
7439   -O                                                                        (1 = 0.6%) {96.8%}
10321  O                                                                         (0 = 0.0%) {97.5%}
14319  ---O                                                                      (3 = 1.9%) {97.5%}
19866  -O                                                                        (1 = 0.6%) {99.4%}
27562  ... 

Histogram: V8.TurboFanOptimizeTotalForeground recorded 158 samples, mean = 18.4 (flags = 0x41)
0   ... 
4   -O                                                                        (1 = 0.6%) {0.0%}
6   -------------O                                                            (13 = 8.2%) {0.6%}
8   -------------------------O                                                (25 = 15.8%) {8.9%}
11  --------------------------------O                                         (32 = 20.3%) {24.7%}
15  ---------------------------------O                                        (33 = 20.9%) {44.9%}
21  -----------------------------O                                            (29 = 18.4%) {65.8%}
29  --------------------O                                                     (20 = 12.7%) {84.2%}
40  -----O                                                                    (5 = 3.2%) {96.8%}
55  ... 

Histogram: V8.TurboFanOptimizeTotalTime recorded 158 samples, mean = 4614.6 (flags = 0x41)
0       ... 
105     -O                                                                        (1 = 0.6%) {0.0%}
146     -----O                                                                    (5 = 3.2%) {0.6%}
203     -------O                                                                  (7 = 4.4%) {3.8%}
282     ----------O                                                               (10 = 6.3%) {8.2%}
391     ---------------------O                                                    (21 = 13.3%) {14.6%}
542     ------------O                                                             (12 = 7.6%) {27.8%}
752     ---------------O                                                          (15 = 9.5%) {35.4%}
1043    --------O                                                                 (8 = 5.1%) {44.9%}
1447    -----------O                                                              (11 = 7.0%) {50.0%}
2008    -----------O                                                              (11 = 7.0%) {57.0%}
2786    ------------------O                                                       (18 = 11.4%) {63.9%}
3865    -------------O                                                            (13 = 8.2%) {75.3%}
5362    --------------O                                                           (14 = 8.9%) {83.5%}
7439    -----O                                                                    (5 = 3.2%) {92.4%}
10321   -O                                                                        (1 = 0.6%) {95.6%}
14319   ----O                                                                     (4 = 2.5%) {96.2%}
19866   -O                                                                        (1 = 0.6%) {98.7%}
27562   ... 
272741  -O                                                                        (1 = 0.6%) {99.4%}
378403  ... 

Histogram: Variations.ExtendedSafeMode.BeaconFileStateAtStartup recorded 1 samples, mean = 0.0 (flags = 0x41)
0  -O                                                                        (1 = 100.0%)
1  ... 

Histogram: Variations.ExtendedSafeMode.BeaconFileWrite recorded 2 samples, mean = 1.0 (flags = 0x41)
0  O                                                                         (0 = 0.0%)
1  --O                                                                       (2 = 100.0%) {0.0%}
2  O                                                                         (0 = 0.0%) {100.0%}

Histogram: Variations.ForcedFieldTrialsAtStartupForInternalsPage recorded 1 samples, mean = 0.0 (flags = 0x41)
0  -O                                                                        (1 = 100.0%)
1  ... 

Histogram: Variations.Headers.ExperimentCount recorded 92 samples, mean = 1.0 (flags = 0x41)
0  O                                                                         (0 = 0.0%)
1  ------------------------------------------------------------------------O (92 = 100.0%) {0.0%}
2  ... 

Histogram: Variations.Headers.HasLowEntropySourceValue recorded 92 samples, mean = 1.0 (flags = 0x41)
0  O                                                                         (0 = 0.0%)
1  ------------------------------------------------------------------------O (92 = 100.0%) {0.0%}
2  O                                                                         (0 = 0.0%) {100.0%}

Histogram: Variations.Headers.RequestContextCategory recorded 171 samples, mean = 1.2 (flags = 0x41)
0  ------------------------------------------------------------------------O (118 = 69.0%)
1  ... 
4  --------------------------------O                                         (53 = 31.0%) {69.0%}
5  ... 

Histogram: Variations.Headers.URLValidationResult.Append recorded 171 samples, mean = 2.7 (flags = 0x41)
0  ... 
2  ---------------------------------O                                        (54 = 31.6%) {0.0%}
3  ------------------------------------------------------------------------O (117 = 68.4%) {31.6%}
4  ... 

Histogram: Variations.Headers.URLValidationResult.Remove recorded 3 samples, mean = 2.0 (flags = 0x41)
0  ... 
2  ---O                                                                      (3 = 100.0%) {0.0%}
3  ... 

Histogram: Variations.Limits.VariationKeySize.Default recorded 23 samples, mean = 0.0 (flags = 0x41)
0  -----------------------O                                                  (23 = 100.0%)
1  ... 

Histogram: Variations.LoadPermanentConsistencyCountryResult recorded 1 samples, mean = 0.0 (flags = 0x41)
0  -O                                                                        (1 = 100.0%)
1  ... 

Histogram: Variations.PolicyRestriction recorded 1 samples, mean = 0.0 (flags = 0x41)
0  -O                                                                        (1 = 100.0%)
1  ... 

Histogram: Variations.SafeMode.Streak.Crashes recorded 1 samples (flags = 0x41)
0  -O                                                                        (1 = 100.0%)

Histogram: Variations.SafeMode.Streak.FetchFailures recorded 1 samples (flags = 0x41)
0  -O                                                                        (1 = 100.0%)

Histogram: Variations.SeedLoadResult recorded 1 samples, mean = 1.0 (flags = 0x41)
0  O                                                                         (0 = 0.0%)
1  -O                                                                        (1 = 100.0%) {0.0%}
2  ... 

Histogram: Variations.SeedUsage recorded 1 samples, mean = 2.0 (flags = 0x41)
0  ... 
2  -O                                                                        (1 = 100.0%) {0.0%}
3  ... 

Histogram: Variations.UserChannel recorded 1 samples (flags = 0x41)
-1 -O                                                                        (1 = 100.0%)

Histogram: Views.Browser.NumColorProvidersInitializedDuringOnNativeThemeUpdated recorded 5 samples, mean = 0.0 (flags = 0x41)
0  -----O                                                                    (5 = 100.0%)
1  ... 

Histogram: Views.Browser.TimeSpentInitializingColorProvider recorded 3 samples, mean = 0.7 (flags = 0x41)
0  --O                                                                       (2 = 66.7%)
1  O                                                                         (0 = 0.0%) {66.7%}
2  -O                                                                        (1 = 33.3%) {66.7%}
3  ... 

Histogram: Views.Browser.TimeSpentProcessingOnNativeThemeUpdatedEvent recorded 5 samples, mean = 0.0 (flags = 0x41)
0  -----O                                                                    (5 = 100.0%)
1  ... 

Histogram: Views.ColorProviderCacheSize recorded 3 samples, mean = 2.0 (flags = 0x41)
0  O                                                                         (0 = 0.0%)
1  -O                                                                        (1 = 33.3%) {0.0%}
2  -O                                                                        (1 = 33.3%) {33.3%}
3  -O                                                                        (1 = 33.3%) {66.7%}
4  ... 

Histogram: Viz.FrameSink.GpuBusyDuration recorded 1 samples, mean = 49518.0 (flags = 0x41)
0      ... 
45259  -O                                                                        (1 = 100.0%) {0.0%}
52427  ... 

Histogram: Viz.FrameSinkVideoCapturer.CaptureDuration recorded 3 samples, mean = 15.7 (flags = 0x41)
0   O                                                                         (0 = 0.0%)
1   -O                                                                        (1 = 33.3%) {0.0%}
2   ... 
14  -O                                                                        (1 = 33.3%) {33.3%}
16  ... 
29  -O                                                                        (1 = 33.3%) {66.7%}
33  ... 

Histogram: Viz.FrameSinkVideoCapturer.CaptureSucceeded recorded 3 samples, mean = 1.0 (flags = 0x41)
0  O                                                                         (0 = 0.0%)
1  ---O                                                                      (3 = 100.0%) {0.0%}
2  O                                                                         (0 = 0.0%) {100.0%}

Histogram: Viz.FrameSinkVideoCapturer.FrameResurrected recorded 3 samples, mean = 0.0 (flags = 0x41)
0  ---O                                                                      (3 = 100.0%)
1  ... 

Histogram: Viz.FrameSinkVideoCapturer.RGBA.CaptureDuration recorded 3 samples, mean = 15.7 (flags = 0x41)
0   O                                                                         (0 = 0.0%)
1   -O                                                                        (1 = 33.3%) {0.0%}
2   ... 
14  -O                                                                        (1 = 33.3%) {33.3%}
16  ... 
29  -O                                                                        (1 = 33.3%) {66.7%}
33  ... 

Histogram: Viz.FrameSinkVideoCapturer.RGBA.CaptureSucceeded recorded 3 samples, mean = 1.0 (flags = 0x41)
0  O                                                                         (0 = 0.0%)
1  ---O                                                                      (3 = 100.0%) {0.0%}
2  O                                                                         (0 = 0.0%) {100.0%}

Histogram: Viz.FrameSinkVideoCapturer.ReserveFrameDuration recorded 3 samples, mean = 7.3 (flags = 0x41)
0   --O                                                                       (2 = 66.7%)
1   ... 
22  -O                                                                        (1 = 33.3%) {66.7%}
24  ... 

Histogram: Viz.FrameSinkVideoCapturer.TotalDuration recorded 3 samples, mean = 15.7 (flags = 0x41)
0   O                                                                         (0 = 0.0%)
1   -O                                                                        (1 = 33.3%) {0.0%}
2   ... 
14  -O                                                                        (1 = 33.3%) {33.3%}
16  ... 
29  -O                                                                        (1 = 33.3%) {66.7%}
33  ... 

Histogram: WebApp.DiyAppsInstalledCount.ByUser recorded 1 samples, mean = 0.0 (flags = 0x41)
0  -O                                                                        (1 = 100.0%)
1  ... 

Histogram: WebApp.GeneratedIconFix.StartUpAttemptCount recorded 1 samples, mean = 0.0 (flags = 0x41)
0  -O                                                                        (1 = 100.0%)
1  ... 

Histogram: WebApp.Icon.AppsWithEmptyDownloadedIconSizes recorded 1 samples, mean = 0.0 (flags = 0x41)
0  -O                                                                        (1 = 100.0%)
1  ... 

Histogram: WebApp.Icon.AppsWithEmptyIconBitmap recorded 1 samples, mean = 0.0 (flags = 0x41)
0  -O                                                                        (1 = 100.0%)
1  ... 

Histogram: WebApp.Icon.AppsWithEmptyIconFile recorded 1 samples, mean = 0.0 (flags = 0x41)
0  -O                                                                        (1 = 100.0%)
1  ... 

Histogram: WebApp.Icon.AppsWithGeneratedIconBitmap recorded 1 samples, mean = 0.0 (flags = 0x41)
0  -O                                                                        (1 = 100.0%)
1  ... 

Histogram: WebApp.Icon.AppsWithGeneratedIconFlag recorded 1 samples, mean = 0.0 (flags = 0x41)
0  -O                                                                        (1 = 100.0%)
1  ... 

Histogram: WebApp.Icon.AppsWithGeneratedIconFlagFalseNegative recorded 1 samples, mean = 0.0 (flags = 0x41)
0  -O                                                                        (1 = 100.0%)
1  ... 

Histogram: WebApp.Icon.AppsWithMissingIconFile recorded 1 samples, mean = 0.0 (flags = 0x41)
0  -O                                                                        (1 = 100.0%)
1  ... 

Histogram: WebApp.InstalledCount.ByUser recorded 1 samples, mean = 0.0 (flags = 0x41)
0  -O                                                                        (1 = 100.0%)
1  ... 

Histogram: WebApp.InstalledCount.ByUserNotLocallyInstalled recorded 1 samples, mean = 0.0 (flags = 0x41)
0  -O                                                                        (1 = 100.0%)
1  ... 

Histogram: WebApp.Preinstalled.AppToReplaceStillDefaultInstalledCount recorded 1 samples, mean = 0.0 (flags = 0x41)
0  -O                                                                        (1 = 100.0%)
1  ... 

Histogram: WebApp.Preinstalled.AppToReplaceStillInstalledCount recorded 1 samples, mean = 0.0 (flags = 0x41)
0  -O                                                                        (1 = 100.0%)
1  ... 

Histogram: WebApp.Preinstalled.AppToReplaceStillInstalledInShelfCount recorded 1 samples, mean = 0.0 (flags = 0x41)
0  -O                                                                        (1 = 100.0%)
1  ... 

Histogram: WebApp.Preinstalled.ConfigErrorCount recorded 1 samples, mean = 0.0 (flags = 0x41)
0  -O                                                                        (1 = 100.0%)
1  ... 

Histogram: WebApp.Preinstalled.CorruptUserUninstallPrefsCount recorded 1 samples, mean = 0.0 (flags = 0x41)
0  -O                                                                        (1 = 100.0%)
1  ... 

Histogram: WebApp.Preinstalled.DisabledCount recorded 1 samples, mean = 0.0 (flags = 0x41)
0  -O                                                                        (1 = 100.0%)
1  ... 

Histogram: WebApp.Preinstalled.EnabledCount recorded 1 samples, mean = 0.0 (flags = 0x41)
0  -O                                                                        (1 = 100.0%)
1  ... 

Histogram: WebApp.Preinstalled.InstallCount recorded 1 samples, mean = 0.0 (flags = 0x41)
0  -O                                                                        (1 = 100.0%)
1  ... 

Histogram: WebApp.Preinstalled.UninstallAndReplaceCount recorded 1 samples, mean = 0.0 (flags = 0x41)
0  -O                                                                        (1 = 100.0%)
1  ... 

Histogram: WebApp.Preinstalled.UninstallAppRemovedCount recorded 1 samples, mean = 0.0 (flags = 0x41)
0  -O                                                                        (1 = 100.0%)
1  ... 

Histogram: WebApp.Preinstalled.UninstallSourceRemovedCount recorded 1 samples, mean = 0.0 (flags = 0x41)
0  -O                                                                        (1 = 100.0%)
1  ... 

Histogram: WebApp.Preinstalled.UninstallTotalCount recorded 1 samples, mean = 0.0 (flags = 0x41)
0  -O                                                                        (1 = 100.0%)
1  ... 

Histogram: WebApp.Uninstall.NonSyncIncompleteCount recorded 1 samples, mean = 0.0 (flags = 0x41)
0  -O                                                                        (1 = 100.0%)
1  ... 

Histogram: WebAuthentication.Windows.KeyCredentialManagerSupported recorded 1 samples, mean = 0.0 (flags = 0x41)
0  -O                                                                        (1 = 100.0%)
1  ... 

Histogram: WebContentsObserver.DOMContentLoaded recorded 3 samples, mean = 0.0 (flags = 0x41)
0  ---O                                                                      (3 = 100.0%)
1  ... 

Histogram: WebContentsObserver.DidChangeVisibleSecurityState recorded 2 samples, mean = 0.0 (flags = 0x41)
0  --O                                                                       (2 = 100.0%)
1  ... 

Histogram: WebContentsObserver.DidFinishLoad recorded 3 samples, mean = 0.0 (flags = 0x41)
0  ---O                                                                      (3 = 100.0%)
1  ... 

Histogram: WebContentsObserver.DidFinishNavigation recorded 5 samples, mean = 1.4 (flags = 0x41)
0  ---O                                                                      (3 = 60.0%)
1  O                                                                         (0 = 0.0%) {60.0%}
2  -O                                                                        (1 = 20.0%) {60.0%}
3  ... 
5  -O                                                                        (1 = 20.0%) {80.0%}
6  ... 

Histogram: WebContentsObserver.DidFirstVisuallyNonEmptyPaint recorded 1 samples, mean = 0.0 (flags = 0x41)
0  -O                                                                        (1 = 100.0%)
1  ... 

Histogram: WebContentsObserver.DidRedirectNavigation recorded 1 samples, mean = 0.0 (flags = 0x41)
0  -O                                                                        (1 = 100.0%)
1  ... 

Histogram: WebContentsObserver.DidStartLoading recorded 1 samples, mean = 0.0 (flags = 0x41)
0  -O                                                                        (1 = 100.0%)
1  ... 

Histogram: WebContentsObserver.DidStartNavigation recorded 5 samples, mean = 0.4 (flags = 0x41)
0  ----O                                                                     (4 = 80.0%)
1  O                                                                         (0 = 0.0%) {80.0%}
2  -O                                                                        (1 = 20.0%) {80.0%}
3  ... 

Histogram: WebContentsObserver.DidStartNavigation.MainFrame recorded 3 samples, mean = 0.7 (flags = 0x41)
0  --O                                                                       (2 = 66.7%)
1  O                                                                         (0 = 0.0%) {66.7%}
2  -O                                                                        (1 = 33.3%) {66.7%}
3  ... 

Histogram: WebContentsObserver.DidStartNavigation.Subframe recorded 2 samples, mean = 0.0 (flags = 0x41)
0  --O                                                                       (2 = 100.0%)
1  ... 

Histogram: WebContentsObserver.DidStopLoading recorded 1 samples, mean = 0.0 (flags = 0x41)
0  -O                                                                        (1 = 100.0%)
1  ... 

Histogram: WebContentsObserver.DidUpdateNavigationHandleTiming recorded 5 samples, mean = 0.0 (flags = 0x41)
0  -----O                                                                    (5 = 100.0%)
1  ... 

Histogram: WebContentsObserver.LoadProgressChanged recorded 11 samples, mean = 0.0 (flags = 0x41)
0  -----------O                                                              (11 = 100.0%)
1  ... 

Histogram: WebContentsObserver.NavigationEntryChanged recorded 3 samples, mean = 0.0 (flags = 0x41)
0  ---O                                                                      (3 = 100.0%)
1  ... 

Histogram: WebContentsObserver.NavigationEntryCommitted recorded 2 samples, mean = 0.0 (flags = 0x41)
0  --O                                                                       (2 = 100.0%)
1  ... 

Histogram: WebContentsObserver.PrimaryMainDocumentElementAvailable recorded 1 samples, mean = 0.0 (flags = 0x41)
0  -O                                                                        (1 = 100.0%)
1  ... 

Histogram: WebContentsObserver.RenderFrameCreated recorded 4 samples, mean = 0.5 (flags = 0x41)
0  ---O                                                                      (3 = 75.0%)
1  O                                                                         (0 = 0.0%) {75.0%}
2  -O                                                                        (1 = 25.0%) {75.0%}
3  ... 

Histogram: WebContentsObserver.RenderFrameDeleted recorded 4 samples, mean = 0.2 (flags = 0x41)
0  ---O                                                                      (3 = 75.0%)
1  -O                                                                        (1 = 25.0%) {75.0%}
2  ... 

Histogram: WebContentsObserver.RenderViewReady recorded 2 samples, mean = 0.0 (flags = 0x41)
0  --O                                                                       (2 = 100.0%)
1  ... 

Histogram: WebContentsObserver.TitleWasSet recorded 1 samples, mean = 0.0 (flags = 0x41)
0  -O                                                                        (1 = 100.0%)
1  ... 

Histogram: WebCore.Scripts.Async.StartedStreaming recorded 26 samples, mean = 1.0 (flags = 0x41)
0  O                                                                         (0 = 0.0%)
1  --------------------------O                                               (26 = 100.0%) {0.0%}
2  O                                                                         (0 = 0.0%) {100.0%}

Histogram: WebCore.Scripts.Other.NotStreamingReason recorded 17 samples, mean = 11.0 (flags = 0x41)
0   ... 
11  -----------------O                                                        (17 = 100.0%) {0.0%}
12  ... 

Histogram: WebCore.Scripts.Other.StartedStreaming recorded 17 samples, mean = 0.0 (flags = 0x41)
0  -----------------O                                                        (17 = 100.0%)
1  ... 

Histogram: WebCore.Scripts.V8CodeCacheMetadata.Get recorded 49 samples, mean = 0.0 (flags = 0x41)
0  -------------------------------------------------O                        (49 = 100.0%)
1  ... 

Histogram: WebCore.Scripts.V8CodeCacheMetadata.Set recorded 23 samples, mean = 0.0 (flags = 0x41)
0  -----------------------O                                                  (23 = 100.0%)
1  ... 

Histogram: WebCore.Scripts.V8CompileHintsStatus recorded 44 samples, mean = 10.4 (flags = 0x41)
0   ... 
10  --------------------------O                                               (26 = 59.1%) {0.0%}
11  ------------------O                                                       (18 = 40.9%) {59.1%}
12  ... 

Histogram: WebCore.Scripts.V8CrowdsourcedCompileHints.ModelQuality recorded 1 samples, mean = 0.0 (flags = 0x41)
0  -O                                                                        (1 = 100.0%)
1  ... 

Histogram: WebDatabase.InitResult recorded 2 samples, mean = 0.0 (flags = 0x41)
0  --O                                                                       (2 = 100.0%)
1  ... 

Histogram: WebFont.CacheHit recorded 5 samples, mean = 0.6 (flags = 0x41)
0  ----O                                                                     (4 = 80.0%)
1  ... 
3  -O                                                                        (1 = 20.0%) {80.0%}
4  O                                                                         (0 = 0.0%) {100.0%}

Histogram: WebFont.Clients.RenderBlockingFonts.ExpiredFonts recorded 1 samples, mean = 1.0 (flags = 0x41)
0  O                                                                         (0 = 0.0%)
1  -O                                                                        (1 = 100.0%) {0.0%}
2  O                                                                         (0 = 0.0%) {100.0%}

Histogram: WebFont.HadBlankText recorded 1 samples, mean = 0.0 (flags = 0x41)
0  -O                                                                        (1 = 100.0%)
1  ... 

Histogram: WebFont.LocalFontUsed recorded 1 samples, mean = 1.0 (flags = 0x41)
0  O                                                                         (0 = 0.0%)
1  -O                                                                        (1 = 100.0%) {0.0%}
2  O                                                                         (0 = 0.0%) {100.0%}

Histogram: Windows.AcLayersLoaded recorded 1 samples, mean = 0.0 (flags = 0x41)
0  -O                                                                        (1 = 100.0%)
1  ... 

Histogram: Windows.CetAvailable recorded 1 samples, mean = 1.0 (flags = 0x41)
0  O                                                                         (0 = 0.0%)
1  -O                                                                        (1 = 100.0%) {0.0%}
2  O                                                                         (0 = 0.0%) {100.0%}

Histogram: Windows.CetEnabled recorded 1 samples, mean = 0.0 (flags = 0x41)
0  -O                                                                        (1 = 100.0%)
1  ... 

Histogram: Windows.DisplayIdFromDeviceId recorded 48 samples, mean = 3.0 (flags = 0x41)
0  ... 
3  ------------------------------------------------O                         (48 = 100.0%) {0.0%}
4  O                                                                         (0 = 0.0%) {100.0%}

Histogram: Windows.DisplayIdFromDeviceKey recorded 48 samples, mean = 3.0 (flags = 0x41)
0  ... 
3  ------------------------------------------------O                         (48 = 100.0%) {0.0%}
4  O                                                                         (0 = 0.0%) {100.0%}

Histogram: Windows.Enclave.SGX.Available recorded 1 samples, mean = 0.0 (flags = 0x41)
0  -O                                                                        (1 = 100.0%)
1  ... 

Histogram: Windows.Enclave.SGX2.Available recorded 1 samples, mean = 0.0 (flags = 0x41)
0  -O                                                                        (1 = 100.0%)
1  ... 

Histogram: Windows.Enclave.VBS.Available recorded 1 samples, mean = 1.0 (flags = 0x41)
0  O                                                                         (0 = 0.0%)
1  -O                                                                        (1 = 100.0%) {0.0%}
2  O                                                                         (0 = 0.0%) {100.0%}

Histogram: Windows.Enclave.VBSBasic.Available recorded 1 samples, mean = 0.0 (flags = 0x41)
0  -O                                                                        (1 = 100.0%)
1  ... 

Histogram: Windows.HasHighResolutionTimeTicks recorded 1 samples, mean = 1.0 (flags = 0x41)
0  O                                                                         (0 = 0.0%)
1  -O                                                                        (1 = 100.0%) {0.0%}
2  O                                                                         (0 = 0.0%) {100.0%}

Histogram: Windows.HasThreadTicks recorded 1 samples, mean = 1.0 (flags = 0x41)
0  O                                                                         (0 = 0.0%)
1  -O                                                                        (1 = 100.0%) {0.0%}
2  O                                                                         (0 = 0.0%) {100.0%}

Histogram: Windows.HighResolutionTimerUsage recorded 192 samples, mean = 0.0 (flags = 0x41)
0  ------------------------------------------------------------------------O (192 = 100.0%)
1  ... 

Histogram: Windows.HypervPresent recorded 1 samples, mean = 1.0 (flags = 0x41)
0  O                                                                         (0 = 0.0%)
1  -O                                                                        (1 = 100.0%) {0.0%}
2  O                                                                         (0 = 0.0%) {100.0%}

Histogram: Windows.LegacyDisplayIdAlgorithm recorded 101 samples, mean = 0.0 (flags = 0x41)
0  ------------------------------------------------------------------------O (101 = 100.0%)
1  ... 

Histogram: Windows.ParallelDllLoadingEnabled recorded 1 samples, mean = 1.0 (flags = 0x41)
0  O                                                                         (0 = 0.0%)
1  -O                                                                        (1 = 100.0%) {0.0%}
2  O                                                                         (0 = 0.0%) {100.0%}

Histogram: Windows.PatchLevel recorded 1 samples (flags = 0x41)
1717051657  -O                                                                        (1 = 100.0%)

Histogram: Windows.PatchLevelKernel32 recorded 1 samples (flags = 0x41)
1710497928  -O                                                                        (1 = 100.0%)

Histogram: Windows.ProcessorFamily recorded 1 samples (flags = 0x41)
775  -O                                                                        (1 = 100.0%)

Histogram: Windows.ProcessorVirtualizationFirmwareEnabled recorded 1 samples, mean = 0.0 (flags = 0x41)
0  -O                                                                        (1 = 100.0%)
1  ... 


